水系要素编号,点序号,名称,水系类型,OSM编号,长度_km,经度,纬度,x_m,y_m
WY001,1,镇龙江,河流,42367634,3.713,109.4093216,22.8741428,18296.03956678951,-14880.323023677201
WY001,2,镇龙江,河流,42367634,3.713,109.4108236,22.8750918,18450.018761204687,-14775.22684620579
WY001,3,镇龙江,河流,42367634,3.713,109.4135702,22.877306,18731.58950380077,-14530.017197989075
WY001,4,镇龙江,河流,42367634,3.713,109.4147383,22.8780609,18851.338569710402,-14446.416455762164
WY001,5,镇龙江,河流,42367634,3.713,109.4159735,22.8782549,18977.966466476715,-14424.932094930198
WY001,6,镇龙江,河流,42367634,3.713,109.416437,22.8776697,19025.482682595604,-14489.7395586359
WY001,7,镇龙江,河流,42367634,3.713,109.4163168,22.8771478,19013.160246398307,-14547.536919038752
WY001,8,镇龙江,河流,42367634,3.713,109.4144285,22.8758826,18819.579079411316,-14687.65038978366
WY001,9,镇龙江,河流,42367634,3.713,109.4137419,22.8746173,18749.191519568125,-14827.774934941495
WY001,10,镇龙江,河流,42367634,3.713,109.4181708,22.869382,19203.22511087533,-15407.553668257437
WY001,11,镇龙江,河流,42367634,3.713,109.4191149,22.8693425,19300.010568562993,-15411.928061313783
WY001,12,镇龙江,河流,42367634,3.713,109.4209517,22.8703468,19488.312155981384,-15300.707733563642
WY001,13,镇龙江,河流,42367634,3.713,109.4215268,22.8698011,19547.269169767525,-15361.140804212995
WY001,14,镇龙江,河流,42367634,3.713,109.4215396,22.8690538,19548.581375952388,-15443.89989106711
WY001,15,镇龙江,河流,42367634,3.713,109.4221705,22.8684962,19613.258788572155,-15505.650816839716
WY001,16,镇龙江,河流,42367634,3.713,109.4247282,22.8657599,19875.464238343706,-15808.679974284747
WY001,17,镇龙江,河流,42367634,3.713,109.4240416,22.8644946,19805.07667849906,-15948.804519442583
WY001,18,镇龙江,河流,42367634,3.713,109.4219816,22.8632292,19593.893495746168,-16088.94013901335
WY001,19,镇龙江,河流,42367634,3.713,109.4211473,22.8622239,19508.364306731874,-16200.271210891211
WY001,20,镇龙江,河流,42367634,3.713,109.42098170831257,22.8615453,19491.38849139704,-16275.422176151767
WY002,1,镇龙江,河流,42367634,0.645,109.42399683934514,22.8615453,19800.48799036545,-16275.422176151767
WY002,2,镇龙江,河流,42367634,0.645,109.4241789,22.8625332,19819.152140146238,-16166.018052100795
WY002,3,镇龙江,河流,42367634,0.645,109.4254149,22.8632608,19945.862049798558,-16085.440624568586
WY002,4,镇龙江,河流,42367634,0.645,109.42865889497102,22.8615453,20278.423789028322,-16275.422176151767
WY003,1,未记录,河流,184470363,23.364,109.2578766,23.2069551,2770.4875706690777,21976.684927347946
WY003,2,未记录,河流,184470363,23.364,109.2593966,23.2059461,2926.31205503035,21864.944102196416
WY003,3,未记录,河流,184470363,23.364,109.2610854,23.2058685,3099.441258444106,21856.350357863947
WY003,4,未记录,河流,184470363,23.364,109.262141,23.204976,3207.657262188819,21757.511223624053
WY003,5,未记录,河流,184470363,23.364,109.2624223,23.2044118,3236.495043406223,21695.029386606766
WY003,6,未记录,河流,184470363,23.364,109.2626054,23.2040446,3255.2657428053785,21654.36414280539
WY003,7,未记录,河流,184470363,23.364,109.264801,23.2023759,3480.350109821774,21469.565416412566
WY003,8,未记录,河流,184470363,23.364,109.2648432,23.2016386,3484.676289584531,21387.913770838404
WY003,9,未记录,河流,184470363,23.364,109.2663632,23.1993877,3640.5007739458033,21138.639813124217
WY003,10,未记录,河流,184470363,23.364,109.2670388,23.198534,3709.7606565994693,21044.097551050956
WY003,11,未记录,河流,184470363,23.364,109.2690232,23.1983787,3913.193621578758,21026.898987972687
WY003,12,未记录,河流,184470363,23.364,109.2700499,23.1963098,4018.446909798056,20797.78046155468
WY003,13,未记录,河流,184470363,23.364,109.2706278,23.1950846,4077.69096868741,20662.096755929586
WY003,14,未记录,河流,184470363,23.364,109.2711343,23.1928678,4129.615377456522,20416.59917297986
WY003,15,未记录,河流,184470363,23.364,109.2715442,23.1925362,4171.636730179401,20379.876420135304
WY003,16,未记录,河流,184470363,23.364,109.272399,23.192369,4259.267499410932,20361.36000193379
WY003,17,未记录,河流,184470363,23.364,109.2740898,23.1920916,4432.601735041892,20330.639580826923
WY003,18,未记录,河流,184470363,23.364,109.2755254,23.1894137,4579.773859877651,20034.077880456713
WY003,19,未记录,河流,184470363,23.364,109.2754832,23.1869298,4575.447680113438,19759.00054091886
WY003,20,未记录,河流,184470363,23.364,109.2764543,23.1862312,4675.001072720976,19681.634693098396
WY003,21,未记录,河流,184470363,23.364,109.2775098,23.1859983,4783.206824855483,19655.842385687265
WY003,22,未记录,河流,184470363,23.364,109.2787343,23.1865029,4908.737799262884,19711.723872675764
WY003,23,未记录,河流,184470363,23.364,109.279452,23.1864252,4982.31361007056,19703.119053929968
WY003,24,未记录,河流,184470363,23.364,109.2801276,23.1853773,5051.573492724226,19587.070282199275
WY003,25,未记录,河流,184470363,23.364,109.2811832,23.1851056,5159.789496468938,19556.98110262191
WY003,26,未记录,河流,184470363,23.364,109.2832098,23.1838636,5367.548641209527,19419.436895646322
WY003,27,未记录,河流,184470363,23.364,109.2849409,23.1835919,5545.014275997701,19389.347716068954
WY003,28,未记录,河流,184470363,23.364,109.2859965,23.1823888,5653.230279742414,19256.111455672533
WY003,29,未记录,河流,184470363,23.364,109.2877074,23.1809584,5828.625089146878,19097.703054982336
WY003,30,未记录,河流,184470363,23.364,109.2888309,23.1795942,5943.801936632819,18946.62591556522
WY003,31,未记录,河流,184470363,23.364,109.2894116,23.1792754,6003.3330406253845,18911.320687559102
WY003,32,未记录,河流,184470363,23.364,109.2904194,23.1796515,6106.648774402374,18952.97155409939
WY003,33,未记录,河流,184470363,23.364,109.2939764,23.1790508,6471.298571029618,18886.447556410094
WY003,34,未记录,河流,184470363,23.364,109.2956231,23.1792837,6640.111846290822,18912.23986382122
WY003,35,未记录,河流,184470363,23.364,109.297312,23.177964,6813.251301316239,18766.090838100234
WY003,36,未记录,河流,184470363,23.364,109.2977342,23.1760621,6856.533602168585,18555.466581057884
WY003,37,未记录,河流,184470363,23.364,109.2994231,23.1753246,7029.6730571940025,18473.792786658258
WY003,38,未记录,河流,184470363,23.364,109.3016609,23.1731898,7259.083603973155,18237.376222204777
WY003,39,未记录,河流,184470363,23.364,109.3024209,23.1697351,7336.995846153791,17854.78848320484
WY003,40,未记录,河流,184470363,23.364,109.3031809,23.1672897,7414.908088334427,17583.97479259483
WY003,41,未记录,河流,184470363,23.364,109.3049964,23.1658534,7601.026082648114,17424.91300154888
WY003,42,未记录,河流,184470363,23.364,109.3067275,23.1656593,7778.491717436288,17403.41756630438
WY003,43,未记录,河流,184470363,23.364,109.3089231,23.1644172,8003.576084452684,17265.862284915864
WY003,44,未记录,河流,184470363,23.364,109.3113704,23.1636476,8254.463755885265,17180.633604007613
WY003,45,未记录,河流,184470363,23.364,109.312318,23.1626792,8351.608019951946,17073.388990452688
WY003,46,未记录,河流,184470363,23.364,109.3129646,23.161613,8417.894935469993,16955.313601179525
WY003,47,未记录,河流,184470363,23.364,109.3136376,23.1611848,8486.88827624377,16907.892965570314
WY003,48,未记录,河流,184470363,23.364,109.3149863,23.1615958,8625.151751281417,16953.4088021781
WY003,49,未记录,河流,184470363,23.364,109.3152201,23.1612637,8649.12001736317,16916.630677269295
WY003,50,未记录,河流,184470363,23.364,109.3153971,23.1605485,8667.265368501965,16837.426476924196
WY003,51,未记录,河流,184470363,23.364,109.3159609,23.1596493,8725.063950266513,16737.845357027087
WY003,52,未记录,河流,184470363,23.364,109.3167114,23.1595374,8802.002289420892,16725.453089103907
WY003,53,未记录,河流,184470363,23.364,109.3177897,23.1596065,8912.545408820455,16733.105508348395
WY003,54,未记录,河流,184470363,23.364,109.3189974,23.1598867,9036.3541126115,16764.136013014137
WY003,55,未记录,河流,184470363,23.364,109.319576,23.1597002,9095.669932776656,16743.482233142036
WY003,56,未记录,河流,184470363,23.364,109.3200695,23.1590886,9146.261632140498,16675.751124457605
WY003,57,未记录,河流,184470363,23.364,109.3199211,23.1588253,9131.04824169359,16646.592195555288
WY003,58,未记录,河流,184470363,23.364,109.3198979,23.1578802,9128.669867984803,16541.927920183007
WY003,59,未记录,河流,184470363,23.364,109.3200275,23.1569639,9141.95595559815,16440.453075697005
WY003,60,未记录,河流,184470363,23.364,109.3206146,23.1561295,9202.143162683147,16348.048175293932
WY003,61,未记录,河流,184470363,23.364,109.3213838,23.1552859,9280.998553059426,16254.624428913554
WY003,62,未记录,河流,184470363,23.364,109.3227425,23.1532111,9420.287189178724,16024.852512140187
WY003,63,未记录,河流,184470363,23.364,109.3231595,23.1529529,9463.036406269835,15996.258378290582
WY003,64,未记录,河流,184470363,23.364,109.3237495,23.1532735,9523.52091006825,16031.76294572746
WY003,65,未记录,河流,184470363,23.364,109.3245821,23.1531718,9608.875821698868,16020.500267909698
WY003,66,未记录,河流,184470363,23.364,109.3247473,23.1529776,9625.811482762132,15998.993758252267
WY003,67,未记录,河流,184470363,23.364,109.3248475,23.1524838,9636.083596797585,15944.308307845979
WY003,68,未记录,河流,184470363,23.364,109.3238622,23.1508221,9535.074475453579,15760.28479034916
WY003,69,未记录,河流,184470363,23.364,109.3239119,23.1505972,9540.169526028301,15735.378435962151
WY003,70,未记录,河流,184470363,23.364,109.3245568,23.1501049,9606.282164162672,15680.859101747836
WY003,71,未记录,河流,184470363,23.364,109.3251336,23.1497518,9665.413455333948,15641.755350151403
WY003,72,未记录,河流,184470363,23.364,109.3261035,23.1496065,9764.843828611745,15625.664228353091
WY003,73,未记录,河流,184470363,23.364,109.3284035,23.1494844,10000.630877315498,15612.142370324098
WY003,74,未记录,河流,184470363,23.364,109.3289477,23.1489359,10056.420143361935,15551.399216116657
WY003,75,未记录,河流,184470363,23.364,109.3287481,23.1478723,10035.957928178494,15433.611761576118
WY003,76,未记录,河流,184470363,23.364,109.3282776,23.1468431,9987.72409930303,15319.633905039216
WY003,77,未记录,河流,184470363,23.364,109.3287152,23.1453859,10032.585148221584,15158.257561718177
WY003,78,未记录,河流,184470363,23.364,109.3297684,23.144977,10140.555113306818,15112.974287779156
WY003,79,未记录,河流,184470363,23.364,109.3304141,23.1449679,10206.749764327194,15111.966516214387
WY003,80,未记录,河流,184470363,23.364,109.3319402,23.1468309,10363.199596948827,15318.28282667757
WY003,81,未记录,河流,184470363,23.364,109.3330941,23.1473936,10481.492934121994,15380.598547502885
WY003,82,未记录,河流,184470363,23.364,109.3337595,23.1472855,10549.7071524736,15368.627107265906
WY003,83,未记录,河流,184470363,23.364,109.3339419,23.1467774,10568.406090596953,15312.358015829603
WY003,84,未记录,河流,184470363,23.364,109.3347273,23.1462505,10648.922241923989,15254.006934786577
WY003,85,未记录,河流,184470363,23.364,109.335385,23.1458205,10716.34708624322,15206.386959746605
WY003,86,未记录,河流,184470363,23.364,109.3361212,23.1444673,10791.819445049472,15056.528005737557
WY003,87,未记录,河流,184470363,23.364,109.3365678,23.1440264,10837.603138941802,15007.70091970284
WY003,88,未记录,河流,184470363,23.364,109.3364096,23.1425608,10821.385090635109,14845.394325706357
WY003,89,未记录,河流,184470363,23.364,109.336431,23.1416179,10823.578935350015,14740.973687415766
WY003,90,未记录,河流,184470363,23.364,109.3367145,23.1406996,10852.642252005033,14639.277354673932
WY003,91,未记录,河流,184470363,23.364,109.3369031,23.1406313,10871.976789998951,14631.713530731302
WY003,92,未记录,河流,184470363,23.364,109.3370801,23.1407793,10890.122141137746,14648.103661675166
WY003,93,未记录,河流,184470363,23.364,109.3373913,23.1408089,10922.02515398844,14651.381687864097
WY003,94,未记录,河流,184470363,23.364,109.3377307,23.1404181,10956.819121088743,14608.102882642077
WY003,95,未记录,河流,184470363,23.364,109.3379492,23.1394967,10979.21889071595,14506.063243102975
WY003,96,未记录,河流,184470363,23.364,109.3393549,23.1383734,11123.32578391842,14381.664364121109
WY003,97,未记录,河流,184470363,23.364,109.340347,23.1378689,11225.032014795675,14325.793951545542
WY003,98,未记录,河流,184470363,23.364,109.3411034,23.1372128,11302.575198987093,14253.13472916498
WY003,99,未记录,河流,184470363,23.364,109.3424652,23.1365789,11442.181635043129,14182.934026426019
WY003,100,未记录,河流,184470363,23.364,109.3432277,23.1364235,11520.35016749345,14165.724388934825
WY003,101,未记录,河流,184470363,23.364,109.3436086,23.1364975,11559.39855308071,14173.919454406952
WY003,102,未记录,河流,184470363,23.364,109.3442546,23.1366662,11625.623958934613,14192.601988800443
WY003,103,未记录,河流,184470363,23.364,109.3446225,23.1366554,11663.339635116601,14191.405952217841
WY003,104,未记录,河流,184470363,23.364,109.3448853,23.1365814,11690.280868333974,14183.210886746107
WY003,105,未记录,河流,184470363,23.364,109.3451123,23.136038,11713.552024879562,14123.03252759098
WY003,106,未记录,河流,184470363,23.364,109.3452448,23.135802,11727.135409207782,14096.896913383367
WY003,107,未记录,河流,184470363,23.364,109.3453252,23.1354863,11735.377704301802,14061.934992173732
WY003,108,未记录,河流,184470363,23.364,109.3452594,23.1348885,11728.632144386525,13995.732152455454
WY003,109,未记录,河流,184470363,23.364,109.345057,23.134105,11707.882884099872,13908.96412816812
WY003,110,未记录,河流,184470363,23.364,109.3445976,23.1334685,11660.786984024138,13838.47549069614
WY003,111,未记录,河流,184470363,23.364,109.3444896,23.1328644,11649.715244346105,13771.574962971576
WY003,112,未记录,河流,184470363,23.364,109.3446879,23.1325003,11670.044188588145,13731.253025967077
WY003,113,未记录,河流,184470363,23.364,109.3452517,23.1323367,11727.842770354151,13713.135286626295
WY003,114,未记录,河流,184470363,23.364,109.3453628,23.1323982,11739.232309967465,13719.946050498384
WY003,115,未记录,河流,184470363,23.364,109.3454778,23.1325462,11751.02166240207,13736.336181442248
WY003,116,未记录,河流,184470363,23.364,109.345713,23.1329369,11775.133451035428,13779.60391225173
WY003,117,未记录,河流,184470363,23.364,109.3461969,23.1336802,11824.740995759894,13861.920022593786
WY003,118,未记录,河流,184470363,23.364,109.3477765,23.1349657,11986.675440165878,14004.281599136995
WY003,119,未记录,河流,184470363,23.364,109.3488037,23.1351239,12091.979986440569,14021.801320186672
WY003,120,未记录,河流,184470363,23.364,109.3504011,23.1350612,12255.739217570783,14014.857663361005
WY003,121,未记录,河流,184470363,23.364,109.3521756,23.1352298,12437.654051451453,14033.52912334196
WY003,122,未记录,河流,184470363,23.364,109.3526558,23.1355071,12486.882286576496,14064.238470036287
WY003,123,未记录,河流,184470363,23.364,109.3542593,23.135586,12651.266865967069,14072.976181735266
WY003,124,未记录,河流,184470363,23.364,109.3555429,23.134997,12782.8565423667,14007.747890343364
WY003,125,未记录,河流,184470363,23.364,109.3560866,23.1340433,12838.594550357744,13902.131215470172
WY003,126,未记录,河流,184470363,23.364,109.3560381,23.1330463,12833.622519114218,13791.719319854825
WY003,127,未记录,河流,184470363,23.364,109.3558928,23.131946,12818.726928602593,13669.867555816812
WY003,128,未记录,河流,184470363,23.364,109.3554929,23.1312228,12777.730736959908,13589.777402447593
WY003,129,未记录,河流,184470363,23.364,109.3557005,23.1304427,12799.013081007794,13503.385908195136
WY003,130,未记录,河流,184470363,23.364,109.3559395,23.1298172,12823.514430852238,13434.115456131618
WY003,131,未记录,河流,184470363,23.364,109.3559211,23.128955,12821.62813446241,13338.631868970377
WY003,132,未记录,河流,184470363,23.364,109.3554064,23.1279238,12768.863093606986,13224.432524177248
WY003,133,未记录,河流,184470363,23.364,109.3549836,23.1269772,12725.519283087584,13119.6021326126
WY003,134,未记录,河流,184470363,23.364,109.355002,23.1261826,12727.405579477412,13031.604848504268
WY003,135,未记录,河流,184470363,23.364,109.3555719,23.1255064,12785.82950950232,12956.71966915087
WY003,136,未记录,河流,184470363,23.364,109.3570679,23.1245888,12939.193607268799,12855.100857298756
WY003,137,未记录,河流,184470363,23.364,109.3577278,23.1242879,13006.843987025642,12821.77794918339
WY003,138,未记录,河流,184470363,23.364,109.3580389,23.1240807,13038.736748264675,12798.831765862058
WY003,139,未记录,河流,184470363,23.364,109.3583951,23.1235832,13075.252985981335,12743.736562182105
WY003,140,未记录,河流,184470363,23.364,109.3586504,23.1233505,13101.425348388198,12717.966403596833
WY003,141,未记录,河流,184470363,23.364,109.3588221,23.1231532,13119.027364154097,12696.116587142526
WY003,142,未记录,河流,184470363,23.364,109.3588436,23.1228079,13121.231460479208,12657.876639744356
WY003,143,未记录,河流,184470363,23.364,109.3587691,23.1222948,13113.594010423683,12601.053827667485
WY003,144,未记录,河流,184470363,23.364,109.3590689,23.1217274,13144.32833964112,12538.217609440786
WY003,145,未记录,河流,184470363,23.364,109.3594141,23.1214252,13179.716900168258,12504.750733959305
WY003,146,未记录,河流,184470363,23.364,109.3597934,23.1211008,13218.601259983501,12468.825338836225
WY003,147,未记录,河流,184470363,23.364,109.3603059,23.1207558,13271.140765401313,12430.618614676448
WY003,148,未记录,河流,184470363,23.364,109.3604153,23.1206371,13282.35602763095,12417.473286682727
WY003,149,未记录,河流,184470363,23.364,109.3604079,23.1203333,13281.597408430645,12383.829220596344
WY003,150,未记录,河流,184470363,23.364,109.3602415,23.1198507,13264.538728037642,12330.384104423982
WY003,151,未记录,河流,184470363,23.364,109.3600248,23.1194716,13242.323487405774,12288.401005499354
WY003,152,未记录,河流,184470363,23.364,109.359873,23.1191856,13226.761542190055,12256.728184891579
WY003,153,未记录,河流,184470363,23.364,109.3597744,23.1190007,13216.653453929532,12236.251595624384
WY003,154,未记录,河流,184470363,23.364,109.3598952,23.1186975,13229.03739979097,12202.67397601479
WY003,155,未记录,河流,184470363,23.364,109.3602169,23.1183578,13262.01683177725,12165.054195733188
WY003,156,未记录,河流,184470363,23.364,109.3605724,23.1178688,13298.461308218108,12110.900317141608
WY003,157,未记录,河流,184470363,23.364,109.3608327,23.1174448,13325.146251165796,12063.944806869924
WY003,158,未记录,河流,184470363,23.364,109.3608451,23.1169905,13326.417450906923,12013.63374951959
WY003,159,未记录,河流,184470363,23.364,109.3605065,23.1163843,13291.705496692626,11946.50065912626
WY003,160,未记录,河流,184470363,23.364,109.360027,23.1156784,13242.549022843388,11868.326379171396
WY003,161,未记录,河流,184470363,23.364,109.3599889,23.1153976,13238.643159123787,11837.22942802926
WY003,162,未记录,河流,184470363,23.364,109.359944,23.1151641,13234.040185868023,11811.37067414134
WY003,163,未记录,河流,184470363,23.364,109.3600371,23.1149733,13243.584435535242,11790.240694518787
WY003,164,未记录,河流,184470363,23.364,109.3601847,23.1148697,13258.715813096143,11778.767602858123
WY003,165,未记录,河流,184470363,23.364,109.3606252,23.1146719,13303.874158728113,11756.862414339956
WY003,166,未记录,河流,184470363,23.364,109.3611665,23.1144724,13359.366128059677,11734.768960803956
WY003,167,未记录,河流,184470363,23.364,109.3615345,23.1145178,13397.092055853325,11739.796744215268
WY003,168,未记录,河流,184470363,23.364,109.3615952,23.1144864,13403.314783616115,11736.31937859597
WY003,169,未记录,河流,184470363,23.364,109.3620579,23.1143329,13450.748986849,11719.320154948073
WY003,170,未记录,河流,184470363,23.364,109.3623652,23.1140642,13482.2521868784,11689.563207754652
WY003,171,未记录,河流,184470363,23.364,109.3625914,23.113861,13505.441330537982,11667.060000944988
WY003,172,未记录,河流,184470363,23.364,109.3627407,23.1138689,13520.74698548256,11667.93487955618
WY003,173,未记录,河流,184470363,23.364,109.3628621,23.1139212,13533.192441009596,11673.726797450568
WY003,174,未记录,河流,184470363,23.364,109.3632853,23.1141148,13576.577257971272,11695.16686063121
WY003,175,未记录,河流,184470363,23.364,109.3640846,23.1144503,13658.518383201248,11732.321515575286
WY003,176,未记录,河流,184470363,23.364,109.3643187,23.1145492,13682.517404115071,11743.274109834174
WY003,177,未记录,河流,184470363,23.364,109.3645524,23.1145523,13706.475418585162,11743.617416631048
WY003,178,未记录,河流,184470363,23.364,109.3647056,23.1145352,13722.180886351029,11741.72369204216
WY003,179,未记录,河流,184470363,23.364,109.3648303,23.1144503,13734.964645035214,11732.321515575286
WY003,180,未记录,河流,184470363,23.364,109.3649218,23.1143468,13744.344868930417,11720.859498327156
WY003,181,未记录,河流,184470363,23.364,109.3649843,23.1141768,13750.752125688545,11702.032996567159
WY003,182,未记录,河流,184470363,23.364,109.3648893,23.1137448,13741.013095415783,11654.191533271352
WY003,183,未记录,河流,184470363,23.364,109.3647874,23.1134894,13730.566703996654,11625.907482980228
WY003,184,未记录,河流,184470363,23.364,109.3644279,23.1131724,13693.712163122844,11590.80159440448
WY003,185,未记录,河流,184470363,23.364,109.3640151,23.1127961,13651.39351368655,11549.128579038335
WY003,186,未记录,河流,184470363,23.364,109.363988,23.1124866,13648.615327156473,11514.853271422453
WY003,187,未记录,河流,184470363,23.364,109.3641397,23.1119556,13664.167020759072,11456.048139454831
WY003,188,未记录,河流,184470363,23.364,109.3643904,23.1117614,13689.86780906884,11434.541629797008
WY003,189,未记录,河流,184470363,23.364,109.3647725,23.1114674,13729.03921398584,11401.982856165112
WY003,190,未记录,河流,184470363,23.364,109.365415,23.1113765,13794.90581346073,11391.916214929952
WY003,191,未记录,河流,184470363,23.364,109.3659997,23.1113765,13854.846981886247,11391.916214929952
WY003,192,未记录,河流,184470363,23.364,109.3664396,23.1114357,13899.943817854077,11398.472267307812
WY003,193,未记录,河流,184470363,23.364,109.3667132,23.1113864,13927.992225039105,11393.012581797371
WY003,194,未记录,河流,184470363,23.364,109.367004,23.1112066,13957.803909282766,11373.100787582884
WY003,195,未记录,河流,184470363,23.364,109.3672281,23.110671,13980.777769116396,11313.786232626413
WY003,196,未记录,河流,184470363,23.364,109.3673676,23.1103157,13995.078766199731,11274.438843948288
WY003,197,未记录,河流,184470363,23.364,109.3673998,23.1100542,13998.379784882294,11245.47925447634
WY003,198,未记录,河流,184470363,23.364,109.3673412,23.1094446,13992.372340945458,11177.969634047742
WY003,199,未记录,河流,184470363,23.364,109.367035,23.1087961,13960.98190863559,11106.152067039977
WY003,200,未记录,河流,184470363,23.364,109.366716,23.1086427,13928.27927014086,11089.163917805008
WY003,201,未记录,河流,184470363,23.364,109.3665529,23.108388,13911.558892905005,11060.957388403604
WY003,202,未记录,河流,184470363,23.364,109.3665301,23.1082205,13909.221525639949,11042.407746963692
WY003,203,未记录,河流,184470363,23.364,109.36656,23.1080255,13912.286757273238,11020.812642003613
WY003,204,未记录,河流,184470363,23.364,109.366807,23.1078123,13937.60823598067,10997.201993913995
WY003,205,未记录,河流,184470363,23.364,109.3670277,23.1077807,13960.233541045489,10993.702479469232
WY003,206,未记录,河流,184470363,23.364,109.3673267,23.1077495,13990.885857378376,10990.247262675792
WY003,207,未记录,河流,184470363,23.364,109.3676567,23.1078158,14024.716173061172,10997.589598362194
WY003,208,未记录,河流,184470363,23.364,109.3681861,23.1079389,14078.988200707001,11011.222200518907
WY003,209,未记录,河流,184470363,23.364,109.3683111,23.1079519,14091.802714223255,11012.661874182808
WY003,210,未记录,河流,184470363,23.364,109.3684267,23.1079205,14103.653576323459,11009.18450856351
WY003,211,未记录,河流,184470363,23.364,109.3685595,23.1078019,14117.26771548375,10996.050254982718
WY003,212,未记录,河流,184470363,23.364,109.3687226,23.107589,14133.988092719606,10972.472830131886
WY003,213,未记录,河流,184470363,23.364,109.3687046,23.1071941,14132.14280277351,10928.739973984879
WY003,214,未记录,河流,184470363,23.364,109.3686082,23.1065596,14122.260249949142,10858.472824769127
WY003,215,未记录,河流,184470363,23.364,109.3683698,23.1062318,14097.820409770298,10822.170899610777
WY003,216,未记录,河流,184470363,23.364,109.3681043,23.1059562,14070.602383061376,10791.64981793428
WY003,217,未记录,河流,184470363,23.364,109.3679981,23.1056038,14059.715172377224,10752.623587227174
WY003,218,未记录,河流,184470363,23.364,109.368034,23.1053532,14063.395500659211,10724.871108750363
WY003,219,未记录,河流,184470363,23.364,109.3682259,23.1051547,14083.068341810278,10702.888399342479
WY003,220,未记录,河流,184470363,23.364,109.3686014,23.104839,14121.563140414435,10667.926478132844
WY003,221,未记录,河流,184470363,23.364,109.3689662,23.1047304,14158.961016661142,10655.899665832398
WY003,222,未记录,河流,184470363,23.364,109.3691701,23.1045676,14179.864051109604,10637.870521793873
WY003,223,未记录,河流,184470363,23.364,109.3692786,23.1042756,14190.987048841575,10605.533236418205
WY003,224,未记录,河流,184470363,23.364,109.3696314,23.1038028,14227.154731790883,10553.173412699936
WY003,225,未记录,河流,184470363,23.364,109.3703497,23.1031876,14300.7920522627,10485.043625154374
WY003,226,未记录,河流,184470363,23.364,109.3708089,23.1026312,14347.867449116568,10423.425592335741
WY003,227,未记录,河流,184470363,23.364,109.3710365,23.1025998,14371.200115327754,10419.948226716442
WY003,228,未记录,河流,184470363,23.364,109.3713003,23.1026773,14398.243864652999,10428.53089663638
WY003,229,未记录,河流,184470363,23.364,109.3716927,23.1030325,14438.471185483719,10467.867210901966
WY003,230,未记录,河流,184470363,23.364,109.3720821,23.1033367,14478.390957990816,10501.55557463928
WY003,231,未记录,河流,184470363,23.364,109.3724551,23.1036012,14516.629466323835,10530.847396495175
WY003,232,未记录,河流,184470363,23.364,109.3728231,23.1037547,14554.355394117483,10547.846620143073
WY003,233,未记录,河流,184470363,23.364,109.3729786,23.1038035,14570.296648931168,10553.250933589656
WY003,234,未记录,河流,184470363,23.364,109.3731559,23.103789,14588.47275490349,10551.645143733387
WY003,235,未记录,河流,184470363,23.364,109.3736064,23.103714,14634.65626161711,10543.33933413354
WY003,236,未记录,河流,184470363,23.364,109.3739712,23.1034377,14672.054137863817,10512.740731567323
WY003,237,未记录,河流,184470363,23.364,109.374313,23.1030446,14707.0941436236,10469.207214850683
WY003,238,未记录,河流,184470363,23.364,109.3743859,23.1026208,14714.567567905653,10422.273853404464
WY003,239,未记录,河流,184470363,23.364,109.3744203,23.1022152,14718.09412202583,10377.356035087783
WY003,240,未记录,河流,184470363,23.364,109.3742797,23.1019574,14703.68035722296,10348.8061988895
WY003,241,未记录,河流,184470363,23.364,109.3740866,23.101612,14683.884496742154,10310.5551770784
WY003,242,未记录,河流,184470363,23.364,109.3737393,23.1011235,14648.280652387608,10256.45667055068
WY003,243,未记录,河流,184470363,23.364,109.3736381,23.1006386,14637.90602224428,10202.756842883697
WY003,244,未记录,河流,184470363,23.364,109.3734884,23.1003143,14622.559360857429,10166.842522173545
WY003,245,未记录,河流,184470363,23.364,109.3732095,23.0999047,14593.967618299504,10121.481727344804
WY003,246,未记录,河流,184470363,23.364,109.3731532,23.0997029,14588.19596141194,10099.133562314579
WY003,247,未记录,河流,184470363,23.364,109.3732972,23.0995364,14602.958280982166,10080.69466500278
WY003,248,未记录,河流,184470363,23.364,109.3734717,23.0994213,14620.847341851277,10067.948015869793
WY003,249,未记录,河流,184470363,23.364,109.3736763,23.0992726,14641.822137575544,10051.480364036212
WY003,250,未记录,河流,184470363,23.364,109.373851,23.0992503,14659.73170166652,10049.010769982076
WY003,251,未记录,河流,184470363,23.364,109.3740786,23.099348,14683.064367877707,10059.830471287385
WY003,252,未记录,河流,184470363,23.364,109.3744959,23.0994736,14725.844339800891,10073.739933764184
WY003,253,未记录,河流,184470363,23.364,109.3749662,23.0995364,14774.057665455945,10080.69466500278
WY003,254,未记录,河流,184470363,23.364,109.3753395,23.0994785,14812.326928621032,10074.282579991428
WY003,255,未记录,河流,184470363,23.364,109.375687,23.0993794,14847.951276197446,10063.307836906682
WY003,256,未记录,河流,184470363,23.364,109.3758083,23.0991108,14860.386480114275,10033.561964125798
WY003,257,未记录,河流,184470363,23.364,109.3759548,23.0988171,14875.40508995564,10001.036413732692
WY003,258,未记录,河流,184470363,23.364,109.3758541,23.0983307,14865.081717866251,9947.170469873734
WY003,259,未记录,河流,184470363,23.364,109.3758349,23.0978617,14863.113408590416,9895.231473841668
WY003,260,未记录,河流,184470363,23.364,109.3757628,23.0974709,14855.72199719437,9851.95266861965
WY003,261,未记录,河流,184470363,23.364,109.3756341,23.0972293,14842.528174077235,9825.19688729468
WY003,262,未记录,河流,184470363,23.364,109.3757666,23.0970103,14856.111558405457,9800.943923263027
WY003,263,未记录,河流,184470363,23.364,109.3760354,23.096809,14883.667888271526,9778.651130296661
WY003,264,未记录,河流,184470363,23.364,109.3763318,23.0965393,14914.05366272161,9748.783438975128
WY003,265,未记录,河流,184470363,23.364,109.3767073,23.0963962,14952.548461325769,9732.935954258508
WY003,266,未记录,河流,184470363,23.364,109.3771786,23.0961564,15000.864303087239,9706.3795123643
WY003,267,未记录,河流,184470363,23.364,109.3775164,23.0951078,15035.49424441553,9590.253219743887
WY003,268,未记录,河流,184470363,23.364,109.377447,23.0941806,15028.379626511034,9487.57126426275
WY003,269,未记录,河流,184470363,23.364,109.3774849,23.0939817,15032.264987008768,9465.54425720354
WY003,270,未记录,河流,184470363,23.364,109.3774508,23.0937095,15028.769187722119,9435.39970556192
WY003,271,未记录,河流,184470363,23.364,109.377428,23.0935386,15026.431820455608,9416.47353408674
WY003,272,未记录,河流,184470363,23.364,109.3773239,23.0933157,15015.759893598864,9391.788667955954
WY003,273,未记录,河流,184470363,23.364,109.3770373,23.0929803,14986.378777008566,9354.645087424808
WY003,274,未记录,河流,184470363,23.364,109.3768818,23.0927814,14970.43752219488,9332.618080365599
WY003,275,未记录,河流,184470363,23.364,109.3768135,23.0926732,14963.435672008463,9320.635565716084
WY003,276,未记录,河流,184470363,23.364,109.3768224,23.0925438,14964.348065370577,9306.305275553083
WY003,277,未记录,河流,184470363,23.364,109.3768249,23.0922964,14964.604355641719,9278.907178285684
WY003,278,未记录,河流,184470363,23.364,109.3769253,23.0920787,14974.89697289758,9254.798181620146
WY003,279,未记录,河流,184470363,23.364,109.3773454,23.0920042,15017.963989923976,9246.547744084552
WY003,280,未记录,河流,184470363,23.364,109.3776727,23.0922465,15051.517512116678,9273.381046298846
WY003,281,未记录,河流,184470363,23.364,109.377898,23.0923846,15074.61439127859,9288.674810375293
WY003,282,未记录,河流,184470363,23.364,109.378225,23.0925766,15108.137158637766,9309.937682951426
WY004,1,蒙公河,河流,206615956,11.611,109.378225,23.0925766,15108.137158637766,9309.937682951426
WY004,2,蒙公河,河流,206615956,11.611,109.3800783,23.0895105,15298.130261838984,8970.385112091817
WY004,3,蒙公河,河流,206615956,11.611,109.3810009,23.0884544,15392.711623202995,8853.428238511538
WY004,4,蒙公河,河流,206615956,11.611,109.3812132,23.0875585,15414.475792959636,8754.21257423677
WY004,5,蒙公河,河流,206615956,11.611,109.3816209,23.0866505,15456.271610244901,8653.656906013284
WY004,6,蒙公河,河流,206615956,11.611,109.3824685,23.0859991,15543.164263497994,8581.51818103411
WY004,7,蒙公河,河流,206615956,11.611,109.3831682,23.0855626,15614.894784358117,8533.178369162382
WY004,8,蒙公河,河流,206615956,11.611,109.3849468,23.0855155,15797.229934281944,8527.962320733632
WY004,9,蒙公河,河流,206615956,11.611,109.3855929,23.0852074,15863.46559174751,8493.842054897188
WY004,10,蒙公河,河流,206615956,11.611,109.3864167,23.0845582,15947.918361626218,8421.946966999703
WY004,11,蒙公河,河流,206615956,11.611,109.3870604,23.0842325,16013.907980430848,8385.877604510117
WY004,12,蒙公河,河流,206615956,11.611,109.3877792,23.0840943,16087.596558956602,8370.572766020741
WY004,13,蒙公河,河流,206615956,11.611,109.3891602,23.0829085,16229.171304288475,8239.252379038673
WY004,14,蒙公河,河流,206615956,11.611,109.3898053,23.0817339,16295.30444564471,8109.172326290531
WY004,15,蒙公河,河流,206615956,11.611,109.3902006,23.0808748,16335.829063188845,8014.032045926164
WY004,16,蒙公河,河流,206615956,11.611,109.3901012,23.0802264,16325.638962040857,7942.225553331329
WY004,17,蒙公河,河流,206615956,11.611,109.3898023,23.0795398,16294.996897319632,7866.188635046654
WY004,18,蒙公河,河流,206615956,11.611,109.3894487,23.0788864,16258.747201484317,7793.828421811645
WY004,19,蒙公河,河流,206615956,11.611,109.3890694,23.0785514,16219.862841669074,7756.7291389318225
WY004,20,蒙公河,河流,206615956,11.611,109.3886901,23.0780977,16180.978481855287,7706.484528058671
WY004,21,蒙公河,河流,206615956,11.611,109.3880927,23.0778049,16119.73535885657,7674.058647380355
WY004,22,蒙公河,河流,206615956,11.611,109.3877041,23.0775998,16079.897599235479,7651.345026727787
WY004,23,蒙公河,河流,206615956,11.611,109.3872106,23.0774419,16029.305899873094,7633.858528916505
WY004,24,蒙公河,河流,206615956,11.611,109.3868887,23.0769089,15996.305964664949,7574.831908692657
WY004,25,蒙公河,河流,206615956,11.611,109.3866312,23.0760304,15969.908066820473,7477.543192245172
WY004,26,蒙公河,河流,206615956,11.611,109.386245,23.0756652,15930.316345860318,7437.09943669963
WY004,27,蒙公河,河流,206615956,11.611,109.3860733,23.0753691,15912.714330094419,7404.308100398972
WY004,28,蒙公河,河流,206615956,11.611,109.3862688,23.074676,15932.756229233246,7327.5513452825435
WY004,29,蒙公河,河流,206615956,11.611,109.3861753,23.0739576,15923.170973123752,7247.99276372764
WY004,30,蒙公河,河流,206615956,11.611,109.3859607,23.0737405,15901.171016317836,7223.950213538891
WY004,31,蒙公河,河流,206615956,11.611,109.385921,23.0735193,15897.101126824764,7199.4536124255455
WY004,32,蒙公河,河流,206615956,11.611,109.386068,23.0731532,15912.170994720065,7158.91018716482
WY004,33,蒙公河,河流,206615956,11.611,109.3863611,23.0727934,15942.218466014458,7119.064449910382
WY004,34,蒙公河,河流,206615956,11.611,109.3865583,23.0724898,15962.43464253842,7085.442532649858
WY004,35,蒙公河,河流,206615956,11.611,109.3868087,23.0722315,15988.104676014662,7056.837324387716
WY004,36,蒙公河,河流,206615956,11.611,109.3871107,23.0721392,16019.064540669711,7046.615641373118
WY004,37,蒙公河,河流,206615956,11.611,109.3874346,23.0720151,16052.269508095062,7032.872295088686
WY004,38,蒙公河,河流,206615956,11.611,109.3876508,23.0718721,16074.433490672993,7017.035884784601
WY004,39,蒙公河,河流,206615956,11.611,109.3882461,23.0715773,16135.461329844302,6984.388515850452
WY004,40,蒙公河,河流,206615956,11.611,109.3884122,23.0715591,16152.489255405235,6982.372972720913
WY004,41,蒙公河,河流,206615956,11.611,109.3886483,23.0715862,16176.693308534805,6985.374138589363
WY004,42,蒙公河,河流,206615956,11.611,109.3888977,23.0716504,16202.260825903173,6992.483911607003
WY004,43,蒙公河,河流,206615956,11.611,109.3892223,23.071828,16235.53755460287,7012.152068739798
WY004,44,蒙公河,河流,206615956,11.611,109.389689,23.0720699,16283.381822268704,7038.941073302768
WY004,45,蒙公河,河流,206615956,11.611,109.3903995,23.0721985,16356.219517096484,7053.182768163514
WY004,46,蒙公河,河流,206615956,11.611,109.3913305,23.072329,16451.662013767218,7067.634876867558
WY004,47,蒙公河,河流,206615956,11.611,109.3920761,23.072097,16528.098023990977,7041.942239171612
WY004,48,蒙公河,河流,206615956,11.611,109.3925482,23.0721859,16576.49587863991,7051.787392150938
WY004,49,蒙公河,河流,206615956,11.611,109.3928862,23.072176,16611.146323190067,7050.6910252835205
WY004,50,蒙公河,河流,206615956,11.611,109.393149,23.0721168,16638.087556405982,7044.134972906054
WY004,51,蒙公河,河流,206615956,11.611,109.3934035,23.071927,16664.177905926837,7023.115737411614
WY004,52,蒙公河,河流,206615956,11.611,109.3935884,23.0712108,16683.133134319873,6943.800792938401
WY004,53,蒙公河,河流,206615956,11.611,109.3940385,23.0704552,16729.27563458976,6860.122529822164
WY004,54,蒙公河,河流,206615956,11.611,109.394275,23.0699884,16753.520694163064,6808.427170871791
WY004,55,蒙公河,河流,206615956,11.611,109.3943496,23.0695339,16761.16839583025,6758.0939646959905
WY004,56,蒙公河,河流,206615956,11.611,109.3941599,23.068459,16741.721090118255,6639.055101509383
WY004,57,蒙公河,河流,206615956,11.611,109.3943309,23.0675235,16759.25134460835,6535.453969765731
WY004,58,蒙公河,河流,206615956,11.611,109.3942882,23.0656565,16754.873906791658,6328.694682790486
WY004,59,蒙公河,河流,206615956,11.611,109.3941294,23.0642026,16738.594348819366,6167.683795092181
WY004,60,蒙公河,河流,206615956,11.611,109.3934587,23.0638169,16669.836795094863,6124.9697849224785
WY004,61,蒙公河,河流,206615956,11.611,109.3933749,23.0631998,16661.24594523349,6056.6295835340115
WY004,62,蒙公河,河流,206615956,11.611,109.3938416,23.0618168,16709.090212899326,5903.470454510567
WY004,63,蒙公河,河流,206615956,11.611,109.3942058,23.0612932,16746.426579480434,5845.484829090276
WY004,64,蒙公河,河流,206615956,11.611,109.3945733,23.060934,16784.101249220148,5805.705538312627
WY004,65,蒙公河,河流,206615956,11.611,109.3949253,23.0604717,16820.18691928199,5754.508527938567
WY004,66,蒙公河,河流,206615956,11.611,109.3955278,23.060136,16881.952874431736,5717.331724169025
WY004,67,蒙公河,河流,206615956,11.611,109.3967339,23.0595622,17005.597552450767,5653.7867435227145
WY004,68,蒙公河,河流,206615956,11.611,109.3972779,23.0594512,17061.36631527534,5641.494145315111
WY004,69,蒙公河,河流,206615956,11.611,109.3976573,23.059371,17100.260926700787,5632.61246624923
WY004,70,蒙公河,河流,206615956,11.611,109.3979987,23.0593884,17135.25992601684,5634.539414076515
WY004,71,蒙公河,河流,206615956,11.611,109.3983303,23.0594649,17169.25426747311,5643.011339868337
WY004,72,蒙公河,河流,206615956,11.611,109.3988066,23.0596083,17218.08268977686,5658.892047823745
WY004,73,蒙公河,河流,206615956,11.611,109.3992551,23.0598435,17264.06116427473,5684.939066729104
WY004,74,蒙公河,河流,206615956,11.611,109.4010516,23.0609508,17448.23135253445,5807.566039663123
WY004,75,蒙公河,河流,206615956,11.611,109.4030057,23.0615348,17648.55807943526,5872.240610414852
WY004,76,蒙公河,河流,206615956,11.611,109.4041057,23.0618071,17761.3257983818,5902.396236469008
WY004,77,蒙公河,河流,206615956,11.611,109.4050848,23.0619359,17861.699319853786,5916.660080155612
WY004,78,蒙公河,河流,206615956,11.611,109.4079374,23.0616372,18154.13676991215,5883.580809121939
WY004,79,蒙公河,河流,206615956,11.611,109.4108489,23.0621904,18452.612418740882,5944.844460731159
WY004,80,蒙公河,河流,206615956,11.611,109.4110625,23.062177,18474.50985943747,5943.360489415935
WY004,81,蒙公河,河流,206615956,11.611,109.4113207,23.0620313,18500.97951855775,5927.225069966693
WY004,82,蒙公河,河流,206615956,11.611,109.4120043,23.060735,18571.059530077317,5783.667456840882
WY004,83,蒙公河,河流,206615956,11.611,109.4126911,23.060012,18641.467593142374,5703.599452297129
WY004,84,蒙公河,河流,206615956,11.611,109.4134924,23.0595164,18723.613750588098,5648.714662460472
WY004,85,蒙公河,河流,206615956,11.611,109.4138126,23.0594094,18756.439408412567,5636.8650407645355
WY004,86,蒙公河,河流,206615956,11.611,109.4141274,23.0593326,18788.711479252477,5628.359891734319
WY004,87,蒙公河,河流,206615956,11.611,109.4144258,23.0593377,18819.302285919766,5628.924686787028
WY004,88,蒙公河,河流,206615956,11.611,109.4146711,23.0594274,18844.44948724498,5638.85843506861
WY004,89,蒙公河,河流,206615956,11.611,109.4148761,23.0596293,18865.46528941152,5661.217674511766
WY004,90,蒙公河,河流,206615956,11.611,109.4161454,23.0611021,18995.58898546448,5824.321626229328
WY004,91,蒙公河,河流,206615956,11.611,109.4163351,23.0612696,19015.036291176475,5842.871267669239
WY004,92,蒙公河,河流,206615956,11.611,109.4164906,23.0613083,19030.977545991616,5847.157065422939
WY004,93,蒙公河,河流,206615956,11.611,109.4167865,23.0613219,19061.312062387766,5848.663185563629
WY004,94,蒙公河,河流,206615956,11.611,109.4170904,23.0612389,19092.466707649815,5839.4714229396595
WY004,95,蒙公河,河流,206615956,11.611,109.4180509,23.060965,19190.933429510103,5809.138606280601
WY004,96,蒙公河,河流,206615956,11.611,109.4184798,23.060844,19234.90258828841,5795.738566792652
WY004,97,蒙公河,河流,206615956,11.611,109.4189334,23.0605367,19281.40389493731,5761.706896258462
WY004,98,蒙公河,河流,206615956,11.611,109.4191989,23.0603587,19308.62192164623,5741.994441474343
WY004,99,蒙公河,河流,206615956,11.611,109.4194152,23.0602575,19330.796155835826,5730.787135720835
WY004,100,蒙公河,河流,206615956,11.611,109.4197283,23.0602198,19362.89394929206,5726.612082095248
WY004,101,蒙公河,河流,206615956,11.611,109.4199993,23.0602679,19390.675814595743,5731.938874652113
WY004,102,蒙公河,河流,206615956,11.611,109.4202125,23.0603751,19412.532248850053,5743.810645173908
WY004,103,蒙公河,河流,206615956,11.611,109.4204163,23.0605725,19433.425031686857,5765.671536040751
WY004,104,蒙公河,河流,206615956,11.611,109.4206416,23.0608687,19456.52191084877,5798.473946754338
WY004,105,蒙公河,河流,206615956,11.611,109.4208371,23.0612514,19476.563809989053,5840.8557245397005
WY004,106,蒙公河,河流,206615956,11.611,109.420985,23.061609,19491.725942382025,5880.457824712446
WY004,107,蒙公河,河流,206615956,11.611,109.4210815,23.0618854,19501.618746816595,5911.067501691591
WY004,108,蒙公河,河流,206615956,11.611,109.4210708,23.0621618,19500.521824459145,5941.677178670343
WY004,109,蒙公河,河流,206615956,11.611,109.4208348,23.0629614,19476.32802293978,6030.228183418848
WY004,110,蒙公河,河流,206615956,11.611,109.4206953,23.0636623,19462.02702585644,6107.848742733931
WY004,111,蒙公河,河流,206615956,11.611,109.4207597,23.0640473,19468.629063220113,6150.485232013522
WY004,112,蒙公河,河流,206615956,11.611,109.420824,23.0645606,19475.22084897212,6207.330192915858
WY004,113,蒙公河,河流,206615956,11.611,109.420948,23.0648864,19487.932846380503,6243.410629817981
WY004,114,蒙公河,河流,206615956,11.611,109.42138,23.065667,19532.21980509409,6329.857496134692
WY004,115,蒙公河,河流,206615956,11.611,109.4217882,23.0662329,19574.066880433293,6392.5275981694185
WY004,116,蒙公河,河流,206615956,11.611,109.4222297,23.0670072,19619.32774217459,6478.276776479449
WY004,117,蒙公河,河流,206615956,11.611,109.4224725,23.0673143,19644.21865322866,6512.286298188173
WY004,118,蒙公河,河流,206615956,11.611,109.4227077,23.0674469,19668.33044186202,6526.970969560979
WY004,119,蒙公河,河流,206615956,11.611,109.4231856,23.0673771,19717.322889937786,6519.241029426769
WY004,120,蒙公河,河流,206615956,11.611,109.4240236,23.0674012,19803.231388552962,6521.9099629112725
WY004,121,蒙公河,河流,206615956,11.611,109.4251884,23.0675167,19922.64215130545,6534.70090969519
WY004,122,蒙公河,河流,206615956,11.611,109.4260835,23.0675591,20014.40431969565,6539.396460722554
WY004,123,蒙公河,河流,206615956,11.611,109.4277718,23.0671019,20187.48226505547,6488.764245401203
WY004,124,蒙公河,河流,206615956,11.611,109.4283986,23.0671567,20251.739361632084,6494.83302361568
WY004,125,蒙公河,河流,206615956,11.611,109.4289994,23.0673837,20313.331039398152,6519.971940671452
WY004,126,蒙公河,河流,206615956,11.611,109.4297742,23.0676381,20392.760519979398,6548.145246834463
WY004,127,蒙公河,河流,206615956,11.611,109.4305015,23.0677489,20467.320485424993,6560.415696216995
WY004,128,蒙公河,河流,206615956,11.611,109.4312441,23.0681021,20543.44894732367,6599.530522226356
WY004,129,蒙公河,河流,206615956,11.611,109.4317245,23.0684794,20592.69768567058,6641.314281720615
WY004,130,蒙公河,河流,206615956,11.611,109.4321322,23.0690519,20634.493502955847,6704.715295000417
WY004,131,蒙公河,河流,206615956,11.611,109.4323683,23.0694369,20658.697556085415,6747.351784280008
WY004,132,蒙公河,河流,206615956,11.611,109.4326603,23.0695729,20688.632259660273,6762.412985688085
WY004,133,蒙公河,河流,206615956,11.611,109.435506,23.0706716,20980.36234857373,6884.087559121194
WY004,134,蒙公河,河流,206615956,11.611,109.4367957,23.0713137,21112.577373232267,6955.1963637097415
WY004,135,蒙公河,河流,206615956,11.611,109.437378,23.0717553,21172.272502996846,7004.1009706341765
WY004,136,蒙公河,河流,206615956,11.611,109.4380331,23.0723981,21239.43080543473,7075.287296112443
WY004,137,蒙公河,河流,206615956,11.611,109.4386661,23.0732864,21304.323501883366,7173.661305014415
WY004,138,蒙公河,河流,206615956,11.611,109.4388163,23.0734616,21319.721421324157,7193.063676240053
WY004,139,蒙公河,河流,206615956,11.611,109.4389987,23.0735826,21338.420359447508,7206.463715728002
WY004,140,蒙公河,河流,206615956,11.611,109.4391033,23.0736196,21349.143544358187,7210.5612484638705
WY004,141,蒙公河,河流,206615956,11.611,109.4392106,23.0736245,21360.143522760416,7211.103894691114
WY004,142,蒙公河,河流,206615956,11.611,109.4394547,23.0736344,21385.16770475589,7212.200261558139
WY004,143,蒙公河,河流,206615956,11.611,109.4397041,23.073585,21410.735222124258,7206.72950163516
WY004,144,蒙公河,河流,206615956,11.611,109.4398996,23.0735186,21430.777121264542,7199.376091535827
WY004,145,蒙公河,河流,206615956,11.611,109.4404364,23.0732272,21485.807768109218,7167.1052526369485
WY004,146,蒙公河,河流,206615956,11.611,109.4408696,23.0730307,21530.217746152546,7145.344031484897
WY004,147,蒙公河,河流,206615956,11.611,109.4413268,23.0729114,21577.088110790668,7132.132257014385
WY004,148,蒙公河,河流,206615956,11.611,109.4418027,23.0727724,21625.87552665069,7116.738823222755
WY004,149,蒙公河,河流,206615956,11.611,109.4422519,23.0727018,21671.925762424362,7108.920287785896
WY004,150,蒙公河,河流,206615956,11.611,109.4432902,23.0726449,21778.368237498784,7102.618946902658
WY004,151,蒙公河,河流,206615956,11.611,109.4445133,23.0726942,21903.755689354577,7108.0786324131
WY004,152,蒙公河,河流,206615956,11.611,109.4450943,23.07268965663507,21963.317548179213,7107.575481425689
WY005,1,未记录,溪流,206615957,4.276,109.40243345285155,23.2247021,17589.893528887253,23942.060966956
WY005,2,未记录,溪流,206615957,4.276,109.4024067,23.2244355,17587.150930664528,23912.53658243134
WY005,3,未记录,溪流,206615957,4.276,109.4020682,23.2240326,17552.449228061894,23867.917773260608
WY005,4,未记录,溪流,206615957,4.276,109.4023605,23.2229018,17582.41468646882,23742.688313318482
WY005,5,未记录,溪流,206615957,4.276,109.4020298,23.2226403,17548.512609508765,23713.728723846532
WY005,6,未记录,溪流,206615957,4.276,109.4018375,23.2226756,17528.798761915423,23717.637991564963
WY005,7,未记录,溪流,206615957,4.276,109.4018375,23.222923,17528.798761915423,23745.03608883236
WY005,8,未记录,溪流,206615957,4.276,109.4015453,23.2228452,17498.8435551187,23736.420195673636
WY005,9,未记录,溪流,206615957,4.276,109.4013991,23.2227887,17483.855700110864,23730.16315244172
WY005,10,未记录,溪流,206615957,4.276,109.4011069,23.2228806,17453.90049331414,23740.340537804994
WY005,11,未记录,溪流,206615957,4.276,109.4006992,23.2227039,17412.104676028874,23720.772050387386
WY005,12,未记录,溪流,206615957,4.276,109.4005531,23.2225696,17397.127072629784,23705.89911399714
WY005,13,未记录,溪流,206615957,4.276,109.400607,23.2223293,17402.652690857867,23679.28730003868
WY005,14,未记录,溪流,206615957,4.276,109.400207,23.2222727,17361.64624760498,23673.01918239423
WY005,15,未记录,溪流,206615957,4.276,109.3996917,23.2222869,17308.81969708541,23674.591749011706
WY005,16,未记录,溪流,206615957,4.276,109.3994764,23.2222021,17286.747979003692,23665.200646957368
WY005,17,未记录,溪流,206615957,4.276,109.3993918,23.2219264,17278.075116256314,23634.66849086794
WY005,18,未记录,溪流,206615957,4.276,109.3995533,23.2213327,17294.631467718697,23568.919702074654
WY005,19,未记录,溪流,206615957,4.276,109.3994918,23.2211348,17288.3267270699,23547.00343914356
WY005,20,未记录,溪流,206615957,4.276,109.3988919,23.2206259,17226.82731380004,23490.64575240461
WY005,21,未记录,溪流,206615957,4.276,109.3979689,23.2202584,17132.204945993755,23449.947285364444
WY005,22,未记录,溪流,206615957,4.276,109.3976998,23.2197495,17104.617861295614,23393.58959862549
WY005,23,未记录,溪流,206615957,4.276,109.3973537,23.2194314,17069.137036270808,23358.361891509096
WY005,24,未记录,溪流,206615957,4.276,109.3973075,23.2192264,17064.4007920751,23335.65934526906
WY005,25,未记录,溪流,206615957,4.276,109.3974613,23.2190568,17080.167769506563,23316.87714116039
WY005,26,未记录,溪流,206615957,4.276,109.3983689,23.2189296,17173.211389246644,23302.790488078685
WY005,27,未记录,溪流,206615957,4.276,109.3988073,23.2184984,17218.154451052662,23255.037620085528
WY005,28,未记录,溪流,206615957,4.276,109.3984535,23.217827,17181.88425199548,23180.684012546444
WY005,29,未记录,溪流,206615957,4.276,109.3987227,23.2171272,17209.481588303825,23103.185271772403
WY005,30,未记录,溪流,206615957,4.276,109.3994379,23.214314,17282.801108840362,22791.639890884227
WY005,31,未记录,溪流,206615957,4.276,109.3997994,23.2139748,17319.860681931375,22754.075482666485
WY005,32,未记录,溪流,206615957,4.276,109.4001532,23.2138193,17356.130880988556,22736.854770762755
WY005,33,未记录,溪流,206615957,4.276,109.4004993,23.2134093,17391.611706013362,22691.44967828269
WY005,34,未记录,溪流,206615957,4.276,109.4005839,23.2125257,17400.28456876074,22593.596166782496
WY005,35,未记录,溪流,206615957,4.276,109.4009146,23.2123278,17434.18664571934,22571.6799038514
WY005,36,未记录,溪流,206615957,4.276,109.4013837,23.2112676,17482.276952044656,22454.268979346132
WY005,37,未记录,溪流,206615957,4.276,109.4024528,23.2099387,17591.87692325003,22307.101107647442
WY005,38,未记录,溪流,206615957,4.276,109.4036449,23.208631,17714.08637575446,22162.281011462637
WY005,39,未记录,溪流,206615957,4.276,109.4037757,23.2079241,17727.495482697548,22083.995987379658
WY005,40,未记录,溪流,206615957,4.276,109.4040448,23.2050896,17755.08256739569,21770.091756565067
WY005,41,未记录,溪流,206615957,4.276,109.4041756,23.2035627,17768.491674340232,21600.996547522354
WY005,42,未记录,溪流,206615957,4.276,109.4044932,23.2014067,17801.050790283356,21362.232207555386
WY005,43,未记录,溪流,206615957,4.276,109.4048266,23.2009355,17835.229660734964,21310.049574442022
WY005,44,未记录,溪流,206615957,4.276,109.4044902,23.2005743,17800.74324195828,21270.04879540854
WY005,45,未记录,溪流,206615957,4.276,109.403791,23.2000211,17729.06397915209,21208.78514379932
WY005,46,未记录,溪流,206615957,4.276,109.4035372,23.1998939,17703.045390908497,21194.698490717616
WY005,47,未记录,溪流,206615957,4.276,109.4031681,23.1999787,17665.20669539677,21204.089592771954
WY005,48,未记录,溪流,206615957,4.276,109.4027527,23.1996818,17622.621504077673,21171.20966116904
WY005,49,未记录,溪流,206615957,4.276,109.4025528,23.1994132,17602.12853406216,21141.46378838816
WY005,50,未记录,溪流,206615957,4.276,109.4022374,23.1991163,17569.79495355811,21108.583856785244
WY005,51,未记录,溪流,206615957,4.276,109.4028989,23.1971581,17637.609359086968,20891.724705336444
WY005,52,未记录,溪流,206615957,4.276,109.4030527,23.1968612,17653.376336518435,20858.844773733534
WY005,53,未记录,溪流,206615957,4.276,109.4034449,23.1966774,17693.583154127286,20838.490003006988
WY005,54,未记录,溪流,206615957,4.276,109.4036603,23.1963452,17715.66512381921,20801.700803685646
WY005,55,未记录,溪流,206615957,4.276,109.4042063,23.1958786,17771.638918859528,20750.027593561128
WY005,56,未记录,溪流,206615957,4.276,109.4043679,23.1953484,17788.205521933574,20691.311056895764
WY005,57,未记录,溪流,206615957,4.276,109.4042525,23.1948323,17776.375163055236,20634.15601243534
WY006,1,蒙公河,河流,377647689,12.906,109.3917181,23.1752573,16491.397257280434,18466.33970684374
WY006,2,蒙公河,河流,377647689,12.906,109.3920761,23.1735636,16528.098023990977,18278.77237725123
WY006,3,蒙公河,河流,377647689,12.906,109.3924516,23.1731099,16566.592822595136,18228.527766377683
WY006,4,蒙公河,河流,377647689,12.906,109.3921183,23.1722035,16532.42420375519,18128.14928875871
WY006,5,蒙公河,河流,377647689,12.906,109.3934937,23.1700569,16673.42485887918,17890.425943594906
WY006,6,蒙公河,河流,377647689,12.906,109.3941662,23.1688845,16742.366941599023,17760.589527928456
WY006,7,蒙公河,河流,377647689,12.906,109.3944526,23.1683854,16771.727554967456,17705.3171336436
WY006,8,蒙公河,河流,377647689,12.906,109.3951933,23.166843,16847.661236262054,17534.50539061729
WY006,9,蒙公河,河流,377647689,12.906,109.3955201,23.1666395,16881.16350039936,17511.968960569233
WY006,10,蒙公河,河流,377647689,12.906,109.3955952,23.1664866,16888.862460120487,17495.036183398122
WY006,11,蒙公河,河流,377647689,12.906,109.3951875,23.1657814,16847.06664283522,17416.93942433298
WY006,12,蒙公河,河流,377647689,12.906,109.3951765,23.1650917,16845.938965645695,17340.55919925182
WY006,13,蒙公河,河流,377647689,12.906,109.3951707,23.1647245,16845.34437221741,17299.893955450054
WY006,14,蒙公河,河流,377647689,12.906,109.3957033,23.1621724,16899.944451408723,17017.2638663825
WY006,15,蒙公河,河流,377647689,12.906,109.3956651,23.1614422,16896.028336078918,16936.398504117275
WY006,16,蒙公河,河流,377647689,12.906,109.3954921,23.1581352,16878.293049371616,16570.16767282281
WY006,17,蒙公河,河流,377647689,12.906,109.3951121,23.1565436,16839.336928282028,16393.907318698595
WY006,18,蒙公河,河流,377647689,12.906,109.3949032,23.1560455,16817.92131329274,16338.745668542244
WY006,19,蒙公河,河流,377647689,12.906,109.3942115,23.1555848,16747.010921297064,16287.725848772692
WY006,20,蒙公河,河流,377647689,12.906,109.392854,23.1555868,16607.845304507504,16287.947337028525
WY006,21,蒙公河,河流,377647689,12.906,109.3918739,23.1555621,16507.36926692619,16285.211957067233
WY006,22,蒙公河,河流,377647689,12.906,109.389623,23.1536858,16276.615759131562,16077.422749701753
WY006,23,蒙公河,河流,377647689,12.906,109.3885413,23.1536596,16165.724084964646,16074.521253548093
WY006,24,蒙公河,河流,377647689,12.906,109.3865851,23.1545621,15965.182074236425,16174.467829067546
WY006,25,蒙公河,河流,377647689,12.906,109.3852434,23.1545017,15827.636211953894,16167.778883736499
WY006,26,蒙公河,河流,377647689,12.906,109.3841344,23.1537097,15713.945848035035,16080.069534360791
WY006,27,蒙公河,河流,377647689,12.906,109.3833744,23.1523121,15636.033605854398,15925.293541068542
WY006,28,蒙公河,河流,377647689,12.906,109.3825722,23.1494004,15553.795183911005,15602.83986357241
WY006,29,蒙公河,河流,377647689,12.906,109.3816433,23.1474981,15458.567971066224,15392.171308878735
WY006,30,蒙公河,河流,377647689,12.906,109.3813477,23.1455181,15428.264209503604,15172.89793543966
WY006,31,蒙公河,河流,377647689,12.906,109.3826566,23.1421404,15562.447543437975,14798.837494295407
WY006,32,蒙公河,河流,377647689,12.906,109.3838811,23.1414416,15687.978517845377,14721.449497649479
WY006,33,蒙公河,河流,377647689,12.906,109.3843877,23.140471,15739.91317822615,14613.961247013256
WY006,34,蒙公河,河流,377647689,12.906,109.3844321,23.139537,15744.464893426519,14510.526231461577
WY006,35,蒙公河,河流,377647689,12.906,109.3839358,23.13832,15693.586148960923,14375.75062768607
WY006,36,蒙公河,河流,377647689,12.906,109.3832189,23.1375762,15620.092351040714,14293.379145280154
WY006,37,蒙公河,河流,377647689,12.906,109.3828145,23.1367479,15578.63483691114,14201.649784057903
WY006,38,蒙公河,河流,377647689,12.906,109.383052,23.1356323,15602.982412593772,14078.103634861764
WY006,39,蒙公河,河流,377647689,12.906,109.3833507,23.1346518,15633.603974091675,13969.519017358123
WY006,40,蒙公河,河流,377647689,12.906,109.384106,23.1335757,15711.034390565013,13850.347261217936
WY006,41,蒙公河,河流,377647689,12.906,109.3848182,23.1324543,15784.04636277647,13726.158796078975
WY006,42,蒙公河,河流,377647689,12.906,109.3859946,23.1320305,15904.646312384077,13679.225434632755
WY006,43,蒙公河,河流,377647689,12.906,109.3862704,23.1310174,15932.920255006718,13567.030558556631
WY006,44,蒙公河,河流,377647689,12.906,109.3861233,23.1303288,15917.840135499755,13490.772152016121
WY006,45,蒙公河,河流,377647689,12.906,109.3853835,23.129599,15841.998718704284,13409.951087401827
WY006,46,蒙公河,河流,377647689,12.906,109.3844244,23.1290945,15743.675519394144,13354.08067482626
WY006,47,蒙公河,河流,377647689,12.906,109.3843586,23.1283972,15736.929959478868,13276.858794371912
WY006,48,蒙公河,河流,377647689,12.906,109.3847171,23.1280859,15773.681984244804,13242.384147325662
WY006,49,蒙公河,河流,377647689,12.906,109.3853161,23.1279917,15835.089133015537,13231.95205046816
WY006,50,蒙公河,河流,377647689,12.906,109.3870798,23.1282636,16015.89679292855,13262.063378871386
WY006,51,蒙公河,河流,377647689,12.906,109.3878381,23.1279464,16093.63475772551,13226.935341469778
WY006,52,蒙公河,河流,377647689,12.906,109.3886199,23.1275519,16173.781851063328,13183.246782974094
WY006,53,蒙公河,河流,377647689,12.906,109.3894529,23.1274896,16259.177769137677,13176.34742379975
WY006,54,蒙公河,河流,377647689,12.906,109.3902986,23.1274069,16345.875641785227,13167.188884414176
WY006,55,蒙公河,河流,377647689,12.906,109.3906688,23.1275159,16383.827105016491,13179.259994365946
WY006,56,蒙公河,河流,377647689,12.906,109.390981,23.1276786,16415.832633975057,13197.278063991544
WY006,57,蒙公河,河流,377647689,12.906,109.391427,23.1277067,16461.55481820179,13200.3899739885
WY006,58,蒙公河,河流,377647689,12.906,109.3918669,23.1278498,16506.65165416962,13216.23745870512
WY006,59,蒙公河,河流,377647689,12.906,109.3921208,23.1278591,16532.680494024873,13217.267379095354
WY006,60,蒙公河,河流,377647689,12.906,109.3922639,23.1278103,16547.350549098886,13211.863065649166
WY006,61,蒙公河,河流,377647689,12.906,109.3924195,23.1276623,16563.302055524233,13195.472934705302
WY006,62,蒙公河,河流,377647689,12.906,109.3925978,23.1272619,16581.58067760443,13151.130985854259
WY006,63,蒙公河,河流,377647689,12.906,109.3926616,23.1270626,16588.1212053025,13129.059681143726
WY006,64,蒙公河,河流,377647689,12.906,109.3926899,23.1267612,16591.022411162317,13095.681400964893
WY006,65,蒙公河,河流,377647689,12.906,109.392696,23.1260189,16591.647759422678,13013.476034750558
WY006,66,蒙公河,河流,377647689,12.906,109.3926161,23.1256568,16583.456722382594,12973.375586002285
WY006,67,蒙公河,河流,377647689,12.906,109.3925706,23.1253533,16578.79223946269,12939.764743154297
WY006,68,蒙公河,河流,377647689,12.906,109.3927777,23.1247304,16600.02332545664,12870.782225823403
WY006,69,蒙公河,河流,377647689,12.906,109.3929613,23.1244803,16618.845282909733,12843.085119410453
WY006,70,蒙公河,河流,377647689,12.906,109.3933207,23.1241843,16655.689572173338,12810.304857522724
WY006,71,蒙公河,河流,377647689,12.906,109.3935192,23.1240462,16676.039019637246,12795.011093445884
WY006,72,蒙公河,河流,377647689,12.906,109.3936639,23.1238343,16690.87310048473,12771.544412722775
WY006,73,蒙公河,河流,377647689,12.906,109.3937284,23.123538,16697.485389458605,12738.73092759665
WY006,74,蒙公河,河流,377647689,12.906,109.3938316,23.1231884,16708.065051817677,12700.014780448026
WY006,75,蒙公河,河流,377647689,12.906,109.3936586,23.1225513,16690.329765110375,12629.459696499653
WY006,76,蒙公河,河流,377647689,12.906,109.3934938,23.1220374,16673.435110490846,12572.548289120527
WY006,77,蒙公河,河流,377647689,12.906,109.3930954,23.1214166,16632.592693011426,12503.798334458395
WY006,78,蒙公河,河流,377647689,12.906,109.3928527,23.1208948,16607.71203356756,12446.01204846808
WY006,79,蒙公河,河流,377647689,12.906,109.3923071,23.1201597,16551.779244969515,12364.60403997561
WY006,80,蒙公河,河流,377647689,12.906,109.3919826,23.1198414,16518.512767881482,12329.354184033353
WY006,81,蒙公河,河流,377647689,12.906,109.3914522,23.1192838,16464.13822412778,12267.60325826114
WY006,82,蒙公河,河流,377647689,12.906,109.3910343,23.119046,16421.296742538998,12241.268304622767
WY006,83,蒙公河,河流,377647689,12.906,109.3908869,23.1184763,16406.185868199966,12178.177374901445
WY006,84,蒙公河,河流,377647689,12.906,109.3907833,23.1176572,16395.56519939716,12087.466859656894
WY006,85,蒙公河,河流,377647689,12.906,109.3906156,23.1171823,16378.37324806421,12034.874473269863
WY006,86,蒙公河,河流,377647689,12.906,109.3905258,23.1167593,16369.16730155414,11988.029707125897
WY006,87,蒙公河,河流,377647689,12.906,109.3907005,23.1160729,16387.07686564366,11912.014937667082
WY006,88,蒙公河,河流,377647689,12.906,109.3909228,23.1154025,16409.86619648195,11837.772074256112
WY006,89,蒙公河,河流,377647689,12.906,109.3910086,23.1150868,16418.662078560526,11802.81015304687
WY006,90,蒙公河,河流,377647689,12.906,109.3912374,23.1148,16442.1177641,11771.048737136449
WY006,91,蒙公河,河流,377647689,12.906,109.3918586,23.1137736,16505.800770473103,11657.380964157635
WY006,92,蒙公河,河流,377647689,12.906,109.3920501,23.1120308,16525.432605180435,11464.376097880146
WY006,93,蒙公河,河流,377647689,12.906,109.3920956,23.1102596,16530.09708810034,11268.226098367304
WY006,94,蒙公河,河流,377647689,12.906,109.391824,23.109773,16502.253713131056,11214.338005682881
WY006,95,蒙公河,河流,377647689,12.906,109.3917113,23.1095559,16490.70014774427,11190.295455494133
WY006,96,蒙公河,河流,377647689,12.906,109.3916416,23.1090033,16483.554775007706,11129.098250361702
WY006,97,蒙公河,河流,377647689,12.906,109.3912019,23.1076921,16438.47844226174,10983.890549728692
WY006,98,蒙公河,河流,377647689,12.906,109.3912983,23.1072369,16448.36099508611,10933.479822663176
WY006,99,蒙公河,河流,377647689,12.906,109.3915107,23.1069715,16470.135416452955,10904.088331092096
WY006,100,蒙公河,河流,377647689,12.906,109.3916684,23.1067978,16486.30220670571,10884.852076058432
WY006,101,蒙公河,河流,377647689,12.906,109.392162,23.1065511,16536.904157679757,10857.531499681148
WY006,102,蒙公河,河流,377647689,12.906,109.3926233,23.1064228,16584.194838361036,10843.323028058796
WY006,103,蒙公河,河流,377647689,12.906,109.3934601,23.1060922,16669.98031764647,10806.711019341965
WY006,104,蒙公河,河流,377647689,12.906,109.3937766,23.1059146,16702.426665870058,10787.04286220917
WY006,105,蒙公河,河流,377647689,12.906,109.3939348,23.1055156,16718.64471417675,10742.855955137566
WY006,106,蒙公河,河流,377647689,12.906,109.3937659,23.1051942,16701.329743514063,10707.262792398433
WY006,107,蒙公河,河流,377647689,12.906,109.3937981,23.104686,16704.63076219517,10650.9826265492
WY006,108,蒙公河,河流,377647689,12.906,109.3941263,23.1040781,16738.276548884085,10583.661271138039
WY006,109,蒙公河,河流,377647689,12.906,109.3940765,23.1039047,16733.171246699156,10564.458239343163
WY006,110,蒙公河,河流,377647689,12.906,109.3938489,23.1036465,16709.83858048797,10535.864105493558
WY006,111,蒙公河,河流,377647689,12.906,109.3932495,23.1033674,16648.390425273505,10504.95541936886
WY006,112,蒙公河,河流,377647689,12.906,109.3922341,23.1029756,16544.295569075803,10461.565870018729
WY006,113,蒙公河,河流,377647689,12.906,109.3911709,23.1027673,16435.300442910375,10438.497868156353
WY006,114,蒙公河,河流,377647689,12.906,109.3902176,23.1025925,16337.571837027068,10419.13979458204
WY006,115,蒙公河,河流,377647689,12.906,109.3896839,23.1021323,16282.858990116218,10368.175346876744
WY006,116,蒙公河,河流,377647689,12.906,109.389168,23.1015741,16229.970929931054,10306.357974627348
WY006,117,蒙公河,河流,377647689,12.906,109.3879563,23.1009113,16105.752161707058,10232.956766589175
WY006,118,蒙公河,河流,377647689,12.906,109.3866152,23.0997468,15968.267809090125,10103.995229533522
WY006,119,蒙公河,河流,377647689,12.906,109.3860603,23.0994272,15911.38162068769,10068.601406225152
WY006,120,蒙公河,河流,377647689,12.906,109.3856281,23.0993817,15867.074158753694,10063.56254840091
WY006,121,蒙公河,河流,377647689,12.906,109.3848556,23.0994064,15787.880465220267,10066.297928362597
WY006,122,蒙公河,河流,377647689,12.906,109.3838907,23.0992419,15688.962672483294,10048.080519306632
WY006,123,蒙公河,河流,377647689,12.906,109.3833375,23.0989228,15632.250761464536,10012.74206806212
WY006,124,蒙公河,河流,377647689,12.906,109.3829196,23.0987808,15589.409279875756,9997.01640188615
WY006,125,蒙公河,河流,377647689,12.906,109.3824363,23.098755,15539.863244815431,9994.159203383815
WY006,126,蒙公河,河流,377647689,12.906,109.381814,23.0987353,15476.067470725708,9991.977544062302
WY006,127,蒙公河,河流,377647689,12.906,109.3813741,23.0985527,15430.97063475788,9971.755666289335
WY006,128,蒙公河,河流,377647689,12.906,109.3811971,23.0982616,15412.825283617627,9939.51805062885
WY006,129,蒙公河,河流,377647689,12.906,109.3811894,23.0977874,15412.035909585251,9887.003185131538
WY006,130,蒙公河,河流,377647689,12.906,109.3809404,23.097329,15386.509398660615,9836.238076856214
WY006,131,蒙公河,河流,377647689,12.906,109.3806181,23.096801,15353.468457010194,9777.76517727254
WY006,132,蒙公河,河流,377647689,12.906,109.3803881,23.0962532,15329.889752139527,9717.099543954424
WY006,133,蒙公河,河流,377647689,12.906,109.3800044,23.0946944,15290.554321449057,9544.471597228945
WY006,134,蒙公河,河流,377647689,12.906,109.3793284,23.0942329,15221.25343235166,9493.36318215714
WY006,135,蒙公河,河流,377647689,12.906,109.3786839,23.0936406,15155.181800659564,9427.769435142895
WY006,136,蒙公河,河流,377647689,12.906,109.378365,23.0930187,15122.489413776497,9358.89766193972
WY006,137,蒙公河,河流,377647689,12.906,109.378225,23.0925766,15108.137158637766,9309.937682951426
WY007,1,未记录,溪流,387639422,4.338,109.41414090709124,23.2247021,18790.096173678518,23942.060966956
WY007,2,未记录,溪流,387639422,4.338,109.4120741,23.2146962,18578.215154424088,22833.966296605337
WY007,3,未记录,溪流,387639422,4.338,109.41414,23.2064041,18790.003182215474,21915.664912820415
WY007,4,未记录,溪流,387639422,4.338,109.4141401,23.2030342,18790.01343382568,21542.468275874817
WY007,5,未记录,溪流,387639422,4.338,109.4141399,23.2028686,18789.992930603814,21524.12904827781
WY007,6,未记录,溪流,387639422,4.338,109.4139898,23.2000437,18774.605262773228,21211.28796109185
WY007,7,未记录,溪流,387639422,4.338,109.4137645,23.1993879,18751.508383611315,21138.661961950074
WY007,8,未记录,溪流,387639422,4.338,109.4132817,23.1985842,18702.013606604927,21049.65690627658
WY007,9,未记录,溪流,387639422,4.338,109.4131422,23.198106,18687.712609520135,20996.69906426721
WY007,10,未记录,溪流,387639422,4.338,109.4127881,23.1976573,18651.41165563088,20947.00817403384
WY007,11,未记录,溪流,387639422,4.338,109.4125521,23.1970212,18627.217854111517,20876.563834213182
WY007,12,未记录,溪流,387639422,4.338,109.4123644,23.19604,18607.975580615268,20767.90169582022
WY007,13,未记录,溪流,387639422,4.338,109.4118977,23.1957096,18560.131312949434,20731.311835929246
WY007,14,未记录,溪流,387639422,4.338,109.4099986,23.1948172,18365.442971994784,20632.483776102283
WY007,15,未记录,溪流,387639422,4.338,109.4098109,23.1945509,18346.200698498535,20602.99261481602
WY007,16,未记录,溪流,387639422,4.338,109.4096875,23.1938261,18333.55021075575,20522.7252708419
WY007,17,未记录,溪流,387639422,4.338,109.4094408,23.1934168,18308.259486878935,20477.397699251946
WY007,18,未记录,溪流,387639422,4.338,109.4090009,23.193402,18263.162650911105,20475.758686157285
WY007,19,未记录,溪流,387639422,4.338,109.4086736,23.1935746,18229.609128719858,20494.8731226503
WY007,20,未记录,溪流,387639422,4.338,109.4082498,23.1939986,18186.162802092585,20541.828632921985
WY007,21,未记录,溪流,387639422,4.338,109.4075417,23.1946643,18113.571145924285,20615.550998931176
WY007,22,未记录,溪流,387639422,4.338,109.4069087,23.194615,18048.678449477105,20610.091313420733
WY007,23,未记录,溪流,387639422,4.338,109.4061631,23.194186,17972.242439253347,20562.582082508874
WY007,24,未记录,溪流,387639422,4.338,109.4059431,23.1943389,17949.68889546433,20579.514859680374
WY007,25,未记录,溪流,387639422,4.338,109.4058144,23.1945016,17936.495072347196,20597.532929305577
WY007,26,未记录,溪流,387639422,4.338,109.4054335,23.1944523,17897.446686759937,20592.073243795134
WY007,27,未记录,溪流,387639422,4.338,109.4048274,23.1945953,17835.31167362097,20607.909654099218
WY007,28,未记录,溪流,387639422,4.338,109.4042525,23.1948323,17776.375163055236,20634.15601243534
WY008,1,未记录,河流,387692469,4.503,109.4099929,23.0178938,18364.858630179613,1039.256120386276
WY008,2,未记录,河流,387692469,4.503,109.4095754,23.021658,18322.058155033108,1456.119167002093
WY008,3,未记录,河流,387692469,4.503,109.4090497,23.0260481,18268.165436988158,1942.2969633331447
WY008,4,未记录,河流,387692469,4.503,109.4082147,23.032843,18182.564486698062,2694.792238677211
WY008,5,未记录,河流,387692469,4.503,109.4083539,23.033085,18196.83472894933,2721.5923176531114
WY008,6,未记录,河流,387692469,4.503,109.4080601,23.0347854,18166.715496380588,2909.9016329036294
WY008,7,未记录,河流,387692469,4.503,109.4069546,23.045322,18053.383938840743,4076.768211983519
WY008,8,未记录,河流,387692469,4.503,109.4068154,23.0466808,18039.11369658802,4227.247333109532
WY008,9,未记录,河流,387692469,4.503,109.4066994,23.04725,18027.221828044087,4290.282890766599
WY008,10,未记录,河流,387692469,4.503,109.4070473,23.0479045,18062.88718206423,4362.764922542651
WY008,11,未记录,河流,387692469,4.503,109.4070473,23.0482388,18062.88718206423,4399.786684532755
WY008,12,未记录,河流,387692469,4.503,109.4080601,23.0510702,18166.715496380588,4713.347608550865
WY008,13,未记录,河流,387692469,4.503,109.4091657,23.0538873,18280.057305532093,5025.324891538172
WY008,14,未记录,河流,387692469,4.503,109.4104104,23.057373,18407.659105324663,5411.345698506081
WY008,15,未记录,河流,387692469,4.503,109.410596,23.0575224,18426.6860949935,5427.890871229383
WY009,1,未记录,溪流,387692470,0.89,109.4006304,23.0294421,17405.05156778852,2318.162533763639
WY009,2,未记录,溪流,387692470,0.89,109.4011716,23.0299117,17460.53328550988,2370.1679762721014
WY009,3,未记录,溪流,387692470,0.89,109.4016819,23.0300184,17512.847255490076,2381.984374729643
WY009,4,未记录,溪流,387692470,0.89,109.4020916,23.0303172,17554.848104992547,2415.074720175853
WY009,5,未记录,溪流,387692470,0.89,109.4024472,23.0304097,17591.30283304361,2425.3185520159154
WY009,6,未记录,溪流,387692470,0.89,109.4026637,23.0305663,17613.497570455067,2442.661082460689
WY009,7,未记录,溪流,387692470,0.89,109.4028183,23.0305307,17629.34656077254,2438.7185915038654
WY009,8,未记录,溪流,387692470,0.89,109.4030194,23.030737,17649.96255011779,2461.5651051100126
WY009,9,未记录,溪流,387692470,0.89,109.4034368,23.0308366,17692.75277365118,2472.5952202590115
WY009,10,未记录,溪流,387692470,0.89,109.4039162,23.0311355,17741.898995890213,2505.6966401181503
WY009,11,未记录,溪流,387692470,0.89,109.4043414,23.0313347,17785.488845069096,2527.7568704153614
WY009,12,未记录,溪流,387692470,0.89,109.4045115,23.0312208,17802.926835061524,2515.1431142363476
WY009,13,未记录,溪流,387692470,0.89,109.4060191,23.031911,17957.480119681666,2591.5787113817587
WY009,14,未记录,溪流,387692470,0.89,109.4071169,23.0323592,18070.02230319059,2641.2142295508766
WY009,15,未记录,溪流,387692470,0.89,109.4078205,23.0326936,18142.152636872004,2678.2470659543033
WY009,16,未记录,溪流,387692470,0.89,109.4082147,23.032843,18182.564486698062,2694.792238677211
WY010,1,未记录,河流,387692471,3.112,109.4070473,23.0482388,18062.88718206423,4399.786684532755
WY010,2,未记录,河流,387692471,3.112,109.406854,23.0483171,18043.07081836156,4408.457949754945
WY010,3,未记录,河流,387692471,3.112,109.4062974,23.0481819,17986.01035257545,4393.485343649516
WY010,4,未记录,河流,387692471,3.112,109.4059495,23.0481321,17950.34499855676,4387.970286075213
WY010,5,未记录,河流,387692471,3.112,109.4058876,23.0483526,17943.999251462774,4412.389366299233
WY010,6,未记录,河流,387692471,3.112,109.405965,23.0485447,17951.933998231718,4433.663313287901
WY010,7,未记录,河流,387692471,3.112,109.4059418,23.0488506,17949.55562452293,4467.539942043047
WY010,8,未记录,河流,387692471,3.112,109.405849,23.0492561,17940.04212968924,4512.446685946798
WY010,9,未记录,河流,387692471,3.112,109.4056712,23.0493842,17921.814765662977,4526.633008743291
WY010,10,未记录,河流,387692471,3.112,109.4056634,23.0495122,17921.015140018942,4540.808257127248
WY010,11,未记录,河流,387692471,3.112,109.4057639,23.0496759,17931.318008886465,4558.937070880957
WY010,12,未记录,河流,387692471,3.112,109.4064598,23.049747,18002.658968535503,4566.810978381675
WY010,13,未记录,河流,387692471,3.112,109.4066066,23.0498181,18017.708333210394,4574.684885882393
WY010,14,未记录,河流,387692471,3.112,109.4065912,23.049932,18016.129585144186,4587.298642061407
WY010,15,未记录,河流,387692471,3.112,109.4064366,23.0500316,18000.28059482817,4598.328757210406
WY010,16,未记录,河流,387692471,3.112,109.405965,23.0500244,17951.933998231718,4597.531399488934
WY010,17,未记录,河流,387692471,3.112,109.405849,23.0501454,17940.04212968924,4610.931438976884
WY010,18,未记录,河流,387692471,3.112,109.4060036,23.0502805,17955.891120006712,4625.892970669383
WY010,19,未记录,河流,387692471,3.112,109.4067845,23.0505295,18035.94594884686,4653.468258541291
WY010,20,未记录,河流,387692471,3.112,109.4067535,23.0507358,18032.767949494035,4676.314772147831
WY010,21,未记录,河流,387692471,3.112,109.4066221,23.050935,18019.297332886807,4698.375002445042
WY010,22,未记录,河流,387692471,3.112,109.4062587,23.0507358,17982.04297919025,4676.314772147831
WY010,23,未记录,河流,387692471,3.112,109.4055939,23.0506078,17913.890270504242,4662.139523763874
WY010,24,未记录,河流,387692471,3.112,109.4052923,23.0507003,17882.971412291467,4672.383355603543
WY010,25,未记录,河流,387692471,3.112,109.4053233,23.0508568,17886.149411644292,4689.714811635388
WY010,26,未记录,河流,387692471,3.112,109.4054779,23.0509848,17901.998401960307,4703.890060019345
WY010,27,未记录,河流,387692471,3.112,109.406251,23.0511342,17981.253605157875,4720.435232742646
WY010,28,未记录,河流,387692471,3.112,109.406251,23.0512552,17981.253605157875,4733.835272230596
WY010,29,未记录,河流,387692471,3.112,109.4061892,23.0513547,17974.91810967555,4744.854312966666
WY010,30,未记录,河流,387692471,3.112,109.4053851,23.0513476,17892.484907126614,4744.068029657729
WY010,31,未记录,河流,387692471,3.112,109.4053001,23.0514686,17883.771037935505,4757.46806914568
WY010,32,未记录,河流,387692471,3.112,109.4054392,23.0516606,17898.031028576563,4778.730941721812
WY010,33,未记录,河流,387692471,3.112,109.4058876,23.0518243,17943.999251462774,4796.859755475129
WY010,34,未记录,河流,387692471,3.112,109.4058799,23.0519594,17943.2098774304,4811.821287168022
WY010,35,未记录,河流,387692471,3.112,109.405733,23.0521515,17928.150261145303,4833.095234156689
WY010,36,未记录,河流,387692471,3.112,109.4051841,23.0527918,17871.879169391566,4904.004699314869
WY010,37,未记录,河流,387692471,3.112,109.4051841,23.0529909,17871.879169391566,4926.053855199543
WY010,38,未记录,河流,387692471,3.112,109.4053619,23.0531048,17890.106533417827,4938.667611378557
WY010,39,未记录,河流,387692471,3.112,109.4054624,23.0529127,17900.409402285353,4917.393664389889
WY010,40,未记录,河流,387692471,3.112,109.4056557,23.0527491,17920.225765986568,4899.275925049109
WY010,41,未记录,河流,387692471,3.112,109.4058876,23.0528558,17943.999251462774,4911.09232350665
WY010,42,未记录,河流,387692471,3.112,109.4059186,23.0529981,17947.1772508156,4926.851212921016
WY010,43,未记录,河流,387692471,3.112,109.4058413,23.0531688,17939.252755656864,4945.755235570732
WY010,44,未记录,河流,387692471,3.112,109.4055861,23.0532257,17913.090644860204,4952.056576453578
WY010,45,未记录,河流,387692471,3.112,109.4054856,23.0532968,17902.78777599414,4959.930483954296
WY010,46,未记录,河流,387692471,3.112,109.4055629,23.0534818,17910.712271152875,4980.418147634421
WY010,47,未记录,河流,387692471,3.112,109.4061428,23.0535387,17970.161362257975,4986.71948851766
WY010,48,未记录,河流,387692471,3.112,109.4063283,23.0537521,17989.17810031661,5010.352285432743
WY010,49,未记录,河流,387692471,3.112,109.4066453,23.0539228,18021.67570659414,5029.256308082066
WY010,50,未记录,河流,387692471,3.112,109.406568,23.0541789,18013.7512114354,5057.61787926291
WY010,51,未记录,河流,387692471,3.112,109.4066144,23.0543354,18018.507958852973,5074.949335294754
WY010,52,未记录,河流,387692471,3.112,109.4070628,23.054307,18064.476181740643,5071.804202059796
WY010,53,未记录,河流,387692471,3.112,109.4070551,23.0544848,18063.68680770681,5091.494508018056
WY010,54,未记录,河流,387692471,3.112,109.4067226,23.0547623,18029.600201752874,5122.22600353785
WY010,55,未记录,河流,387692471,3.112,109.4068927,23.0548903,18047.038191746757,5136.401251921807
WY010,56,未记录,河流,387692471,3.112,109.4073025,23.0548903,18089.049292859432,5136.401251921807
WY010,57,未记录,河流,387692471,3.112,109.4077045,23.054684,18130.26076832807,5113.55473831566
WY010,58,未记录,河流,387692471,3.112,109.4077663,23.0548192,18136.59626381185,5128.527344421089
WY010,59,未记录,河流,387692471,3.112,109.4076813,23.0550255,18127.882394619282,5151.373858027236
WY010,60,未记录,河流,387692471,3.112,109.4073643,23.0552673,18095.384788341755,5178.151788177671
WY010,61,未记录,河流,387692471,3.112,109.4073566,23.0555306,18094.59541430938,5207.310717079986
WY010,62,未记录,河流,387692471,3.112,109.4075344,23.0556444,18112.82277833564,5219.913398846071
WY010,63,未记录,河流,387692471,3.112,109.4079828,23.0555234,18158.791001221853,5206.51335935812
WY010,64,未记录,河流,387692471,3.112,109.4081065,23.0557511,18171.47224379816,5231.729797303612
WY010,65,未记录,河流,387692471,3.112,109.4078746,23.0560214,18147.698758321952,5261.663935101935
WY010,66,未记录,河流,387692471,3.112,109.4079132,23.056185,18151.65588009549,5279.781674442715
WY010,67,未记录,河流,387692471,3.112,109.4082689,23.0563557,18188.120859758215,5298.685697092432
WY010,68,未记录,河流,387692471,3.112,109.4089801,23.056121,18261.030315861797,5272.694050250933
WY010,69,未记录,河流,387692471,3.112,109.4090497,23.0563984,18268.165436988158,5303.414471357798
WY010,70,未记录,河流,387692471,3.112,109.40881,23.0567897,18243.59232586937,5346.74864864407
WY010,71,未记录,河流,387692471,3.112,109.4087559,23.0569817,18238.04620441942,5368.011521220203
WY010,72,未记录,河流,387692471,3.112,109.409042,23.0570529,18267.376062955784,5375.8965031334565
WY010,73,未记录,河流,387692471,3.112,109.409328,23.0569391,18296.69566988194,5363.293821367372
WY010,74,未记录,河流,387692471,3.112,109.4094672,23.0570102,18310.965912133208,5371.16772886809
WY010,75,未记录,河流,387692471,3.112,109.4095059,23.0573801,18314.933285518408,5412.131981815018
WY010,76,未记录,河流,387692471,3.112,109.4093667,23.0575864,18300.66304326714,5434.978495421558
WY010,77,未记录,河流,387692471,3.112,109.4094208,23.0577856,18306.20916471709,5457.038725718769
WY010,78,未记录,河流,387692471,3.112,109.409877,23.0579065,18352.977013245883,5470.427690794183
WY010,79,未记录,河流,387692471,3.112,109.4101862,23.0574655,18384.674993880828,5421.589530346144
WY010,80,未记录,河流,387692471,3.112,109.410596,23.0575224,18426.6860949935,5427.890871229383
WY010,81,未记录,河流,387692471,3.112,109.4111526,23.0581057,18483.74656077961,5492.487921091394
WY010,82,未记录,河流,387692471,3.112,109.4116551,23.0591443,18535.26090511723,5607.506772431852
WY010,83,未记录,河流,387692471,3.112,109.4119412,23.0593292,18564.590763653592,5627.983361699048
WY010,84,未记录,河流,387692471,3.112,109.4118948,23.0594928,18559.83401623602,5646.101101039829
WY010,85,未记录,河流,387692471,3.112,109.4116242,23.0597418,18532.093157376064,5673.676388911736
WY010,86,未记录,河流,387692471,3.112,109.4116629,23.0600192,18536.06053075981,5704.3968100186
WY010,87,未记录,河流,387692471,3.112,109.4119799,23.0600761,18568.55813703879,5710.69815090184
WY010,88,未记录,河流,387692471,3.112,109.4123741,23.0600548,18608.96998686339,5708.3393009754245
WY010,89,未记录,河流,387692471,3.112,109.4126911,23.060012,18641.467593142374,5703.599452297129
WY011,1,未记录,河流,387707407,1.249,109.0348482,22.9758335,-20093.516000341613,-3618.675126513224
WY011,2,未记录,河流,387707407,1.249,109.0336292,22.9757919,-20218.483136155708,-3623.282082237941
WY011,3,未记录,河流,387707407,1.249,109.0331326,22.9765817,-20269.392635453376,-3535.816369943924
WY011,4,未记录,河流,387707407,1.249,109.0337195,22.9774129,-20209.225931590245,-3443.7658507506558
WY011,5,未记录,河流,387707407,1.249,109.0345773,22.9777455,-20121.287614035093,-3406.9323537779906
WY011,6,未记录,河流,387707407,1.249,109.035119,22.9782858,-20065.754638259798,-3347.097301420134
WY011,7,未记录,河流,387707407,1.249,109.0346676,22.979034,-20112.03040946963,-3264.2385448508344
WY011,8,未记录,河流,387707407,1.249,109.034487,22.9796574,-20130.5448185991,-3195.2006554556865
WY011,9,未记录,河流,387707407,1.249,109.0346224,22.9811953,-20116.66413755746,-3024.8872610052995
WY011,10,未记录,河流,387707407,1.249,109.0333132,22.9814031,-20250.87822632536,-3001.874631206786
WY011,11,未记录,河流,387707407,1.249,109.0330423,22.9833981,-20278.649840017384,-2780.940095847977
WY011,12,未记录,河流,387707407,1.249,109.0328115,22.983657813905985,-20302.310557775516,-2752.178305800138
WY012,1,未记录,溪流,387707409,0.758,109.1373318,23.0673919,-9587.296180937565,6520.880042521038
WY012,2,未记录,溪流,387707409,0.758,109.1363575,23.0671501,-9687.17762509059,6494.102112370603
WY012,3,未记录,溪流,387707409,0.758,109.1361024,23.0669011,-9713.329484275586,6466.526824498696
WY012,4,未记录,溪流,387707409,0.758,109.1359787,23.0664885,-9726.010726851897,6420.833797286009
WY012,5,未记录,溪流,387707409,0.758,109.1359941,23.0659336,-9724.43197878569,6359.381880659349
WY012,6,未记录,溪流,387707409,0.758,109.1358627,23.0655637,-9737.902595394375,6318.417627712029
WY012,7,未记录,溪流,387707409,0.758,109.1355998,23.0652364,-9764.854080223407,6282.1710746179315
WY012,8,未记录,溪流,387707409,0.758,109.1352132,23.0648309,-9804.486807627294,6237.26433071418
WY012,9,未记录,溪流,387707409,0.758,109.1348266,23.0648665,-9844.119535031181,6241.206821671003
WY012,10,未记录,溪流,387707409,0.758,109.134324,23.0652507,-9895.644130977546,6283.75471564834
WY012,11,未记录,溪流,387707409,0.758,109.1341926,23.0657344,-9909.11474758623,6337.321650361745
WY012,12,未记录,溪流,387707409,0.758,109.1339452,23.0661257,-9934.477232738853,6380.655827648017
WY012,13,未记录,溪流,387707409,0.758,109.1334503,23.0661612,-9985.212454652843,6384.587244191912
WY012,14,未记录,溪流,387707409,0.758,109.1326462,23.0657273,-10067.645657203235,6336.535367052808
WY013,1,未记录,溪流,387707410,0.653,109.1509426,22.9509246,-8191.969936368741,-6377.189536441255
WY013,2,未记录,溪流,387707410,0.653,109.1507101,22.9510735,-8215.804931509092,-6360.6997357822065
WY013,3,未记录,溪流,387707410,0.653,109.1504927,22.9510921,-8238.091933416763,-6358.639895001344
WY013,4,未记录,溪流,387707410,0.653,109.1503563,22.9512084,-8252.075130566274,-6345.760352915173
WY013,5,未记录,溪流,387707410,0.653,109.1501693,22.9513015,-8271.24564278672,-6335.4500745983205
WY013,6,未记录,溪流,387707410,0.653,109.1498761,22.9512457,-8301.303365691316,-6341.629596940516
WY013,7,未记录,溪流,387707410,0.653,109.1496992,22.9513527,-8319.438465219908,-6329.779975244581
WY013,8,未记录,溪流,387707410,0.653,109.1495375,22.9513341,-8336.015319905613,-6331.839816025444
WY013,9,未记录,溪流,387707410,0.653,109.1492545,22.9511712,-8365.027378506695,-6349.880034476506
WY013,10,未记录,溪流,387707410,0.653,109.1490422,22.951013,-8386.791548263336,-6367.399755526182
WY013,11,未记录,溪流,387707410,0.653,109.1488148,22.9510269,-8410.103711252657,-6365.860412147097
WY013,12,未记录,溪流,387707410,0.653,109.1487188,22.9513713,-8419.945257633291,-6327.720134463717
WY013,13,未记录,溪流,387707410,0.653,109.1488299,22.9518135,-8408.555718019978,-6278.749081062493
WY013,14,未记录,溪流,387707410,0.653,109.1487491,22.9521067,-8416.839019556272,-6246.278902732853
WY013,15,未记录,溪流,387707410,0.653,109.1486733,22.9522556,-8424.609740553196,-6229.789102073804
WY013,16,未记录,溪流,387707410,0.653,109.1482791,22.9522602,-8465.021590379254,-6229.279679084955
WY013,17,未记录,溪流,387707410,0.653,109.1481022,22.9523487,-8483.156689907844,-6219.478823756953
WY013,18,未记录,溪流,387707410,0.653,109.1481072,22.9525441,-8482.64410936702,-6197.839421145944
WY013,19,未记录,溪流,387707410,0.653,109.1484762,22.9529769,-8444.815665465498,-6149.909362547884
WY013,20,未记录,溪流,387707410,0.653,109.1483953,22.9531445,-8453.109218613454,-6131.348646695043
WY013,21,未记录,溪流,387707410,0.653,109.1480061,22.9534098,-8493.008487898685,-6101.968229536894
WY013,22,未记录,溪流,387707410,0.653,109.1477534,22.9538007,-8518.914308424202,-6058.678349901946
WY014,1,未记录,溪流,387707414,2.578,109.0967149,22.9985738,-13751.182693343362,-1100.3204325651288
WY014,2,未记录,溪流,387707414,2.578,109.0964907,22.9982893,-13774.166804785738,-1131.8271369809302
WY014,3,未记录,溪流,387707414,2.578,109.0962047,22.9982821,-13803.486411711898,-1132.6244947024022
WY014,4,未记录,溪流,387707414,2.578,109.0963207,22.9984458,-13791.594543167963,-1114.4956809490857
WY014,5,未记录,溪流,387707414,2.578,109.0962511,22.9985454,-13798.729664294324,-1103.4655658000868
WY014,6,未记录,溪流,387707414,2.578,109.0961893,22.9986663,-13805.065159776648,-1090.076600725066
WY014,7,未记录,溪流,387707414,2.578,109.0960502,22.9986308,-13819.325150419165,-1094.0080172689604
WY014,8,未记录,溪流,387707414,2.578,109.0960192,22.9983604,-13822.503149770533,-1123.953229480212
WY014,9,未记录,溪流,387707414,2.578,109.095741,22.9983319,-13851.023131052654,-1127.1094371280994
WY014,10,未记录,溪流,387707414,2.578,109.0957565,22.9984956,-13849.434131377699,-1108.980623374783
WY014,11,未记录,溪流,387707414,2.578,109.0956637,22.9985454,-13858.947626211391,-1103.4655658000868
WY014,12,未记录,溪流,387707414,2.578,109.0955014,22.9984956,-13875.58599056124,-1108.980623374783
WY014,13,未记录,溪流,387707414,2.578,109.0954396,22.9987517,-13881.921486043564,-1080.6190521939398
WY014,14,未记录,溪流,387707414,2.578,109.0953236,22.9987304,-13893.813354587499,-1082.977902120355
WY014,15,未记录,溪流,387707414,2.578,109.095084,22.9982893,-13918.376214096083,-1131.8271369809302
WY014,16,未记录,溪流,387707414,2.578,109.0948676,22.9982466,-13940.560699895881,-1136.5559112462965
WY014,17,未记录,溪流,387707414,2.578,109.0947285,22.9981612,-13954.82069053694,-1146.0134597778163
WY014,18,未记录,溪流,387707414,2.578,109.0947362,22.9979264,-13954.031316504566,-1172.0161810318507
WY014,19,未记录,溪流,387707414,2.578,109.094628,22.9978624,-13965.123559404465,-1179.103805224026
WY014,20,未记录,溪流,387707414,2.578,109.0945585,22.9976845,-13972.248428919165,-1198.8051855952149
WY014,21,未记录,溪流,387707414,2.578,109.0947285,22.9974497,-13954.82069053694,-1224.8079068492493
WY014,22,未记录,溪流,387707414,2.578,109.0951227,22.9972007,-13914.408840710885,-1252.3831947211563
WY014,23,未记录,溪流,387707414,2.578,109.0950299,22.9969588,-13923.922335546033,-1279.1721992841271
WY014,24,未记录,溪流,387707414,2.578,109.0945739,22.9966458,-13970.669680854415,-1313.8351113482092
WY014,25,未记录,溪流,387707414,2.578,109.0943266,22.9963683,-13996.021914395375,-1344.5666068680036
WY014,26,未记录,溪流,387707414,2.578,109.0943111,22.9961264,-13997.610914071785,-1371.3556114309742
WY014,27,未记录,溪流,387707414,2.578,109.0945662,22.9960908,-13971.459054886789,-1375.2981023877978
WY014,28,未记录,溪流,387707414,2.578,109.094744,22.995792,-13953.23169086053,-1408.3884478340076
WY014,29,未记录,溪流,387707414,2.578,109.0947362,22.9955145,-13954.031316504566,-1439.1199433541954
WY014,30,未记录,溪流,387707414,2.578,109.0943189,22.995173,-13996.811288427749,-1476.9390630657715
WY014,31,未记录,溪流,387707414,2.578,109.0945971,22.9944971,-13968.291307145628,-1551.7910191807744
WY014,32,未记录,溪流,387707414,2.578,109.0947053,22.9944046,-13957.199064245728,-1562.0348510208369
WY014,33,未记录,溪流,387707414,2.578,109.0948754,22.9941414,-13939.761074251845,-1591.1827055102228
WY014,34,未记录,溪流,387707414,2.578,109.095455,22.9939279,-13880.342737978814,-1614.8265768382355
WY014,35,未记录,溪流,387707414,2.578,109.0957874,22.9936575,-13846.26638363508,-1644.7717890490937
WY014,36,未记录,溪流,387707414,2.578,109.0961506,22.9930172,-13809.032533161846,-1715.681254207273
WY014,37,未记录,溪流,387707414,2.578,109.0966994,22.9930528,-13752.771693018316,-1711.7387632504492
WY014,38,未记录,溪流,387707414,2.578,109.0970163,22.9928251,-13720.284338350995,-1736.9552011959408
WY014,39,未记录,溪流,387707414,2.578,109.0969854,22.9924978,-13723.452086093615,-1773.2017542904314
WY014,40,未记录,溪流,387707414,2.578,109.0968617,22.9923911,-13736.13332866847,-1785.018152747973
WY014,41,未记录,溪流,387707414,2.578,109.0965989,22.9924338,-13763.07456188584,-1780.2893784822131
WY014,42,未记录,溪流,387707414,2.578,109.0963902,22.9924053,-13784.469673653262,-1783.4455861301005
WY014,43,未记录,溪流,387707414,2.578,109.0962511,22.9922274,-13798.729664294324,-1803.1469665012896
WY014,44,未记录,溪流,387707414,2.578,109.0964907,22.99158,-13774.166804785738,-1874.842714968405
WY014,45,未记录,溪流,387707414,2.578,109.0966685,22.991395,-13755.93944075948,-1895.3303786481367
WY014,46,未记录,溪流,387707414,2.578,109.0967921,22.9910392,-13743.26844979483,-1934.7331393905147
WY014,47,未记录,溪流,387707414,2.578,109.0969854,22.9907689,-13723.452086093615,-1964.667277188837
WY014,48,未记录,溪流,387707414,2.578,109.0972404,22.9905554,-13697.310478518824,-1988.3111485164561
WY014,49,未记录,溪流,387707414,2.578,109.0972636,22.9902637,-13694.932104810036,-2020.615210654123
WY014,50,未记录,溪流,387707414,2.578,109.0969854,22.9898653,-13723.452086093615,-2064.735671248938
WY014,51,未记录,溪流,387707414,2.578,109.0969699,22.9897514,-13725.04108576857,-2077.3494274283453
WY014,52,未记录,溪流,387707414,2.578,109.0972482,22.9896305,-13696.510852876243,-2090.738392503366
WY014,53,未记录,溪流,387707414,2.578,109.0973023,22.9894312,-13690.964731426295,-2112.8096972138997
WY014,54,未记录,溪流,387707414,2.578,109.0970936,22.9891039,-13712.359843193717,-2149.056250307997
WY014,55,未记录,溪流,387707414,2.578,109.097109,22.9887838,-13710.78109512751,-2184.5054456806215
WY014,56,未记录,溪流,387707414,2.578,109.0972482,22.9884422,-13696.510852876243,-2222.335639805127
WY014,57,未记录,溪流,387707414,2.578,109.0972791,22.9881292,-13693.343105135082,-2256.998551869209
WY014,58,未记录,溪流,387707414,2.578,109.0971477,22.987873,-13706.813721743767,-2285.371197462588
WY014,59,未记录,溪流,387707414,2.578,109.0970858,22.9875386,-13713.159468836297,-2322.4040338656214
WY014,60,未记录,溪流,387707414,2.578,109.0969776,22.9874034,-13724.251711736195,-2337.3766399710507
WY014,61,未记录,溪流,387707414,2.578,109.0965525,22.9872682,-13767.831309303414,-2352.349246076873
WY014,62,未记录,溪流,387707414,2.578,109.0965062,22.9871686,-13772.577805110785,-2363.3793612254785
WY014,63,未记录,溪流,387707414,2.578,109.096769,22.986578,-13745.636571893412,-2428.784843221891
WY014,64,未记录,溪流,387707414,2.578,109.0971168,22.986393,-13709.98146948493,-2449.272506902016
WY014,65,未记录,溪流,387707414,2.578,109.0972713,22.9858665,-13694.142730777661,-2507.5792902937173
WY014,66,未记录,溪流,387707414,2.578,109.0972172,22.9855748,-13699.688852227611,-2539.8833524313845
WY014,67,未记录,溪流,387707414,2.578,109.0972404,22.98534,-13697.310478518824,-2565.886073685419
WY014,68,未记录,溪流,387707414,2.578,109.0965216,22.9849558,-13770.999057044577,-2608.4339676627546
WY014,69,未记录,溪流,387707414,2.578,109.0963284,22.9847921,-13790.805169135587,-2626.562781416465
WY014,70,未记录,溪流,387707414,2.578,109.0964289,22.9844648,-13780.502300268063,-2662.8093345105617
WY014,71,未记录,溪流,387707414,2.578,109.0963902,22.9842442,-13784.469673653262,-2687.2394891475105
WY014,72,未记录,溪流,387707414,2.578,109.0960115,22.9841802,-13823.292523802907,-2694.3271133392923
WY014,73,未记录,溪流,387707414,2.578,109.0952464,22.9839525,-13901.72759813603,-2719.543551284784
WY014,74,未记录,溪流,387707414,2.578,109.0951536,22.9838244,-13911.241092969722,-2733.7298740816705
WY015,1,未记录,河流,387707415,0.494,109.035119,22.9335553,-20065.754638259798,-8300.73751890412
WY015,2,未记录,河流,387707415,0.494,109.035119,22.9323911,-20065.754638259798,-8429.665832720984
WY015,3,未记录,河流,387707415,0.494,109.034171,22.9315179,-20162.939908768753,-8526.367605290294
WY015,4,未记录,河流,387707415,0.494,109.033268,22.9322663,-20255.51195441174,-8443.48669989553
WY015,5,未记录,河流,387707415,0.494,109.032952,22.9317258,-20287.907044582847,-8503.343901079244
WY015,6,未记录,河流,387707415,0.494,109.0328115,22.93201337026828,-20302.310557775516,-8471.497182479896
WY016,1,未记录,河流,387841543,4.64,109.0536565,22.9641129,-18165.362283753453,-4916.662753144813
WY016,2,未记录,河流,387841543,4.64,109.0534864,22.9640773,-18182.800273747336,-4920.605244101636
WY016,3,未记录,河流,387841543,4.64,109.0533705,22.9638639,-18194.68189067961,-4944.23804101672
WY016,4,未记录,河流,387841543,4.64,109.0529918,22.9632732,-18233.504740829256,-5009.654597426062
WY016,5,未记录,河流,387841543,4.64,109.0523039,22.963444,-18304.025571613845,-4990.7395003638085
WY016,6,未记录,河流,387841543,4.64,109.0521493,22.9633301,-18319.87456193132,-5003.353256542823
WY016,7,未记录,河流,387841543,4.64,109.0520566,22.9626114,-18329.377805154807,-5082.945061336121
WY016,8,未记录,河流,387841543,4.64,109.0518943,22.9625188,-18346.016169504655,-5093.19996758872
WY016,9,未记录,河流,387841543,4.64,109.0515696,22.962526,-18379.303149816013,-5092.4026098672475
WY016,10,未记录,河流,387841543,4.64,109.0503253,22.9632661,-18506.863943164844,-5010.440880734998
WY016,11,未记录,河流,387841543,4.64,109.0497765,22.963444,-18563.124783308376,-4990.7395003638085
WY016,12,未记录,河流,387841543,4.64,109.0493051,22.9634867,-18611.45087668151,-4986.010726098049
WY016,13,未记录,河流,387841543,4.64,109.0482539,22.9630526,-18719.215809549536,-5034.084752062617
WY016,14,未记录,河流,387841543,4.64,109.047968,22.963259,-18748.525164865492,-5011.227164043541
WY016,15,未记录,河流,387841543,4.64,109.0477979,22.9633586,-18765.96315485792,-5000.1970488949355
WY016,16,未记录,河流,387841543,4.64,109.0472182,22.9633586,-18825.39174274261,-5000.1970488949355
WY016,17,未记录,河流,387841543,4.64,109.0470328,22.9634653,-18844.398229191043,-4988.380650437393
WY016,18,未记录,河流,387841543,4.64,109.0471487,22.9636575,-18832.51661225877,-4967.095629035796
WY016,19,未记录,河流,387841543,4.64,109.0470946,22.963871,-18838.062733708717,-4943.451757707784
WY016,20,未记录,河流,387841543,4.64,109.04694,22.9641129,-18853.911724024732,-4916.662753144813
WY016,21,未记录,河流,387841543,4.64,109.0470018,22.9643407,-18847.57622854241,-4891.435240786392
WY016,22,未记录,河流,387841543,4.64,109.0475583,22.9649598,-18790.526014366504,-4822.873551142092
WY016,23,未记录,河流,387841543,4.64,109.0479216,22.9652373,-18753.281912283066,-4792.142055622297
WY016,24,未记录,河流,387841543,4.64,109.0483776,22.9657639,-18706.534566974682,-4733.824197817667
WY016,25,未记录,河流,387841543,4.64,109.0484626,22.9660343,-18697.820697783573,-4703.878985606415
WY016,26,未记录,河流,387841543,4.64,109.0481225,22.9660984,-18732.686426158223,-4696.780287001704
WY016,27,未记录,河流,387841543,4.64,109.0479061,22.9659134,-18754.87091195802,-4717.267950681436
WY016,28,未记录,河流,387841543,4.64,109.0467854,22.9652302,-18869.760714342206,-4792.92833893084
WY016,29,未记录,河流,387841543,4.64,109.046314,22.9650452,-18918.086807716794,-4813.416002610966
WY016,30,未记录,河流,387841543,4.64,109.0459893,22.9650238,-18951.373788026696,-4815.785926949917
WY016,31,未记录,河流,387841543,4.64,109.0457343,22.965465,-18977.51539560003,-4766.925617676806
WY016,32,未记录,河流,387841543,4.64,109.0456879,22.965949,-18982.272143017606,-4713.325459725006
WY016,33,未记录,河流,387841543,4.64,109.0457034,22.9667175,-18980.68314334265,-4628.218597357011
WY016,34,未记录,河流,387841543,4.64,109.045827,22.9671089,-18968.012152376545,-4584.873345658203
WY016,35,未记录,河流,387841543,4.64,109.045858,22.967664,-18964.83415302518,-4523.399280205685
WY016,36,未记录,河流,387841543,4.64,109.045742,22.9677921,-18976.726021567654,-4509.2129574087985
WY016,37,未记录,河流,387841543,4.64,109.045487,22.9676497,-19002.867629142445,-4524.982921236093
WY016,38,未记录,河流,387841543,4.64,109.0449769,22.9671231,-19055.161095900778,-4583.300779040724
WY016,39,未记录,河流,387841543,4.64,109.0447373,22.9671658,-19079.72395540936,-4578.572004774964
WY016,40,未记录,河流,387841543,4.64,109.0446213,22.9674434,-19091.61582395184,-4547.8294348422405
WY016,41,未记录,河流,387841543,4.64,109.0441962,22.9677209,-19135.19542151906,-4517.097939322446
WY016,42,未记录,河流,387841543,4.64,109.0441421,22.9681052,-19140.741542969008,-4474.538970932181
WY016,43,未记录,河流,387841543,4.64,109.0438793,22.968831,-19167.682776186382,-4394.160882829945
WY016,44,未记录,河流,387841543,4.64,109.0438948,22.9691513,-19166.09377650997,-4358.689538631856
WY016,45,未记录,河流,387841543,4.64,109.0438021,22.9698202,-19175.597019734912,-4284.612791412859
WY016,46,未记录,河流,387841543,4.64,109.0436861,22.9701404,-19187.488888277392,-4249.152521627699
WY016,47,未记录,河流,387841543,4.64,109.0436011,22.9705816,-19196.2027574685,-4200.292212354194
WY016,48,未记录,河流,387841543,4.64,109.0433538,22.9708662,-19221.554991009463,-4168.774433525464
WY016,49,未记录,河流,387841543,4.64,109.0432069,22.9712149,-19236.61460729456,-4130.157956092022
WY016,50,未记录,河流,387841543,4.64,109.0429751,22.9717415,-19260.37784115911,-4071.840098287391
WY016,51,未记录,河流,387841543,4.64,109.0429828,22.9720831,-19259.588467126734,-4034.0099041628855
WY016,52,未记录,河流,387841543,4.64,109.04289,22.9723037,-19269.101961961882,-4009.5797495259367
WY016,53,未记录,河流,387841543,4.64,109.04272,22.9723962,-19286.529700344105,-3999.3359176862673
WY016,54,未记录,河流,387841543,4.64,109.0425191,22.9722681,-19307.12518646749,-4013.5222404827605
WY016,55,未记录,河流,387841543,4.64,109.0422949,22.971528,-19330.109297911324,-4095.4839696154036
WY016,56,未记录,河流,387841543,4.64,109.0421172,22.9714284,-19348.32641032592,-4106.514084764009
WY016,57,未记录,河流,387841543,4.64,109.0420167,22.9714924,-19358.629279193447,-4099.426460572227
WY016,58,未记录,河流,387841543,4.64,109.041808,22.9719194,-19380.02439096087,-4052.138717916202
WY016,59,未记录,河流,387841543,4.64,109.0414988,22.9722396,-19411.722371595813,-4016.6784481306477
WY016,60,未记录,河流,387841543,4.64,109.0413288,22.9729583,-19429.150109978036,-3937.0866433377423
WY016,61,未记录,河流,387841543,4.64,109.0414061,22.973307,-19421.2256148193,-3898.4701659043008
WY016,62,未记录,河流,387841543,4.64,109.0413906,22.9735561,-19422.81461449571,-3870.8838036194643
WY016,63,未记录,河流,387841543,4.64,109.0411356,22.973734,-19448.956222069046,-3851.1824232482754
WY016,64,未记录,河流,387841543,4.64,109.0410892,22.9740044,-19453.71296948662,-3821.237211037417
WY016,65,未记录,河流,387841543,4.64,109.041182,22.9743815,-19444.199474651472,-3779.4756003686243
WY016,66,未记录,河流,387841543,4.64,109.0410969,22.974965,-19452.923595454246,-3714.8564016807545
WY016,67,未记录,河流,387841543,4.64,109.0412515,22.9755129,-19437.07460513677,-3654.179693950102
WY016,68,未记录,河流,387841543,4.64,109.0410737,22.9757833,-19455.301969163032,-3624.2344817388503
WY016,69,未记录,河流,387841543,4.64,109.0410042,22.9761818,-19462.426838677733,-3580.102946731106
WY016,70,未记录,河流,387841543,4.64,109.0408032,22.976253,-19483.032576412777,-3572.217964817459
WY016,71,未记录,河流,387841543,4.64,109.0406409,22.9761961,-19499.670940762626,-3578.5193057006977
WY016,72,未记录,河流,387841543,4.64,109.0397135,22.9751429,-19594.744379444142,-3695.1550213095657
WY016,73,未记录,河流,387841543,4.64,109.0394043,22.9751145,-19626.442360079087,-3698.300154544917
WY016,74,未记录,河流,387841543,4.64,109.0392033,22.9750362,-19647.048097814135,-3706.9714197671074
WY016,75,未记录,河流,387841543,4.64,109.0391338,22.974901,-19654.172967328832,-3721.9440258729296
WY016,76,未记录,河流,387841543,4.64,109.0392652,22.9746163,-19640.70235072015,-3753.472879114196
WY016,77,未记录,河流,387841543,4.64,109.0392111,22.9744456,-19646.248472170097,-3772.376901763913
WY016,78,未记录,河流,387841543,4.64,109.0387937,22.9742179,-19689.03869570494,-3797.5933397094045
WY016,79,未记录,河流,387841543,4.64,109.03833,22.9742819,-19736.5754150457,-3790.5057155172294
WY016,80,未记录,河流,387841543,4.64,109.0379203,22.974595,-19778.576264548166,-3755.8317290406117
WY016,81,未记录,河流,387841543,4.64,109.0376653,22.9746662,-19804.717872121502,-3747.946747126964
WY016,82,未记录,河流,387841543,4.64,109.0369233,22.9744811,-19880.784824356044,-3768.445485220019
WY016,83,未记录,河流,387841543,4.64,109.0364828,22.9745523,-19925.94316998801,-3760.5605033063716
WY016,84,未记录,河流,387841543,4.64,109.0359031,22.9747515,-19985.371757872705,-3738.500273008767
WY016,85,未记录,河流,387841543,4.64,109.0358181,22.9749864,-19994.085627063814,-3712.4864773418035
WY016,86,未记录,河流,387841543,4.64,109.0360036,22.9752283,-19975.068889005182,-3685.697472778439
WY016,87,未记录,河流,387841543,4.64,109.0367224,22.9752425,-19901.380310479428,-3684.12490616096
WY016,88,未记录,河流,387841543,4.64,109.0371397,22.9753066,-19858.600338556244,-3677.026207556249
WY016,89,未记录,河流,387841543,4.64,109.037418,22.9756268,-19830.07010566246,-3641.5659377706947
WY016,90,未记录,河流,387841543,4.64,109.0374102,22.9759968,-19830.8697313065,-3600.5906104108376
WY016,91,未记录,河流,387841543,4.64,109.0371629,22.9761961,-19856.221964847457,-3578.5193057006977
WY016,92,未记录,河流,387841543,4.64,109.0370161,22.9761676,-19871.271329520892,-3581.675513348585
WY016,93,未记录,河流,387841543,4.64,109.0369156,22.9759043,-19881.574198388418,-3610.8344422509003
WY016,94,未记录,河流,387841543,4.64,109.0367842,22.9757478,-19895.0448149971,-3628.165898282745
WY016,95,未记录,河流,387841543,4.64,109.03622,22.9757051,-19952.884403205382,-3632.894672548505
WY016,96,未记录,河流,387841543,4.64,109.0358258,22.9755058,-19993.29625303144,-3654.9659772586447
WY016,97,未记录,河流,387841543,4.64,109.0356326,22.9755414,-20013.10236512245,-3651.0234863018213
WY016,98,未记录,河流,387841543,4.64,109.0355205,22.9758901,-20024.59442084364,-3612.4070088683793
WY016,99,未记录,河流,387841543,4.64,109.0353448,22.9762491,-20042.60650104249,-3572.6498669165894
WY016,100,未记录,河流,387841543,4.64,109.0350143,22.9761391,-20076.488074780682,-3584.8317209964725
WY016,101,未记录,河流,387841543,4.64,109.0348482,22.9758335,-20093.516000341613,-3618.675126513224
WY017,1,未记录,河流,387841547,4.314,109.0752829,22.9671662,-15948.307922837303,-4578.52770712364
WY017,2,未记录,河流,387841547,4.314,109.0750791,22.9672601,-15969.200705675561,-4568.128833504533
WY017,3,未记录,河流,387841547,4.314,109.074826,22.9674363,-15995.147532643354,-4548.615718151176
WY017,4,未记录,河流,387841547,4.314,109.0739449,22.9677921,-16085.474475518955,-4509.2129574087985
WY017,5,未记录,河流,387841547,4.314,109.0737285,22.9677351,-16107.658961318752,-4515.525372704967
WY017,6,未记录,河流,387841547,4.314,109.0735585,22.9675003,-16125.086699700976,-4541.528093959001
WY017,7,未记录,河流,387841547,4.314,109.073373,22.9675501,-16144.103437759612,-4536.013036384698
WY017,8,未记录,河流,387841547,4.314,109.0730793,22.9672512,-16174.212418718145,-4569.114456243838
WY017,9,未记录,河流,387841547,4.314,109.0728242,22.9667958,-16200.364277903142,-4619.547332134821
WY017,10,未记录,河流,387841547,4.314,109.0729865,22.966625,-16183.725913553293,-4638.462429197074
WY017,11,未记录,河流,387841547,4.314,109.0735121,22.9666179,-16129.84344711855,-4639.24871250601
WY017,12,未记录,河流,387841547,4.314,109.0738599,22.9664969,-16094.188344710066,-4652.64875199396
WY017,13,未记录,河流,387841547,4.314,109.0738831,22.9661624,-16091.80997100128,-4689.692662809529
WY017,14,未记录,河流,387841547,4.314,109.0734966,22.9657426,-16131.432446794961,-4736.183047744083
WY017,15,未记录,河流,387841547,4.314,109.0722755,22.9650309,-16256.61486643501,-4814.999643641374
WY017,16,未记录,河流,387841547,4.314,109.0718426,22.9649669,-16300.994089646265,-4822.087267833156
WY017,17,未记录,河流,387841547,4.314,109.0711316,22.965522,-16373.883042527981,-4760.613202380638
WY017,18,未记录,河流,387841547,4.314,109.0707915,22.965771,-16408.74877090409,-4733.037914508731
WY017,19,未记录,河流,387841547,4.314,109.0705596,22.9656856,-16432.5222563803,-4742.495463039857
WY017,20,未记录,河流,387841547,4.314,109.0705287,22.9653583,-16435.69000412146,-4778.742016134348
WY017,21,未记录,河流,387841547,4.314,109.0709306,22.9647819,-16394.48878026303,-4842.574931513281
WY017,22,未记录,河流,387841547,4.314,109.0711393,22.9642126,-16373.093668495607,-4905.621563583278
WY017,23,未记录,河流,387841547,4.314,109.0710697,22.9636717,-16380.228789621968,-4965.523062418317
WY017,24,未记录,河流,387841547,4.314,109.0712089,22.9632803,-16365.958547369246,-5008.868314117125
WY017,25,未记录,河流,387841547,4.314,109.0712011,22.962775,-16366.758173013282,-5064.827321995341
WY017,26,未记录,河流,387841547,4.314,109.0709074,22.9620776,-16396.867153971816,-5142.060276862224
WY017,27,未记录,河流,387841547,4.314,109.0704823,22.9619638,-16440.446751539035,-5154.662958628702
WY017,28,未记录,河流,387841547,4.314,109.0695008,22.9615296,-16541.0663116705,-5202.7480590062
WY017,29,未记录,河流,387841547,4.314,109.0691298,22.9616293,-16579.099787787767,-5191.706869444665
WY017,30,未记录,河流,387841547,4.314,109.0688129,22.9619851,-16611.58714245509,-5152.304108702287
WY017,31,未记录,河流,387841547,4.314,109.0685965,22.9619709,-16633.771628254886,-5153.876675319766
WY017,32,未记录,河流,387841547,4.314,109.0684805,22.9616649,-16645.663496797366,-5187.764378487841
WY017,33,未记录,河流,387841547,4.314,109.0685115,22.9612521,-16642.485497446,-5233.479554525994
WY017,34,未记录,河流,387841547,4.314,109.0683414,22.960455,-16659.923487439883,-5321.753698954412
WY017,35,未记录,河流,387841547,4.314,109.0681096,22.9604195,-16683.68672130443,-5325.685115498307
WY017,36,未记录,河流,387841547,4.314,109.0676226,22.9607468,-16733.61206596418,-5289.43856240421
WY017,37,未记录,河流,387841547,4.314,109.067383,22.96106,-16758.174925472766,-5254.753501514662
WY017,38,未记录,河流,387841547,4.314,109.0663242,22.9616008,-16866.71898076442,-5194.863077092552
WY017,39,未记录,河流,387841547,4.314,109.0661851,22.9618143,-16880.978971405482,-5171.21920576454
WY017,40,未记录,河流,387841547,4.314,109.0662546,22.9624263,-16873.85410189078,-5103.443799428783
WY017,41,未记录,河流,387841547,4.314,109.0662546,22.962832,-16873.85410189078,-5058.514906699566
WY017,42,未记录,河流,387841547,4.314,109.0659764,22.9631024,-16902.374083172905,-5028.569694488315
WY017,43,未记录,河流,387841547,4.314,109.0655667,22.9632234,-16944.374932673916,-5015.169655000364
WY017,44,未记录,河流,387841547,4.314,109.0650953,22.9630312,-16992.701026048504,-5036.4546764019615
WY017,45,未记录,河流,387841547,4.314,109.0646702,22.9629672,-17036.280623615723,-5043.542300593744
WY017,46,未记录,河流,387841547,4.314,109.0642992,22.9627608,-17074.314099732994,-5066.39988861282
WY017,47,未记录,河流,387841547,4.314,109.0639359,22.9626327,-17111.55820181643,-5080.586211409706
WY017,48,未记录,河流,387841547,4.314,109.0632635,22.962711,-17180.490032924612,-5071.914946187516
WY017,49,未记录,河流,387841547,4.314,109.0623747,22.9622698,-17271.60634983259,-5120.775255460627
WY017,50,未记录,河流,387841547,4.314,109.0615554,22.9622769,-17355.597797225866,-5119.988972152084
WY017,51,未记录,河流,387841547,4.314,109.0612076,22.9619993,-17391.252899634346,-5150.731542084808
WY017,52,未记录,河流,387841547,4.314,109.0606511,22.9620278,-17448.303113810252,-5147.575334436527
WY017,53,未记录,河流,387841547,4.314,109.0603033,22.9617858,-17483.958216218736,-5174.375413412427
WY017,54,未记录,河流,387841547,4.314,109.0599787,22.9618285,-17517.234944918433,-5169.64663914706
WY017,55,未记录,河流,387841547,4.314,109.0598628,22.9620136,-17529.116561850704,-5149.1479010544
WY017,56,未记录,河流,387841547,4.314,109.0599014,22.962405,-17525.15944007717,-5105.802649355198
WY017,57,未记录,河流,387841547,4.314,109.0598551,22.9626185,-17529.905935884537,-5082.158778027185
WY017,58,未记录,河流,387841547,4.314,109.0596541,22.9628462,-17550.511673618126,-5056.942340081693
WY017,59,未记录,河流,387841547,4.314,109.0594222,22.9628177,-17574.285159094336,-5060.098547729975
WY017,60,未记录,河流,387841547,4.314,109.0591749,22.9623836,-17599.637392635297,-5108.172573694543
WY017,61,未记录,河流,387841547,4.314,109.0586107,22.9622911,-17657.476980843578,-5118.416405534212
WY017,62,未记录,河流,387841547,4.314,109.058317,22.9624904,-17687.58596180211,-5096.345100824072
WY017,63,未记录,河流,387841547,4.314,109.0581624,22.9629672,-17703.434952119584,-5043.542300593744
WY017,64,未记录,河流,387841547,4.314,109.0581392,22.9635436,-17705.81332582837,-4979.70938521481
WY017,65,未记录,河流,387841547,4.314,109.0580078,22.9636361,-17719.283942437058,-4969.465553375141
WY017,66,未记录,河流,387841547,4.314,109.0578069,22.963508,-17739.87942856044,-4983.651876171633
WY017,67,未记录,河流,387841547,4.314,109.0577992,22.9632945,-17740.668802592816,-5007.2957474996465
WY017,68,未记录,河流,387841547,4.314,109.0576987,22.9629814,-17750.971671460342,-5041.969733976264
WY017,69,未记录,河流,387841547,4.314,109.0576832,22.9624477,-17752.56067113675,-5101.073875089832
WY017,70,未记录,河流,387841547,4.314,109.0574514,22.9622057,-17776.3239050013,-5127.873954065732
WY017,71,未记录,河流,387841547,4.314,109.0571422,22.9618926,-17808.021885636244,-5162.547940542349
WY017,72,未记录,河流,387841547,4.314,109.0569026,22.9618926,-17832.58474514483,-5162.547940542349
WY017,73,未记录,河流,387841547,4.314,109.0568485,22.9620634,-17838.13086659478,-5143.632843479703
WY017,74,未记录,河流,387841547,4.314,109.0569567,22.9626541,-17827.03862369488,-5078.216287070361
WY017,75,未记录,河流,387841547,4.314,109.0567635,22.9631166,-17846.84473578589,-5026.997127870835
WY017,76,未记录,河流,387841547,4.314,109.0562534,22.9630739,-17899.13820254422,-5031.7259021362015
WY017,77,未记录,河流,387841547,4.314,109.0559519,22.9630953,-17930.046809146792,-5029.3559777972505
WY017,78,未记录,河流,387841547,4.314,109.0553491,22.9626683,-17991.84351912861,-5076.643720452883
WY017,79,未记录,河流,387841547,4.314,109.0553877,22.9620919,-17987.886397355072,-5140.476635831816
WY017,80,未记录,河流,387841547,4.314,109.0551868,22.9617431,-18008.481883478456,-5179.104187678187
WY017,81,未记录,河流,387841547,4.314,109.0547308,22.9616862,-18055.22922878684,-5185.405528561426
WY017,82,未记录,河流,387841547,4.314,109.0545839,22.9618997,-18070.288845071937,-5161.761657233414
WY017,83,未记录,河流,387841547,4.314,109.0545685,22.9621488,-18071.86759313669,-5134.175294948577
WY017,84,未记录,河流,387841547,4.314,109.0544834,22.9627964,-18080.591713939462,-5062.45739765639
WY017,85,未记录,河流,387841547,4.314,109.0539424,22.9637998,-18136.052928438956,-4951.336739621431
WY017,86,未记录,河流,387841547,4.314,109.0536565,22.9641129,-18165.362283753453,-4916.662753144813
WY018,1,未记录,河流,387841550,4.663,109.0951536,22.9838244,-13911.241092969722,-2733.7298740816705
WY018,2,未记录,河流,387841550,4.663,109.0953855,22.9833548,-13887.467607493512,-2785.7353165901327
WY018,3,未记录,河流,387841550,4.663,109.095826,22.9834402,-13842.309261861543,-2776.2777680590066
WY018,4,未记录,河流,387841550,4.663,109.0963902,22.9831556,-13784.469673653262,-2807.795546887737
WY018,5,未记录,河流,387841550,4.663,109.0964984,22.9828709,-13773.377430753364,-2839.3244001290036
WY018,6,未记录,河流,387841550,4.663,109.0963361,22.9826788,-13790.015795103212,-2860.598347118065
WY018,7,未记录,河流,387841550,4.663,109.0959767,22.9823017,-13826.860084366817,-2902.3599577864647
WY018,8,未记录,河流,387841550,4.663,109.0957372,22.9819602,-13851.412692263739,-2940.1790774984343
WY018,9,未记录,河流,387841550,4.663,109.0957681,22.9817824,-13848.244944522577,-2959.869383456694
WY018,10,未记录,河流,387841550,4.663,109.096479,22.9814694,-13775.366243251066,-2994.532295520383
WY018,11,未记录,河流,387841550,4.663,109.0967726,22.9810924,-13745.267513904193,-3036.2828317762464
WY018,12,未记录,河流,387841550,4.663,109.096904,22.9807865,-13731.796897295508,-3070.159460531392
WY018,13,未记录,河流,387841550,4.663,109.0972749,22.9804592,-13693.773672788442,-3106.4060136258827
WY018,14,未记录,河流,387841550,4.663,109.0972594,22.980132,-13695.362672464855,-3142.6414923070506
WY018,15,未记录,河流,387841550,4.663,109.0972208,22.9798759,-13699.319794238392,-3171.0030634878935
WY018,16,未记录,河流,387841550,4.663,109.0972749,22.9796269,-13693.773672788442,-3198.5783513598008
WY018,17,未记录,河流,387841550,4.663,109.0970817,22.9794917,-13713.579784879452,-3213.5509574652297
WY018,18,未记录,河流,387841550,4.663,109.0965176,22.9796198,-13771.409121477527,-3199.364634668737
WY018,19,未记录,河流,387841550,4.663,109.0964404,22.9794562,-13779.323365024604,-3217.482374009124
WY018,20,未记录,河流,387841550,4.663,109.0965176,22.9792712,-13771.409121477527,-3237.9700376892492
WY018,21,未记录,河流,387841550,4.663,109.0966722,22.9790222,-13755.560131160055,-3265.545325561156
WY018,22,未记录,河流,387841550,4.663,109.0966413,22.9787661,-13758.727878901218,-3293.906896741606
WY018,23,未记录,河流,387841550,4.663,109.096054,22.978574,-13818.93558920808,-3315.180843730667
WY018,24,未记录,河流,387841550,4.663,109.0959072,22.9782041,-13833.984953881516,-3356.145096677595
WY018,25,未记录,河流,387841550,4.663,109.0958917,22.9778057,-13835.573953557929,-3400.26555727241
WY018,26,未记录,河流,387841550,4.663,109.0955363,22.9775709,-13872.008178387125,-3426.268278526838
WY018,27,未记录,河流,387841550,4.663,109.0952968,22.9776421,-13896.560786285505,-3418.3832966131904
WY018,28,未记录,河流,387841550,4.663,109.095204,22.9777986,-13906.074281120653,-3401.0518405813464
WY018,29,未记录,河流,387841550,4.663,109.0951731,22.9782752,-13909.242028861816,-3348.271189176877
WY018,30,未记录,河流,387841550,4.663,109.0949722,22.9784531,-13929.837514985202,-3328.569808805688
WY018,31,未记录,河流,387841550,4.663,109.0946322,22.9784673,-13964.692991749647,-3326.997242188209
WY018,32,未记录,河流,387841550,4.663,109.0942768,22.9781828,-14001.1272165803,-3358.5039466040103
WY018,33,未记录,河流,387841550,4.663,109.0940604,22.9777061,-14023.311702380099,-3411.295672421409
WY018,34,未记录,河流,387841550,4.663,109.0935813,22.9773789,-14072.427169787063,-3447.5311511025766
WY018,35,未记录,河流,387841550,4.663,109.0932568,22.9773077,-14105.693646875097,-3455.4161330162237
WY018,36,未记录,河流,387841550,4.663,109.0925382,22.9775709,-14179.361722178985,-3426.268278526838
WY018,37,未记录,河流,387841550,4.663,109.0921827,22.9774642,-14215.8061986213,-3438.0846769843797
WY018,38,未记录,河流,387841550,4.663,109.0917732,22.9767386,-14257.786544900446,-3518.4406162607556
WY018,39,未记录,河流,387841550,4.663,109.0915336,22.9765963,-14282.34940440903,-3534.199505675121
WY018,40,未记录,河流,387841550,4.663,109.0909927,22.9763544,-14337.800367298318,-3560.9885102380917
WY018,41,未记录,河流,387841550,4.663,109.0908073,22.9760983,-14356.80685374675,-3589.350081418935
WY018,42,未记录,河流,387841550,4.663,109.0903128,22.9758778,-14407.501069217007,-3613.7691616429543
WY018,43,未记录,河流,387841550,4.663,109.0898182,22.975892,-14458.205536300382,-3612.196595025082
WY018,44,未记录,河流,387841550,4.663,109.0894241,22.975828,-14498.607134514777,-3619.284219217257
WY018,45,未记录,河流,387841550,4.663,109.088976,22.9754367,-14544.544602568918,-3662.6183965035293
WY018,46,未记录,河流,387841550,4.663,109.0888291,22.9751593,-14559.604218854016,-3693.3388176103945
WY018,47,未记录,河流,387841550,4.663,109.0889141,22.9749672,-14550.890349662905,-3714.6127645994557
WY018,48,未记录,河流,387841550,4.663,109.0890378,22.9748107,-14538.209107086594,-3731.9442206313
WY018,49,未记录,河流,387841550,4.663,109.0889837,22.9745546,-14543.755228536544,-3760.30579181175
WY018,50,未记录,河流,387841550,4.663,109.0888291,22.9743909,-14559.604218854016,-3778.43460556546
WY018,51,未记录,河流,387841550,4.663,109.0885046,22.9743127,-14592.870695943508,-3787.094796375114
WY018,52,未记录,河流,387841550,4.663,109.0883037,22.9744478,-14613.466182066893,-3772.133264682221
WY018,53,未记录,河流,387841550,4.663,109.088126,22.9747609,-14631.683294481492,-3737.459278205603
WY018,54,未记录,河流,387841550,4.663,109.0879096,22.974832,-14653.867780281289,-3729.585370704885
WY018,55,未记录,河流,387841550,4.663,109.0872837,22.9745617,-14718.032612361689,-3759.5195085032074
WY018,56,未记录,河流,387841550,4.663,109.0871137,22.9745972,-14735.460350743913,-3755.5880919589194
WY018,57,未记录,河流,387841550,4.663,109.086851,22.9748605,-14762.391332351079,-3726.4291630569974
WY018,58,未记录,河流,387841550,4.663,109.0864956,22.975145,-14798.825557180277,-3694.9224586408027
WY018,59,未记录,河流,387841550,4.663,109.0864878,22.975643,-14799.625182824313,-3639.771882896989
WY018,60,未记录,河流,387841550,4.663,109.0861401,22.9759134,-14835.270033622592,-3609.826670686131
WY018,61,未记录,河流,387841550,4.663,109.0858928,22.9763331,-14860.622267163551,-3563.347360164507
WY018,62,未记录,河流,387841550,4.663,109.0855451,22.9765679,-14896.267117960373,-3537.3446389104724
WY018,63,未记录,河流,387841550,4.663,109.0853365,22.9771797,-14917.65197811759,-3469.591381400181
WY018,64,未记录,河流,387841550,4.663,109.0851433,22.9772224,-14937.4580902086,-3464.8626071348144
WY018,65,未记录,河流,387841550,4.663,109.0845638,22.9766532,-14996.866174871426,-3527.898164791882
WY018,66,未记录,河流,387841550,4.663,109.0841542,22.9765608,-15038.856772762234,-3538.1309222190152
WY018,67,未记录,河流,387841550,4.663,109.0836597,22.9769093,-15089.550988233948,-3499.5365936114326
WY018,68,未记录,河流,387841550,4.663,109.0831883,22.9773931,-15137.877081607081,-3445.9585844850976
WY018,69,未记录,河流,387841550,4.663,109.0830183,22.9774358,-15155.304819989304,-3441.229810219731
WY018,70,未记录,河流,387841550,4.663,109.0825702,22.9772152,-15201.242288043444,-3465.6599648562865
WY018,71,未记录,河流,387841550,4.663,109.0824929,22.9770303,-15209.166783202181,-3486.1365541234823
WY018,72,未记录,河流,387841550,4.663,109.0825238,22.9764754,-15205.999035461018,-3547.588470750142
WY018,73,未记录,河流,387841550,4.663,109.0826088,22.9759774,-15197.285166269907,-3602.739046493956
WY018,74,未记录,河流,387841550,4.663,109.0828174,22.9758422,-15175.900306114147,-3617.711652599778
WY018,75,未记录,河流,387841550,4.663,109.0830183,22.9757924,-15155.304819989304,-3623.226710174081
WY018,76,未记录,河流,387841550,4.663,109.0831033,22.975579,-15146.590950798192,-3646.8595070891643
WY018,77,未记录,河流,387841550,4.663,109.0830338,22.9754367,-15153.715820314348,-3662.6183965035293
WY018,78,未记录,河流,387841550,4.663,109.0822997,22.9748107,-15228.972895294648,-3731.9442206313
WY018,79,未记录,河流,387841550,4.663,109.0818206,22.9739001,-15278.088362700155,-3832.787823587408
WY018,80,未记录,河流,387841550,4.663,109.0816738,22.9733736,-15293.13772737359,-3891.0946069795027
WY018,81,未记录,河流,387841550,4.663,109.0813647,22.9730037,-15324.825456398332,-3932.0588599264306
WY018,82,未记录,河流,387841550,4.663,109.0808934,22.9727191,-15373.14129816126,-3963.576638755161
WY018,83,未记录,河流,387841550,4.663,109.0804375,22.9726266,-15419.87839185798,-3973.82047059483
WY018,84,未记录,河流,387841550,4.663,109.0792707,22.9718938,-15539.49418682767,-4054.973767593072
WY018,85,未记录,河流,387841550,4.663,109.0783898,22.9711966,-15629.800626481405,-4132.18457363449
WY018,86,未记录,河流,387841550,4.663,109.0785907,22.970535,-15609.205140356562,-4205.452888718692
WY018,87,未记录,河流,387841550,4.663,109.0783125,22.970165,-15637.72512164014,-4246.428216078548
WY018,88,未记录,河流,387841550,4.663,109.0767575,22.9688508,-15797.13766978573,-4391.968149095897
WY018,89,未记录,河流,387841550,4.663,109.0769585,22.968189,-15776.531932050684,-4465.258613005957
WY018,90,未记录,河流,387841550,4.663,109.0769662,22.9678759,-15775.74255801831,-4499.932599482575
WY018,91,未记录,河流,387841550,4.663,109.0767266,22.967755,-15800.305417526894,-4513.321564557596
WY018,92,未记录,河流,387841550,4.663,109.0761393,22.9678902,-15860.513127833756,-4498.348958452167
WY018,93,未记录,河流,387841550,4.663,109.0757297,22.9679186,-15902.503725724564,-4495.203825216815
WY018,94,未记录,河流,387841550,4.663,109.0755983,22.9677052,-15915.97434233325,-4518.836622131898
WY018,95,未记录,河流,387841550,4.663,109.0757838,22.9672711,-15896.957604274614,-4566.9106480964665
WY018,96,未记录,河流,387841550,4.663,109.0756447,22.967143,-15911.217594915675,-4581.096970893353
WY018,97,未记录,河流,387841550,4.663,109.0752829,22.9671662,-15948.307922837303,-4578.52770712364
WY019,1,未记录,河流,387844267,9.632,109.1003975,23.0493312,-13373.656873534264,4520.763569959576
WY019,2,未记录,河流,387844267,9.632,109.1005753,23.0486766,-13355.429509508005,4448.2704637709885
WY019,3,未记录,河流,387844267,9.632,109.1004129,23.0483991,-13372.078125469514,4417.538968251194
WY019,4,未记录,河流,387844267,9.632,109.099864,23.0483636,-13428.349217223249,4413.607551706907
WY019,5,未记录,河流,387844267,9.632,109.0996011,23.0482426,-13455.300702050825,4400.207512218956
WY019,6,未记录,河流,387844267,9.632,109.0990444,23.0484205,-13512.371419448596,4419.908892590145
WY019,7,未记录,河流,387844267,9.632,109.098132,23.0486197,-13605.907116507635,4441.969122887749
WY019,8,未记录,河流,387844267,9.632,109.0971655,23.0484774,-13704.98893501808,4426.2102334733845
WY019,9,未记录,河流,387844267,9.632,109.0966475,23.048022,-13758.092279030652,4375.777357582401
WY019,10,未记录,河流,387844267,9.632,109.0960676,23.0476023,-13817.54137013721,4329.298047061171
WY019,11,未记录,河流,387844267,9.632,109.0954954,23.0477303,-13876.201087209938,4343.473295445127
WY019,12,未记录,河流,387844267,9.632,109.095016,23.0486979,-13925.347309448973,4450.629313697404
WY019,13,未记录,河流,387844267,9.632,109.0947609,23.0491746,-13951.499168633969,4503.421039514802
WY019,14,未记录,河流,387844267,9.632,109.0941655,23.0493098,-14012.537259415481,4518.393645620232
WY019,15,未记录,河流,387844267,9.632,109.0935933,23.0489398,-14071.196976489666,4477.418318260375
WY019,16,未记录,河流,387844267,9.632,109.0930212,23.0477873,-14129.846441952186,4349.785710740903
WY019,17,未记录,河流,387844267,9.632,109.0926732,23.0462647,-14165.522047582535,4181.166701448644
WY019,18,未记录,河流,387844267,9.632,109.0923562,23.046101,-14198.019653860061,4163.037887695327
WY019,19,未记录,河流,387844267,9.632,109.0919619,23.0460939,-14238.441755296324,4162.251604386392
WY019,20,未记录,河流,387844267,9.632,109.0902686,23.0454322,-14412.032281196967,4088.9722148892606
WY019,21,未记录,河流,387844267,9.632,109.0897583,23.0454749,-14464.346251177165,4093.700989154627
WY019,22,未记录,河流,387844267,9.632,109.0895031,23.0458236,-14490.508361972365,4132.317466588069
WY019,23,未记录,河流,387844267,9.632,109.0888536,23.0473177,-14557.092574205284,4297.78026823244
WY019,24,未记录,河流,387844267,9.632,109.088699,23.0484774,-14572.941564521301,4426.2102334733845
WY019,25,未记录,河流,387844267,9.632,109.0885134,23.0488474,-14591.968554191597,4467.185560833242
WY019,26,未记录,河流,387844267,9.632,109.087833,23.0488402,-14661.720514164223,4466.388203111769
WY019,27,未记录,河流,387844267,9.632,109.0872222,23.0483849,-14724.337353011942,4415.966401633322
WY019,28,未记录,河流,387844267,9.632,109.0866655,23.0477873,-14781.408070409714,4349.785710740903
WY019,29,未记录,河流,387844267,9.632,109.0862093,23.0474884,-14828.175918939962,4316.684290881763
WY019,30,未记录,河流,387844267,9.632,109.0857454,23.0471042,-14875.733141502586,4274.136396904427
WY019,31,未记录,河流,387844267,9.632,109.08515,23.0465279,-14936.771232284098,4210.314555938423
WY019,32,未记录,河流,387844267,9.632,109.0842918,23.0458591,-15024.750556282983,4136.248883132356
WY019,33,未记录,河流,387844267,9.632,109.0831784,23.0452971,-15138.891991078526,4074.0106831963676
WY019,34,未记录,河流,387844267,9.632,109.0827531,23.044863,-15182.492091866156,4025.9366572317995
WY019,35,未记录,河流,387844267,9.632,109.0820186,23.0443081,-15257.790173290186,3964.4847406047465
WY019,36,未记录,河流,387844267,9.632,109.0815005,23.0435254,-15310.903768912964,3877.805311619666
WY019,37,未记录,河流,387844267,9.632,109.0808936,23.0429349,-15373.120794939394,3812.41090403579
WY019,38,未记录,河流,387844267,9.632,109.0803678,23.0424297,-15427.023764594545,3756.462970570504
WY019,39,未记录,河流,387844267,9.632,109.0790998,23.0420171,-15557.014189707561,3710.7699433578164
WY019,40,未记录,河流,387844267,9.632,109.0786359,23.0419673,-15604.571412270185,3705.2548857835136
WY019,41,未记录,河流,387844267,9.632,109.0782571,23.0423515,-15643.404514030035,3747.8027797608497
WY019,42,未记录,河流,387844267,9.632,109.0770046,23.0427997,-15771.805939466638,3797.438297930361
WY019,43,未记录,河流,387844267,9.632,109.0759453,23.0427855,-15880.401252810774,3795.8657313128815
WY019,44,未记录,河流,387844267,9.632,109.0754582,23.0426787,-15930.336849082185,3784.0382584424106
WY019,45,未记录,河流,387844267,9.632,109.0754273,23.0424582,-15933.504596823346,3759.619178218391
WY019,46,未记录,河流,387844267,9.632,109.0753113,23.0420455,-15945.396465367281,3713.9150765931677
WY019,47,未记录,河流,387844267,9.632,109.0754582,23.0414194,-15930.336849082185,3644.5781780524676
WY019,48,未记录,河流,387844267,9.632,109.0753113,23.0404091,-15945.396465367281,3532.6933855348248
WY019,49,未记录,河流,387844267,9.632,109.0752263,23.040153,-15954.110334558394,3504.331814353982
WY019,50,未记录,河流,387844267,9.632,109.0737418,23.0399467,-16106.295497081412,3481.4853007478346
WY019,51,未记录,河流,387844267,9.632,109.073046,23.0400676,-16177.626205118786,3494.8742658228553
WY019,52,未记录,河流,387844267,9.632,109.0723115,23.0406439,-16252.924286542817,3558.696106788859
WY019,53,未记录,河流,387844267,9.632,109.07126,23.0407222,-16360.719974244374,3567.367372011443
WY019,54,未记录,河流,387844267,9.632,109.0707188,23.0406439,-16416.201691965733,3558.696106788859
WY019,55,未记录,河流,387844267,9.632,109.0698296,23.040089,-16507.359015315986,3497.2441901618063
WY019,56,未记录,河流,387844267,9.632,109.0685385,23.0393988,-16639.717562526126,3420.8085930167886
WY019,57,未记录,河流,387844267,9.632,109.0682988,23.039164,-16664.290673646374,3394.8058717623608
WY019,58,未记录,河流,387844267,9.632,109.06809,23.0384454,-16685.696037023998,3315.2251413819913
WY019,59,未记录,河流,387844267,9.632,109.0683993,23.037862,-16653.987804778848,3250.617017107051
WY019,60,未记录,河流,387844267,9.632,109.0685385,23.0374493,-16639.717562526126,3204.912915481434
WY019,61,未记录,河流,387844267,9.632,109.0684766,23.0370367,-16646.063309620113,3159.21988826914
WY019,62,未记录,河流,387844267,9.632,109.068523,23.036005,-16641.30656220254,3044.9651714117595
WY019,63,未记录,河流,387844267,9.632,109.0687704,23.0353931,-16615.944077049917,2977.2008394889317
WY019,64,未记录,河流,387844267,9.632,109.0692807,23.0350587,-16563.630107071178,2940.1680030858984
WY019,65,未记录,河流,387844267,9.632,109.07126,23.034397,-16360.719974244374,2866.8886135883745
WY019,66,未记录,河流,387844267,9.632,109.0726207,23.0340127,-16221.226305907872,2824.3296451985025
WY019,67,未记录,河流,387844267,9.632,109.0727135,23.0337779,-16211.712811072723,2798.3269239440747
WY019,68,未记录,河流,387844267,9.632,109.0725125,23.0323122,-16232.31854880777,2636.009255535055
WY019,69,未记录,河流,387844267,9.632,109.0717935,23.0312591,-16306.027630555389,2519.384614338723
WY019,70,未记录,河流,387844267,9.632,109.0702162,23.0296866,-16467.726287912097,2345.239473059626
WY019,71,未记录,河流,387844267,9.632,109.0690024,23.0287189,-16592.160339963502,2238.0723803944206
WY019,72,未记录,河流,387844267,9.632,109.0681905,23.028292,-16675.393168156475,2190.7957121513246
WY019,73,未记录,河流,387844267,9.632,109.0679277,23.0277583,-16702.334401373846,2131.6915710377575
WY019,74,未记录,河流,387844267,9.632,109.0674096,23.0274239,-16755.447996996623,2094.658734634724
WY019,75,未记录,河流,387844267,9.632,109.0673401,23.0269329,-16762.57286651278,2040.2833677869173
WY019,76,未记录,河流,387844267,9.632,109.0670308,23.0261716,-16794.28109875793,1955.9738631411815
WY019,77,未记录,河流,387844267,9.632,109.0668839,23.0255667,-16809.34071504303,1888.9847401139673
WY019,78,未记录,河流,387844267,9.632,109.0667254,23.0243784,-16825.58951818179,1757.3874928122061
WY019,79,未记录,河流,387844267,9.632,109.0665167,23.0235602,-16846.984629949213,1666.776647282838
WY019,80,未记录,河流,387844267,9.632,109.0660374,23.0227989,-16896.120600576585,1582.4671426371021
WY019,81,未记录,河流,387844267,9.632,109.0653493,23.0222155,-16966.661934583044,1517.859018362162
WY019,82,未记录,河流,387844267,9.632,109.0651329,23.0219166,-16988.84642038284,1484.757598503023
WY019,83,未记录,河流,387844267,9.632,109.0648855,23.0218384,-17014.208905534004,1476.0974076933687
WY019,84,未记录,河流,387844267,9.632,109.0638264,23.0206288,-17122.783715657733,1342.1413104651924
WY019,85,未记录,河流,387844267,9.632,109.0629064,23.0196327,-17217.098535138943,1231.8290845646352
WY019,86,未记录,河流,387844267,9.632,109.0623343,23.0192129,-17275.748000601463,1185.3386996304755
WY019,87,未记录,河流,387844267,9.632,109.0617545,23.0191418,-17335.18684009636,1177.4647921297576
WY019,88,未记录,河流,387844267,9.632,109.0611206,23.0197039,-17400.171801042663,1239.7140664782826
WY019,89,未记录,河流,387844267,9.632,109.05976,23.0204794,-17539.655217767504,1325.5961377418907
WY019,90,未记录,河流,387844267,9.632,109.0590333,23.0207996,-17614.1536735475,1361.0564075274451
WY019,91,未记录,河流,387844267,9.632,109.0580375,23.021095,-17716.239214025634,1393.770222938384
WY019,92,未记录,河流,387844267,9.632,109.0569165,23.0213724,-17831.15977124189,1424.4906440456425
WY019,93,未记录,河流,387844267,9.632,109.0559889,23.0214222,-17926.25371314527,1430.005701619945
WY019,94,未记录,河流,387844267,9.632,109.0550844,23.0212301,-18018.979532951525,1408.7317546312772
WY019,95,未记录,河流,387844267,9.632,109.0539635,23.0208388,-18133.889838557578,1365.397577345005
WY019,96,未记录,河流,387844267,9.632,109.0538166,23.020476,-18148.94945484122,1325.21960770662
WY019,97,未记录,河流,387844267,9.632,109.0541104,23.0192949,-18118.830222272478,1194.4197181263312
WY019,98,未记录,河流,387844267,9.632,109.0539248,23.0190032,-18137.85721194132,1162.1156559890578
WY019,99,未记录,河流,387844267,9.632,109.0532909,23.018932,-18202.84217288762,1154.2306740754104
WY019,100,未记录,河流,387844267,9.632,109.0522937,23.0190886,-18305.071235915904,1171.5732045201842
WY019,101,未记录,河流,387844267,9.632,109.0510413,23.0192309,-18433.462409742304,1187.3320939345494
WY019,102,未记录,河流,387844267,9.632,109.0492633,23.0191739,-18615.736050000534,1181.019678638381
WY019,103,未记录,河流,387844267,9.632,109.047323,23.0186759,-18814.648054610065,1125.8691028949606
WY019,104,未记录,河流,387844267,9.632,109.0460629,23.0182774,-18943.82860246884,1081.7375678868227
WY020,1,未记录,河流,387844268,0.206,109.1007635,23.0511547,-13336.13597795782,4722.705487366807
WY020,2,未记录,河流,387844268,0.206,109.1003975,23.0493312,-13373.656873534264,4520.763569959576
WY021,1,未记录,河流,387844269,2.337,109.0460629,23.0182774,-18943.82860246884,1081.7375678868227
WY021,2,未记录,河流,387844269,2.337,109.0448492,23.0178648,-19068.252402908583,1036.0445406745287
WY021,3,未记录,河流,387844269,2.337,109.0434809,23.0177438,-19208.5251936658,1022.6445011865787
WY021,4,未记录,河流,387844269,2.337,109.04236,23.0172884,-19323.43549927185,972.2116252955954
WY021,5,未记录,河流,387844269,2.337,109.0419657,23.0169256,-19363.857600708114,932.0336556572105
WY021,6,未记录,河流,387844269,2.337,109.0419889,23.0163137,-19361.479226999327,864.2693237343829
WY021,7,未记录,河流,387844269,2.337,109.0426305,23.0154599,-19295.704892022102,769.715987248191
WY021,8,未记录,河流,387844269,2.337,109.0432799,23.0151468,-19229.130931400847,735.0420007715729
WY021,9,未记录,河流,387844269,2.337,109.0441225,23.0143784,-19142.750858688578,649.9462128165075
WY021,10,未记录,河流,387844269,2.337,109.0440993,23.0140511,-19145.129232397365,613.6996597224104
WY021,11,未记录,河流,387844269,2.337,109.0431717,23.0126209,-19240.223174300743,455.3134078576786
WY021,12,未记录,河流,387844269,2.337,109.043133,23.0121655,-19244.190547685943,404.8805319663018
WY021,13,未记录,河流,387844269,2.337,109.0427465,23.0114468,-19283.813023478167,325.2887271733966
WY021,14,未记录,河流,387844269,2.337,109.0421667,23.010657,-19343.25186297452,237.8230148789865
WY021,15,未记录,河流,387844269,2.337,109.041757,23.0104792,-19385.252712475536,218.13270892072688
WY021,16,未记录,河流,387844269,2.337,109.0410999,23.0107353,-19452.616047129166,246.49428010157007
WY021,17,未记录,河流,387844269,2.337,109.0406592,23.0108776,-19497.79489598446,262.2531695159354
WY021,18,未记录,河流,387844269,2.337,109.0404351,23.0110697,-19520.768755816633,283.5271165046034
WY021,19,未记录,河流,387844269,2.337,109.0402031,23.0111409,-19544.552492903047,291.4120984182507
WY021,20,未记录,河流,387844269,2.337,109.03926,23.0112832,-19641.235434482838,307.170987832616
WY021,21,未记录,河流,387844269,2.337,109.0380463,23.0117599,-19765.659234922583,359.9627136500146
WY021,22,未记录,河流,387844269,2.337,109.0374975,23.0121868,-19821.92007506611,407.2393818927171
WY021,23,未记录,河流,387844269,2.337,109.0367476,23.0126422,-19898.796904554893,457.67225778370045
WY021,24,未记录,河流,387844269,2.337,109.0362026,23.0128628,-19954.668183487338,482.10241242064933
WY021,25,未记录,河流,387844269,2.337,109.0352093,23.0127797,-20056.497433694334,472.89957538375097
WY021,26,未记录,河流,387844269,2.337,109.0335834,23.0125005,-20223.178373907685,441.97981484651797
WY021,27,未记录,河流,387844269,2.337,109.0328115,23.012583313703743,-20302.310557775516,451.1509462537986
WY022,1,未记录,河流,387844269,0.23,109.0328115,22.99022552361553,-20302.310557775516,-2024.84302106259
WY022,2,未记录,河流,387844269,0.23,109.0334486,22.9897155,-20236.997545283724,-2081.3251416235635
WY022,3,未记录,河流,387844269,0.23,109.0334486,22.9890505,-20236.997545283724,-2154.9699867430354
WY022,4,未记录,河流,387844269,0.23,109.0328115,22.988837235286613,-20302.310557775516,-2178.5878014602276
WY023,1,未记录,溪流,387844270,1.37,109.0773796,23.0500321,-15733.362398916417,4598.384129274266
WY023,2,未记录,溪流,387844270,1.37,109.0783918,23.0489999,-15629.5955942642,4484.074040353025
WY023,3,未记录,溪流,387844270,1.37,109.0793519,23.0484141,-15531.169878846185,4419.200130170928
WY023,4,未记录,溪流,387844270,1.37,109.0794941,23.047723,-15516.592088269843,4342.664863310726
WY023,5,未记录,溪流,387844270,1.37,109.0795096,23.0473886,-15515.003088594887,4305.632026907692
WY023,6,未记录,溪流,387844270,1.37,109.0794091,23.0469617,-15525.305957460954,4258.355358664597
WY023,7,未记录,溪流,387844270,1.37,109.0794709,23.0467554,-15518.97046197863,4235.508845058056
WY023,8,未记录,溪流,387844270,1.37,109.0793704,23.0462432,-15529.273330846154,4178.785702696763
WY023,9,未记录,溪流,387844270,1.37,109.0788988,23.0460155,-15577.619927441152,4153.5692647512715
WY023,10,未记录,溪流,387844270,1.37,109.0784813,23.046108,-15620.4204025862,4163.813096591334
WY023,11,未记录,溪流,387844270,1.37,109.0779633,23.0461934,-15673.523746600229,4173.27064512246
WY023,12,未记录,溪流,387844270,1.37,109.0776927,23.0462788,-15701.264605460181,4182.728193653587
WY023,13,未记录,溪流,387844270,1.37,109.077569,23.0462574,-15713.945848036492,4180.3582693142425
WY023,14,未记录,溪流,387844270,1.37,109.0774762,23.046108,-15723.459342870183,4163.813096591334
WY023,15,未记录,溪流,387844270,1.37,109.0775844,23.0458875,-15712.367099970284,4139.394016367315
WY023,16,未记录,溪流,387844270,1.37,109.0773448,23.0457452,-15736.929959478868,4123.63512695295
WY023,17,未记录,溪流,387844270,1.37,109.0773061,23.0454677,-15740.897332864068,4092.903631433155
WY023,18,未记录,溪流,387844270,1.37,109.0771901,23.045489,-15752.789201408003,4095.2624813595703
WY023,19,未记录,溪流,387844270,1.37,109.077051,23.0451973,-15767.049192049064,4062.958419222297
WY023,20,未记录,溪流,387844270,1.37,109.0769118,23.045055,-15781.319434300329,4047.1995298079314
WY023,21,未记录,溪流,387844270,1.37,109.0769659,23.0445428,-15775.77331285038,3990.476387446245
WY023,22,未记录,溪流,387844270,1.37,109.077221,23.0445286,-15749.621453666841,3988.903820828766
WY023,23,未记录,溪流,387844270,1.37,109.0773448,23.0443436,-15736.929959478868,3968.4161571490345
WY023,24,未记录,溪流,387844270,1.37,109.0774375,23.0441017,-15727.426716255382,3941.6271525856705
WY023,25,未记录,溪流,387844270,1.37,109.0777623,23.04381,-15694.12948433382,3909.323090448397
WY023,26,未记录,溪流,387844270,1.37,109.0776231,23.0437175,-15708.399726586542,3899.0792586083344
WY023,27,未记录,溪流,387844270,1.37,109.0774762,23.0435183,-15723.459342870183,3877.01902831073
WY023,28,未记录,溪流,387844270,1.37,109.0772829,23.0435467,-15743.275706572855,3880.1641615460817
WY023,29,未记录,溪流,387844270,1.37,109.0768963,23.0435112,-15782.908433976741,3876.232745002187
WY023,30,未记录,溪流,387844270,1.37,109.0766876,23.0433831,-15804.303545744164,3862.046422205301
WY023,31,未记录,溪流,387844270,1.37,109.0764865,23.0434329,-15824.919535089415,3867.561479779604
WY023,32,未记录,溪流,387844270,1.37,109.0760922,23.0432835,-15865.341636525676,3851.0163070566955
WY023,33,未记录,溪流,387844270,1.37,109.0755046,23.0429847,-15925.580101664611,3817.925961610486
WY023,34,未记录,溪流,387844270,1.37,109.0754196,23.042757,-15934.293970855722,3792.7095236649943
WY023,35,未记录,溪流,387844270,1.37,109.0754582,23.0426787,-15930.336849082185,3784.0382584424106
WY024,1,未记录,溪流,387844271,1.011,109.0416719,23.0253994,-19393.976833278306,1870.4572474999147
WY024,2,未记录,溪流,387844271,1.011,109.0422285,23.0254634,-19336.9163674922,1877.5448716916965
WY024,3,未记录,溪流,387844271,1.011,109.042445,23.0253994,-19314.721630080738,1870.4572474999147
WY024,4,未记录,溪流,387844271,1.011,109.0428856,23.0254634,-19269.553032837106,1877.5448716916965
WY024,5,未记录,溪流,387844271,1.011,109.0432644,23.0253282,-19230.719931077256,1862.5722655862673
WY024,6,未记录,溪流,387844271,1.011,109.0435041,23.0253211,-19206.14681995701,1861.7859822773312
WY024,7,未记录,溪流,387844271,1.011,109.0435118,23.0251788,-19205.357445924637,1846.0270928629657
WY024,8,未记录,溪流,387844271,1.011,109.0433727,23.0249796,-19219.6174365657,1823.966862565755
WY024,9,未记录,溪流,387844271,1.011,109.0434036,23.0248231,-19216.449688824534,1806.6354065335172
WY024,10,未记录,溪流,387844271,1.011,109.0434964,23.0247591,-19206.936193990845,1799.5477823417355
WY024,11,未记录,溪流,387844271,1.011,109.0437283,23.0246808,-19183.162708514636,1790.876517119152
WY024,12,未记录,溪流,387844271,1.011,109.0439061,23.0244603,-19164.935344488375,1766.457436895526
WY024,13,未记录,溪流,387844271,1.011,109.0440143,23.0239338,-19153.843101588474,1708.1506535034312
WY024,14,未记录,溪流,387844271,1.011,109.0439061,23.0236136,-19164.935344488375,1672.6903837182701
WY024,15,未记录,溪流,387844271,1.011,109.0439756,23.0232009,-19157.810474973674,1626.9862820926533
WY024,16,未记录,溪流,387844271,1.011,109.0437978,23.0226318,-19176.037838999935,1563.9617988481216
WY024,17,未记录,溪流,387844271,1.011,109.0432103,23.0223401,-19236.266052527208,1531.657736710848
WY024,18,未记录,溪流,387844271,1.011,109.0429784,23.0220768,-19260.039538003417,1502.4988078085328
WY024,19,未记录,溪流,387844271,1.011,109.0430093,23.0219559,-19256.871790262252,1489.1098427331185
WY024,20,未记录,溪流,387844271,1.011,109.0432026,23.0218349,-19237.055426559582,1475.709803245562
WY024,21,未记录,溪流,387844271,1.011,109.0430712,23.0216926,-19250.52604316827,1459.9509138311967
WY024,22,未记录,溪流,387844271,1.011,109.043133,23.0214863,-19244.190547685943,1437.1044002246563
WY024,23,未记录,溪流,387844271,1.011,109.0430944,23.0214009,-19248.147669459482,1427.64685169353
WY024,24,未记录,溪流,387844271,1.011,109.0427388,23.0213226,-19284.602397512,1418.9755864713397
WY024,25,未记录,溪流,387844271,1.011,109.0425532,23.0213867,-19303.62938718084,1426.0742850760507
WY024,26,未记录,溪流,387844271,1.011,109.0424218,23.0211803,-19317.100003789525,1403.2166970569745
WY024,27,未记录,溪流,387844271,1.011,109.0423445,23.0210665,-19325.024498948263,1390.6140152904966
WY024,28,未记录,溪流,387844271,1.011,109.0418497,23.0209242,-19375.74946925205,1374.8551258761313
WY024,29,未记录,溪流,387844271,1.011,109.0417183,23.0210452,-19389.220085860732,1388.2551653640812
WY024,30,未记录,溪流,387844271,1.011,109.0415328,23.020974,-19408.236823919367,1380.3701834504338
WY024,31,未记录,溪流,387844271,1.011,109.0413936,23.0206681,-19422.507066170634,1346.4935546956815
WY024,32,未记录,溪流,387844271,1.011,109.0413009,23.0207321,-19432.010309395577,1353.5811788874632
WY024,33,未记录,溪流,387844271,1.011,109.0411849,23.0208317,-19443.902177938056,1364.6112940360686
WY024,34,未记录,溪流,387844271,1.011,109.0410303,23.0206396,-19459.75116825553,1343.3373470474007
WY025,1,未记录,溪流,387844272,1.696,109.0495107,23.0275978,-18590.373564849368,2113.917138493853
WY025,2,未记录,溪流,387844272,1.696,109.0494411,23.0275267,-18597.50868597573,2106.0432309931352
WY025,3,未记录,溪流,387844272,1.696,109.0491937,23.027484,-18622.871171126895,2101.3144567277686
WY025,4,未记录,溪流,387844272,1.696,109.0487531,23.0274769,-18668.039768370527,2100.5281734188325
WY025,5,未记录,溪流,387844272,1.696,109.0484207,23.0273915,-18702.11612271426,2091.0706248877063
WY025,6,未记录,溪流,387844272,1.696,109.0483279,23.0267654,-18711.629617547947,2021.733726347006
WY025,7,未记录,溪流,387844272,1.696,109.0481579,23.0266516,-18729.057355930174,2009.1310445809215
WY025,8,未记录,溪流,387844272,1.696,109.0474467,23.0271567,-18801.96681203521,2065.067903633278
WY025,9,未记录,溪流,387844272,1.696,109.0471297,23.0270927,-18834.46441831274,2057.9802794414964
WY025,10,未记录,溪流,387844272,1.696,109.0471142,23.0268437,-18836.053417989147,2030.4049915695896
WY025,11,未记录,溪流,387844272,1.696,109.0472611,23.0263029,-18820.99380170405,1970.5145671474797
WY025,12,未记录,溪流,387844272,1.696,109.0472225,23.0261251,-18824.95092347759,1950.8242611892201
WY025,13,未记录,溪流,387844272,1.696,109.0469596,23.025997,-18851.90240830662,1936.637938392334
WY025,14,未记录,溪流,387844272,1.696,109.0468901,23.0258263,-18859.027277821322,1917.7339157426172
WY025,15,未记录,溪流,387844272,1.696,109.0470524,23.0256982,-18842.388913471474,1903.5475929461243
WY025,16,未记录,溪流,387844272,1.696,109.0474853,23.0256982,-18798.009690260216,1903.5475929461243
WY025,17,未记录,溪流,387844272,1.696,109.048011,23.0259614,-18744.11697221527,1932.6954474355102
WY025,18,未记录,溪流,387844272,1.696,109.0483202,23.025933,-18712.418991580325,1929.5503142001587
WY025,19,未记录,溪流,387844272,1.696,109.048413,23.0256911,-18702.905496746633,1902.761309637188
WY025,20,未记录,溪流,387844272,1.696,109.048413,23.0251433,-18702.905496746633,1842.0956763190716
WY025,21,未记录,溪流,387844272,1.696,109.0487686,23.024446,-18666.450768694114,1764.8737958651175
WY025,22,未记录,溪流,387844272,1.696,109.0490469,23.0240689,-18637.920535801786,1723.1121851963242
WY025,23,未记录,溪流,387844272,1.696,109.0493484,23.0239409,-18607.011929199216,1708.9369368123673
WY025,24,未记录,溪流,387844272,1.696,109.0494179,23.0236136,-18599.887059684515,1672.6903837182701
WY025,25,未记录,溪流,387844272,1.696,109.0489232,23.0231796,-18650.60177837664,1624.6274321662381
WY025,26,未记录,溪流,387844272,1.696,109.0487145,23.0231654,-18671.996890144062,1623.054865548759
WY025,27,未记录,溪流,387844272,1.696,109.048614,23.0230587,-18682.299759011585,1611.2384670912174
WY025,28,未记录,溪流,387844272,1.696,109.0486835,23.0228381,-18675.174889496888,1586.808312454662
WY025,29,未记录,溪流,387844272,1.696,109.048614,23.0226531,-18682.299759011585,1566.3206487745367
WY025,30,未记录,溪流,387844272,1.696,109.0482429,23.0223899,-18720.34348673906,1537.1727942851508
WY025,31,未记录,溪流,387844272,1.696,109.0480883,23.0219701,-18736.192477056535,1490.682409350991
WY025,32,未记录,溪流,387844272,1.696,109.0481501,23.0213796,-18729.85698157421,1425.2880017671146
WY025,33,未记录,溪流,387844272,1.696,109.048096,23.0208673,-18735.403103024157,1368.5537849928924
WY025,34,未记录,溪流,387844272,1.696,109.0478641,23.0202625,-18759.176588500366,1301.5757363790008
WY025,35,未记录,溪流,387844272,1.696,109.0475162,23.0200348,-18794.841942519055,1276.3592984335091
WY025,36,未记录,溪流,387844272,1.696,109.0470137,23.0194301,-18846.356286856673,1209.3923242321537
WY025,37,未记录,溪流,387844272,1.696,109.046604,23.0189961,-18888.357136357685,1161.3293726801214
WY025,38,未记录,溪流,387844272,1.696,109.046233,23.0188538,-18926.390612474956,1145.5704832657561
WY025,39,未记录,溪流,387844272,1.696,109.0460629,23.0182774,-18943.82860246884,1081.7375678868227
WY026,1,未记录,溪流,387844273,2.61,109.1713092,23.0338751,-6104.06536847784,2809.091253185523
WY026,2,未记录,溪流,387844273,2.61,109.1705824,23.0339676,-6178.574075868039,2819.335085025585
WY026,3,未记录,溪流,387844273,2.61,109.1704355,23.0338609,-6193.6336921531365,2807.518686568044
WY026,4,未记录,溪流,387844273,2.61,109.1703659,23.0335834,-6200.768813279497,2776.7871910482495
WY026,5,未记录,溪流,387844273,2.61,109.1700411,23.0335834,-6234.066045199603,2776.7871910482495
WY026,6,未记录,溪流,387844273,2.61,109.1698324,23.0337755,-6255.461156967025,2798.0611380369173
WY026,7,未记录,溪流,387844273,2.61,109.1698324,23.0341313,-6255.461156967025,2837.4638987789017
WY026,8,未记录,溪流,387844273,2.61,109.1698788,23.0344942,-6250.704409549451,2877.652942830216
WY026,9,未记录,溪流,387844273,2.61,109.1697009,23.0346721,-6268.942025187373,2897.354323201405
WY026,10,未记录,溪流,387844273,2.61,109.1694071,23.0347077,-6299.0612577561105,2901.2968141578353
WY026,11,未记录,溪流,387844273,2.61,109.1688504,23.0347077,-6356.131975153882,2901.2968141578353
WY026,12,未记录,溪流,387844273,2.61,109.1683633,23.0344515,-6406.067571425292,2872.924168564456
WY026,13,未记录,溪流,387844273,2.61,109.1682009,23.0340673,-6422.716187385345,2830.37627458712
WY026,14,未记录,溪流,387844273,2.61,109.1690746,23.0332419,-6333.147863710048,2738.96807133628
WY026,15,未记录,溪流,387844273,2.61,109.1692757,23.033007,-6312.531874364796,2712.954275669316
WY026,16,未记录,溪流,387844273,2.61,109.1690669,23.0328078,-6333.937237742423,2690.894045371712
WY026,17,未记录,溪流,387844273,2.61,109.1679226,23.0332988,-6451.246420279128,2745.269412219519
WY026,18,未记录,溪流,387844273,2.61,109.1674045,23.0332774,-6504.360015901905,2742.899487880174
WY026,19,未记录,溪流,387844273,2.61,109.1673427,23.0333699,-6510.69551138423,2753.143319720237
WY026,20,未记录,溪流,387844273,2.61,109.1673659,23.033498,-6508.317137676899,2767.329642517123
WY026,21,未记录,溪流,387844273,2.61,109.1671184,23.0334909,-6533.689874438268,2766.5433592081868
WY026,22,未记录,溪流,387844273,2.61,109.1665463,23.0335834,-6592.339339902246,2776.7871910482495
WY026,23,未记录,溪流,387844273,2.61,109.1664303,23.0332561,-6604.231208444725,2740.540637953759
WY026,24,未记录,溪流,387844273,2.61,109.1665076,23.0327509,-6596.306713285989,2684.592704488473
WY026,25,未记录,溪流,387844273,2.61,109.1663762,23.032388,-6609.777329894674,2644.403660437552
WY026,26,未记录,溪流,387844273,2.61,109.1657267,23.0324236,-6676.361542127594,2648.3461513943757
WY026,27,未记录,溪流,387844273,2.61,109.164853,23.0331849,-6765.929865802891,2732.6556560401114
WY026,28,未记录,溪流,387844273,2.61,109.1645901,23.0338396,-6792.881350630467,2805.1598366416283
WY026,29,未记录,溪流,387844273,2.61,109.1642731,23.0343234,-6825.378956907992,2858.7378457679633
WY026,30,未记录,溪流,387844273,2.61,109.1640102,23.0344373,-6852.3304417355685,2871.351601946977
WY026,31,未记录,溪流,387844273,2.61,109.1638555,23.0343234,-6868.189683664703,2858.7378457679633
WY026,32,未记录,溪流,387844273,2.61,109.1636622,23.0340175,-6888.006047365918,2824.8612170128176
WY026,33,未记录,溪流,387844273,2.61,109.1636854,23.0336261,-6885.627673657131,2781.5159653136157
WY026,34,未记录,溪流,387844273,2.61,109.1635617,23.0332205,-6898.308916233441,2736.598146996935
WY026,35,未记录,溪流,387844273,2.61,109.1630514,23.0331849,-6950.622886213638,2732.6556560401114
WY026,36,未记录,溪流,387844273,2.61,109.1626571,23.0334269,-6991.0449876499,2759.4557350160117
WY026,37,未记录,溪流,387844273,2.61,109.162054,23.0340032,-7052.872452465245,2823.277575982409
WY026,38,未记录,溪流,387844273,2.61,109.1620849,23.034423,-7049.704704724083,2869.767960916569
WY026,39,未记录,溪流,387844273,2.61,109.1620153,23.0352769,-7056.839825850444,2964.3323718152965
WY026,40,未记录,溪流,387844273,2.61,109.161822,23.0365079,-7076.656189551659,3100.6583933828174
WY026,41,未记录,溪流,387844273,2.61,109.161938,23.0368281,-7064.764321007724,3136.1186631683718
WY026,42,未记录,溪流,387844273,2.61,109.1620927,23.0370059,-7048.905079080047,3155.8089691266314
WY026,43,未记录,溪流,387844273,2.61,109.1623246,23.0369277,-7025.131593603837,3147.1487783169773
WY026,44,未记录,溪流,387844273,2.61,109.1624793,23.0369633,-7009.27235167616,3151.0912692738007
WY026,45,未记录,溪流,387844273,2.61,109.162603,23.0371554,-6996.591109099849,3172.365216262469
WY026,46,未记录,溪流,387844273,2.61,109.1629586,23.0373759,-6960.1363810487865,3196.7842964864885
WY026,47,未记录,溪流,387844273,2.61,109.1628736,23.0379238,-6968.850250239898,3257.461004217534
WY026,48,未记录,溪流,387844273,2.61,109.1627344,23.0381657,-6983.1204924911635,3284.250008780505
WY026,49,未记录,溪流,387844273,2.61,109.1622396,23.0385713,-7033.845462794949,3329.1678270971856
WY026,50,未记录,溪流,387844273,2.61,109.1619071,23.0385073,-7067.932068750343,3322.0802029050105
WY026,51,未记录,溪流,387844273,2.61,109.1613427,23.0382867,-7125.792160179032,3297.650048268455
WY026,52,未记录,溪流,387844273,2.61,109.1610256,23.0383152,-7158.300018068219,3300.8062559163423
WY026,53,未记录,溪流,387844273,2.61,109.160987,23.0385286,-7162.257139841757,3324.4390528314257
WY026,54,未记录,溪流,387844273,2.61,109.1612612,23.0386769,-7134.147222992587,3340.8624070136843
WY027,1,未记录,河流,387844275,6.078,109.1583813,23.0459995,-7429.383362802897,4151.797358703425
WY027,2,未记录,河流,387844275,6.078,109.1582267,23.0460706,-7445.232353120369,4159.671266204143
WY027,3,未记录,河流,387844275,6.078,109.1579483,23.0459283,-7473.772837624358,4143.912376789777
WY027,4,未记录,河流,387844275,6.078,109.1574612,23.044669,-7523.7084338957675,4004.4522963998343
WY027,5,未记录,河流,387844275,6.078,109.1571751,23.0443132,-7553.038292432131,3965.0495356578494
WY027,6,未记录,河流,387844275,6.078,109.1568272,23.0445196,-7588.703646452275,3987.907123676926
WY027,7,未记录,河流,387844275,6.078,109.1564097,23.0450461,-7631.504121597324,4046.213907068627
WY027,8,未记录,河流,387844275,6.078,109.1559921,23.0456224,-7674.314848352577,4110.035748034631
WY027,9,未记录,河流,387844275,6.078,109.155737,23.0457006,-7700.466707537574,4118.695938844286
WY027,10,未记录,河流,387844275,6.078,109.155389,23.0456793,-7736.142313167923,4116.3370889178705
WY027,11,未记录,河流,387844275,6.078,109.1545076,23.0448184,-7826.500010875595,4020.9974691231355
WY027,12,未记录,河流,387844275,6.078,109.1542524,23.0446903,-7852.662121670796,4006.8111463262494
WY027,13,未记录,河流,387844275,6.078,109.1537653,23.0448753,-7902.597717942206,4027.2988100063744
WY027,14,未记录,河流,387844275,6.078,109.1534483,23.0452382,-7935.095324221188,4067.4878540572954
WY027,15,未记录,河流,387844275,6.078,109.1531854,23.0454089,-7962.046809048765,4086.391876707012
WY027,16,未记录,河流,387844275,6.078,109.1524432,23.045601,-8038.134264505171,4107.66582369568
WY027,17,未记录,河流,387844275,6.078,109.1520411,23.0457789,-8079.355991584012,4127.367204066476
WY027,18,未记录,河流,387844275,6.078,109.1518246,23.0459995,-8101.550728995471,4151.797358703425
WY027,19,未记录,河流,387844275,6.078,109.1518633,23.0461773,-8097.5833556102725,4171.487664661684
WY027,20,未记录,河流,387844275,6.078,109.1524432,23.0466113,-8038.134264505171,4219.550616213323
WY027,21,未记录,河流,387844275,6.078,109.1525205,23.0469529,-8030.209769346435,4257.380810338222
WY027,22,未记录,河流,387844275,6.078,109.1524045,23.0474082,-8042.101637888913,4307.802611816276
WY027,23,未记录,河流,387844275,6.078,109.1520024,23.0478493,-8083.323364969211,4356.651846676851
WY027,24,未记录,河流,387844275,6.078,109.151554,23.0479845,-8129.291587855422,4371.62445278228
WY027,25,未记录,河流,387844275,6.078,109.1506339,23.047956,-8223.616658948293,4368.468245134392
WY027,26,未记录,河流,387844275,6.078,109.1494122,23.0474011,-8348.86058825394,4307.0163285073395
WY027,27,未记录,河流,387844275,6.078,109.1488555,23.0473584,-8405.931305651711,4302.287554241973
WY027,28,未记录,河流,387844275,6.078,109.1487318,23.0475078,-8418.61254822802,4318.832726965275
WY027,29,未记录,河流,387844275,6.078,109.1487937,23.0478351,-8412.266801134036,4355.079280059372
WY027,30,未记录,河流,387844275,6.078,109.1491493,23.0482406,-8375.812073081515,4399.986023963123
WY027,31,未记录,河流,387844275,6.078,109.149188,23.0487316,-8371.844699697773,4454.36139081093
WY027,32,未记录,河流,387844275,6.078,109.1489483,23.0488454,-8396.417810816562,4466.964072577408
WY027,33,未记录,河流,387844275,6.078,109.1487473,23.0491798,-8417.02354855161,4503.996908980441
WY027,34,未记录,河流,387844275,6.078,109.1492344,23.0496636,-8367.087952280199,4557.574918106383
WY027,35,未记录,河流,387844275,6.078,109.1493117,23.0498059,-8359.163457121464,4573.3338075207475
WY027,36,未记录,河流,387844275,6.078,109.1489483,23.0502968,-8396.417810816562,4627.698099956019
WY027,37,未记录,河流,387844275,6.078,109.1478426,23.0505814,-8509.769871578274,4659.215878784356
WY027,38,未记录,河流,387844275,6.078,109.1469148,23.0504177,-8604.88431670352,4641.08706503104
WY027,39,未记录,河流,387844275,6.078,109.1464586,23.050183,-8651.652165233767,4615.095418189541
WY027,40,未记录,河流,387844275,6.078,109.1463349,23.0497845,-8664.333407810078,4570.9638831817965
WY027,41,未记录,河流,387844275,6.078,109.1448736,23.048881,-8814.140196624308,4470.906563534231
WY027,42,未记录,河流,387844275,6.078,109.1439225,23.0484825,-8911.643267068544,4426.775028526094
WY027,43,未记录,河流,387844275,6.078,109.1432962,23.0486604,-8975.849105592677,4446.476408897282
WY027,44,未记录,河流,387844275,6.078,109.1429483,23.0492296,-9011.514459611366,4509.511966554744
WY027,45,未记录,河流,387844275,6.078,109.1430101,23.0495782,-9005.178964129042,4548.117369575256
WY027,46,未记录,河流,387844275,6.078,109.1440153,23.0506312,-8902.129772233397,4664.730936359052
WY027,47,未记录,河流,387844275,6.078,109.1442782,23.0510225,-8875.17828740582,4708.065113644931
WY027,48,未记录,河流,387844275,6.078,109.1442163,23.0512146,-8881.524034499807,4729.339060633993
WY027,49,未记录,河流,387844275,6.078,109.1439225,23.0513071,-8911.643267068544,4739.582892473662
WY027,50,未记录,河流,387844275,6.078,109.1435591,23.0512857,-8948.897620763644,4737.2129681347105
WY027,51,未记录,河流,387844275,6.078,109.1406751,23.0501545,-9244.554076618568,4611.939210541654
WY027,52,未记录,河流,387844275,6.078,109.1397705,23.050183,-9337.290148035027,4615.095418189541
WY027,53,未记录,河流,387844275,6.078,109.1393607,23.0505529,-9379.3012491477,4656.059671136469
WY027,54,未记录,河流,387844275,6.078,109.1390514,23.050809,-9411.00948139285,4684.421242317312
WY027,55,未记录,河流,387844275,6.078,109.1381235,23.0511079,-9506.1341781283,4717.522662176451
WY027,56,未记录,河流,387844275,6.078,109.137505,23.051243,-9569.540391008397,4732.484193868951
WY027,57,未记录,河流,387844275,6.078,109.1362988,23.0519189,-9693.195320637631,4807.336149983954
WY027,58,未记录,河流,387844275,6.078,109.1360746,23.0520185,-9716.179432081466,4818.3662651325585
WY027,59,未记录,河流,387844275,6.078,109.1349302,23.0525735,-9833.498866228374,4879.829256172541
WY027,60,未记录,河流,387844275,6.078,109.1322704,23.0529576,-10106.171210639464,4922.366075736948
WY027,61,未记录,河流,387844275,6.078,109.131822,23.0532707,-10152.139433525675,4957.040062213566
WY027,62,未记录,河流,387844275,6.078,109.1317292,23.0538398,-10161.652928360823,5020.064545458097
WY027,63,未记录,河流,387844275,6.078,109.1317833,23.0544232,-10156.106806910873,5084.672669733038
WY027,64,未记录,河流,387844275,6.078,109.1315668,23.0547292,-10178.301544320875,5118.560372901113
WY027,65,未记录,河流,387844275,6.078,109.1316364,23.0549212,-10171.166423194514,5139.823245476852
WY027,66,未记录,河流,387844275,6.078,109.1319921,23.0550706,-10134.70144353179,5156.368418200153
WY027,67,未记录,河流,387844275,6.078,109.1320462,23.0552627,-10129.15532208184,5177.642365188822
WY027,68,未记录,河流,387844275,6.078,109.1318606,23.0557038,-10148.182311752138,5226.491600049396
WY027,69,未记录,河流,387844275,6.078,109.131822,23.0559742,-10152.139433525675,5256.4368122606475
WY027,70,未记录,河流,387844275,6.078,109.1327962,23.0571836,-10052.268240982856,5390.370760662965
WY027,71,未记录,河流,387844275,6.078,109.132974,23.05808,-10034.040876956595,5489.6417970019875
WY027,72,未记录,河流,387844275,6.078,109.1328658,23.0584286,-10045.133119856493,5528.2472000225
WY027,73,未记录,河流,387844275,6.078,109.1325101,23.058514,-10081.598099519219,5537.704748553627
WY027,74,未记录,河流,387844275,6.078,109.1319998,23.0584499,-10133.912069499414,5530.606049948916
WY027,75,未记录,河流,387844275,6.078,109.1313349,23.0584428,-10202.075029797084,5529.819766640373
WY027,76,未记录,河流,387844275,6.078,109.1311106,23.059012,-10225.069392851125,5592.85532429744
WY027,77,未记录,河流,387844275,6.078,109.1304844,23.0595313,-10289.264979763595,5650.36474996767
WY027,78,未记录,河流,387844275,6.078,109.130407,23.0601147,-10297.199726532535,5714.97287424261
WY027,79,未记录,河流,387844275,6.078,109.1305462,23.0604135,-10282.92948428127,5748.063219688819
WY027,80,未记录,河流,387844275,6.078,109.1314895,23.0614948,-10186.226039479612,5867.810845294644
WY027,81,未记录,河流,387844275,6.078,109.1319998,23.0617438,-10133.912069499414,5895.386133166551
WY027,82,未记录,河流,387844275,6.078,109.132224,23.0620141,-10110.927958057038,5925.320270964873
WY027,83,未记录,河流,387844275,6.078,109.1325565,23.0628322,-10076.841352101645,6015.920042081312
WY027,84,未记录,河流,387844275,6.078,109.1327885,23.0637997,-10053.05761501523,6123.0649859210525
WY027,85,未记录,河流,387844275,6.078,109.1328117,23.0653363,-10050.679241306443,6293.234413004931
WY027,86,未记录,河流,387844275,6.078,109.1326462,23.0657273,-10067.645657203235,6336.535367052808
WY028,1,未记录,河流,387844276,8.077,109.1326462,23.0657273,-10067.645657203235,6336.535367052808
WY028,2,未记录,河流,387844276,8.077,109.1325302,23.0658411,-10079.537525745713,6349.138048819286
WY028,3,未记录,河流,387844276,8.077,109.1321514,23.0658767,-10118.37062750702,6353.0805397761105
WY028,4,未记录,河流,387844276,8.077,109.1315019,23.0650657,-10184.954839738482,6263.267051968608
WY028,5,未记录,河流,387844276,8.077,109.1312699,23.0644254,-10208.738576824897,6192.357586810429
WY028,6,未记录,河流,387844276,8.077,109.1308988,23.0638137,-10246.782304553828,6124.615403713066
WY028,7,未记录,河流,387844276,8.077,109.1307132,23.0631165,-10265.809294222669,6047.404597671648
WY028,8,未记录,河流,387844276,8.077,109.1306436,23.0627323,-10272.94441534903,6004.856703694312
WY028,9,未记录,河流,387844276,8.077,109.1305199,23.0625972,-10285.62565792534,5989.895172001419
WY028,10,未记录,河流,387844276,8.077,109.1300637,23.0627039,-10332.393506455588,6001.7115704589605
WY028,11,未记录,河流,387844276,8.077,109.1297235,23.0630453,-10367.2694864419,6039.519615758
WY028,12,未记录,河流,387844276,8.077,109.1294529,23.0642405,-10395.010345301851,6171.880997543233
WY028,13,未记录,河流,387844276,8.077,109.1292209,23.065144,-10418.794082388265,6271.9383171907975
WY028,14,未记录,河流,387844276,8.077,109.1290508,23.0652293,-10436.23207238215,6281.384791308995
WY028,15,未记录,河流,387844276,8.077,109.128641,23.0652364,-10478.243173494824,6282.1710746179315
WY028,16,未记录,河流,387844276,8.077,109.1281153,23.064895,-10532.13589153977,6244.363029318891
WY028,17,未记录,河流,387844276,8.077,109.1279297,23.0642974,-10551.162881210068,6178.182338426472
WY028,18,未记录,河流,387844276,8.077,109.1275586,23.0640413,-10589.206608937542,6149.820767245628
WY028,19,未记录,河流,387844276,8.077,109.1270714,23.0640413,-10639.152456819156,6149.820767245628
WY028,20,未记录,河流,387844276,8.077,109.1259503,23.0637354,-10754.083265647076,6115.944138490483
WY028,21,未记录,河流,387844276,8.077,109.125672,23.0633086,-10782.613498540859,6068.678544660316
WY028,22,未记录,河流,387844276,8.077,109.1257493,23.0626114,-10774.689003382122,5991.467738619292
WY028,23,未记录,河流,387844276,8.077,109.1259812,23.0621988,-10750.915517905913,5945.774711406604
WY028,24,未记录,河流,387844276,8.077,109.1261281,23.0617577,-10735.855901620815,5896.925476546029
WY028,25,未记录,河流,387844276,8.077,109.126391,23.0613949,-10708.904416793239,5856.7475069076445
WY028,26,未记录,河流,387844276,8.077,109.1270251,23.0610178,-10643.898952626527,5814.985896238851
WY028,27,未记录,河流,387844276,8.077,109.1280998,23.0609894,-10533.724891216183,5811.840763003893
WY028,28,未记录,河流,387844276,8.077,109.1285946,23.0608827,-10482.999920912398,5800.0243645463515
WY028,29,未记录,河流,387844276,8.077,109.1284787,23.0604131,-10494.88153784467,5748.018922037889
WY028,30,未记录,河流,387844276,8.077,109.1280534,23.0601997,-10538.481638633757,5724.3861251224125
WY028,31,未记录,河流,387844276,8.077,109.1278756,23.0600076,-10556.709002660016,5703.112178133744
WY028,32,未记录,河流,387844276,8.077,109.1277055,23.0586702,-10574.146992652444,5555.002981347469
WY028,33,未记录,河流,387844276,8.077,109.1274503,23.0578093,-10600.309103447646,5459.6633615523415
WY028,34,未记录,河流,387844276,8.077,109.1270251,23.0577382,-10643.898952626527,5451.789454051624
WY028,35,未记录,河流,387844276,8.077,109.1266771,23.0579232,-10679.574558256876,5472.277117731749
WY028,36,未记录,河流,387844276,8.077,109.1255637,23.0594527,-10793.715993050962,5641.660261507085
WY028,37,未记录,河流,387844276,8.077,109.1247441,23.0599863,-10877.738195276308,5700.753328207329
WY028,38,未记录,河流,387844276,8.077,109.1241256,23.0600147,-10941.144408156404,5703.89846144268
WY028,39,未记录,河流,387844276,8.077,109.1229735,23.0593104,-11059.25321633569,5625.90137209272
WY028,40,未记录,河流,387844276,8.077,109.1221926,23.0585137,-11139.308045175838,5537.6715253152315
WY028,41,未记录,河流,387844276,8.077,109.1219993,23.0584994,-11159.12440887851,5536.087884284823
WY028,42,未记录,河流,387844276,8.077,109.1217441,23.0588125,-11185.286519673711,5570.761870761441
WY028,43,未记录,河流,387844276,8.077,109.1214426,23.0593958,-11216.195126276281,5635.358920623846
WY028,44,未记录,河流,387844276,8.077,109.1207158,23.0599151,-11290.70383366648,5692.868346294075
WY028,45,未记录,河流,387844276,8.077,109.1204142,23.0597017,-11321.622691879254,5669.235549378992
WY028,46,未记录,河流,387844276,8.077,109.119873,23.0592749,-11377.104409600615,5621.969955548432
WY028,47,未记录,河流,387844276,8.077,109.119324,23.0581935,-11433.385752964554,5502.211255530071
WY028,48,未记录,河流,387844276,8.077,109.1193008,23.0575319,-11435.76412667334,5428.942940445477
WY028,49,未记录,河流,387844276,8.077,109.1187364,23.0566497,-11493.624218103487,5331.244470724327
WY028,50,未记录,河流,387844276,8.077,109.1179786,23.0564861,-11571.31092484651,5313.126731383546
WY028,51,未记录,河流,387844276,8.077,109.1173601,23.0567778,-11634.717137726606,5345.43079352082
WY028,52,未记录,河流,387844276,8.077,109.117391,23.0581081,-11631.549389985445,5492.753706998551
WY028,53,未记录,河流,387844276,8.077,109.117708,23.0593033,-11599.051783707919,5625.115088783783
WY028,54,未记录,河流,387844276,8.077,109.1175379,23.0601215,-11616.489773700347,5715.725934313152
WY028,55,未记录,河流,387844276,8.077,109.1172054,23.0603633,-11650.576379654283,5742.503864463193
WY028,56,未记录,河流,387844276,8.077,109.1166333,23.0601428,-11709.225845116805,5718.084784239567
WY028,57,未记录,河流,387844276,8.077,109.1160457,23.059097,-11769.464310255738,5602.268575177636
WY028,58,未记录,河流,387844276,8.077,109.1156201,23.0584962,-11813.095165876895,5535.733503075411
WY028,59,未记录,河流,387844276,8.077,109.1151608,23.0585566,-11860.180814342426,5542.422448406457
WY028,60,未记录,河流,387844276,8.077,109.1149203,23.0592407,-11884.835938348679,5618.182506371046
WY028,61,未记录,河流,387844276,8.077,109.1149312,23.0606794,-11883.71851276936,5777.510083324151
WY028,62,未记录,河流,387844276,8.077,109.1147562,23.0614139,-11901.658831692408,5858.8516453398315
WY028,63,未记录,河流,387844276,8.077,109.1138815,23.0617962,-11991.329671475578,5901.18912547387
WY028,64,未记录,河流,387844276,8.077,109.1123615,23.0613636,-12147.15415583685,5853.281215701275
WY028,65,未记录,河流,387844276,8.077,109.1095623,23.0589389,-12434.117245722528,5584.759928540889
WY028,66,未记录,河流,387844276,8.077,109.1095335,23.0579657,-12437.069709636282,5476.98374317165
WY028,67,未记录,河流,387844276,8.077,109.109286,23.0576669,-12462.442446399107,5443.89339772544
WY028,68,未记录,河流,387844276,8.077,109.1087525,23.0576954,-12517.134790088092,5447.049605373328
WY028,69,未记录,河流,387844276,8.077,109.1079948,23.0581151,-12594.811245219453,5493.528915894558
WY028,70,未记录,河流,387844276,8.077,109.1063943,23.0584637,-12758.888276284948,5532.134318915464
WY028,71,未记录,河流,387844276,8.077,109.1043298,23.0586344,-12970.53278152473,5551.0383415647875
WY028,72,未记录,河流,387844276,8.077,109.1034484,23.0583356,-13060.890479232401,5517.947996118578
WY028,73,未记录,河流,387844276,8.077,109.1032164,23.0575815,-13084.674216320273,5434.435849194314
WY028,74,未记录,河流,387844276,8.077,109.1035876,23.0558741,-13046.620236981136,5245.351325047789
WY028,75,未记录,河流,387844276,8.077,109.1047783,23.0555611,-12924.554307026856,5210.688412983707
WY028,76,未记录,河流,387844276,8.077,109.1062319,23.056927,-12775.536892246459,5361.9538174186555
WY028,77,未记录,河流,387844276,8.077,109.1070515,23.0561018,-12691.514690021111,5270.567762993281
WY028,78,未记录,河流,387844276,8.077,109.1070515,23.0551484,-12691.514690021111,5164.984311358484
WY028,79,未记录,河流,387844276,8.077,109.1054232,23.0539912,-12858.441668892487,5036.831206437232
WY028,80,未记录,河流,387844276,8.077,109.1046191,23.053913,-12940.874871442878,5028.171015627971
WY028,81,未记录,河流,387844276,8.077,109.1034748,23.0542545,-13058.184053978128,5065.990135339548
WY028,82,未记录,河流,387844276,8.077,109.1028408,23.0540197,-13123.179266534635,5039.987414085514
WY028,83,未记录,河流,387844276,8.077,109.1027325,23.0534932,-13134.281761044738,4981.680630693419
WY028,84,未记录,河流,387844276,8.077,109.1034671,23.0523762,-13058.973428010502,4857.979439718234
WY028,85,未记录,河流,387844276,8.077,109.1036062,23.0517857,-13044.71343736944,4792.585032134358
WY028,86,未记录,河流,387844276,8.077,109.1031732,23.0515082,-13089.102912190901,4761.853536614563
WY028,87,未记录,河流,387844276,8.077,109.1017506,23.0517146,-13234.942327619934,4784.71112463364
WY028,88,未记录,河流,387844276,8.077,109.1011243,23.0515723,-13299.148166144067,4768.952235219274
WY028,89,未记录,河流,387844276,8.077,109.1007635,23.0511547,-13336.13597795782,4722.705487366807
WY029,1,南河,河流,445075493,7.704,109.0730372,23.195715,-16178.528346870697,20731.90985422035
WY029,2,南河,河流,445075493,7.704,109.0729943,23.196642,-16182.926287909257,20834.569660876023
WY029,3,南河,河流,445075493,7.704,109.0725222,23.1969773,-16231.324142559648,20871.70216699424
WY029,4,南河,河流,445075493,7.704,109.0716693,23.1967939,-16318.760131185638,20851.391693919017
WY029,5,南河,河流,445075493,7.704,109.0702048,23.1953995,-16468.894971545353,20696.970081836575
WY029,6,南河,河流,445075493,7.704,109.0694752,23.1954586,-16543.690724038766,20703.51505980111
WY029,7,南河,河流,445075493,7.704,109.0689602,23.196859,-16596.48651972626,20858.60113665184
WY029,8,南河,河流,445075493,7.704,109.068574,23.1982198,-16636.07824068787,21009.30174603369
WY029,9,南河,河流,445075493,7.704,109.0672007,23.1974506,-16776.86361198591,20924.117362776367
WY029,10,南河,河流,445075493,7.704,109.0666857,23.1973915,-16829.659407674862,20917.572384811436
WY029,11,南河,河流,445075493,7.704,109.0665141,23.1980226,-16847.251171829103,20987.46300399231
WY029,12,南河,河流,445075493,7.704,109.0664926,23.1990285,-16849.45526815421,21098.86052234696
WY029,13,南河,河流,445075493,7.704,109.0671793,23.1999357,-16779.05745669936,21199.32759526819
WY029,14,南河,河流,445075493,7.704,109.0681878,23.200409,-16675.669961648025,21251.74279105032
WY029,15,南河,河流,445075493,7.704,109.0686384,23.2012966,-16629.4762033242,21350.039279062574
WY029,16,南河,河流,445075493,7.704,109.0684882,23.2016516,-16644.87412276499,21389.353444502696
WY029,17,南河,河流,445075493,7.704,109.0679947,23.2015727,-16695.46582212883,21380.615732803326
WY029,18,南河,河流,445075493,7.704,109.0672865,23.2013163,-16768.06772990879,21352.220938384085
WY029,19,南河,河流,445075493,7.704,109.065806,23.2015924,-16919.84282799886,21382.797392124838
WY029,20,南河,河流,445075493,7.704,109.0655699,23.2019079,-16944.04688112843,21417.737164508613
WY029,21,南河,河流,445075493,7.704,109.0663049,23.2035784,-16868.69754165046,21602.7352303322
WY029,22,南河,河流,445075493,7.704,109.0662351,23.2039985,-16875.853165998687,21649.258838504753
WY029,23,南河,河流,445075493,7.704,109.0656772,23.2040182,-16933.0469027262,21651.440497826265
WY029,24,南河,河流,445075493,7.704,109.0645185,23.2030124,-17051.832317218323,21540.05405388415
WY029,25,南河,河流,445075493,7.704,109.0637889,23.202756,-17126.628069711736,21511.659259465305
WY029,26,南河,河流,445075493,7.704,109.0632579,23.2030854,-17181.064123131033,21548.138375228165
WY029,27,南河,河流,445075493,7.704,109.0630165,23.203466,-17205.8115116335,21590.287590344764
WY029,28,南河,河流,445075493,7.704,109.0626302,23.2049649,-17245.413484205317,21756.281963803453
WY029,29,南河,河流,445075493,7.704,109.0621785,23.2058129,-17291.720010248675,21850.192984347213
WY029,30,南河,河流,445075493,7.704,109.0617494,23.2056946,-17335.709672248846,21837.091954004816
WY029,31,南河,河流,445075493,7.704,109.0607194,23.2045901,-17441.301263625293,21714.77506462928
WY029,32,南河,河流,445075493,7.704,109.0597324,23.2045507,-17542.48466235152,21710.41174598586
WY029,33,南河,河流,445075493,7.704,109.0597753,23.2056551,-17538.086721312957,21832.717560948862
WY029,34,南河,河流,445075493,7.704,109.0609342,23.2096366,-17419.28080359751,22273.645306578892
WY029,35,南河,河流,445075493,7.704,109.0608975,23.2099879,-17423.04314476696,22312.54971874535
WY029,36,南河,河流,445075493,7.704,109.0603579,23.2103053,-17478.360836714848,22347.699904972425
WY029,37,南河,河流,445075493,7.704,109.0596836,23.2103944,-17547.487448428572,22357.56720677682
WY029,38,南河,河流,445075493,7.704,109.0575139,23.2101151,-17769.916648243172,22326.63637182666
WY029,39,南河,河流,445075493,7.704,109.0561415,23.2095546,-17910.609755045003,22264.56428808304
WY029,40,南河,河流,445075493,7.704,109.0557052,23.2092825,-17955.337533022153,22234.43081085435
WY029,41,南河,河流,445075493,7.704,109.0551273,23.208703,-18014.581591912964,22170.254588678537
WY029,42,南河,河流,445075493,7.704,109.0548237,23.2083852,-18045.705482341487,22135.06010480014
WY029,43,南河,河流,445075493,7.704,109.0545167,23.2084155,-18077.177927538818,22138.41565187879
WY029,44,南河,河流,445075493,7.704,109.0542995,23.2086165,-18099.444426224625,22160.67522160676
WY029,45,南河,河流,445075493,7.704,109.0540667,23.2088889,-18123.310176197047,22190.841922073847
WY029,46,南河,河流,445075493,7.704,109.0536427,23.2116473,-18166.777006046188,22496.31852474755
WY029,47,南河,河流,445075493,7.704,109.0535156,23.2120665,-18179.80680338985,22542.74246320492
WY029,48,南河,河流,445075493,7.704,109.0532964,23.2122683,-18202.27833429286,22565.09062823554
WY029,49,南河,河流,445075493,7.704,109.0528908,23.2122037,-18243.858867750714,22557.936557566572
WY029,50,南河,河流,445075493,7.704,109.0518789,23.2115715,-18347.594917569404,22487.924119845444
WY029,51,南河,河流,445075493,7.704,109.0512687,23.2116334,-18410.150246752983,22494.779181368463
WY029,52,南河,河流,445075493,7.704,109.0505033,23.2119331,-18488.61607591672,22527.969196529855
WY029,53,南河,河流,445075493,7.704,109.0498935,23.2118724,-18551.130398656565,22521.247027960417
WY029,54,南河,河流,445075493,7.704,109.0493679,23.2117519,-18605.01286509131,22507.902360536325
WY029,55,南河,河流,445075493,7.704,109.0488941,23.211817,-18653.584997123922,22515.111803269152
WY029,56,南河,河流,445075493,7.704,109.0487022,23.2120898,-18673.25783827499,22545.32280138756
WY029,57,南河,河流,445075493,7.704,109.0482622,23.2141727,-18718.36492585302,22775.99174559758
WY029,58,南河,河流,445075493,7.704,109.0474081,23.21627,-18805.92393380875,23008.255405251337
WY029,59,南河,河流,445075493,7.704,109.0473027,23.2168101,-18816.729131605436,23068.068308783728
WY029,60,南河,河流,445075493,7.704,109.0471715,23.217355,-18830.179244992258,23128.412784130825
WY029,61,南河,河流,445075493,7.704,109.0469544,23.2179464,-18852.435492067856,23193.906861429492
WY029,62,南河,河流,445075493,7.704,109.0464542,23.2180333,-18903.7140493562,23203.530526152594
WY029,63,南河,河流,445075493,7.704,109.0459191,23.2175207,-18958.5704188172,23146.76308614037
WY029,64,南河,河流,445075493,7.704,109.0455993,23.21759,-18991.355070197937,23154.43765421072
WY029,65,南河,河流,445075493,7.704,109.0454762,23.2178304,-19003.974803110104,23181.060542581716
WY029,66,南河,河流,445075493,7.704,109.0453631,23.2189074,-19015.569374939165,23300.331968437087
WY029,67,南河,河流,445075493,7.704,109.0454285,23.220294,-19008.86482146762,23453.889776321266
WY029,68,南河,河流,445075493,7.704,109.0456181,23.2210623,-18989.427767365833,23538.9744898634
WY029,69,南河,河流,445075493,7.704,109.0464337,23.2228291,-18905.815629573437,23734.63721521286
WY029,70,南河,河流,445075493,7.704,109.0465095,23.2232736,-18898.04490857651,23783.862980108705
WY029,71,南河,河流,445075493,7.704,109.0461711,23.2235218,-18932.736359568942,23811.34967267836
WY029,72,南河,河流,445075493,7.704,109.0456921,23.2234907,-18981.841575364244,23807.905530297456
WY029,73,南河,河流,445075493,7.704,109.0451943,23.2235897,-19032.87409399165,23818.869198969664
WY029,74,南河,河流,445075493,7.704,109.0445567,23.2238869,-19098.238364537377,23851.78235381097
WY029,75,南河,河流,445075493,7.704,109.0442898,23.2239181,-19125.599913797905,23855.23757060441
WY029,76,南河,河流,445075493,7.704,109.0440228,23.223798,-19152.971714670093,23841.937200831646
WY029,77,南河,河流,445075493,7.704,109.0433674,23.2231342,-19220.16077194005,23768.425248665753
WY029,78,南河,河流,445075493,7.704,109.0429786,23.223028,-19260.01903478155,23756.66422227207
WY029,79,南河,河流,445075493,7.704,109.0426261,23.2231374,-19296.15596289733,23768.779629875164
WY029,80,南河,河流,445075493,7.704,109.0425959,23.2234016,-19299.25194936415,23798.038228492664
WY029,81,南河,河流,445075493,7.704,109.0428878,23.2243955,-19269.327497399496,23908.106817311527
WY029,82,南河,河流,445075493,7.704,109.04321338505515,23.2247021,-19235.94978467931,23942.060966956
WY030,1,未记录,溪流,488119419,8.689,109.2048848,22.9053476,-2662.025528264886,-11424.574658277032
WY030,2,未记录,溪流,488119419,8.689,109.2051905,22.9051549,-2630.686354008955,-11445.91505174249
WY030,3,未记录,溪流,488119419,8.689,109.2055392,22.9048683,-2594.938987102803,-11477.654318827053
WY030,4,未记录,溪流,488119419,8.689,109.2061722,22.9047645,-2530.0462906556254,-11489.149559313577
WY030,5,未记录,溪流,488119419,8.689,109.2066872,22.9045026,-2477.250494966674,-11518.153446436456
WY030,6,未记录,溪流,488119419,8.689,109.2069071,22.904473,-2454.707202789319,-11521.431472625385
WY030,7,未记录,溪流,488119419,8.689,109.2076045,22.9048732,-2383.212468977015,-11477.111672599809
WY030,8,未记录,溪流,488119419,8.689,109.2078674,22.904972,-2356.2609841494386,-11466.170152753459
WY030,9,未记录,溪流,488119419,8.689,109.2081571,22.9048683,-2326.5620676238564,-11477.654318827053
WY030,10,未记录,溪流,488119419,8.689,109.2085272,22.9047101,-2288.6208560027985,-11495.174039876729
WY030,11,未记录,溪流,488119419,8.689,109.2089403,22.9047052,-2246.271451734433,-11495.716686103973
WY030,12,未记录,溪流,488119419,8.689,109.2090583,22.9046311,-2234.1745509747507,-11503.922825988639
WY030,13,未记录,溪流,488119419,8.689,109.209246,22.9045471,-2214.9322774785023,-11513.22533274072
WY030,14,未记录,溪流,488119419,8.689,109.2099166,22.9046558,-2146.184975364204,-11501.187446026952
WY030,15,未记录,溪流,488119419,8.689,109.2102063,22.9045866,-2116.486058838622,-11508.850939684766
WY030,16,未记录,溪流,488119419,8.689,109.2106461,22.9046756,-2071.399474480998,-11498.99471229251
WY030,17,未记录,溪流,488119419,8.689,109.2109251,22.9048782,-2042.7974803128686,-11476.557951960029
WY030,18,未记录,溪流,488119419,8.689,109.2116547,22.9050116,-1968.001727819458,-11461.784685284574
WY030,19,未记录,溪流,488119419,8.689,109.2117888,22.9051944,-1954.254317719222,-11441.540658686534
WY030,20,未记录,溪流,488119419,8.689,109.2119336,22.9054563,-1939.4099852615332,-11412.536771563264
WY030,21,未记录,溪流,488119419,8.689,109.2119497,22.905733,-1937.759475919523,-11381.893871345723
WY030,22,未记录,溪流,488119419,8.689,109.2122716,22.9057973,-1904.759540712834,-11374.773023915546
WY030,23,未记录,溪流,488119419,8.689,109.2128509,22.9059504,-1845.3719592704172,-11357.818097918973
WY030,24,未记录,溪流,488119419,8.689,109.213264,22.9060196,-1803.0225550020518,-11350.154604261159
WY030,25,未记录,溪流,488119419,8.689,109.2134786,22.9059653,-1781.0225981961355,-11356.168010411775
WY030,26,未记录,溪流,488119419,8.689,109.2136234,22.9059356,-1766.1782657384467,-11359.457111013242
WY030,27,未记录,溪流,488119419,8.689,109.2137521,22.9061975,-1752.984442622768,-11330.45322388997
WY030,28,未记录,溪流,488119419,8.689,109.213779,22.9064545,-1750.2267593131003,-11301.991982994337
WY030,29,未记录,溪流,488119419,8.689,109.213897,22.9066373,-1738.1298585534178,-11281.747956395904
WY030,30,未记录,溪流,488119419,8.689,109.2141545,22.9066669,-1711.7319607089419,-11278.469930206973
WY030,31,未记录,溪流,488119419,8.689,109.2143798,22.9065236,-1688.6350815470298,-11294.339563749452
WY030,32,未记录,溪流,488119419,8.689,109.2153507,22.9067015,-1589.102192161358,-11274.638183378263
WY030,33,未记录,溪流,488119419,8.689,109.215517,22.9065731,-1572.0537633785586,-11288.857729413545
WY030,34,未记录,溪流,488119419,8.689,109.2156351,22.9063655,-1559.9466110086714,-11311.848210386199
WY030,35,未记录,溪流,488119419,8.689,109.2158711,22.9062025,-1535.7528094893062,-11329.89950325019
WY030,36,未记录,溪流,488119419,8.689,109.2161608,22.9061679,-1506.053892963724,-11333.731250078901
WY030,37,未记录,溪流,488119419,8.689,109.2163432,22.9063705,-1487.3549548403712,-11311.294489746026
WY030,38,未记录,溪流,488119419,8.689,109.2168796,22.90641,-1432.3653144379707,-11306.920096690072
WY030,39,未记录,溪流,488119419,8.689,109.2170566,22.9063013,-1414.2199632977183,-11318.95798340384
WY030,40,未记录,溪流,488119419,8.689,109.2170459,22.9059751,-1415.3168856551713,-11355.082717957288
WY030,41,未记录,溪流,488119419,8.689,109.21718,22.9058664,-1401.5694755549353,-11367.120604670663
WY030,42,未记录,溪流,488119419,8.689,109.2176789,22.906153,-1350.424189207994,-11335.3813375861
WY030,43,未记录,溪流,488119419,8.689,109.2181617,22.906237,-1300.929412201606,-11326.078830834016
WY030,44,未记录,溪流,488119419,8.689,109.2191059,22.9060591,-1204.133702902279,-11345.780211205205
WY030,45,未记录,溪流,488119419,8.689,109.2199642,22.9056638,-1116.1441272917327,-11389.557365003537
WY030,46,未记录,溪流,488119419,8.689,109.2205006,22.9049918,-1061.154486890789,-11463.977419019016
WY030,47,未记录,溪流,488119419,8.689,109.220565,22.9041418,-1054.552449527119,-11558.109927818614
WY030,48,未记录,溪流,488119419,8.689,109.2206937,22.9037267,-1041.3586264099836,-11604.079815351388
WY030,49,未记录,溪流,488119419,8.689,109.2211872,22.9035884,-990.7669270461425,-11619.395728253692
WY030,50,未记录,溪流,488119419,8.689,109.2216593,22.9035884,-942.3690723972074,-11619.395728253692
WY030,51,未记录,溪流,488119419,8.689,109.2220885,22.90345,-898.369158786832,-11634.722715568927
WY030,52,未记录,溪流,488119419,8.689,109.2222172,22.9026198,-885.1753356696964,-11726.662490634082
WY030,53,未记录,溪流,488119419,8.689,109.2226678,22.9026594,-838.981577345872,-11722.277023165198
WY030,54,未记录,溪流,488119419,8.689,109.2229039,22.9030349,-814.7775242148452,-11680.692603101308
WY030,55,未记录,溪流,488119419,8.689,109.2233545,22.9032524,-768.5837658910208,-11656.60575526163
WY030,56,未记录,溪流,488119419,8.689,109.2237836,22.9030152,-724.5941038908499,-11682.874262423215
WY030,57,未记录,溪流,488119419,8.689,109.2239338,22.9026198,-709.1961844500606,-11726.662490634082
WY030,58,未记录,溪流,488119419,8.689,109.2243201,22.9023826,-669.5942118782448,-11752.930997795667
WY030,59,未记录,溪流,488119419,8.689,109.2252212,22.9023134,-577.2169468408003,-11760.594491453088
WY030,60,未记录,溪流,488119419,8.689,109.2259616,22.9026297,-501.31402037827513,-11725.566123767057
WY030,61,未记录,溪流,488119419,8.689,109.2268735,22.9029657,-407.82958137317314,-11688.356096759122
WY030,62,未记录,溪流,488119419,8.689,109.2273348,22.90261,-360.53890069189566,-11727.747783088571
WY030,63,未记录,溪流,488119419,8.689,109.2274314,22.9028867,-350.63584464566213,-11697.10488287103
WY030,64,未记录,溪流,488119419,8.689,109.227292,22.9034105,-364.9265901187938,-11639.097108624881
WY030,65,未记录,溪流,488119419,8.689,109.2278392,22.9036575,-308.8297757487357,-11611.743309008807
WY030,66,未记录,溪流,488119419,8.689,109.2285258,22.9035488,-238.44221590554596,-11623.781195722577
WY030,67,未记录,溪流,488119419,8.689,109.2373234,22.9031338,663.453497000006,-11669.740008842422
WY030,68,未记录,溪流,488119419,8.689,109.2504984,22.9023826,2014.1032216456135,-11752.930997795667
WY030,69,未记录,溪流,488119419,8.689,109.2517001,22.9023826,2137.2968287879594,-11752.930997795667
WY030,70,未记录,溪流,488119419,8.689,109.2590815,22.9019083,2894.009229356911,-11805.456937705909
WY030,71,未记录,溪流,488119419,8.689,109.2661196,22.9017106,3615.5278500042673,-11827.351051811147
WY030,72,未记录,溪流,488119419,8.689,109.2750675,22.9052882,4532.831733963727,-11431.152859479964
WY030,73,未记录,溪流,488119419,8.689,109.2755395,22.9054068,4581.219337001001,-11418.018605899171
WY030,74,未记录,溪流,488119419,8.689,109.2768485,22.90598,4715.412922547032,-11354.540071730044
WY030,75,未记录,溪流,488119419,8.689,109.2782861,22.9064149,4862.790079598539,-11306.377450462827
WY030,76,未记录,溪流,488119419,8.689,109.2786938,22.9066718,4904.585896883804,-11277.927283979729
WY030,77,未记录,溪流,488119419,8.689,109.2788869,22.9070671,4924.38175736461,-11234.15013018179
WY030,78,未记录,溪流,488119419,8.689,109.2789513,22.9074625,4930.98379472828,-11190.36190197053
WY030,79,未记录,溪流,488119419,8.689,109.2792732,22.9077589,4963.983729936425,-11157.537342431477
WY030,80,未记录,溪流,488119419,8.689,109.2797023,22.907838,5007.97339193514,-11148.777481906638
WY030,81,未记录,溪流,488119419,8.689,109.2801529,22.9077787,5054.167150260421,-11155.344608697034
WY030,82,未记录,溪流,488119419,8.689,109.2802982,22.9076038,5069.062740772047,-11174.713756684278
WY031,1,未记录,溪流,488313197,5.219,109.3310492,22.9454607,10271.85774460178,-6982.284377417871
WY031,2,未记录,溪流,488313197,5.219,109.331941,22.944157,10363.281609834836,-7126.661497091013
WY031,3,未记录,溪流,488313197,5.219,109.3320858,22.9439445,10378.125942292523,-7150.1946242909125
WY031,4,未记录,溪流,488313197,5.219,109.3326223,22.9434999,10433.125834305129,-7199.431463599687
WY031,5,未记录,溪流,488313197,5.219,109.3331426,22.9429516,10486.464965366977,-7260.152468981664
WY031,6,未记录,溪流,488313197,5.219,109.3338776,22.9425712,10561.814304843487,-7302.279535272798
WY031,7,未记录,溪流,488313197,5.219,109.3341351,22.9424329,10588.212202687962,-7317.595448175103
WY031,8,未记录,溪流,488313197,5.219,109.3345159,22.9418401,10627.250336665018,-7383.2445672532085
WY031,9,未记录,溪流,488313197,5.219,109.3351811,22.9411188,10695.444051794759,-7463.124306779129
WY031,10,未记录,溪流,488313197,5.219,109.3351382,22.9405828,10691.046110756199,-7522.483159386925
WY031,11,未记录,溪流,488313197,5.219,109.3347251,22.9396047,10648.696706486377,-7630.801990983407
WY031,12,未记录,溪流,488313197,5.219,109.3338883,22.9383326,10562.91122720094,-7771.679596211786
WY031,13,未记录,溪流,488313197,5.219,109.3328637,22.9365961,10457.873222809052,-7963.986774482988
WY031,14,未记录,溪流,488313197,5.219,109.3327618,22.936191,10447.426831389923,-8008.849220735415
WY031,15,未记录,溪流,488313197,5.219,109.3330086,22.9360724,10472.727806876945,-8021.983474316207
WY031,16,未记录,溪流,488313197,5.219,109.3346286,22.9352078,10638.803902051804,-8117.732847384607
WY031,17,未记录,溪流,488313197,5.219,109.3352509,22.9344569,10702.599676142985,-8200.890613099458
WY031,18,未记录,溪流,488313197,5.219,109.3354011,22.9340222,10717.997595583774,-8249.031085540817
WY031,19,未记录,溪流,488313197,5.219,109.3353796,22.9331922,10715.793499258663,-8340.948711780506
WY031,20,未记录,溪流,488313197,5.219,109.335208,22.9322436,10698.201735102968,-8446.000591600989
WY031,21,未记录,溪流,488313197,5.219,109.3355942,22.9309591,10737.79345606458,-8588.251424016478
WY031,22,未记录,溪流,488313197,5.219,109.3355942,22.9301291,10737.79345606458,-8680.169050256169
WY031,23,未记录,溪流,488313197,5.219,109.3357873,22.9292595,10757.589316545385,-8776.472143964347
WY031,24,未记录,溪流,488313197,5.219,109.3360663,22.9284493,10786.191310713515,-8866.197036469595
WY031,25,未记录,溪流,488313197,5.219,109.3359804,22.9255244,10777.385177024735,-9190.112536455488
WY031,26,未记录,溪流,488313197,5.219,109.3361092,22.9242201,10790.589251752075,-9334.556102605418
WY031,27,未记录,溪流,488313197,5.219,109.3358946,22.9238446,10768.589294947615,-9376.14052266931
WY031,28,未记录,溪流,488313197,5.219,109.3355084,22.9236272,10728.997573986004,-9400.216296096452
WY031,29,未记录,溪流,488313197,5.219,109.3346715,22.9235481,10643.201843090363,-9408.976156620898
WY031,30,未记录,溪流,488313197,5.219,109.3342424,22.9234098,10599.212181090194,-9424.292069523202
WY031,31,未记录,溪流,488313197,5.219,109.3339634,22.9230738,10570.610186922064,-9461.50209653114
WY031,32,未记录,溪流,488313197,5.219,109.3339634,22.922224,10570.610186922064,-9555.61245650527
WY031,33,未记录,溪流,488313197,5.219,109.3340922,22.921809,10583.814261649404,-9601.571269625116
WY031,34,未记录,溪流,488313197,5.219,109.335208,22.9209592,10698.201735102968,-9695.681629599247
WY031,35,未记录,溪流,488313197,5.219,109.3369031,22.9202872,10871.976789998951,-9770.101683614726
WY031,36,未记录,溪流,488313197,5.219,109.337225,22.919971,10904.976725207096,-9805.11897688822
WY031,37,未记录,溪流,488313197,5.219,109.3375254,22.9196152,10935.772564090132,-9844.521737630597
WY031,38,未记录,溪流,488313197,5.219,109.3379331,22.9187852,10977.568381375397,-9936.439363870288
WY031,39,未记录,溪流,488313197,5.219,109.3381262,22.9175203,10997.364241856203,-10076.5196113768
WY031,40,未记录,溪流,488313197,5.219,109.3381262,22.9166507,10997.364241856203,-10172.82270508498
WY031,41,未记录,溪流,488313197,5.219,109.3379331,22.9158206,10977.568381375397,-10264.7514057376
WY031,42,未记录,溪流,488313197,5.219,109.3376541,22.9150498,10948.96638720581,-10350.112979599822
WY031,43,未记录,溪流,488313197,5.219,109.3374181,22.9146742,10924.772585686445,-10391.70847407625
WY031,44,未记录,溪流,488313197,5.219,109.3370748,22.9144173,10889.57880576485,-10420.158640559346
WY031,45,未记录,溪流,488313197,5.219,109.3366242,22.9143778,10843.385047441026,-10424.533033615302
WY031,46,未记录,溪流,488313197,5.219,109.336195,22.9145161,10799.38513383065,-10409.217120712996
WY031,47,未记录,溪流,488313197,5.219,109.335723,22.9152079,10750.99753079192,-10332.604332963076
WY031,48,未记录,溪流,488313197,5.219,109.3351436,22.9158601,10691.599697739299,-10260.377012681645
WY031,49,未记录,溪流,488313197,5.219,109.3348003,22.9161566,10656.405917817703,-10227.541378729664
WY031,50,未记录,溪流,488313197,5.219,109.3340493,22.9165914,10579.416320610844,-10179.389831875376
WY031,51,未记录,溪流,488313197,5.219,109.3331266,22.9165321,10484.824707636628,-10185.956958665773
WY031,52,未记录,溪流,488313197,5.219,109.3327189,22.9163542,10443.028890351363,-10205.658339036961
WY031,53,未记录,溪流,488313197,5.219,109.3322039,22.9156624,10390.233094662412,-10282.271126787276
WY031,54,未记录,溪流,488313197,5.219,109.3320752,22.9152672,10377.039271546733,-10326.03720617268
WY031,55,未记录,溪流,488313197,5.219,109.3320752,22.9143975,10377.039271546733,-10422.351374293788
WY031,56,未记录,溪流,488313197,5.219,109.3324238,22.9124828,10412.776386841222,-10634.393156174574
WY032,1,南河,河流,521885876,7.997,109.0883858,23.156953,-14605.049609589198,16439.24596470187
WY032,2,南河,河流,521885876,7.997,109.0881352,23.1570451,-14630.740146287306,16449.445498890607
WY032,3,南河,河流,521885876,7.997,109.087856,23.1570057,-14659.362643677301,16445.08218024719
WY032,4,南河,河流,521885876,7.997,109.0869181,23.1565449,-14755.512501494402,16394.051286065103
WY032,5,南河,河流,521885876,7.997,109.086331,23.1563737,-14815.6997085794,16375.091891351525
WY032,6,南河,河流,521885876,7.997,109.0857869,23.1563408,-14871.478723014176,16371.448409540253
WY032,7,南河,河流,521885876,7.997,109.0848132,23.1566568,-14971.298657503057,16406.443553988283
WY032,8,南河,河流,521885876,7.997,109.0841187,23.1572755,-15042.496094600489,16474.960945981653
WY032,9,南河,河流,521885876,7.997,109.0836534,23.1580326,-15090.196839714717,16558.80532528986
WY032,10,南河,河流,521885876,7.997,109.0835317,23.1582037,-15102.673050075282,16577.753645590903
WY032,11,南河,河流,521885876,7.997,109.0827226,23.158388,-15185.618833165041,16598.163788380916
WY032,12,南河,河流,521885876,7.997,109.0824076,23.1583748,-15217.91140722682,16596.70196589155
WY032,13,南河,河流,521885876,7.997,109.0815914,23.157789,-15301.585054684814,16531.82805570945
WY032,14,南河,河流,521885876,7.997,109.0813838,23.1572229,-15322.867398732702,16469.13580484887
WY032,15,南河,河流,521885876,7.997,109.0808755,23.1571044,-15374.976336495694,16456.012625681004
WY032,16,南河,河流,521885876,7.997,109.0805461,23.1573216,-15408.74514251435,16480.06625028229
WY032,17,南河,河流,521885876,7.997,109.0804316,23.1579141,-15420.483236896474,16545.682146122
WY032,18,南河,河流,521885876,7.997,109.0807108,23.1584078,-15391.860739505022,16600.35652211536
WY032,19,南河,河流,521885876,7.997,109.081212,23.1588356,-15340.479666110263,16647.732860073636
WY032,20,南河,河流,521885876,7.997,109.0814482,23.1592372,-15316.26536136903,16692.20770187826
WY032,21,南河,河流,521885876,7.997,109.0814482,23.1595926,-15316.26536136903,16731.566164969314
WY032,22,南河,河流,521885876,7.997,109.0810688,23.160343,-15355.15997279448,16814.668558620302
WY032,23,南河,河流,521885876,7.997,109.0809757,23.1607117,-15364.704222461698,16855.499918613652
WY032,24,南河,河流,521885876,7.997,109.0816559,23.161699,-15294.972765709483,16964.83759618744
WY032,25,南河,河流,521885876,7.997,109.0814983,23.1622322,-15311.129304350576,17023.886365236755
WY032,26,南河,河流,521885876,7.997,109.0810187,23.1626074,-15360.296029811478,17065.437562062252
WY032,27,南河,河流,521885876,7.997,109.079508,23.1632722,-15515.167114366903,17139.06025835665
WY032,28,南河,河流,521885876,7.997,109.0790713,23.1639963,-15559.935898789245,17219.250081441052
WY032,29,南河,河流,521885876,7.997,109.0789925,23.1642925,-15568.01416810979,17252.052492154246
WY032,30,南河,河流,521885876,7.997,109.0792502,23.164615,-15541.595767043449,17287.767473434422
WY032,31,南河,河流,521885876,7.997,109.0795151,23.1649376,-15514.439250000125,17323.49352912674
WY032,32,南河,河流,521885876,7.997,109.0803027,23.1657999,-15433.697563234018,17418.98819070091
WY032,33,南河,河流,521885876,7.997,109.0810473,23.1662145,-15357.36406911959,17464.902706169432
WY032,34,南河,河流,521885876,7.997,109.0816559,23.166649,-15294.972765709483,17513.021029785326
WY032,35,南河,河流,521885876,7.997,109.082651,23.1666951,-15192.95898650715,17518.126334085962
WY032,36,南河,河流,521885876,7.997,109.0833097,23.1669518,-15125.431626080044,17546.554351743594
WY032,37,南河,河流,521885876,7.997,109.0834744,23.167689,-15108.547223070718,17628.19492290483
WY032,38,南河,河流,521885876,7.997,109.0835675,23.1681497,-15099.002973403498,17679.21474267438
WY032,39,南河,河流,521885876,7.997,109.0837106,23.1686829,-15084.332918329486,17738.263511723693
WY032,40,南河,河流,521885876,7.997,109.0837751,23.1691305,-15077.720629355612,17787.832583416413
WY032,41,南河,河流,521885876,7.997,109.0836748,23.1693674,-15088.002995001269,17814.067867339214
WY032,42,南河,河流,521885876,7.997,109.0820568,23.1691765,-15253.874057958923,17792.926813304122
WY032,43,南河,河流,521885876,7.997,109.0816559,23.1693806,-15294.972765709483,17815.52968982897
WY032,44,南河,河流,521885876,7.997,109.081305,23.1697952,-15330.945668053248,17861.444205297492
WY032,45,南河,河流,521885876,7.997,109.0813194,23.1705983,-15329.469436096371,17950.382814494198
WY032,46,南河,河流,521885876,7.997,109.0814983,23.171059,-15311.129304350576,18001.402634263355
WY032,47,南河,河流,521885876,7.997,109.0823145,23.1714408,-15227.455656894039,18043.684742333535
WY032,48,南河,河流,521885876,7.997,109.08283,23.171704,-15174.608603151151,18072.832596822922
WY032,49,南河,河流,521885876,7.997,109.0829374,23.1720068,-15163.59837313726,18106.36591878119
WY032,50,南河,河流,521885876,7.997,109.0827083,23.1722108,-15187.084813511714,18128.957720893108
WY032,51,南河,河流,521885876,7.997,109.0818134,23.1724873,-15278.826478678593,18159.578472285182
WY032,52,南河,河流,521885876,7.997,109.0811762,23.1730994,-15344.149742780588,18227.36495303387
WY032,53,南河,河流,521885876,7.997,109.0809542,23.1737115,-15366.90831878681,18295.151433782165
WY032,54,南河,河流,521885876,7.997,109.0809399,23.1741064,-15368.374299132025,18338.88428992917
WY032,55,南河,河流,521885876,7.997,109.0812191,23.1745935,-15339.751801742028,18392.827754677848
WY032,56,南河,河流,521885876,7.997,109.0817203,23.1748107,-15288.370728345813,18416.881379279133
WY032,57,南河,河流,521885876,7.997,109.0827513,23.174916,-15182.676620861494,18428.542735957628
WY032,58,南河,河流,521885876,7.997,109.0833527,23.1749358,-15121.023433429824,18430.73546969207
WY032,59,南河,河流,521885876,7.997,109.0836963,23.1752056,-15085.798898676157,18460.614235426532
WY032,60,南河,河流,521885876,7.997,109.0836247,23.1754623,-15093.139052018267,18489.04225308377
WY032,61,南河,河流,521885876,7.997,109.0828157,23.1757848,-15176.074583497822,18524.757234363555
WY032,62,南河,河流,521885876,7.997,109.0821879,23.17585,-15240.434196183765,18531.97775150931
WY032,63,南河,河流,521885876,7.997,109.081722,23.1760268,-15288.196450962136,18551.557313339454
WY032,64,南河,河流,521885876,7.997,109.0815803,23.1762875,-15302.722983484542,18580.428307509148
WY032,65,南河,河流,521885876,7.997,109.0817018,23.1765109,-15290.267276345845,18605.168545704186
WY032,66,南河,河流,521885876,7.997,109.0828056,23.1768647,-15177.109996189678,18644.349818190334
WY032,67,南河,河流,521885876,7.997,109.0831398,23.1771067,-15142.849112852064,18671.149897166237
WY032,68,南河,河流,521885876,7.997,109.0832511,23.1773953,-15131.439070016882,18703.110652507028
WY032,69,南河,河流,521885876,7.997,109.0824309,23.1787172,-15215.522781906371,18849.503315309707
WY032,70,南河,河流,521885876,7.997,109.0822182,23.1790896,-15237.327958106745,18890.744428576723
WY032,71,南河,河流,521885876,7.997,109.08236,23.1794992,-15222.791173974134,18936.10522340507
WY032,72,南河,河流,521885876,7.997,109.0835347,23.1804394,-15102.365501750204,19040.226852550502
WY032,73,南河,河流,521885876,7.997,109.0835609,23.1806499,-15099.679579717795,19063.538491494175
WY032,74,南河,河流,521885876,7.997,109.0835752,23.1807652,-15098.213599371124,19076.307289452623
WY032,75,南河,河流,521885876,7.997,109.0833828,23.1810631,-15117.937698576126,19109.29796518365
WY032,76,南河,河流,521885876,7.997,109.0821879,23.1812865,-15240.434196183765,19134.03820337869
WY032,77,南河,河流,521885876,7.997,109.0805575,23.1817892,-15407.57645888255,19189.70927652428
WY032,78,南河,河流,521885876,7.997,109.0800005,23.1820964,-15464.677931112392,19223.72987264554
WY032,79,南河,河流,521885876,7.997,109.0786739,23.1823105,-15600.675800160789,19247.440190450343
WY032,80,南河,河流,521885876,7.997,109.0783195,23.1828504,-15637.007508882112,19307.23094515727
WY032,81,南河,河流,521885876,7.997,109.0780967,23.183139,-15659.84809777434,19339.19170049806
WY032,82,南河,河流,521885876,7.997,109.0763752,23.1835858,-15836.329577924596,19388.672176888133
WY032,83,南河,河流,521885876,7.997,109.0762638,23.1839675,-15847.749872369981,19430.943210545774
WY032,84,南河,河流,521885876,7.997,109.0770638,23.1855314,-15765.736985864201,19604.135952323963
WY032,85,南河,河流,521885876,7.997,109.077607,23.1862779,-15710.050235927096,19686.806443875823
WY032,86,南河,河流,521885876,7.997,109.0790391,23.1879432,-15563.23691747035,19871.228640233378
WY032,87,南河,河流,521885876,7.997,109.0795188,23.1883711,-15514.059940399246,19918.616052604586
WY032,88,南河,河流,521885876,7.997,109.0796048,23.1888055,-15505.24355510026,19966.72330180755
WY032,89,南河,河流,521885876,7.997,109.0791894,23.1891412,-15547.8287464179,20003.900105577093
WY032,90,南河,河流,521885876,7.997,109.0782299,23.1895295,-15646.192952171772,20046.902050479024
WY032,91,南河,河流,521885876,7.997,109.0768837,23.1901351,-15784.200136939737,20113.968694395564
WY032,92,南河,河流,521885876,7.997,109.0760531,23.1904312,-15869.350016354607,20146.76003069622
WY032,93,南河,河流,521885876,7.997,109.0747785,23.1902338,-16000.017047780464,20124.899139829377
WY032,94,南河,河流,521885876,7.997,109.0736328,23.1898257,-16117.469752867317,20079.70446119261
WY032,95,南河,河流,521885876,7.997,109.0733321,23.1899968,-16148.296346582423,20098.652781493256
WY032,96,南河,河流,521885876,7.997,109.0731674,23.19105,-16165.180749591751,20215.28849710252
WY032,97,南河,河流,521885876,7.997,109.0729597,23.1916687,-16186.4733452513,20283.80588909589
WY032,98,南河,河流,521885876,7.997,109.0725731,23.1921689,-16226.106072655186,20339.200101921
WY032,99,南河,河流,521885876,7.997,109.0715634,23.1934589,-16329.61658703626,20482.060027040523
WY032,100,南河,河流,521885876,7.997,109.0715563,23.1940645,-16330.344451404495,20549.126670957063
WY032,101,南河,河流,521885876,7.997,109.071857,23.1944989,-16299.517857689389,20597.233920160026
WY032,102,南河,河流,521885876,7.997,109.0730372,23.195715,-16178.528346870697,20731.90985422035
WY033,1,南河,河流,521885877,3.064,109.0872858,23.1406384,-14717.81732853428,14632.499814040239
WY033,2,南河,河流,521885877,3.064,109.086785,23.1427848,-14769.157395486765,14870.201010378576
WY033,3,南河,河流,521885877,3.064,109.0867679,23.1436372,-14770.910420936649,14964.59930508533
WY033,4,南河,河流,521885877,3.064,109.0862014,23.1447263,-14828.985796194203,15085.210734889417
WY033,5,南河,河流,521885877,3.064,109.0861997,23.1460374,-14829.16007357788,15230.407361109888
WY033,6,南河,河流,521885877,3.064,109.0862894,23.1476177,-14819.964378678014,15405.416306587642
WY033,7,南河,河流,521885877,3.064,109.0868124,23.1490192,-14766.348454124616,15560.62420197902
WY033,8,南河,河流,521885877,3.064,109.0874251,23.1494177,-14703.536834671353,15604.755736986765
WY033,9,南河,河流,521885877,3.064,109.0880677,23.1490742,-14637.659983586258,15566.715129018961
WY033,10,南河,河流,521885877,3.064,109.0887103,23.1480574,-14571.783132499706,15454.110499668779
WY033,11,南河,河流,521885877,3.064,109.0892931,23.1473291,-14512.036744679732,15373.45555124685
WY033,12,南河,河流,521885877,3.064,109.0898909,23.1472879,-14450.75261523874,15368.892893173064
WY033,13,南河,河流,521885877,3.064,109.0909519,23.1479749,-14341.983024510926,15444.974109109064
WY033,14,南河,河流,521885877,3.064,109.0920802,23.1511008,-14226.31409970457,15791.149178822534
WY033,15,南河,河流,521885877,3.064,109.0917079,23.1514761,-14264.480846761784,15832.711450060959
WY033,16,南河,河流,521885877,3.064,109.0912998,23.1526742,-14306.317670490782,15965.393989817208
WY033,17,南河,河流,521885877,3.064,109.0908201,23.1529375,-14355.494647561887,15994.552918719524
WY033,18,南河,河流,521885877,3.064,109.0904549,23.1533654,-14392.933530252325,16041.94033109034
WY033,19,南河,河流,521885877,3.064,109.0902402,23.1534707,-14414.943738668446,16053.601687768838
WY033,20,南河,河流,521885877,3.064,109.0899466,23.1535168,-14445.042468015317,16058.706992069474
WY033,21,南河,河流,521885877,3.064,109.0893094,23.1533917,-14510.365732117312,16044.852901656928
WY033,22,南河,河流,521885877,3.064,109.088751,23.1528651,-14567.61072689876,15986.535043852298
WY033,23,南河,河流,521885877,3.064,109.0879205,23.1528651,-14652.750354703427,15986.535043852298
WY033,24,南河,河流,521885877,3.064,109.0872331,23.1533456,-14723.219927432625,16039.747597356292
WY033,25,南河,河流,521885877,3.064,109.0871329,23.153655,-14733.492041468076,16074.011830559244
WY033,26,南河,河流,521885877,3.064,109.0874909,23.1542211,-14696.791274756077,16136.70408141983
WY033,27,南河,河流,521885877,3.064,109.0881281,23.15536,-14631.468010654084,16262.830568798612
WY033,28,南河,河流,521885877,3.064,109.0888226,23.1559392,-14560.270573556652,16326.973567735633
WY033,29,南河,河流,521885877,3.064,109.0886579,23.156558,-14577.15497656598,16395.502034141933
WY033,30,南河,河流,521885877,3.064,109.0883858,23.156953,-14605.049609589198,16439.24596470187
WY034,1,未记录,河流,521885921,4.745,109.07265802772513,23.2247021,-16217.3996128027,23942.060966956
WY034,2,未记录,河流,521885921,4.745,109.0728476,23.2233455,-16197.965400972487,23791.82548291207
WY034,3,未记录,河流,521885921,4.745,109.0733131,23.2229177,-16150.24415263785,23744.449144953793
WY034,4,未记录,河流,521885921,4.745,109.0738933,23.2217264,-16090.76430669922,23612.519665268086
WY034,5,未记录,河流,521885921,4.745,109.0739076,23.2213118,-16089.298326352548,23566.605149799172
WY034,6,未记录,河流,521885921,4.745,109.0736354,23.2212065,-16117.203210985972,23554.943793121067
WY034,7,未记录,河流,521885921,4.745,109.0729694,23.2215816,-16185.47893900172,23596.483915533634
WY034,8,未记录,河流,521885921,4.745,109.0724322,23.2218712,-16240.550592291585,23628.55541500214
WY034,9,未记录,河流,521885921,4.745,109.0717733,23.2215421,-16308.098455939098,23592.109522477676
WY034,10,未记录,河流,521885921,4.745,109.0711503,23.2213908,-16371.965991306082,23575.353935911473
WY034,11,未记录,河流,521885921,4.745,109.0709283,23.2211143,-16394.72456731085,23544.7331845194
WY034,12,未记录,河流,521885921,4.745,109.0702264,23.2208313,-16466.68062361004,23513.39259629557
WY034,13,未记录,河流,521885921,4.745,109.0695675,23.220364,-16534.228487257555,23461.641865281337
WY034,14,未记录,河流,521885921,4.745,109.0689659,23.2202719,-16595.902177911088,23451.442331092596
WY034,15,未记录,河流,521885921,4.745,109.0685648,23.2200678,-16637.021388882058,23428.839454567747
WY034,16,未记录,河流,521885921,4.745,109.0681065,23.2197058,-16684.004521239713,23388.750080232014
WY034,17,未记录,河流,521885921,4.745,109.0676195,23.2195479,-16733.929865899463,23371.263582420732
WY034,18,未记录,河流,521885921,4.745,109.0674046,23.2196466,-16755.960577537448,23382.194027854544
WY034,19,未记录,河流,521885921,4.745,109.0671396,23.2196861,-16783.127346192432,23386.5684209105
WY034,20,未记录,河流,521885921,4.745,109.0667815,23.2194952,-16819.83836451464,23365.42736687541
WY034,21,未记录,河流,521885921,4.745,109.0664879,23.2188963,-16849.937093862965,23299.102708616483
WY034,22,未记录,河流,521885921,4.745,109.0662229,23.2187317,-16877.10386251795,23280.87422514759
WY034,23,未记录,河流,521885921,4.745,109.0655855,23.218791,-16942.447629841812,23287.441351937985
WY034,24,未记录,河流,521885921,4.745,109.0645685,23.2184685,-17046.706511812987,23251.7263706582
WY034,25,未记录,河流,521885921,4.745,109.063881,23.2184619,-17117.186336153845,23250.99545941352
WY034,26,未记录,河流,521885921,4.745,109.0635014,23.2187581,-17156.101450799702,23283.797870126713
WY034,27,未记录,河流,521885921,4.745,109.063351,23.2194623,-17171.519873463814,23361.78388506414
WY034,28,未记录,河流,521885921,4.745,109.0631648,23.2198441,-17190.608372798255,23404.065993134318
WY034,29,未记录,河流,521885921,4.745,109.0628067,23.2198243,-17227.319391120458,23401.873259399876
WY034,30,未记录,河流,521885921,4.745,109.0627781,23.2194031,-17230.251351812345,23355.227832686673
WY034,31,未记录,河流,521885921,4.745,109.0624916,23.2189489,-17259.62221679244,23304.927849749267
WY034,32,未记录,河流,521885921,4.745,109.0618972,23.2186791,-17320.55779146608,23275.049084014805
WY034,33,未记录,河流,521885921,4.745,109.0615677,23.2183237,-17354.336849096395,23235.69062092375
WY034,34,未记录,河流,521885921,4.745,109.062155,23.2176721,-17294.129138789533,23163.529747119504
WY034,35,未记录,河流,521885921,4.745,109.0623054,23.2173364,-17278.71071612688,23126.35294334996
WY034,36,未记录,河流,521885921,4.745,109.0622266,23.2170007,-17286.788985447423,23089.17613958042
WY034,37,未记录,河流,521885921,4.745,109.0607727,23.2170402,-17435.837155061352,23093.550532636375
WY034,38,未记录,河流,521885921,4.745,109.0602571,23.2168954,-17488.694460414445,23077.514782901922
WY034,39,未记录,河流,521885921,4.745,109.0598202,23.2168625,-17533.483748057195,23073.871301091043
WY034,40,未记录,河流,521885921,4.745,109.0594335,23.2171521,-17573.126727072744,23105.942800559555
WY034,41,未记录,河流,521885921,4.745,109.0584666,23.2172706,-17672.249552025463,23119.06597972742
WY034,42,未记录,河流,521885921,4.745,109.0584308,23.2175141,-17675.919628697244,23146.032174895292
WY034,43,未记录,河流,521885921,4.745,109.0586027,23.2178498,-17658.29710970948,23183.208978664832
WY034,44,未记录,河流,521885921,4.745,109.0585597,23.2181591,-17662.705302358245,23217.46213745525
WY034,45,未记录,河流,521885921,4.745,109.0586886,23.218429,-17649.490976020697,23247.351977602248
WY034,46,未记录,河流,521885921,4.745,109.0586242,23.2186791,-17656.09301338437,23275.049084014805
WY034,47,未记录,河流,521885921,4.745,109.0581802,23.2191859,-17701.610165395352,23331.174208084994
WY034,48,未记录,河流,521885921,4.745,109.0577719,23.2196203,-17743.46749234476,23379.281457287958
WY034,49,未记录,河流,521885921,4.745,109.0574783,23.2202258,-17773.56622169309,23446.33702679196
WY034,50,未记录,河流,521885921,4.745,109.0573709,23.2215948,-17784.57645170698,23597.945738022998
WY034,51,未记录,河流,521885921,4.745,109.0572849,23.221891,-17793.392837005966,23630.748148736584
WY034,52,未记录,河流,521885921,4.745,109.0570343,23.2219502,-17819.083373704074,23637.304201114053
WY034,53,未记录,河流,521885921,4.745,109.056404,23.2216145,-17883.6992766597,23600.127397344902
WY034,54,未记录,河流,521885921,4.745,109.0559098,23.2210814,-17934.362737299343,23541.089702708126
WY034,55,未记录,河流,521885921,4.745,109.0557093,23.2204825,-17954.917216978996,23474.7650444492
WY034,56,未记录,河流,521885921,4.745,109.0558382,23.2196729,-17941.702890641453,23385.10659842074
WY034,57,未记录,河流,521885921,4.745,109.0556878,23.2194755,-17957.12131330411,23363.2457075539
WY034,58,未记录,河流,521885921,4.745,109.0552653,23.2193241,-18000.434368989983,23346.479046574765
WY034,59,未记录,河流,521885921,4.745,109.053747,23.219877,-18156.08457596758,23407.70947494559
WY034,60,未记录,河流,521885921,4.745,109.0532385,23.2203969,-18208.214016952435,23465.28534709261
WY034,61,未记录,河流,521885921,4.745,109.0529663,23.2206207,-18236.118901587317,23490.06988293897
WY034,62,未记录,河流,521885921,4.745,109.0522931,23.2205483,-18305.132745581504,23482.052008071743
WY034,63,未记录,河流,521885921,4.745,109.0518061,23.2202455,-18355.05809024271,23448.51868611347
WY034,64,未记录,河流,521885921,4.745,109.051183,23.2201007,-18418.935877219898,23432.48293637902
WY034,65,未记录,河流,521885921,4.745,109.0509324,23.2199099,-18444.626413918006,23411.352956756862
WY034,66,未记录,河流,521885921,4.745,109.0508679,23.2194821,-18451.238702891882,23363.97661879858
WY034,67,未记录,河流,521885921,4.745,109.050252,23.219199,-18514.37837389063,23332.624956161824
WY034,68,未记录,河流,521885921,4.745,109.049543,23.2192385,-18587.0622945566,23336.99934921778
WY034,69,未记录,河流,521885921,4.745,109.0489127,23.2194097,-18651.67819751223,23355.958743931355
WY034,70,未记录,河流,521885921,4.745,109.0481249,23.2193833,-18732.440387498744,23353.03509895223
WY034,71,未记录,河流,521885921,4.745,109.0478528,23.2188765,-18760.33502052196,23296.90997488204
WY034,72,未记录,河流,521885921,4.745,109.0480175,23.2182184,-18743.450617512633,23224.029264245648
WY034,73,未记录,河流,521885921,4.745,109.0478528,23.2173166,-18760.33502052196,23124.160209615522
WY034,74,未记录,河流,521885921,4.745,109.0475734,23.2172179,-18788.978021133822,23113.2297641821
WY034,75,未记录,河流,521885921,4.745,109.0471715,23.217355,-18830.179244992258,23128.412784130825
WY035,1,未记录,河流,521885922,4.922,109.1214271,23.1821617,-11217.784125951235,19230.961464204225
WY035,2,未记录,河流,521885922,4.922,109.1214059,23.1824642,-11219.957467444276,19264.461562923705
WY035,3,未记录,河流,521885922,4.922,109.1214817,23.1828223,-11212.186746447349,19304.119035160704
WY035,4,未记录,河流,521885922,4.922,109.1213847,23.1833131,-11222.130808937316,19358.472253182652
WY035,5,未记录,河流,521885922,4.922,109.1210662,23.183353,-11254.782189376652,19362.89094388993
WY035,6,未记录,河流,521885922,4.922,109.1207571,23.1833758,-11286.469918399936,19365.41591000832
WY035,7,未记录,河流,521885922,4.922,109.1198246,23.1830327,-11382.066189233936,19327.41959969145
WY035,8,未记录,河流,521885922,4.922,109.1193323,23.1830773,-11432.534869268036,19332.358787800506
WY035,9,未记录,河流,521885922,4.922,109.1188955,23.1836573,-11477.313905300583,19396.590382040176
WY035,10,未记录,河流,521885922,4.922,109.118119,23.1838549,-11556.917663265505,19418.473421732877
WY035,11,未记录,河流,521885922,4.922,109.117807,23.1838549,-11588.902689002205,19418.473421732877
WY035,12,未记录,河流,521885922,4.922,109.1172107,23.1828925,-11650.033044281388,19311.89327294624
WY035,13,未记录,河流,521885922,4.922,109.1169333,23.1826311,-11678.471012677503,19282.944757886828
WY035,14,未记录,河流,521885922,4.922,109.1165867,23.1825865,-11714.003095756245,19278.005569778164
WY035,15,未记录,河流,521885922,4.922,109.1159141,23.1831028,-11782.955430086291,19335.182763064447
WY035,16,未记录,河流,521885922,4.922,109.115512,23.183823,-11824.177157166589,19414.940684049718
WY035,17,未记录,河流,521885922,4.922,109.1150197,23.1844986,-11874.645837199234,19489.759416926325
WY035,18,未记录,河流,521885922,4.922,109.1141669,23.1850021,-11962.071574215019,19545.51908537378
WY035,19,未记录,河流,521885922,4.922,109.1139658,23.1852889,-11982.68756356027,19577.280501284204
WY035,20,未记录,河流,521885922,4.922,109.1137439,23.1854865,-12005.435887954829,19599.163540976904
WY035,21,未记录,河流,521885922,4.922,109.113425,23.1854738,-12038.128274837896,19597.7570905514
WY035,22,未记录,河流,521885922,4.922,109.1125999,23.1847663,-12122.714315658006,19519.40561999163
WY035,23,未记录,河流,521885922,4.922,109.1112479,23.1839887,-12261.316093854259,19433.290986059263
WY035,24,未记录,河流,521885922,4.922,109.1104337,23.1833063,-12344.784709095049,19357.719193112505
WY035,25,未记录,河流,521885922,4.922,109.1094381,23.1835746,-12446.84974635132,19387.4318426546
WY035,26,未记录,河流,521885922,4.922,109.1094381,23.1840953,-12446.84974635132,19445.096310103872
WY035,27,未记录,河流,521885922,4.922,109.1097471,23.1849632,-12415.172268938239,19541.211138794613
WY035,28,未记录,河流,521885922,4.922,109.1098672,23.1855786,-12402.860084352604,19609.363075165642
WY035,29,未记录,河流,521885922,4.922,109.1095583,23.1858311,-12434.527310154022,19637.32596748575
WY035,30,未记录,河流,521885922,4.922,109.1088029,23.1857522,-12511.967978237566,19628.588255786377
WY035,31,未记录,河流,521885922,4.922,109.1073953,23.1854208,-12656.26965204558,19591.88765176729
WY035,32,未记录,河流,521885922,4.922,109.1062624,23.1851052,-12772.410150947571,19556.936804970584
WY035,33,未记录,河流,521885922,4.922,109.1058332,23.1838902,-12816.410064557947,19422.382689451304
WY035,34,未记录,河流,521885922,4.922,109.1051809,23.1837481,-12883.281321894077,19406.645948862406
WY035,35,未记录,河流,521885922,4.922,109.1045629,23.1831012,-12946.63627671878,19335.005572459544
WY035,36,未记录,河流,521885922,4.922,109.1038076,23.1827224,-13024.066693192119,19293.05569677331
WY035,37,未记录,河流,521885922,4.922,109.1034128,23.1832116,-13064.540052682318,19347.23172419075
WY035,38,未记录,河流,521885922,4.922,109.1034299,23.1839533,-13062.787027233891,19429.3706439279
WY035,39,未记录,河流,521885922,4.922,109.1028463,23.1839533,-13122.615427939872,19429.3706439279
WY035,40,未记录,河流,521885922,4.922,109.1027433,23.1832905,-13133.174587077081,19355.96943588973
WY035,41,未记录,河流,521885922,4.922,109.1023313,23.1831012,-13175.411223627367,19335.005572459544
WY035,42,未记录,河流,521885922,4.922,109.101885,23.1833063,-13221.164162687626,19357.719193112505
WY035,43,未记录,河流,521885922,4.922,109.1021082,23.1839533,-13198.282567351667,19429.3706439279
WY035,44,未记录,河流,521885922,4.922,109.1015245,23.1843636,-13258.12121966931,19474.80895964636
WY035,45,未记录,河流,521885922,4.922,109.1008207,23.1843004,-13330.272056572589,19467.809930756834
WY035,46,未记录,河流,521885922,4.922,109.0997564,23.1841426,-13439.379950457549,19450.334507358482
WY035,47,未记录,河流,521885922,4.922,109.0991041,23.1837008,-13506.251207792224,19401.40775160819
WY035,48,未记录,河流,521885922,4.922,109.0984861,23.1833379,-13569.606162618384,19361.21870755727
WY035,49,未记录,河流,521885922,4.922,109.0980398,23.1835903,-13615.359101678643,19389.17052546405
WY035,50,未记录,河流,521885922,4.922,109.0981771,23.1843793,-13601.283640031463,19476.547642455815
WY035,51,未记录,河流,521885922,4.922,109.0987951,23.1849474,-13537.928685205303,19539.461381572233
WY035,52,未记录,河流,521885922,4.922,109.0981428,23.1853735,-13604.799942539978,19586.649454513074
WY035,53,未记录,河流,521885922,4.922,109.0976793,23.1860204,-13652.316158660326,19658.289830915935
WY035,54,未记录,河流,521885922,4.922,109.0976793,23.186699,-13652.316158660326,19733.440796176492
WY035,55,未记录,河流,521885922,4.922,109.0976106,23.1872986,-13659.359015289017,19799.842975324744
WY035,56,未记录,河流,521885922,4.922,109.0973348,23.1878512,-13687.632957911661,19861.04018045757
WY035,57,未记录,河流,521885922,4.922,109.0963489,23.1884403,-13788.703588919807,19926.27954626201
WY035,58,未记录,河流,521885922,4.922,109.0958066,23.1893013,-13844.298074359245,20021.630240469673
WY035,59,未记录,河流,521885922,4.922,109.0953827,23.1902528,-13887.754652596725,20127.00327826117
WY035,60,未记录,河流,521885922,4.922,109.094446,23.1915851,-13983.781491084086,20274.54767999513
WY035,61,未记录,河流,521885922,4.922,109.0940122,23.1932707,-14028.25297879301,20461.217982150985
WY036,1,未记录,溪流,521885923,0.637,109.0872474,23.1793707,-14721.753947087409,18921.874602957254
WY036,2,未记录,溪流,521885923,0.637,109.0868678,23.1799303,-14760.669061734723,18983.847016985692
WY036,3,未记录,溪流,521885923,0.637,109.0865313,23.1800422,-14795.165732120155,18996.239284908872
WY036,4,未记录,溪流,521885923,0.637,109.0862592,23.1799105,-14823.060365143374,18981.65428325125
WY036,5,未记录,溪流,521885923,0.637,109.0862807,23.1796735,-14820.856268818263,18955.407924915522
WY036,6,未记录,溪流,521885923,0.637,109.0858797,23.179713,-14861.965228179026,18959.782317971476
WY036,7,未记录,溪流,521885923,0.637,109.0857222,23.1798447,-14878.111515209916,18974.3673196291
WY036,8,未记录,溪流,521885923,0.637,109.0854859,23.1797591,-14902.336071562808,18964.887622272116
WY036,9,未记录,溪流,521885923,0.637,109.0850992,23.1793707,-14941.9790505769,18921.874602957254
WY036,10,未记录,溪流,521885923,0.637,109.0850992,23.1791667,-14941.9790505769,18899.282800845333
WY036,11,未记录,溪流,521885923,0.637,109.0851565,23.1789758,-14936.104877581463,18878.141746810245
WY036,12,未记录,溪流,521885923,0.637,109.0849846,23.1789363,-14953.72739656923,18873.76735375429
WY036,13,未记录,溪流,521885923,0.637,109.0847483,23.1791667,-14977.951952920665,18899.282800845333
WY036,14,未记录,溪流,521885923,0.637,109.0846266,23.179509,-14990.428163279772,18937.19051585956
WY036,15,未记录,溪流,521885923,0.637,109.0844332,23.179634,-15010.254778592647,18951.033531859568
WY036,16,未记录,溪流,521885923,0.637,109.0841397,23.1796933,-15040.343256330772,18957.600658649964
WY036,17,未记录,溪流,521885923,0.637,109.0840752,23.1799105,-15046.955545304647,18981.65428325125
WY036,18,未记录,溪流,521885923,0.637,109.0838461,23.1804898,-15070.441985677644,19045.808356601592
WY036,19,未记录,溪流,521885923,0.637,109.08371,23.1806083,-15084.394427995085,19058.931535769458
WY036,20,未记录,溪流,521885923,0.637,109.0835609,23.1806499,-15099.679579717795,19063.538491494175
WY037,1,未记录,河流,521885925,2.299,109.0730372,23.195715,-16178.528346870697,20731.90985422035
WY037,2,未记录,河流,521885925,2.299,109.0733822,23.1956572,-16143.160289565425,20725.508843621927
WY037,3,未记录,河流,521885925,2.299,109.0739621,23.1957296,-16083.711198458866,20733.526718489153
WY037,4,未记录,河流,521885925,2.299,109.0743201,23.1955585,-16047.010431748324,20714.578398188503
WY037,5,未记录,河流,521885925,2.299,109.074807,23.1954795,-15997.095338697323,20705.829612076595
WY037,6,未记录,河流,521885925,2.299,109.0753083,23.1956835,-15945.704013690904,20728.421414188517
WY037,7,未记录,河流,521885925,2.299,109.0757021,23.1957164,-15905.333170308577,20732.064895999392
WY037,8,未记录,河流,521885925,2.299,109.0760315,23.1958349,-15871.564364289923,20745.18807516765
WY037,9,未记录,河流,521885925,2.299,109.0760601,23.1960916,-15868.632403596579,20773.61609282489
WY037,10,未记录,河流,521885925,2.299,109.0759169,23.196289,-15883.312710282253,20795.476983692126
WY037,11,未记录,河流,521885925,2.299,109.0755804,23.1963285,-15917.809380667684,20799.85137674808
WY037,12,未记录,河流,521885925,2.299,109.0756018,23.196526,-15915.615535954235,20821.723342027854
WY037,13,未记录,河流,521885925,2.299,109.07601,23.1968879,-15873.768460615034,20861.801641951053
WY037,14,未记录,河流,521885925,2.299,109.0762534,23.1969735,-15848.816039895364,20871.281339307643
WY037,15,未记录,河流,521885925,2.299,109.076769,23.1967234,-15795.958734542271,20843.58423289509
WY037,16,未记录,河流,521885925,2.299,109.0771413,23.1967037,-15757.791987485056,20841.402573573574
WY037,17,未记录,河流,521885925,2.299,109.0775065,23.1970525,-15720.353104794618,20880.030125419948
WY037,18,未记录,河流,521885925,2.299,109.0775924,23.1973552,-15711.546971105838,20913.55237296529
WY037,19,未记录,河流,521885925,2.299,109.0774993,23.1976185,-15721.091220773056,20942.711301867603
WY037,20,未记录,河流,521885925,2.299,109.0777428,23.1978817,-15696.128548443183,20971.85915635699
WY037,21,未记录,河流,521885925,2.299,109.0779504,23.1978554,-15674.84620439384,20968.946585790793
WY037,22,未记录,河流,521885925,2.299,109.0781151,23.1974868,-15657.961801384512,20928.12630020998
WY037,23,未记录,河流,521885925,2.299,109.0787452,23.1974276,-15593.36640165075,20921.570247832515
WY037,24,未记录,河流,521885925,2.299,109.0792106,23.1976053,-15545.655404926318,20941.249479377842
WY037,25,未记录,河流,521885925,2.299,109.0796903,23.1979212,-15496.47842785521,20976.233549412944
WY037,26,未记录,河流,521885925,2.299,109.0798694,23.1981252,-15478.11779288755,20998.82535152486
WY037,27,未记录,河流,521885925,2.299,109.0803706,23.1983424,-15426.73671949279,21022.87897612654
WY037,28,未记录,河流,521885925,2.299,109.0805639,23.19827,-15406.92035579012,21014.861101259314
WY037,29,未记录,河流,521885925,2.299,109.0805997,23.1980133,-15403.250279119793,20986.43308360168
WY037,30,未记录,河流,521885925,2.299,109.0804923,23.197862,-15414.260509132228,20969.677497035475
WY037,31,未记录,河流,521885925,2.299,109.0802632,23.1978027,-15437.746949505225,20963.11037024508
WY037,32,未记录,河流,521885925,2.299,109.0802846,23.1976448,-15435.553104791776,20945.623872433796
WY037,33,未记录,河流,521885925,2.299,109.0806999,23.1974671,-15392.978165084342,20925.94464088847
WY037,34,未记录,河流,521885925,2.299,109.0809434,23.1973157,-15368.015492754466,20909.17797990933
WY037,35,未记录,河流,521885925,2.299,109.0811654,23.1972236,-15345.256916748245,20898.978445720593
WY037,36,未记录,河流,521885925,2.299,109.0814446,23.1968221,-15316.63441935825,20854.51467832851
WY037,37,未记录,河流,521885925,2.299,109.0818313,23.1968287,-15276.991440342703,20855.245589573584
WY037,38,未记录,河流,521885925,2.299,109.0817597,23.1971117,-15284.33159368481,20886.586177797413
WY037,39,未记录,河流,521885925,2.299,109.0819816,23.1971643,-15261.583269290251,20892.411318930197
WY037,40,未记录,河流,521885925,2.299,109.0821893,23.1971051,-15240.29067363216,20885.85526655273
WY037,41,未记录,河流,521885925,2.299,109.0822394,23.1969801,-15235.154616613705,20872.01225055272
WY037,42,未记录,河流,521885925,2.299,109.0821964,23.1968616,-15239.562809263925,20858.889071384463
WY037,43,未记录,河流,521885925,2.299,109.0822466,23.1966839,-15234.416500635267,20839.20983983913
WY037,44,未记录,河流,521885925,2.299,109.0824828,23.1967366,-15210.202195895492,20845.046055384846
WY037,45,未记录,河流,521885925,2.299,109.0825115,23.197013,-15207.259983591943,20875.655732363597
WY037,46,未记录,河流,521885925,2.299,109.082533,23.1972104,-15205.055887266833,20897.516623230837
WY037,47,未记录,河流,521885925,2.299,109.0826261,23.1972762,-15195.511637599613,20904.803586853377
WY037,48,未记录,河流,521885925,2.299,109.0830915,23.1973289,-15147.80064087518,20910.6398023987
WY037,49,未记录,河流,521885925,2.299,109.0834638,23.1971446,-15109.633893816508,20890.229659608685
WY037,50,未记录,河流,521885925,2.299,109.0836929,23.1973026,-15086.147453443511,20907.7272318325
WY037,51,未记录,河流,521885925,2.299,109.0839221,23.1972762,-15062.650761460309,20904.803586853377
WY037,52,未记录,河流,521885925,2.299,109.0844806,23.1968945,-15005.395515067199,20862.532553195735
WY037,53,未记录,河流,521885925,2.299,109.0848815,23.1965654,-14964.296807318098,20826.08666067127
WY037,54,未记录,河流,521885925,2.299,109.0854472,23.1969669,-14906.30344494655,20870.55042806296
WY037,55,未记录,河流,521885925,2.299,109.0854472,23.1972828,-14906.30344494655,20905.534498098063
WY037,56,未记录,河流,521885925,2.299,109.085619,23.1975527,-14888.691177570447,20935.42433824506
WY037,57,未记录,河流,521885925,2.299,109.0855618,23.1977172,-14894.555098955678,20953.641747301022
WY037,58,未记录,河流,521885925,2.299,109.08544,23.1978751,-14907.041560924989,20971.128245112304
WY037,59,未记录,河流,521885925,2.299,109.0854472,23.19827,-14906.30344494655,21014.861101259314
WY037,60,未记录,河流,521885925,2.299,109.0856978,23.1982963,-14880.612908248442,21017.773671825507
WY037,61,未记录,河流,521885925,2.299,109.0860272,23.1981121,-14846.844102229787,20997.374603448032
WY037,62,未记录,河流,521885925,2.299,109.0863279,23.1982042,-14816.017508514682,21007.57413763677
WY037,63,未记录,河流,521885925,2.299,109.0865356,23.1982042,-14794.724912855132,21007.57413763677
WY037,64,未记录,河流,521885925,2.299,109.0870583,23.1984346,-14741.139743135263,21033.089584727815
WY038,1,未记录,河流,521896862,0.049,109.1712909,23.2243156,-6105.941413256006,23899.258361484437
WY038,2,未记录,河流,521896862,0.049,109.17151114335428,23.2247021,-6083.362921733415,23942.060966956
WY039,1,未记录,河流,527318040,5.97,109.1350313,22.952195,-9823.13448769671,-6236.500196230709
WY039,2,未记录,河流,527318040,5.97,109.1349375,22.9518833,-9832.750498638276,-6271.019140928283
WY039,3,未记录,河流,527318040,5.97,109.1338483,22.9510368,-9944.411043617158,-6364.7640452796795
WY039,4,未记录,河流,527318040,5.97,109.1338251,22.9505175,-9946.789417325945,-6422.273470949909
WY039,5,未记录,河流,527318040,5.97,109.1327977,22.9503326,-10052.114466821044,-6442.750060217105
WY039,6,未记录,河流,527318040,5.97,109.1325583,22.9501121,-10076.656823107764,-6467.169140441124
WY039,7,未记录,河流,527318040,5.97,109.1325892,22.9498275,-10073.4890753666,-6498.686919269461
WY039,8,未记录,河流,527318040,5.97,109.1331685,22.9497422,-10014.10149392564,-6508.133393388052
WY039,9,未记录,河流,527318040,5.97,109.1334389,22.9496355,-9986.381138286099,-6519.949791845594
WY039,10,未记录,河流,527318040,5.97,109.1337556,22.9492016,-9953.914286840643,-6568.001668984696
WY039,11,未记录,河流,527318040,5.97,109.1337633,22.9487748,-9953.124912808269,-6615.267262814863
WY039,12,未记录,河流,527318040,5.97,109.1335084,22.9484262,-9979.256268771398,-6653.872665835375
WY039,13,未记录,河流,527318040,5.97,109.133099,22.9477362,-10021.22636344034,-6730.286114154927
WY039,14,未记录,河流,527318040,5.97,109.1328827,22.9474659,-10043.400597629932,-6760.22025195325
WY039,15,未记录,河流,527318040,5.97,109.1326741,22.9475086,-10064.785457785694,-6755.491477687883
WY039,16,未记录,河流,527318040,5.97,109.1322338,22.9476366,-10109.923300197253,-6741.316229303927
WY039,17,未记录,河流,527318040,5.97,109.1320948,22.9478429,-10124.173039226653,-6718.469715697386
WY039,18,未记录,河流,527318040,5.97,109.1321102,22.9479923,-10122.594291161904,-6701.924542974478
WY039,19,未记录,河流,527318040,5.97,109.1324424,22.9482484,-10088.538440040036,-6673.5629717936345
WY039,20,未记录,河流,527318040,5.97,109.1325428,22.9484902,-10078.245822784174,-6646.785041643594
WY039,21,未记录,河流,527318040,5.97,109.132342,22.9487748,-10098.831057297355,-6615.267262814863
WY039,22,未记录,河流,527318040,5.97,109.1320175,22.9487961,-10132.09753438539,-6612.908412888448
WY039,23,未记录,河流,527318040,5.97,109.1315386,22.9485827,-10181.192498570488,-6636.541209803531
WY039,24,未记录,河流,527318040,5.97,109.1313841,22.9483195,-10197.0312372763,-6665.689064292917
WY039,25,未记录,河流,527318040,5.97,109.1315231,22.9476366,-10182.7814982469,-6741.316229303927
WY039,26,未记录,河流,527318040,5.97,109.1314536,22.9473521,-10189.9063677616,-6772.822933719728
WY039,27,未记录,河流,527318040,5.97,109.1312296,22.947345,-10212.869975983567,-6773.609217028664
WY039,28,未记录,河流,527318040,5.97,109.1307893,22.9475726,-10258.007818393671,-6748.403853495708
WY039,29,未记录,河流,527318040,5.97,109.130658,22.9479639,-10271.468183392153,-6705.069676209436
WY039,30,未记录,河流,527318040,5.97,109.1308511,22.9485045,-10251.672322911347,-6645.201400613185
WY039,31,未记录,河流,527318040,5.97,109.1308897,22.9487748,-10247.71520113781,-6615.267262814863
WY039,32,未记录,河流,527318040,5.97,109.1306425,22.9489384,-10273.057183068564,-6597.149523474082
WY039,33,未记录,河流,527318040,5.97,109.1303953,22.9489526,-10298.399164997862,-6595.576956856603
WY039,34,未记录,河流,527318040,5.97,109.1300168,22.9487534,-10337.201511925641,-6617.637187153814
WY039,35,未记录,河流,527318040,5.97,109.129731,22.9480919,-10366.500615629933,-6690.894427825479
WY039,36,未记录,河流,527318040,5.97,109.1292521,22.9467332,-10415.595579815032,-6841.362474538562
WY039,37,未记录,河流,527318040,5.97,109.1283328,22.9465625,-10509.838638021896,-6860.26649718828
WY039,38,未记录,河流,527318040,5.97,109.1273132,22.9466337,-10614.364061872959,-6852.381515274632
WY039,39,未记录,河流,527318040,5.97,109.1263399,22.9470391,-10714.142989918111,-6807.485845783416
WY039,40,未记录,河流,527318040,5.97,109.1259305,22.9474161,-10756.113084588509,-6765.735309527553
WY039,41,未记录,河流,527318040,5.97,109.1259227,22.9477789,-10756.912710231089,-6725.557339889561
WY039,42,未记录,河流,527318040,5.97,109.1259086,22.9479582,-10758.358187355894,-6705.700917739328
WY039,43,未记录,河流,527318040,5.97,109.1255548,22.9481257,-10794.628386413076,-6687.151276299417
WY039,44,未记录,河流,527318040,5.97,109.1250117,22.9481425,-10850.304884739979,-6685.290774948922
WY039,45,未记录,河流,527318040,5.97,109.1248104,22.9479923,-10870.941377307096,-6701.924542974478
WY039,46,未记录,河流,527318040,5.97,109.1245014,22.9473308,-10902.618854720176,-6775.181783646143
WY039,47,未记录,河流,527318040,5.97,109.1241615,22.9472383,-10937.464079874417,-6785.425615486206
WY039,48,未记录,河流,527318040,5.97,109.1238757,22.9475584,-10966.76318357871,-6749.976420113581
WY039,49,未记录,河流,527318040,5.97,109.123698,22.9476793,-10984.980295993308,-6736.587455038167
WY039,50,未记录,河流,527318040,5.97,109.1234586,22.9476722,-11009.522652280026,-6737.373738347103
WY039,51,未记录,河流,527318040,5.97,109.1229874,22.9471814,-11057.82824243275,-6791.726956369052
WY039,52,未记录,河流,527318040,5.97,109.1228638,22.9467546,-11070.499233397399,-6838.992550199611
WY039,53,未记录,河流,527318040,5.97,109.122632,22.9465625,-11094.262467263403,-6860.26649718828
WY039,54,未记录,河流,527318040,5.97,109.1223694,22.9465767,-11121.183197258908,-6858.693930570406
WY039,55,未记录,河流,527318040,5.97,109.1215815,22.947032,-11201.955638855628,-6808.272129092353
WY039,56,未记录,河流,527318040,5.97,109.1211721,22.947032,-11243.925733526028,-6808.272129092353
WY039,57,未记录,河流,527318040,5.97,109.1207626,22.9467261,-11285.906079805174,-6842.148757847499
WY039,58,未记录,河流,527318040,5.97,109.1205155,22.946655,-11311.237810125724,-6850.022665348217
WY039,59,未记录,河流,527318040,5.97,109.1202837,22.9466834,-11335.001043990273,-6846.877532112865
WY039,60,未记录,河流,527318040,5.97,109.1198666,22.9466763,-11377.760512693045,-6847.663815421802
WY039,61,未记录,河流,527318040,5.97,109.1198125,22.9464274,-11383.306634142995,-6875.228028880779
WY039,62,未记录,河流,527318040,5.97,109.119658,22.9462566,-11399.145372848807,-6894.143125943032
WY039,63,未记录,河流,527318040,5.97,109.1193413,22.9462068,-11431.61222429426,-6899.658183517728
WY039,64,未记录,河流,527318040,5.97,109.1190169,22.9464202,-11464.868449772091,-6876.025386602644
WY039,65,未记录,河流,527318040,5.97,109.1187156,22.9465625,-11495.756553152794,-6860.26649718828
WY039,66,未记录,河流,527318040,5.97,109.1179895,22.9470747,-11570.193499268647,-6803.543354826593
WY039,67,未记录,河流,527318040,5.97,109.1174333,22.9471529,-11627.212958611026,-6794.883164017332
WY039,68,未记录,河流,527318040,5.97,109.1172479,22.9470035,-11646.219445059456,-6811.42833674024
WY039,69,未记录,河流,527318040,5.97,109.1170857,22.9461286,-11662.847557797642,-6908.318374326988
WY039,70,未记录,河流,527318040,5.97,109.1168308,22.945716,-11688.978913760773,-6954.011401539676
WY039,71,未记录,河流,527318040,5.97,109.1163982,22.9458227,-11733.327382138501,-6942.1950030821345
WY039,72,未记录,河流,527318040,5.97,109.1162205,22.9462282,-11751.544494554557,-6897.288259178383
WY039,73,未记录,河流,527318040,5.97,109.1160351,22.9463776,-11770.55098100153,-6880.7430864550815
WY039,74,未记录,河流,527318040,5.97,109.1155408,22.9462495,-11821.224693251379,-6894.929409251968
WY039,75,未记录,河流,527318040,5.97,109.1153631,22.9459294,-11839.441805667433,-6930.378604624593
WY039,76,未记录,河流,527318040,5.97,109.115703,22.9455666,-11804.596580513193,-6970.556574262978
WY039,77,未记录,河流,527318040,5.97,109.1155562,22.9452892,-11819.645945186629,-7001.276995369843
WY039,78,未记录,河流,527318040,5.97,109.115,22.9452679,-11876.665404530462,-7003.635845296258
WY039,79,未记录,河流,527318040,5.97,109.1143898,22.9450971,-11939.220733712586,-7022.550942358511
WY039,80,未记录,河流,527318040,5.97,109.1139031,22.9454457,-11989.115323540263,-6983.9455393379985
WY039,81,未记录,河流,527318040,5.97,109.1130611,22.9464416,-12075.43388658839,-6873.6554622633
WY039,82,未记录,河流,527318040,5.97,109.1127367,22.9466763,-12108.69011206622,-6847.663815421802
WY039,83,未记录,河流,527318040,5.97,109.1122809,22.9466763,-12155.416954152735,-6847.663815421802
WY039,84,未记录,河流,527318040,5.97,109.1117634,22.9454955,-12208.469040111371,-6978.430481763696
WY039,85,未记录,河流,527318040,5.97,109.1117788,22.9447557,-12206.89029204662,-7060.358987657551
WY039,86,未记录,河流,527318040,5.97,109.1120801,22.9440515,-12176.002188665916,-7138.345002594976
WY039,87,未记录,河流,527318040,5.97,109.1119951,22.9436531,-12184.716057857027,-7182.465463190184
WY039,88,未记录,河流,527318040,5.97,109.111663,22.943269,-12218.76165736869,-7225.002282754591
WY039,89,未记录,河流,527318040,5.97,109.1111145,22.9433259,-12274.991742678692,-7218.700941871352
WY039,90,未记录,河流,527318040,5.97,109.1106433,22.9434753,-12323.297332829958,-7202.155769148444
WY039,91,未记录,河流,527318040,5.97,109.1104502,22.9434753,-12343.093193310764,-7202.155769148444
WY039,92,未记录,河流,527318040,5.97,109.1102648,22.9432903,-12362.099679759194,-7222.643432828176
WY039,93,未记录,河流,527318040,5.97,109.1102802,22.942956,-12360.520931692987,-7259.665194818673
WY039,94,未记录,河流,527318040,5.97,109.1105351,22.9426216,-12334.389575729856,-7296.6980312217065
WY039,95,未记录,河流,527318040,5.97,109.1120337,22.9421308,-12180.75893608349,-7351.051249243655
WY039,96,未记录,河流,527318040,5.97,109.1126517,22.9418391,-12117.403981257332,-7383.355311381321
WY039,97,未记录,河流,527318040,5.97,109.1134319,22.9419316,-12037.420913692986,-7373.111479541259
WY039,98,未记录,河流,527318040,5.97,109.1137254,22.9418249,-12007.33243595486,-7384.927877998801
WY039,99,未记录,河流,527318040,5.97,109.1138027,22.9413696,-11999.407940797582,-7435.349679476854
WY039,100,未记录,河流,527318040,5.97,109.1132851,22.9408859,-12052.470278366422,-7488.91661419026
WY039,101,未记录,河流,527318040,5.97,109.1123659,22.9403595,-12146.703084961624,-7547.212323169425
WY039,102,未记录,河流,527318040,5.97,109.1109214,22.9401105,-12294.787603159497,-7574.787611041333
WY039,103,未记录,河流,527318040,5.97,109.1105738,22.9400251,-12330.422202346115,-7584.245159572459
WY039,104,未记录,河流,527318040,5.97,109.1103807,22.939456,-12350.21806282692,-7647.26964281699
WY039,105,未记录,河流,527318040,5.97,109.1104734,22.9387731,-12340.714819601977,-7722.896807828
WY039,106,未记录,河流,527318040,5.97,109.1106124,22.9386024,-12326.465080572578,-7741.800830477324
WY039,107,未记录,河流,527318040,5.97,109.111578,22.9384032,-12227.475526559801,-7763.861060774928
WY039,108,未记录,河流,527318040,5.97,109.111802,22.9382822,-12204.511918337834,-7777.261100262878
WY039,109,未记录,河流,527318040,5.97,109.1118638,22.9379408,-12198.17642285551,-7815.069145561918
WY040,1,未记录,河流,527318041,5.87,109.1118638,22.9379408,-12198.17642285551,-7815.069145561918
WY040,2,未记录,河流,527318041,5.87,109.1115239,22.9376704,-12233.021648009752,-7845.01435777317
WY040,3,未记录,河流,527318041,5.87,109.1101335,22.9374286,-12375.56004475622,-7871.792287923211
WY040,4,未记录,河流,527318041,5.87,109.1096468,22.9374855,-12425.454634585354,-7865.4909470399725
WY040,5,未记录,河流,527318041,5.87,109.109276,22.9378341,-12463.467607480758,-7826.885544019459
WY040,6,未记录,河流,527318041,5.87,109.1089516,22.9378767,-12496.723832958587,-7822.167844166629
WY040,7,未记录,河流,527318041,5.87,109.1084958,22.9378198,-12543.450675045104,-7828.469185049868
WY040,8,未记录,河流,527318041,5.87,109.1082795,22.9375922,-12565.624909234695,-7853.67454858243
WY040,9,未记录,河流,527318041,5.87,109.1083027,22.9369733,-12563.246535525908,-7922.214089401658
WY040,10,未记录,河流,527318041,5.87,109.1084804,22.9364184,-12545.029423109854,-7983.6660060283175
WY040,11,未记录,河流,527318041,5.87,109.1084804,22.9362121,-12545.029423109854,-8006.512519634858
WY040,12,未记录,河流,527318041,5.87,109.1081328,22.9361907,-12580.66402229647,-8008.882443973809
WY040,13,未记录,河流,527318041,5.87,109.1078161,22.9363686,-12613.130873743381,-7989.18106360262
WY040,14,未记录,河流,527318041,5.87,109.1078547,22.9370017,-12609.173751968388,-7919.068956166307
WY040,15,未记录,河流,527318041,5.87,109.1076461,22.9374784,-12630.558612125606,-7866.277230348908
WY040,16,未记录,河流,527318041,5.87,109.1073989,22.9375495,-12655.900594054903,-7858.40332284819
WY040,17,未记录,河流,527318041,5.87,109.1065106,22.9373076,-12746.9656529104,-7885.192327411161
WY040,18,未记录,河流,527318041,5.87,109.1063715,22.9370231,-12761.225643551461,-7916.699031826963
WY040,19,未记录,河流,527318041,5.87,109.1063097,22.936646,-12767.561139033785,-7958.460642495756
WY040,20,未记录,河流,527318041,5.87,109.1059544,22.9363615,-12803.985112252778,-7989.967346911557
WY040,21,未记录,河流,527318041,5.87,109.1058463,22.9360627,-12815.067103542471,-8023.057692357766
WY040,22,未记录,河流,527318041,5.87,109.1055064,22.9346897,-12849.912328696713,-8175.1093801012585
WY040,23,未记录,河流,527318041,5.87,109.1051819,22.9345972,-12883.178805784748,-8185.35321194132
WY040,24,未记录,河流,527318041,5.87,109.1048498,22.9347679,-12917.224405296409,-8166.449189291604
WY040,25,未记录,河流,527318041,5.87,109.1046026,22.9350667,-12942.566387225708,-8133.358843845394
WY040,26,未记录,河流,527318041,5.87,109.1043863,22.9350881,-12964.7406214153,-8130.98891950605
WY040,27,未记录,河流,527318041,5.87,109.1042163,22.9349885,-12982.168359797524,-8142.019034655048
WY040,28,未记录,河流,527318041,5.87,109.1042009,22.9345332,-12983.74710786373,-8192.440836133102
WY040,29,未记录,河流,527318041,5.87,109.1039923,22.9343624,-13005.131968019492,-8211.355933195355
WY040,30,未记录,河流,527318041,5.87,109.103722,22.9339712,-13032.842072047371,-8254.679036069092
WY040,31,未记录,河流,527318041,5.87,109.1033589,22.9338644,-13070.0656709104,-8266.506508939168
WY040,32,未记录,河流,527318041,5.87,109.1029031,22.9339996,-13116.792512996917,-8251.53390283374
WY040,33,未记录,河流,527318041,5.87,109.1024551,22.9345047,-13162.719729440852,-8195.59704378099
WY040,34,未记录,河流,527318041,5.87,109.102038,22.9345901,-13205.479198143626,-8186.139495249863
WY040,35,未记录,河流,527318041,5.87,109.101111,22.9348818,-13300.511630381408,-8153.83543311259
WY040,36,未记录,河流,527318041,5.87,109.1007402,22.9347537,-13338.524603276812,-8168.0217559090825
WY040,37,未记录,河流,527318041,5.87,109.1006321,22.9346328,-13349.606594566505,-8181.410720984497
WY040,38,未记录,河流,527318041,5.87,109.1007711,22.934334,-13335.356855535649,-8214.501066430706
WY040,39,未记录,河流,527318041,5.87,109.1005162,22.9339214,-13361.48821149878,-8260.194093643395
WY040,40,未记录,河流,527318041,5.87,109.1002768,22.9339498,-13386.030567785498,-8257.048960408043
WY040,41,未记录,河流,527318041,5.87,109.1001068,22.9342699,-13403.45830616772,-8221.599765035418
WY040,42,未记录,河流,527318041,5.87,109.0998442,22.9343909,-13430.379036163225,-8208.199725547467
WY040,43,未记录,河流,527318041,5.87,109.0993807,22.9344691,-13477.895252283573,-8199.539534737813
WY040,44,未记录,河流,527318041,5.87,109.0985387,22.9345759,-13564.213815330244,-8187.712061867736
WY040,45,未记录,河流,527318041,5.87,109.0979362,22.9341206,-13625.979770479991,-8238.133863345789
WY040,46,未记录,河流,527318041,5.87,109.0977431,22.9341419,-13645.775630960798,-8235.775013419374
WY040,47,未记录,河流,527318041,5.87,109.0975036,22.9343482,-13670.328238859176,-8212.928499813228
WY040,48,未记录,河流,527318041,5.87,109.0973182,22.9344691,-13689.334725306151,-8199.539534737813
WY040,49,未记录,河流,527318041,5.87,109.0970942,22.9343197,-13712.298333528119,-8216.084707461116
WY040,50,未记录,河流,527318041,5.87,109.0966075,22.9345118,-13762.192923355797,-8194.810760472446
WY040,51,未记录,河流,527318041,5.87,109.0960127,22.9356216,-13823.169504473168,-8071.9069272183415
WY040,52,未记录,河流,527318041,5.87,109.0958814,22.9356572,-13836.62986947165,-8067.964436261518
WY040,53,未记录,河流,527318041,5.87,109.0957655,22.9355291,-13848.511486403922,-8082.150759058404
WY040,54,未记录,河流,527318041,5.87,109.09592,22.9346114,-13832.672747696655,-8183.780645323448
WY040,55,未记录,河流,527318041,5.87,109.0958273,22.9343269,-13842.175990921598,-8215.287349739643
WY040,56,未记录,河流,527318041,5.87,109.0955647,22.9342273,-13869.096720917103,-8226.317464888249
WY040,57,未记录,河流,527318041,5.87,109.0951321,22.9343269,-13913.445189294833,-8215.287349739643
WY040,58,未记录,河流,527318041,5.87,109.0948849,22.9342699,-13938.787171225587,-8221.599765035418
WY040,59,未记录,河流,527318041,5.87,109.0947922,22.9340992,-13948.290414449075,-8240.503787685135
WY040,60,未记录,河流,527318041,5.87,109.0950085,22.9339783,-13926.116180259482,-8253.892752760155
WY040,61,未记录,河流,527318041,5.87,109.0950858,22.9337008,-13918.191685100745,-8284.62424827995
WY040,62,未记录,河流,527318041,5.87,109.0949081,22.9333238,-13936.4087975168,-8326.374784535814
WY040,63,未记录,河流,527318041,5.87,109.0946223,22.9331744,-13965.707901221092,-8342.919957259115
WY040,64,未记录,河流,527318041,5.87,109.0939425,22.9333095,-14035.398351529577,-8327.958425566221
WY040,65,未记录,河流,527318041,5.87,109.0931082,22.9332384,-14120.927540543871,-8335.83233306694
WY040,66,未记录,河流,527318041,5.87,109.0927143,22.9333167,-14161.308635537858,-8327.16106784475
WY040,67,未记录,河流,527318041,5.87,109.0923898,22.9338146,-14194.575112625893,-8272.021566513471
WY040,68,未记录,河流,527318041,5.87,109.091965,22.9340423,-14238.123955361041,-8246.80512856798
WY040,69,未记录,河流,527318041,5.87,109.0917332,22.9340423,-14261.887189227045,-8246.80512856798
WY040,70,未记录,河流,527318041,5.87,109.0912929,22.9336297,-14307.02503163715,-8292.498155780668
WY040,71,未记录,河流,527318041,5.87,109.0905591,22.9333593,-14382.251351785377,-8322.443367991918
WY040,72,未记录,河流,527318041,5.87,109.0905205,22.9331246,-14386.208473558914,-8348.435014833418
WY040,73,未记录,河流,527318041,5.87,109.0893077,22.9324701,-14510.540009500988,-8420.917046609076
WY040,74,未记录,河流,527318041,5.87,109.0890296,22.9321286,-14539.049739172906,-8458.736166321045
WY040,75,未记录,河流,527318041,5.87,109.0890141,22.9317658,-14540.638738849319,-8498.914135959038
WY040,76,未记录,河流,527318041,5.87,109.089045,22.9312393,-14537.470991108155,-8557.220919350739
WY040,77,未记录,河流,527318041,5.87,109.0888751,22.9310828,-14554.888477880175,-8574.552375382977
WY040,78,未记录,河流,527318041,5.87,109.0884889,22.9312464,-14594.480198840329,-8556.434636042195
WY040,79,未记录,河流,527318041,5.87,109.0882185,22.931716,-14622.20055447987,-8504.42919353334
WY040,80,未记录,河流,527318041,5.87,109.0876314,22.9319507,-14682.38776156341,-8478.43754669184
WY040,81,未记录,河流,527318041,5.87,109.087222,22.9319223,-14724.35785623381,-8481.582679927193
WY040,82,未记录,河流,527318041,5.87,109.0868821,22.9316021,-14759.20308138805,-8517.042949712746
WY040,83,未记录,河流,527318041,5.87,109.0863337,22.931467,-14815.42291508785,-8532.004481405247
WY040,84,未记录,河流,527318041,5.87,109.0858547,22.9314172,-14864.52813088315,-8537.519538979943
WY040,85,未记录,河流,527318041,5.87,109.0857003,22.931595,-14880.356617978758,-8517.82923302129
WY040,86,未记录,河流,527318041,5.87,109.0856925,22.932093,-14881.156243622794,-8462.67865727787
WY040,87,未记录,河流,527318041,5.87,109.0854376,22.9323705,-14907.287599584468,-8431.947161757682
WY040,88,未记录,河流,527318041,5.87,109.0851672,22.9323207,-14935.00795522401,-8437.462219332378
WY040,89,未记录,河流,527318041,5.87,109.0849123,22.9321001,-14961.13931118714,-8461.892373968933
WY040,90,未记录,河流,527318041,5.87,109.0847656,22.9317302,-14976.178424250373,-8502.85662691586
WY040,91,未记录,河流,527318041,5.87,109.0844025,22.9315737,-15013.4020231134,-8520.188082947705
WY040,92,未记录,河流,527318041,5.87,109.0836532,22.9317942,-15090.217342936585,-8495.769002724079
WY040,93,未记录,河流,527318041,5.87,109.0834215,22.9317302,-15113.970325190927,-8502.85662691586
WY040,94,未记录,河流,527318041,5.87,109.0833365,22.9315452,-15122.684194382038,-8523.344290595986
WY040,95,未记录,河流,527318041,5.87,109.0836146,22.9310472,-15094.174464710122,-8578.494866339799
WY040,96,未记录,河流,527318041,5.87,109.083491,22.9308196,-15106.845455676228,-8603.700229872362
WY040,97,未记录,河流,527318041,5.87,109.0830198,22.9307555,-15155.151045827493,-8610.798928477074
WY040,98,未记录,河流,527318041,5.87,109.0825563,22.9310472,-15202.667261947841,-8578.494866339799
WY040,99,未记录,河流,527318041,5.87,109.0821778,22.9311539,-15241.46960887562,-8566.678467881864
WY040,100,未记录,河流,527318041,5.87,109.0818611,22.9310543,-15273.936460321074,-8577.708583030862
WY040,101,未记录,河流,527318041,5.87,109.0818611,22.9305065,-15273.936460321074,-8638.37421634898
WY040,102,未记录,河流,527318041,5.87,109.0814594,22.9297595,-15315.11718095764,-8721.1000799647
WY040,103,未记录,河流,527318041,5.87,109.081189,22.9289627,-15342.837536597184,-8809.341001154724
WY040,104,未记录,河流,527318041,5.87,109.0810114,22.9287635,-15361.044397401578,-8831.401231452328
WY040,105,未记录,河流,527318041,5.87,109.0801694,22.9285857,-15447.362960448247,-8851.091537410588
WY040,106,未记录,河流,527318041,5.87,109.0796286,22.928792,-15502.803671725875,-8828.245023804047
WY040,107,未记录,河流,527318041,5.87,109.0792192,22.9293754,-15544.773766396273,-8763.636899529107
WY040,108,未记录,河流,527318041,5.87,109.0788871,22.9296386,-15578.819365906478,-8734.489045039722
WY040,109,未记录,河流,527318041,5.87,109.0785008,22.9298022,-15618.421338478294,-8716.37130569894
WY040,110,未记录,河流,527318041,5.87,109.078215,22.9299801,-15647.720442182586,-8696.669925327751
WY040,111,未记录,河流,527318041,5.87,109.0783618,22.9307911,-15632.67107750915,-8606.85643752025
WY040,112,未记录,河流,527318041,5.87,109.0782305,22.9310757,-15646.131442506174,-8575.338658691519
WY040,113,未记录,河流,527318041,5.87,109.0774657,22.9311539,-15724.53576200577,-8566.678467881864
WY040,114,未记录,河流,527318041,5.87,109.0771181,22.9313033,-15760.170361192386,-8550.133295158956
WY040,115,未记录,河流,527318041,5.87,109.0764847,22.932278,-15825.104064084753,-8442.190993597744
WY040,116,未记录,河流,527318041,5.87,109.0762066,22.9324416,-15853.613793755214,-8424.073254256964
WY041,1,未记录,溪流,527318043,0.445,109.1515642,22.954778,-8128.245923553363,-5950.448113607717
WY041,2,未记录,溪流,527318043,0.445,109.1511649,22.9546384,-8169.18060553045,-5965.90799387653
WY041,3,未记录,溪流,527318043,0.445,109.1509274,22.9546291,-8193.528181211626,-5966.937914267159
WY041,4,未记录,溪流,527318043,0.445,109.1505837,22.9548804,-8228.762967576953,-5939.10791490063
WY041,5,未记录,溪流,527318043,0.445,109.1503158,22.954899,-8256.227032945353,-5937.048074119767
WY041,6,未记录,溪流,527318043,0.445,109.150053,22.9548292,-8283.168266162726,-5944.778014254371
WY041,7,未记录,溪流,527318043,0.445,109.1499166,22.9545872,-8297.151463312237,-5971.5780932302705
WY041,8,未记录,溪流,527318043,0.445,109.149674,22.9544197,-8322.021871144441,-5990.127734670182
WY041,9,未记录,溪流,527318043,0.445,109.1491382,22.9543964,-8376.9500018827,-5992.708072852431
WY041,10,未记录,溪流,527318043,0.445,109.1488855,22.9543964,-8402.85582240676,-5992.708072852431
WY041,11,未记录,溪流,527318043,0.445,109.1484458,22.9542335,-8447.932155152723,-6010.748291303492
WY041,12,未记录,溪流,527318043,0.445,109.1477534,22.9538007,-8518.914308424202,-6058.678349901946
WY042,1,未记录,河流,527318045,6.801,109.0762066,22.9324416,-15853.613793755214,-8424.073254256964
WY042,2,未记录,河流,527318045,6.801,109.0754728,22.9323562,-15928.840113903441,-8433.53080278809
WY042,3,未记录,河流,527318045,6.801,109.0750324,22.9320005,-15973.988207925207,-8472.922489117538
WY042,4,未记录,河流,527318045,6.801,109.0744917,22.9318156,-16029.418667592628,-8493.399078384735
WY042,5,未记录,河流,527318045,6.801,109.0738197,22.9318298,-16098.309492257076,-8491.826511767254
WY042,6,未记录,河流,527318045,6.801,109.0732017,22.9322638,-16161.664447083234,-8443.763560215222
WY042,7,未记录,河流,527318045,6.801,109.0725701,22.9322026,-16226.413620980264,-8450.541100848917
WY042,8,未记录,河流,527318045,6.801,109.0725469,22.9325014,-16228.791994687594,-8417.450755402708
WY042,9,未记录,河流,527318045,6.801,109.0723846,22.9326082,-16245.430359037442,-8405.623282532237
WY042,10,未记录,河流,527318045,6.801,109.0720987,22.9326295,-16274.739714353396,-8403.26443260582
WY042,11,未记录,河流,527318045,6.801,109.0713338,22.9322453,-16353.154285463195,-8445.812326583156
WY042,12,未记录,河流,527318045,6.801,109.0705766,22.9319535,-16430.779482542075,-8478.127463133753
WY042,13,未记录,河流,527318045,6.801,109.0689155,22.9319606,-16601.06898976016,-8477.341179824816
WY042,14,未记录,河流,527318045,6.801,109.06873,22.9321599,-16620.085727818794,-8455.269875114676
WY042,15,未记录,河流,527318045,6.801,109.0687609,22.9326437,-16616.91798007763,-8401.691865988341
WY042,16,未记录,河流,527318045,6.801,109.0686219,22.9329568,-16631.167719108485,-8367.017879511724
WY042,17,未记录,河流,527318045,6.801,109.0683514,22.9330493,-16658.898326358234,-8356.77404767166
WY042,18,未记录,河流,527318045,6.801,109.0681428,22.9328786,-16680.283186513992,-8375.678070321377
WY042,19,未记录,河流,527318045,6.801,109.0682587,22.9321955,-16668.40156958172,-8451.327384157852
WY042,20,未记录,河流,527318045,6.801,109.0682046,22.9319464,-16673.94769103167,-8478.913746442297
WY042,21,未记录,河流,527318045,6.801,109.0679883,22.9318539,-16696.12192522126,-8489.157578282358
WY042,22,未记录,河流,527318045,6.801,109.0672079,22.9320887,-16776.125496007473,-8463.15485702793
WY042,23,未记录,河流,527318045,6.801,109.0669452,22.9324089,-16803.056477613183,-8427.69458724277
WY042,24,未记录,河流,527318045,6.801,109.0669298,22.9326011,-16804.63522567939,-8406.409565841172
WY042,25,未记录,河流,527318045,6.801,109.0672157,22.9327861,-16775.32587036344,-8385.921902161048
WY042,26,未记录,河流,527318045,6.801,109.0676329,22.9327576,-16732.55615005046,-8389.078109809328
WY042,27,未记录,河流,527318045,6.801,109.0677951,22.9329426,-16715.92803731227,-8368.590446129203
WY042,28,未记录,河流,527318045,6.801,109.0677256,22.9332059,-16723.05290682697,-8339.431517226887
WY042,29,未记录,河流,527318045,6.801,109.0675556,22.9336044,-16740.480645209194,-8295.299982219143
WY042,30,未记录,河流,527318045,6.801,109.0672311,22.9338676,-16773.747122298686,-8266.152127729756
WY042,31,未记录,河流,527318045,6.801,109.0667675,22.9339103,-16821.27359002924,-8261.423353463997
WY042,32,未记录,河流,527318045,6.801,109.0665512,22.9337253,-16843.447824217375,-8281.911017144123
WY042,33,未记录,河流,527318045,6.801,109.0666053,22.9334407,-16837.901702767424,-8313.428795972854
WY042,34,未记录,河流,527318045,6.801,109.0664816,22.9332059,-16850.582945343736,-8339.431517226887
WY042,35,未记录,河流,527318045,6.801,109.0660799,22.9331418,-16891.763665980303,-8346.530215831599
WY042,36,未记录,河流,527318045,6.801,109.0656395,22.9333055,-16936.91176000207,-8328.401402078282
WY042,37,未记录,河流,527318045,6.801,109.0652454,22.9337111,-16977.31335821792,-8283.483583761601
WY042,38,未记录,河流,527318045,6.801,109.0643182,22.934074,-17072.36629367757,-8243.294539710681
WY042,39,未记录,河流,527318045,6.801,109.063337,22.9349635,-17172.95509897696,-8144.787637855129
WY042,40,未记录,河流,527318045,6.801,109.0629275,22.9352694,-17214.935445257564,-8110.911009099983
WY042,41,未记录,河流,527318045,6.801,109.062518,22.9352481,-17256.915791538166,-8113.269859026398
WY042,42,未记录,河流,527318045,6.801,109.0622244,22.934935,-17287.014520885037,-8147.943845503017
WY042,43,未记录,河流,527318045,6.801,109.0624021,22.9344654,-17268.79740847044,-8199.94928801148
WY042,44,未记录,河流,527318045,6.801,109.0633138,22.9343159,-17175.333472685747,-8216.505535147317
WY042,45,未记录,河流,527318045,6.801,109.0636306,22.9340384,-17142.856369630088,-8247.237030667504
WY042,46,未记录,河流,527318045,6.801,109.0637851,22.9336684,-17127.01763092282,-8288.212358027362
WY042,47,未记录,河流,527318045,6.801,109.0636074,22.9333553,-17145.234743338875,-8322.886344503979
WY042,48,未记录,河流,527318045,6.801,109.0633293,22.9332486,-17173.744473009334,-8334.702742961521
WY042,49,未记录,河流,527318045,6.801,109.0630202,22.9328501,-17205.432202034077,-8378.834277969265
WY042,50,未记录,河流,527318045,6.801,109.0617685,22.9326082,-17333.751614583216,-8405.623282532237
WY042,51,未记录,河流,527318045,6.801,109.0615058,22.9320603,-17360.682596188926,-8466.299990263282
WY042,52,未记录,河流,527318045,6.801,109.0607332,22.9320531,-17439.88654133256,-8467.097347984754
WY042,53,未记录,河流,527318045,6.801,109.0603932,22.9323662,-17474.74201809846,-8432.423361508136
WY042,54,未记录,河流,527318045,6.801,109.0599451,22.9329924,-17520.6794861526,-8363.0753885549
WY042,55,未记录,河流,527318045,6.801,109.0596824,22.9329213,-17547.61046775831,-8370.949296055618
WY042,56,未记录,河流,527318045,6.801,109.0588711,22.9323449,-17630.781786285686,-8434.78221143455
WY042,57,未记录,河流,527318045,6.801,109.0584694,22.932416,-17671.962506922253,-8426.908303933833
WY042,58,未记录,河流,527318045,6.801,109.0580212,22.9328145,-17717.910226588054,-8382.776768926089
WY042,59,未记录,河流,527318045,6.801,109.0575499,22.9328359,-17766.22606835098,-8380.406844586745
WY042,60,未记录,河流,527318045,6.801,109.057179,22.9326437,-17804.249292856588,-8401.691865988341
WY042,61,未记录,河流,527318045,6.801,109.0567695,22.9326366,-17846.229639137193,-8402.478149297278
WY042,62,未记录,河流,527318045,6.801,109.0563678,22.9328857,-17887.41035977376,-8374.891787012442
WY042,63,未记录,河流,527318045,6.801,109.0562596,22.9332628,-17898.502602673656,-8333.130176343648
WY042,64,未记录,河流,527318045,6.801,109.0564064,22.9335901,-17883.45323800022,-8296.88362324955
WY042,65,未记录,河流,527318045,6.801,109.0561978,22.9336826,-17904.838098155982,-8286.639791409489
WY042,66,未记录,河流,527318045,6.801,109.0559042,22.9336684,-17934.936827504313,-8288.212358027362
WY042,67,未记录,河流,527318045,6.801,109.0557728,22.9337965,-17948.407444112996,-8274.026035230474
WY042,68,未记录,河流,527318045,6.801,109.0559042,22.9342305,-17934.936827504313,-8225.963083678444
WY042,69,未记录,河流,527318045,6.801,109.0557651,22.9344725,-17949.19681814537,-8199.163004702936
WY042,70,未记录,河流,527318045,6.801,109.0552938,22.9346219,-17997.512659908298,-8182.6178319796345
WY042,71,未记录,河流,527318045,6.801,109.0545443,22.9343302,-18074.348482953348,-8214.921894116907
WY042,72,未记录,河流,527318045,6.801,109.0542121,22.9341167,-18108.404334075214,-8238.56576544492
WY042,73,未记录,河流,527318045,6.801,109.0537099,22.9339673,-18159.887923579307,-8255.110938168222
WY042,74,未记录,河流,527318045,6.801,109.0531999,22.9341807,-18212.17113872743,-8231.47814125314
WY042,75,未记录,河流,527318045,6.801,109.0529836,22.9341452,-18234.345372915566,-8235.409557797033
WY042,76,未记录,河流,527318045,6.801,109.0529527,22.9339175,-18237.51312065673,-8260.625995742525
WY042,77,未记录,河流,527318045,6.801,109.053115,22.9335617,-18220.874756306883,-8300.028756484902
WY042,78,未记录,河流,527318045,6.801,109.0523346,22.9328714,-18300.87832709455,-8376.47542804285
WY042,79,未记录,河流,527318045,6.801,109.0515774,22.9328145,-18378.503524171974,-8382.776768926089
WY042,80,未记录,河流,527318045,6.801,109.0505884,22.9326722,-18479.891955115403,-8398.535658340454
WY042,81,未记录,河流,527318045,6.801,109.0498853,22.9326509,-18551.97103074288,-8400.894508266869
WY042,82,未记录,河流,527318045,6.801,109.0495917,22.9330422,-18582.06976009121,-8357.560330980597
WY042,83,未记录,河流,527318045,6.801,109.0488963,22.9332486,-18653.35946168631,-8334.702742961521
WY042,84,未记录,河流,527318045,6.801,109.0482782,22.9334976,-18716.72466812267,-8307.127455089614
WY042,85,未记录,河流,527318045,6.801,109.0479846,22.9338961,-18746.823397469543,-8262.99592008187
WY042,86,未记录,河流,527318045,6.801,109.0476447,22.9339246,-18781.668622623787,-8259.839712433588
WY042,87,未记录,河流,527318045,6.801,109.0473201,22.9337182,-18814.94535132494,-8282.697300452664
WY042,88,未记录,河流,527318045,6.801,109.0470652,22.933213,-18841.07670728661,-8338.645233918345
WY042,89,未记录,河流,527318045,6.801,109.0468102,22.9329995,-18867.218314861402,-8362.289105245964
WY042,90,未记录,河流,527318045,6.801,109.0466557,22.9326082,-18883.057053567216,-8405.623282532237
WY042,91,未记录,河流,527318045,6.801,109.0466943,22.9319322,-18879.099931793677,-8480.486313060168
WY042,92,未记录,河流,527318045,6.801,109.0464316,22.9318681,-18906.030913399387,-8487.58501166488
WY042,93,未记录,河流,527318045,6.801,109.0457671,22.9321456,-18974.152867253324,-8456.853516145085
WY042,94,未记录,河流,527318045,6.801,109.0452572,22.9320745,-19026.425830791246,-8464.727423645803
WY042,95,未记录,河流,527318045,6.801,109.0450254,22.931797,-19050.189064655795,-8495.458919165598
WY042,96,未记录,河流,527318045,6.801,109.0450872,22.931121,-19043.85356917347,-8570.321949693136
WY042,97,未记录,河流,527318045,6.801,109.0446468,22.9306371,-19089.001663195235,-8623.9110332324
WY042,98,未记录,河流,527318045,6.801,109.0439128,22.9305659,-19164.248486563873,-8631.796015145654
WY042,99,未记录,河流,527318045,6.801,109.0432329,22.9303311,-19233.949188482562,-8657.798736400082
WY042,100,未记录,河流,527318045,6.801,109.042777,22.9304023,-19280.686282180737,-8649.913754486435
WY042,101,未记录,河流,527318045,6.801,109.0426379,22.9306656,-19294.9462728218,-8620.75482558412
WY042,102,未记录,河流,527318045,6.801,109.0428543,22.9311423,-19272.761787022002,-8567.963099766721
WY042,103,未记录,河流,527318045,6.801,109.0427693,22.9314696,-19281.475656213115,-8531.716546672624
WY042,104,未记录,河流,527318045,6.801,109.0425761,22.9316618,-19301.281768304125,-8510.431525271026
WY042,105,未记录,河流,527318045,6.801,109.0420816,22.9316404,-19351.97598377584,-8512.801449610371
WY042,106,未记录,河流,527318045,6.801,109.0418112,22.9316831,-19379.69633941538,-8508.07267534461
WY042,107,未记录,河流,527318045,6.801,109.0416876,22.9319322,-19392.367330380028,-8480.486313060168
WY042,108,未记录,河流,527318045,6.801,109.0420353,22.9323378,-19356.722479583208,-8435.568494743487
WY042,109,未记录,河流,527318045,6.801,109.0421203,22.9327647,-19348.008610392095,-8388.291826500392
WY042,110,未记录,河流,527318045,6.801,109.0417649,22.9331205,-19384.442835221293,-8348.889065758014
WY042,111,未记录,河流,527318045,6.801,109.0414558,22.9330849,-19416.130564246036,-8352.831556714837
WY042,112,未记录,河流,527318045,6.801,109.0405827,22.9322453,-19505.63737825573,-8445.812326583156
WY042,113,未记录,河流,527318045,6.801,109.0402196,22.931982,-19542.860977118762,-8474.971255485472
WY042,114,未记录,河流,527318045,6.801,109.0395706,22.9319962,-19609.393931296287,-8473.398688867994
WY042,115,未记录,河流,527318045,6.801,109.0392615,22.932231,-19641.08166032103,-8447.395967613566
WY042,116,未记录,河流,527318045,6.801,109.0389447,22.9323876,-19673.558763376688,-8430.053437169185
WY042,117,未记录,河流,527318045,6.801,109.0386357,22.932352,-19705.236240789767,-8433.995928125614
WY042,118,未记录,河流,527318045,6.801,109.0382493,22.9321101,-19744.848464971787,-8460.78493268898
WY042,119,未记录,河流,527318045,6.801,109.0378167,22.9321741,-19789.196933350973,-8453.697308496805
WY042,120,未记录,河流,527318045,6.801,109.0371908,22.9321101,-19853.361765429916,-8460.78493268898
WY042,121,未记录,河流,527318045,6.801,109.0367736,22.9322097,-19896.131485742895,-8449.75481753998
WY042,122,未记录,河流,527318045,6.801,109.0365573,22.9326366,-19918.305719932487,-8402.478149297278
WY042,123,未记录,河流,527318045,6.801,109.0368122,22.9331703,-19892.174363969356,-8343.374008183711
WY042,124,未记录,河流,527318045,6.801,109.0367427,22.9334692,-19899.299233484056,-8310.272588324571
WY042,125,未记录,河流,527318045,6.801,109.0365341,22.9336898,-19920.684093641274,-8285.842433688016
WY042,126,未记录,河流,527318045,6.801,109.0354099,22.9337823,-20035.932702403017,-8275.598601847954
WY042,127,未记录,河流,527318045,6.801,109.035119,22.9335553,-20065.754638259798,-8300.73751890412
WY043,1,未记录,溪流,527318046,1.275,109.133608,22.9589759,-9969.045664401545,-5485.555338678656
WY043,2,未记录,溪流,527318046,1.275,109.1335524,22.9587432,-9974.745560013303,-5511.325497263928
WY043,3,未记录,溪流,527318046,1.275,109.1334159,22.9585338,-9988.73900877302,-5534.515317666951
WY043,4,未记录,溪流,527318046,1.275,109.1332441,22.9584593,-10006.35127615058,-5542.7657552029395
WY043,5,未记录,溪流,527318046,1.275,109.1330015,22.9586548,-10031.221683982785,-5521.115278179001
WY043,6,未记录,溪流,527318046,1.275,109.1328448,22.9587711,-10047.285958127668,-5508.23573609283
WY043,7,未记录,溪流,527318046,1.275,109.1325769,22.9586827,-10074.750023496068,-5518.025517007903
WY043,8,未记录,溪流,527318046,1.275,109.1324607,22.9585663,-10086.66239526187,-5530.916133507003
WY043,9,未记录,溪流,527318046,1.275,109.132208,22.9580451,-10112.56821578593,-5588.63597302053
WY043,10,未记录,溪流,527318046,1.275,109.1322282,22.9576635,-10110.49739040222,-5630.895932265244
WY043,11,未记录,溪流,527318046,1.275,109.1321726,22.9573843,-10116.19728601398,-5661.815692802476
WY043,12,未记录,溪流,527318046,1.275,109.1322686,22.9568631,-10106.355739633345,-5719.535532316003
WY043,13,未记录,溪流,527318046,1.275,109.1324761,22.9566112,-10085.083647195663,-5747.431978158927
WY043,14,未记录,溪流,527318046,1.275,109.1326404,22.9564006,-10068.240250630068,-5770.754691515923
WY043,15,未记录,溪流,527318046,1.275,109.1325261,22.9559992,-10079.95784178887,-5815.207384494684
WY043,16,未记录,溪流,527318046,1.275,109.1327334,22.9557951,-10058.706252573053,-5837.810261019533
WY043,17,未记录,溪流,527318046,1.275,109.133005,22.9553015,-10030.862877605228,-5892.473562599962
WY043,18,未记录,溪流,527318046,1.275,109.1329764,22.9551304,-10033.794838297115,-5911.4218829006095
WY043,19,未记录,溪流,527318046,1.275,109.1327119,22.9550514,-10060.910348898164,-5920.170669012912
WY043,20,未记录,溪流,527318046,1.275,109.1325976,22.9549659,-10072.627940058423,-5929.639291956574
WY043,21,未记录,溪流,527318046,1.275,109.1325833,22.9547092,-10074.093920405094,-5958.067309614207
WY043,22,未记录,溪流,527318046,1.275,109.132762,22.9545973,-10055.774291881165,-5970.459577537387
WY043,23,未记录,溪流,527318046,1.275,109.133005,22.9543077,-10030.862877605228,-6002.531077005898
WY043,24,未记录,溪流,527318046,1.275,109.1333052,22.9541629,-10000.087541944058,-6018.56682674035
WY043,25,未记录,溪流,527318046,1.275,109.1337126,22.9543998,-9958.322479490866,-5992.331542817159
WY043,26,未记录,溪流,527318046,1.275,109.1339627,22.954413,-9932.683200846694,-5990.869720327794
WY043,27,未记录,溪流,527318046,1.275,109.1339413,22.9542682,-9934.877045560143,-6006.905470061853
WY043,28,未记录,溪流,527318046,1.275,109.1345203,22.9536101,-9875.520218951253,-6079.78618069864
WY043,29,未记录,溪流,527318046,1.275,109.1346346,22.953485,-9863.802627792451,-6093.640271111186
WY043,30,未记录,溪流,527318046,1.275,109.1346561,22.9533139,-9861.59853146734,-6112.5885914118335
WY043,31,未记录,溪流,527318046,1.275,109.1344845,22.9532744,-9879.190295623035,-6116.962984467788
WY043,32,未记录,溪流,527318046,1.275,109.1343344,22.9534455,-9894.577963453621,-6098.014664167141
WY043,33,未记录,溪流,527318046,1.275,109.1341986,22.9535179,-9908.499650937532,-6089.996789299915
WY043,34,未记录,溪流,527318046,1.275,109.1340199,22.9534521,-9926.819279461462,-6097.283752922458
WY043,35,未记录,溪流,527318046,1.275,109.1339485,22.9533073,-9934.138929581704,-6113.31950265691
WY043,36,未记录,溪流,527318046,1.275,109.13407,22.9530177,-9921.683222444464,-6145.3910021254205
WY043,37,未记录,溪流,527318046,1.275,109.1340199,22.9526294,-9926.819279461462,-6188.392947027746
WY043,38,未记录,溪流,527318046,1.275,109.13417,22.9525109,-9911.431611630876,-6201.516126195609
WY043,39,未记录,溪流,527318046,1.275,109.1346846,22.952399,-9858.676822385658,-6213.90839411879
WY043,40,未记录,溪流,527318046,1.275,109.1350313,22.952195,-9823.13448769671,-6236.500196230709
WY044,1,未记录,河流,527318047,2.385,109.1477534,22.9538007,-8518.914308424202,-6058.678349901946
WY044,2,未记录,河流,527318047,2.385,109.1473946,22.9536285,-8555.697088022209,-6077.748488743242
WY044,3,未记录,河流,527318047,2.385,109.1470661,22.9536006,-8589.373629543194,-6080.838249914341
WY044,4,未记录,河流,527318047,2.385,109.1468083,22.9538193,-8615.802282219742,-6056.618509121083
WY044,5,未记录,河流,527318047,2.385,109.1466213,22.9538891,-8634.972794440186,-6048.888568986479
WY044,6,未记录,河流,527318047,2.385,109.1461513,22.9538053,-8683.15536526317,-6058.168926913096
WY044,7,未记录,河流,527318047,2.385,109.145752,22.9534563,-8724.090047240257,-6096.818627584932
WY044,8,未记录,河流,527318047,2.385,109.1454639,22.9530561,-8753.624937993824,-6141.138427610115
WY044,9,未记录,河流,527318047,2.385,109.1447159,22.9522416,-8830.306986877064,-6231.339519865818
WY044,10,未记录,河流,527318047,2.385,109.1445441,22.9521579,-8847.919254253167,-6240.608803379506
WY044,11,未记录,河流,527318047,2.385,109.1438466,22.9522602,-8919.424239675676,-6229.279679084955
WY044,12,未记录,河流,527318047,2.385,109.1435232,22.9521904,-8952.577949045632,-6237.009619219559
WY044,13,未记录,河流,527318047,2.385,109.1431289,22.9515947,-8993.000050483352,-6302.97989626868
WY044,14,未记录,河流,527318047,2.385,109.143043,22.9510223,-9001.806184170675,-6366.369835135553
WY044,15,未记录,河流,527318047,2.385,109.1429066,22.9507384,-9015.789381320184,-6397.810093074959
WY044,16,未记录,河流,527318047,2.385,109.1426791,22.9506779,-9039.111795921168,-6404.5101128189335
WY044,17,未记录,河流,527318047,2.385,109.1421687,22.9511433,-9091.436017511569,-6352.969795647997
WY044,18,未记录,河流,527318047,2.385,109.141921,22.9515389,-9116.829257496262,-6309.15941861127
WY044,19,未记录,河流,527318047,2.385,109.1408192,22.9525069,-9229.781505436682,-6201.959102707669
WY044,20,未记录,河流,527318047,2.385,109.1404503,22.952479,-9267.599697726544,-6205.048863878767
WY044,21,未记录,河流,527318047,2.385,109.1403492,22.9522463,-9277.964076258208,-6230.819022464433
WY044,22,未记录,河流,527318047,2.385,109.1405867,22.9519205,-9253.616500577033,-6266.899459366557
WY044,23,未记录,河流,527318047,2.385,109.1406524,22.9517018,-9246.881192273418,-6291.1192001602085
WY044,24,未记录,河流,527318047,2.385,109.1405615,22.9515808,-9256.199906501566,-6304.519239648158
WY044,25,未记录,河流,527318047,2.385,109.1400914,22.9515528,-9304.392728934754,-6307.620075231792
WY044,26,未记录,河流,527318047,2.385,109.1399449,22.9514598,-9319.41133877612,-6317.919279136108
WY044,27,未记录,河流,527318047,2.385,109.1398691,22.9511759,-9327.182059773046,-6349.35953707512
WY044,28,未记录,河流,527318047,2.385,109.1397478,22.950892,-9339.617263689877,-6380.799795014132
WY044,29,未记录,河流,527318047,2.385,109.139581,22.9508873,-9356.716950525157,-6381.3202924155175
WY044,30,未记录,河流,527318047,2.385,109.1395153,22.9511759,-9363.452258830228,-6349.35953707512
WY044,31,未记录,河流,527318047,2.385,109.1393636,22.951511,-9379.003952434285,-6312.249179782368
WY044,32,未记录,河流,527318047,2.385,109.1391261,22.951618,-9403.35152811546,-6300.399558086432
WY044,33,未记录,河流,527318047,2.385,109.1385449,22.9514923,-9462.933890161963,-6314.3200949757675
WY044,34,未记录,河流,527318047,2.385,109.1384792,22.9513341,-9469.669198465577,-6331.839816025444
WY044,35,未记录,河流,527318047,2.385,109.1386864,22.9510921,-9448.427860861422,-6358.639895001344
WY044,36,未记录,河流,527318047,2.385,109.1388128,22.9508501,-9435.469824793561,-6385.439973977243
WY044,37,未记录,河流,527318047,2.385,109.1387976,22.9506546,-9437.028069636446,-6407.090451001182
WY044,38,未记录,河流,527318047,2.385,109.1383326,22.9504685,-9484.698059918604,-6427.6999332219575
WY044,39,未记录,河流,527318047,2.385,109.1379839,22.9502544,-9520.445426824755,-6451.410251026759
WY044,40,未记录,河流,527318047,2.385,109.1364778,22.9499332,-9674.84493728309,-6486.981264940034
WY044,41,未记录,河流,527318047,2.385,109.1362655,22.9505941,-9696.60910703973,-6413.790470745158
WY044,42,未记录,河流,527318047,2.385,109.1359673,22.9507105,-9727.179410483695,-6400.899854246057
WY044,43,未记录,河流,527318047,2.385,109.135846,22.950636,-9739.614614400525,-6409.150291782045
WY044,44,未记录,河流,527318047,2.385,109.13575,22.9503754,-9749.456160781161,-6438.010211538809
WY044,45,未记录,河流,527318047,2.385,109.135659,22.9501939,-9758.785126620971,-6458.110270770734
WY044,46,未记录,河流,527318047,2.385,109.1354619,22.9501985,-9778.99105153473,-6457.600847781885
WY044,47,未记录,河流,527318047,2.385,109.1353659,22.9503009,-9788.832597915363,-6446.260649074798
WY044,48,未记录,河流,527318047,2.385,109.1353994,22.9506088,-9785.398308292855,-6412.162532063425
WY044,49,未记录,河流,527318047,2.385,109.1358783,22.9515697,-9736.303344107759,-6305.748499468761
WY044,50,未记录,河流,527318047,2.385,109.1359712,22.9519844,-9726.779597662406,-6259.822909587311
WY044,51,未记录,河流,527318047,2.385,109.1358568,22.9522213,-9738.507440432868,-6233.58762566412
WY044,52,未记录,河流,527318047,2.385,109.1353851,22.9524254,-9786.864288639528,-6210.984749139665
WY044,53,未记录,河流,527318047,2.385,109.135185,22.9524649,-9807.377761875448,-6206.610356083711
WY044,54,未记录,河流,527318047,2.385,109.1350313,22.952195,-9823.13448769671,-6236.500196230709
WY045,1,未记录,溪流,527324728,2.306,109.2444375,23.0317756,1392.7633418661546,2576.583956450471
WY045,2,未记录,溪流,527324728,2.306,109.244215,23.0315522,1369.9535078059973,2551.843718255434
WY045,3,未记录,溪流,527324728,2.306,109.243593,23.0311473,1306.1884885483437,2507.003420828472
WY045,4,未记录,溪流,527324728,2.306,109.2433148,23.0308355,1277.668507264765,2472.4734017179685
WY045,5,未记录,溪流,527324728,2.306,109.2433098,23.0305097,1277.1559267253967,2436.392964815845
WY045,6,未记录,溪流,527324728,2.306,109.2430569,23.0303654,1251.2296029780139,2420.4125871456463
WY045,7,未记录,溪流,527324728,2.306,109.242622,23.0301002,1206.6453475510104,2391.0432444000335
WY045,8,未记录,溪流,527324728,2.306,109.2422933,23.030021,1172.9483028081586,2382.2723094626595
WY045,9,未记录,溪流,527324728,2.306,109.2419595,23.0301234,1138.72842591282,2393.6125081697464
WY045,10,未记录,溪流,527324728,2.306,109.2416864,23.0305749,1110.7312767831847,2443.613481961599
WY045,11,未记录,溪流,527324728,2.306,109.2414639,23.0308867,1087.9214427230272,2478.1435010717087
WY045,12,未记录,溪流,527324728,2.306,109.2413476,23.0312264,1075.9988193470213,2515.7632813533105
WY045,13,未记录,溪流,527324728,2.306,109.2412616,23.0314498,1067.182434048036,2540.5035195483474
WY045,14,未记录,溪流,527324728,2.306,109.2409481,23.0317105,1035.0436341480681,2569.3745137176466
WY045,15,未记录,溪流,527324728,2.306,109.240675,23.0317942,1007.046485016976,2578.6437972313342
WY045,16,未记录,溪流,527324728,2.306,109.2404424,23.031636,983.2012382664207,2561.1240761816575
WY045,17,未记录,溪流,527324728,2.306,109.2402097,23.0313242,959.3457399027471,2526.5940570715475
WY045,18,未记录,溪流,527324728,2.306,109.2396534,23.0307843,902.316028948708,2466.803302364622
WY045,19,未记录,溪流,527324728,2.306,109.2393905,23.0304678,875.364544121132,2431.7527858527333
WY045,20,未记录,溪流,527324728,2.306,109.2389808,23.030291,833.3636946186629,2412.1732240221936
WY045,21,未记录,溪流,527324728,2.306,109.2385004,23.0303794,784.1149562732112,2421.96300493766
WY045,22,未记录,溪流,527324728,2.306,109.2379138,23.0306773,723.9790072421513,2454.9536806686856
WY045,23,未记录,溪流,527324728,2.306,109.2379138,23.0308681,723.9790072421513,2476.0836602908457
WY045,24,未记录,溪流,527324728,2.306,109.2378683,23.0309984,719.3145243222461,2490.513620169424
WY045,25,未记录,溪流,527324728,2.306,109.2375851,23.0312032,690.2819624992992,2513.1940175835975
WY045,26,未记录,溪流,527324728,2.306,109.2373423,23.0311939,665.391051443771,2512.164097193363
WY045,27,未记录,溪流,527324728,2.306,109.2371552,23.031031,646.2102876131208,2494.1238787419074
WY045,28,未记录,溪流,527324728,2.306,109.2370237,23.0306307,632.7294193927737,2449.793004303795
WY045,29,未记录,溪流,527324728,2.306,109.2371754,23.0303049,648.2811129968302,2413.712567401671
WY045,30,未记录,溪流,527324728,2.306,109.2377671,23.0297697,708.9398941789198,2354.442310096131
WY045,31,未记录,溪流,527324728,2.306,109.238197,23.0292996,753.0115690650981,2302.3814955238086
WY045,32,未记录,溪流,527324728,2.306,109.2385156,23.028932,785.6732011160955,2261.671954071109
WY045,33,未记录,溪流,527324728,2.306,109.2386976,23.0285177,804.331132795716,2215.7906618405896
WY045,34,未记录,溪流,527324728,2.306,109.2386521,23.0283083,799.6666498758109,2192.6008414375665
WY045,35,未记录,溪流,527324728,2.306,109.2383082,23.0282757,764.4113602900745,2188.9905828646893
WY045,36,未记录,溪流,527324728,2.306,109.2377772,23.0284526,709.9753068707744,2208.581219108158
WY045,37,未记录,溪流,527324728,2.306,109.2372968,23.0285177,660.7265685238659,2215.7906618405896
WY045,38,未记录,溪流,527324728,2.306,109.2369074,23.0285503,620.8067960182244,2219.4009204134663
WY045,39,未记录,溪流,527324728,2.306,109.2361286,23.0286434,540.9672510040278,2229.7111987303183
WY045,40,未记录,溪流,527324728,2.306,109.2356482,23.0286294,491.71851265711933,2228.1607809383045
WY045,41,未记录,溪流,527324728,2.306,109.2355217,23.0287458,478.750224979054,2241.0513974374053
WY045,42,未记录,溪流,527324728,2.306,109.2354611,23.029402,472.5377488250124,2313.7216942308955
WY045,43,未记录,溪流,527324728,2.306,109.2353296,23.0295184,459.056880606122,2326.612310729996
WY045,44,未记录,溪流,527324728,2.306,109.2349907,23.0294346,424.31417155975385,2317.331952803379
WY045,45,未记录,溪流,527324728,2.306,109.2344648,23.0288622,370.4009502929402,2253.9420139365056
WY045,46,未记录,溪流,527324728,2.306,109.2339692,23.0281454,319.5939671031474,2174.5606229865043
WY045,47,未记录,溪流,527324728,2.306,109.2335242,23.0277917,273.9742989842893,2135.3904249132825
WY045,48,未记录,溪流,527324728,2.306,109.2331803,23.027694,238.71900939709616,2124.5707236075814
WY045,49,未记录,溪流,527324728,2.306,109.2325633,23.0274845,175.4665706788108,2101.3698287916286
WY045,50,未记录,溪流,527324728,2.306,109.2319066,23.0274886,108.14424246890968,2101.823879716618
WY046,1,未记录,溪流,527324729,6.042,109.2529687,23.0558124,2267.348763565116,5238.518412350235
WY046,2,未记录,溪流,527324729,6.042,109.2533049,23.0549438,2301.814679119934,5142.3260627697755
WY046,3,未记录,溪流,527324729,6.042,109.2537983,23.0540159,2352.3961268721137,5039.566586398919
WY046,4,未记录,溪流,527324729,6.042,109.2540987,23.0535026,2383.191965755149,4982.721625496976
WY046,5,未记录,溪流,527324729,6.042,109.2538127,23.0533117,2353.8723588289904,4961.5805714614935
WY046,6,未记录,溪流,527324729,6.042,109.2531904,23.0533512,2290.0765847378093,4965.954964517841
WY046,7,未记录,溪流,527324729,6.042,109.2524252,23.0538514,2211.6312587959387,5021.349177342954
WY046,8,未记录,溪流,527324729,6.042,109.2515526,23.0547398,2122.17570283872,5119.734260657856
WY046,9,未记录,溪流,527324729,6.042,109.2512451,23.0549043,2090.651999588908,5137.951669713821
WY046,10,未记录,溪流,527324729,6.042,109.2508518,23.0547332,2050.3324142605197,5119.003349413173
WY046,11,未记录,溪流,527324729,6.042,109.2506801,23.0544568,2032.7303984931632,5088.393672434028
WY046,12,未记录,溪流,527324729,6.042,109.2508518,23.0538711,2050.3324142605197,5023.530836664467
WY046,13,未记录,溪流,527324729,6.042,109.2515026,23.0529959,2117.049897431927,4926.6075758393235
WY046,14,未记录,溪流,527324729,6.042,109.2519031,23.0527853,2158.1075987402105,4903.284862482722
WY046,15,未记录,溪流,527324729,6.042,109.2519388,23.0523115,2161.7674238003315,4850.8142946363405
WY046,16,未记录,溪流,527324729,6.042,109.2513882,23.0516863,2105.3220546614634,4781.577065811218
WY046,17,未记录,溪流,527324729,6.042,109.2505442,23.0516139,2018.7984593975893,4773.559190943992
WY046,18,未记录,溪流,527324729,6.042,109.2501151,23.0515349,1974.8087973988752,4764.810404832083
WY046,19,未记录,溪流,527324729,6.042,109.2497361,23.0511203,1935.9551924171592,4718.895889363562
WY046,20,未记录,溪流,527324729,6.042,109.2496717,23.0497252,1929.3531550520322,4564.3967563914
WY046,21,未记录,溪流,527324729,6.042,109.2490066,23.0484221,1861.169691533953,4420.086083195048
WY046,22,未记录,溪流,527324729,6.042,109.2490638,23.0481918,1867.0336129191849,4394.5817105169335
WY046,23,未记录,溪流,527324729,6.042,109.2493785,23.048047,1899.2954321488921,4378.545960782481
WY046,24,未记录,溪流,527324729,6.042,109.2498004,23.0480273,1942.546978169168,4376.364301460969
WY046,25,未记录,溪流,527324729,6.042,109.2500579,23.0478298,1968.9448760136436,4354.492336180803
WY046,26,未记录,溪流,527324729,6.042,109.2503154,23.0474416,1995.3427738581192,4311.501465691407
WY046,27,未记录,溪流,527324729,6.042,109.250394,23.0468427,2003.4005399568,4245.17680743248
WY046,28,未记录,溪流,527324729,6.042,109.2502081,23.0463491,1984.3427954544327,4190.51350585205
WY046,29,未记录,溪流,527324729,6.042,109.2494285,23.0461056,1904.4212375542288,4163.547310684177
WY046,30,未记录,溪流,527324729,6.042,109.2484916,23.0458621,1808.3738958450017,4136.581115516304
WY046,31,未记录,溪流,527324729,6.042,109.2479767,23.0455791,1755.5883517677116,4105.240527292475
WY046,32,未记录,溪流,527324729,6.042,109.2477621,23.0452237,1733.5883949632523,4065.8820642014216
WY046,33,未记录,溪流,527324729,6.042,109.2474689,23.0448354,1703.5306720586555,4022.8801192990964
WY046,34,未记录,溪流,527324729,6.042,109.246911,23.0448354,1646.3369353311443,4022.8801192990964
WY046,35,未记录,溪流,527324729,6.042,109.2466536,23.0451053,1619.9492890983302,4052.769959446094
WY046,36,未记录,溪流,527324729,6.042,109.2462316,23.0451645,1576.687491466393,4059.326011823561
WY046,37,未记录,溪流,527324729,6.042,109.2455879,23.0449407,1510.6978726617629,4034.5414759775936
WY046,38,未记录,溪流,527324729,6.042,109.2448584,23.0443024,1435.9123717785567,3963.853499075248
WY046,39,未记录,溪流,527324729,6.042,109.2445581,23.0438285,1405.126784507183,3911.371856816331
WY046,40,未记录,溪流,527324729,6.042,109.2446439,23.0435521,1413.922666584302,3880.7621798371856
WY046,41,未记录,溪流,527324729,6.042,109.2451445,23.0434271,1465.2422303149199,3866.9191638371753
WY046,42,未记录,溪流,527324729,6.042,109.2455593,23.0432362,1507.7659119684185,3845.7781098020864
WY046,43,未记录,溪流,527324729,6.042,109.2454235,23.0430453,1493.8442244845062,3824.637055766997
WY046,44,未记录,溪流,527324729,6.042,109.2449371,23.0430453,1443.980389488899,3824.637055766997
WY046,45,未记录,溪流,527324729,6.042,109.2446224,23.042894,1411.7185702591914,3807.8814692007913
WY046,46,未记录,溪流,527324729,6.042,109.2440002,23.0427492,1347.9330477796718,3791.8457194663392
WY046,47,未记录,溪流,527324729,6.042,109.2439287,23.0425386,1340.603146047768,3768.5230061097373
WY046,48,未记录,溪流,527324729,6.042,109.2443364,23.0423017,1382.398963333033,3742.287722186547
WY046,49,未记录,溪流,527324729,6.042,109.2444293,23.0419331,1391.9227097783858,3701.467436606127
WY046,50,未记录,溪流,527324729,6.042,109.2440717,23.0416896,1355.2629495115757,3674.501241438254
WY046,51,未记录,溪流,527324729,6.042,109.2434638,23.0417159,1292.9434073772713,3677.413812004449
WY046,52,未记录,溪流,527324729,6.042,109.2430633,23.0416633,1251.8857060704447,3671.5886708716653
WY046,53,未记录,溪流,527324729,6.042,109.242956,23.041558,1240.8857276682152,3659.9273141931676
WY046,54,未记录,溪流,527324729,6.042,109.2431706,23.0408998,1262.8856844726745,3587.0355291438436
WY046,55,未记录,溪流,527324729,6.042,109.2430705,23.0401101,1252.623822048883,3499.5808912627563
WY046,56,未记录,溪流,527324729,6.042,109.2426771,23.0397086,1212.2939851088336,3455.1171238710654
WY046,57,未记录,溪流,527324729,6.042,109.2428488,23.0386556,1229.89600087619,3338.503557087269
WY046,58,未记录,溪流,527324729,6.042,109.2428488,23.0372405,1229.89600087619,3181.7895415552007
WY046,59,未记录,溪流,527324729,6.042,109.2426271,23.0369246,1207.1681797034971,3146.805471520101
WY046,60,未记录,溪流,527324729,6.042,109.2422766,23.0370036,1171.236283802007,3155.55425763201
WY046,61,未记录,溪流,527324729,6.042,109.2422265,23.037201,1166.100226785009,3177.4151484992462
WY046,62,未记录,溪流,527324729,6.042,109.2418689,23.037517,1129.440466516742,3212.410292947275
WY046,63,未记录,溪流,527324729,6.042,109.2415614,23.0378592,1097.9167632654728,3250.3069335485698
WY046,64,未记录,溪流,527324729,6.042,109.2411609,23.0378395,1056.8590619586464,3248.125274227057
WY046,65,未记录,溪流,527324729,6.042,109.2405315,23.0374446,992.3354235006883,3204.392418080049
WY046,66,未记录,溪流,527324729,6.042,109.2395446,23.0375959,891.162276384668,3221.1480046462543
WY046,67,未记录,溪流,527324729,6.042,109.2388437,23.0373393,819.308736194806,3192.7310614015514
WY046,68,未记录,溪流,527324729,6.042,109.2380641,23.0370826,739.387178294602,3164.303043744312
WY046,69,未记录,溪流,527324729,6.042,109.2371129,23.0370628,641.8738562387027,3162.1103100098703
WY046,70,未记录,溪流,527324729,6.042,109.2365399,23.0369179,583.132126278512,3146.063485862489
WY046,71,未记录,溪流,527324729,6.042,109.2362824,23.0370495,556.7342284340363,3160.6374131071816
WY046,72,未记录,溪流,527324729,6.042,109.2362896,23.0376156,557.4723444139315,3223.329663967767
WY046,73,未记录,溪流,527324729,6.042,109.2358819,23.038096,515.6765271272097,3276.531143058831
WY046,74,未记录,溪流,527324729,6.042,109.2355887,23.038254,485.6188042226128,3294.0287152826486
WY046,75,未记录,溪流,527324729,6.042,109.2339151,23.0375234,314.04784565319807,3213.1190553664924
WY046,76,未记录,溪流,527324729,6.042,109.2332429,23.0369113,245.13651776542824,3145.332574617806
WY046,77,未记录,溪流,527324729,6.042,109.2329711,23.03547,217.2726395757372,2985.717062932078
WY046,78,未记录,溪流,527324729,6.042,109.2330712,23.0335679,227.5345019995285,2775.0706570642624
WY046,79,未记录,溪流,527324729,6.042,109.2330498,23.0329952,225.34065728607945,2711.647494958601
WY046,80,未记录,溪流,527324729,6.042,109.232263,23.0321528,144.68098340743697,2618.3566415318
WY046,81,未记录,溪流,527324729,6.042,109.2321629,23.0307377,134.41912098364568,2461.6426259997315
WY046,82,未记录,溪流,527324729,6.042,109.2321772,23.0293028,135.88510132886097,2302.7358767332207
WY046,83,未记录,溪流,527324729,6.042,109.2319066,23.0274886,108.14424246890968,2101.823879716618
WY047,1,镇龙江,河流,527324730,22.613,109.2319066,23.0274886,108.14424246890968,2101.823879716618
WY047,2,镇龙江,河流,527324730,22.613,109.2317356,23.0272591,90.613987977356,2076.408102340365
WY047,3,镇龙江,河流,527324730,22.613,109.230577,23.0266338,-28.16117490456414,2007.159799102313
WY047,4,镇龙江,河流,527324730,22.613,109.2302971,23.0262337,-56.85543357036256,1962.8510734896659
WY047,5,镇龙江,河流,527324730,22.613,109.2300692,23.0252121,-80.21885461362038,1849.7148723255614
WY047,6,镇龙江,河流,527324730,22.613,109.2299762,23.0242708,-89.75285267063474,1745.4714246394806
WY047,7,镇龙江,河流,527324730,22.613,109.2294756,23.0238232,-141.07241640125258,1695.9023529467586
WY047,8,镇龙江,河流,527324730,22.613,109.2290322,23.023843,-186.52805874663872,1698.0950866812007
WY047,9,镇龙江,河流,527324730,22.613,109.2285244,23.0242708,-238.5857384571518,1745.4714246394806
WY047,10,镇龙江,河流,527324730,22.613,109.2282383,23.0244222,-267.91559699351495,1762.2380856186153
WY047,11,镇龙江,河流,527324730,22.613,109.2278235,23.0243695,-310.4392786470137,1756.4018700729018
WY047,12,镇龙江,河流,527324730,22.613,109.2266148,23.0233361,-434.3504985473886,1641.9588881984757
WY047,13,镇龙江,河流,527324730,22.613,109.2262358,23.0226779,-473.20410352910466,1569.0671031491522
WY047,14,镇龙江,河流,527324730,22.613,109.226436,23.0221908,-452.6803786800653,1515.123638400476
WY047,15,镇龙江,河流,527324730,22.613,109.2275231,23.0220723,-341.23511753004897,1502.0004592326127
WY047,16,镇龙江,河流,527324730,22.613,109.2297187,23.0223817,-116.15075051365362,1536.2646924355652
WY047,17,镇龙江,河流,527324730,22.613,109.2301479,23.0222764,-72.15083690327815,1524.6033357570675
WY047,18,镇龙江,河流,527324730,22.613,109.2303839,23.021967,-47.95703538391294,1490.339102554115
WY047,19,镇龙江,河流,527324730,22.613,109.2301836,23.0215063,-68.49101184315697,1439.3192827845635
WY047,20,镇龙江,河流,527324730,22.613,109.2293397,23.0209731,-155.00435549682652,1380.27051373525
WY047,21,镇龙江,河流,527324730,22.613,109.229354,23.0204531,-153.5383751501544,1322.6835671756955
WY047,22,镇龙江,河流,527324730,22.613,109.2301335,23.0194526,-73.62706886161176,1211.8840671121477
WY047,23,镇龙江,河流,527324730,22.613,109.2304482,23.0185047,-41.36524963190432,1106.9097081813838
WY047,24,镇龙江,河流,527324730,22.613,109.2304554,23.0179188,-40.62713365346594,1042.024723586357
WY047,25,镇龙江,河流,527324730,22.613,109.230906,23.0176885,5.566624671815428,1016.5203509078491
WY047,26,镇龙江,河流,527324730,22.613,109.2316641,23.0179057,83.28408624690901,1040.5739755095271
WY047,27,镇龙江,河流,527324730,22.613,109.2326796,23.0188601,187.38919405481684,1146.2681712724377
WY047,28,镇龙江,河流,527324730,22.613,109.2329371,23.0189589,213.78709189929256,1157.2096911187884
WY047,29,镇龙江,河流,527324730,22.613,109.2335093,23.0186956,272.4468089720189,1128.0507622164732
WY047,30,镇龙江,河流,527324730,22.613,109.2338168,23.0177543,303.9705122232879,1023.8073145303923
WY047,31,镇龙江,河流,527324730,22.613,109.2324436,23.0161745,163.19539253545165,848.8537411168936
WY047,32,镇龙江,河流,527324730,22.613,109.2323864,23.0153187,157.33147115021993,754.0789163748684
WY047,33,镇龙江,河流,527324730,22.613,109.2319859,23.0138771,116.27376984339335,594.4301814503522
WY047,34,镇龙江,河流,527324730,22.613,109.2309306,23.0118077,8.08852093075148,365.25628296809055
WY047,35,镇龙江,河流,527324730,22.613,109.2298686,23.0097875,-100.78358590493512,141.5309955837357
WY047,36,镇龙江,河流,527324730,22.613,109.2296056,23.0092755,-127.74532234417268,84.83000204790808
WY047,37,镇龙江,河流,527324730,22.613,109.2296807,23.0089332,-120.04636262304965,46.92228703368388
WY047,38,镇龙江,河流,527324730,22.613,109.2301312,23.0086963,-73.86285590942974,20.687003110493254
WY047,39,镇龙江,河流,527324730,22.613,109.2308533,23.0084264,0.16402577347192093,-9.20283703650491
WY047,40,镇龙江,河流,527324730,22.613,109.2309964,23.0080908,14.834080846027394,-46.368566393116915
WY047,41,镇龙江,河流,527324730,22.613,109.2308962,23.0077946,4.561966812031491,-79.17097710670387
WY047,42,镇龙江,河流,527324730,22.613,109.2305959,23.0075248,-26.22362046079918,-109.04974284116611
WY047,43,镇龙江,河流,527324730,22.613,109.2296235,23.0072878,-125.91028400828135,-135.29610117689265
WY047,44,镇龙江,河流,527324730,22.613,109.229173,23.0071891,-172.09379072190126,-146.22654661031405
WY047,45,镇龙江,河流,527324730,22.613,109.2289585,23.0066494,-194.08349591615595,-205.99515249177443
WY047,46,镇龙江,河流,527324730,22.613,109.2289799,23.0061295,-191.8896512027069,-263.57102463879295
WY047,47,镇龙江,河流,527324730,22.613,109.2294519,23.0054845,-143.50204816397647,-335.0009871983575
WY047,48,镇龙江,河流,527324730,22.613,109.2299667,23.0048263,-90.72675569689112,-407.8927722476812
WY047,49,镇龙江,河流,527324730,22.613,109.2302098,23.0044511,-65.805089810749,-449.443969073177
WY047,50,镇龙江,河流,527324730,22.613,109.230553,23.0040497,-30.621561499358748,-493.89666205233226
WY047,51,镇龙江,河流,527324730,22.613,109.2305244,23.0035231,-33.55352219270302,-552.214519856963
WY047,52,镇龙江,河流,527324730,22.613,109.2299309,23.0030624,-94.39683236867377,-603.234339626121
WY047,53,镇龙江,河流,527324730,22.613,109.228079,23.0028781,-284.2464130197421,-623.6444824165275
WY047,54,镇龙江,河流,527324730,22.613,109.2273854,23.0029439,-355.3515856195041,-616.3575187939844
WY047,55,镇龙江,河流,527324730,22.613,109.226842,23.0027794,-411.05883877847685,-634.574927849949
WY047,56,镇龙江,河流,527324730,22.613,109.2264988,23.0024042,-446.2423670898671,-676.1261246754447
WY047,57,镇龙江,河流,527324730,22.613,109.2265059,23.0017394,-445.51450272163333,-749.7488209694512
WY047,58,镇龙江,河流,527324730,22.613,109.2262485,23.001384,-471.90214895590447,-789.1072840605051
WY047,59,镇龙江,河流,527324730,22.613,109.2251617,23.0015025,-583.3166552738501,-775.9841048926419
WY047,60,镇龙江,河流,527324730,22.613,109.2245396,23.0015617,-647.0919261431651,-769.4280525151748
WY047,61,镇龙江,河流,527324730,22.613,109.2238031,23.0018908,-722.5950397829434,-732.9821599903163
WY047,62,镇龙江,河流,527324730,22.613,109.2230809,23.0020751,-796.6321730760498,-712.5720172003033
WY047,63,镇龙江,河流,527324730,22.613,109.2227949,23.001825,-825.9517800022084,-740.2691236128595
WY047,64,镇龙江,河流,527324730,22.613,109.2226948,23.0013774,-836.2136424259996,-789.8381953055814
WY047,65,镇龙江,河流,527324730,22.613,109.222895,23.0008838,-815.6899175784171,-844.5014968860111
WY047,66,镇龙江,河流,527324730,22.613,109.2233598,23.0002322,-768.040430518125,-916.662370690652
WY047,67,镇龙江,河流,527324730,22.613,109.2237602,22.999936,-726.992980821503,-949.4647814038454
WY047,68,镇龙江,河流,527324730,22.613,109.2237816,22.9992844,-724.799136108054,-1021.6256552084863
WY047,69,镇龙江,河流,527324730,22.613,109.2235171,22.9990211,-751.914646709102,-1050.7845841108017
WY047,70,镇龙江,河流,527324730,22.613,109.2228378,22.9988302,-821.5538389636488,-1071.925638145891
WY047,71,镇龙江,河流,527324730,22.613,109.2224088,22.9988434,-865.5332493521581,-1070.4638156565254
WY047,72,镇龙江,河流,527324730,22.613,109.2213291,22.9984682,-976.21989130187,-1112.0150124816278
WY047,73,镇龙江,河流,527324730,22.613,109.2211789,22.9980404,-991.617810744116,-1159.3913504399077
WY047,74,镇龙江,河流,527324730,22.613,109.2212719,22.9978429,-982.0838126871016,-1181.2633157200733
WY047,75,镇龙江,河流,527324730,22.613,109.2220369,22.9967898,-903.6589899656404,-1297.8879569164053
WY047,76,镇龙江,河流,527324730,22.613,109.222895,22.9952298,-815.6899175784171,-1470.648796595462
WY047,77,镇龙江,河流,527324730,22.613,109.2228735,22.9940055,-817.8940139020707,-1606.2328325053707
WY047,78,镇龙江,河流,527324730,22.613,109.2224588,22.9929655,-860.4074439453648,-1721.406725624873
WY047,79,镇龙江,河流,527324730,22.613,109.2226018,22.9925114,-845.7476404815571,-1771.6956341493483
WY047,80,镇龙江,河流,527324730,22.613,109.2239175,22.9921098,-710.8671970124801,-1816.170475953969
WY047,81,镇龙江,河流,527324730,22.613,109.2240605,22.9917478,-696.2073935501293,-1856.259850290099
WY047,82,镇龙江,河流,527324730,22.613,109.2238317,22.9905762,-719.6630790895993,-1986.0076706542943
WY047,83,镇龙江,河流,527324730,22.613,109.2241249,22.9900956,-689.6053561850023,-2039.2312985708236
WY047,84,镇龙江,河流,527324730,22.613,109.2247684,22.9899113,-623.6362406022382,-2059.64144136123
WY047,85,镇龙江,河流,527324730,22.613,109.2261985,22.9901944,-477.02795436269776,-2028.2897787244729
WY047,86,镇龙江,河流,527324730,22.613,109.2268062,22.9900759,-414.72891545025954,-2041.4129578923362
WY047,87,镇龙江,河流,527324730,22.613,109.2269921,22.9897204,-395.6711709478923,-2080.7824953963195
WY047,88,镇龙江,河流,527324730,22.613,109.2268992,22.9890556,-405.1949173932452,-2154.405191690326
WY047,89,镇龙江,河流,527324730,22.613,109.2267609,22.9884419,-419.37289514829854,-2222.3688630435217
WY047,90,镇龙江,河流,527324730,22.613,109.2261815,22.9873159,-478.7707282009201,-2347.066751171333
WY047,91,镇龙江,河流,527324730,22.613,109.2260313,22.9869702,-494.16864764170936,-2385.350996220828
WY047,92,镇龙江,河流,527324730,22.613,109.2263746,22.9860615,-458.97486772011445,-2485.984185333639
WY047,93,镇龙江,河流,527324730,22.613,109.227072,22.9855578,-387.48013390781034,-2541.766002607345
WY047,94,镇龙江,河流,527324730,22.613,109.2269003,22.9840565,-405.08214967516693,-2708.0261619727944
WY047,95,镇龙江,河流,527324730,22.613,109.2272866,22.9825157,-365.480177103351,-2878.660714394592
WY047,96,镇龙江,河流,527324730,22.613,109.2278016,22.9819428,-312.6843814143995,-2942.1060253257187
WY047,97,镇龙江,河流,527324730,22.613,109.2280483,22.9811328,-287.3936575390382,-3031.808769005108
WY047,98,镇龙江,河流,527324730,22.613,109.2280269,22.9802636,-289.5875022524873,-3128.0675650623575
WY047,99,镇龙江,河流,527324730,22.613,109.2275548,22.9802044,-337.9853569028792,-3134.6236174398246
WY047,100,镇龙江,河流,527324730,22.613,109.2260849,22.9803624,-488.6737842456968,-3117.126045216007
WY047,101,镇龙江,河流,527324730,22.613,109.2252588,22.9803427,-573.3623411736796,-3119.3077045375194
WY047,102,镇龙江,河流,527324730,22.613,109.2243898,22.9800068,-662.448839141679,-3156.506657132526
WY047,103,镇龙江,河流,527324730,22.613,109.2242128,22.9796809,-680.5941902804744,-3192.598168447579
WY047,104,镇龙江,河流,527324730,22.613,109.224835,22.9780857,-616.8086678009548,-3369.2572014325287
WY047,105,镇龙江,河流,527324730,22.613,109.2253607,22.9770584,-562.9159497560072,-3483.0246441265253
WY047,106,镇龙江,河流,527324730,22.613,109.2266107,22.9759768,-434.7708145905446,-3602.805492970745
WY047,107,镇龙江,河流,527324730,22.613,109.2274046,22.9756409,-353.3832763436684,-3640.004445566145
WY047,108,镇龙江,河流,527324730,22.613,109.2277425,22.9751569,-318.7430834051739,-3693.604603517552
WY047,109,镇龙江,河流,527324730,22.613,109.2276728,22.9748359,-325.88845614319655,-3729.1534686057544
WY047,110,镇龙江,河流,527324730,22.613,109.2274851,22.9744507,-345.130729639445,-3771.812106711204
WY047,111,镇龙江,河流,527324730,22.613,109.2268467,22.9738679,-410.5770130711794,-3836.3537845093547
WY047,112,镇龙江,河流,527324730,22.613,109.226777,22.9733592,-417.72238580774524,-3892.6893224224473
WY047,113,镇龙江,河流,527324730,22.613,109.2271793,22.9728455,-376.4801555055807,-3949.578580976107
WY047,114,镇龙江,河流,527324730,22.613,109.2279196,22.9724356,-300.58748065471696,-3994.972599042849
WY047,115,镇龙江,河流,527324730,22.613,109.2295235,22.9722578,-136.161894821868,-4014.662905001109
WY047,116,镇龙江,河流,527324730,22.613,109.2300814,22.9723269,-78.96815809435698,-4007.0104857566175
WY047,117,镇龙江,河流,527324730,22.613,109.2315298,22.9728603,69.516172924807,-3947.9395678814453
WY047,118,镇龙江,河流,527324730,22.613,109.2321843,22.9728307,136.61296569709472,-3951.2175940703755
WY047,119,镇龙江,河流,527324730,22.613,109.2334288,22.9731418,264.19426226779547,-3916.7650958495906
WY047,120,镇龙江,河流,527324730,22.613,109.2342764,22.972964,351.08691552088885,-3936.45540180785
WY047,121,镇龙江,河流,527324730,22.613,109.234668,22.9725294,391.2322234656005,-3984.5847998366717
WY047,122,镇龙江,河流,527324730,22.613,109.234668,22.9720158,391.2322234656005,-4041.4629839770087
WY047,123,镇龙江,河流,527324730,22.613,109.2343837,22.9712305,362.0868939231185,-4128.430347695105
WY047,124,镇龙江,河流,527324730,22.613,109.2345339,22.9709045,377.4848133653646,-4164.532933423087
WY047,125,镇龙江,河流,527324730,22.613,109.2355585,22.970702,482.52281775725345,-4186.958619343033
WY047,126,镇龙江,河流,527324730,22.613,109.2364919,22.971023,578.2113530889228,-4151.4097542552245
WY047,127,镇龙江,河流,527324730,22.613,109.2372268,22.9717441,653.5504409552293,-4071.5521635547684
WY047,128,镇龙江,河流,527324730,22.613,109.2380422,22.9721343,737.1420755257592,-4028.3398048091453
WY047,129,镇龙江,河流,527324730,22.613,109.2393243,22.9718874,868.5779777635806,-4055.6825300122896
WY047,130,镇龙江,河流,527324730,22.613,109.2429399,22.9670866,1239.2352183262049,-4587.342939712731
WY047,131,镇龙江,河流,527324730,22.613,109.2452144,22.9671261,1472.408106273352,-4582.968546656383
WY047,132,镇龙江,河流,527324730,22.613,109.2486476,22.9680349,1824.3664087140803,-4482.324283130643
WY047,133,镇龙江,河流,527324730,22.613,109.2500209,22.96681,1965.1517800121212,-4617.974765517341
WY047,134,镇龙江,河流,527324730,22.613,109.2502355,22.9630957,1987.1517368180373,-5029.311680145926
WY047,135,镇龙江,河流,527324730,22.613,109.2513513,22.9610409,2101.5392102716028,-5256.868714359385
WY047,136,镇龙江,河流,527324730,22.613,109.2510938,22.9602506,2075.1413124285837,-5344.389798717655
WY047,137,镇龙江,河流,527324730,22.613,109.2473173,22.9583736,1687.9892300662602,-5552.256526972461
WY047,138,镇龙江,河流,527324730,22.613,109.2466306,22.9571683,1617.5914186114092,-5685.736424450576
WY047,139,镇龙江,河流,527324730,22.613,109.2469311,22.956299,1648.397509104649,-5782.006294920361
WY047,140,镇龙江,河流,527324730,22.613,109.2498922,22.9549356,1951.9579568964425,-5932.994839035223
WY047,141,镇龙江,河流,527324730,22.613,109.2561149,22.9531376,2589.8849429718125,-6132.11278117812
WY047,142,镇龙江,河流,527324730,22.613,109.2634105,22.9473284,3337.801461463645,-6775.4475695533
WY047,143,镇龙江,河流,527324730,22.613,109.265728,22.9408471,3575.382542059556,-7493.213486356889
WY047,144,镇龙江,河流,527324730,22.613,109.2668974,22.9387327,3695.26487891059,-7727.3708705991385
WY047,145,镇龙江,河流,527324730,22.613,109.2663411,22.9359642,3638.2351679565513,-8033.965988965722
WY047,146,镇龙江,河流,527324730,22.613,109.2654061,22.9312728,3542.382606852867,-8553.51099106307
WY047,147,镇龙江,河流,527324730,22.613,109.2655027,22.9305811,3552.2856628976433,-8630.112704400062
WY047,148,镇龙江,河流,527324730,22.613,109.2661893,22.9296424,3622.6732227408334,-8734.06821735352
WY047,149,镇龙江,河流,527324730,22.613,109.2661571,22.9288519,3619.3722040597268,-8821.611450536862
WY047,150,镇龙江,河流,527324730,22.613,109.2649126,22.9270437,3491.790907489026,-9021.858982785965
WY047,151,镇龙江,河流,527324730,22.613,109.2646766,22.9262532,3467.597105969661,-9109.402215969307
WY047,152,镇龙江,河流,527324730,22.613,109.2647624,22.9253046,3476.39298804678,-9214.454095789788
WY047,153,镇龙江,河流,527324730,22.613,109.2652023,22.9242374,3521.489824014608,-9332.640229191064
WY047,154,镇龙江,河流,527324730,22.613,109.2656851,22.9237532,3570.9846010209963,-9386.26253596833
WY047,155,镇龙江,河流,527324730,22.613,109.2663717,22.9236544,3641.372160864186,-9397.20405581468
WY047,156,镇龙江,河流,527324730,22.613,109.2684102,22.9236445,3850.3512472934244,-9398.300422681705
WY047,157,镇龙江,河流,527324730,22.613,109.2700302,22.9232393,4016.4273424668268,-9443.173943347454
WY047,158,镇龙江,河流,527324730,22.613,109.2706096,22.9231306,4075.8251755194483,-9455.211830060829
WY047,159,镇龙江,河流,527324730,22.613,109.2741823,22.9234172,4442.08447504497,-9423.472562976265
WY047,160,镇龙江,河流,527324730,22.613,109.2746115,22.9230318,4486.084388655345,-9466.15334990718
WY047,161,镇龙江,河流,527324730,22.613,109.2750406,22.9213915,4530.07405065406,-9647.806943065047
WY047,162,镇龙江,河流,527324730,22.613,109.2745471,22.9202748,4479.4823512916755,-9771.474910801837
WY047,163,镇龙江,河流,527324730,22.613,109.2746329,22.9195535,4488.278233368795,-9851.354650328152
WY047,164,镇龙江,河流,527324730,22.613,109.2748797,22.9186937,4513.579208855817,-9946.572451582237
WY047,165,镇龙江,河流,527324730,22.613,109.2751479,22.9184763,4541.074029056289,-9970.648225009381
WY047,166,镇龙江,河流,527324730,22.613,109.2757058,22.9182787,4598.2677657838,-9992.531264702082
WY047,167,镇龙江,河流,527324730,22.613,109.2755985,22.9178241,4587.26778738157,-10042.875545290417
WY047,168,镇龙江,河流,527324730,22.613,109.2750621,22.9166581,4532.27814697917,-10172.003198538043
WY047,169,镇龙江,河流,527324730,22.613,109.2747617,22.9156698,4501.482308096134,-10281.451620239945
WY047,170,镇龙江,河流,527324730,22.613,109.2736673,22.9137626,4389.288679356018,-10492.662821160864
WY047,171,镇龙江,河流,527324730,22.613,109.2735171,22.9131696,4373.890759915229,-10558.334089064434
WY047,172,镇龙江,河流,527324730,22.613,109.2733347,22.9129028,4355.1918217918765,-10587.880622414556
WY047,173,镇龙江,河流,527324730,22.613,109.2733776,22.9125569,4359.589762830436,-10626.187016289909
WY047,174,镇龙江,河流,527324730,22.613,109.2739355,22.9123297,4416.78349955649,-10651.348082171147
WY047,175,镇龙江,河流,527324730,22.613,109.2746973,22.9120134,4494.880270732464,-10686.376449857571
WY047,176,镇龙江,河流,527324730,22.613,109.2761028,22.9119838,4638.966660713068,-10689.654476046107
WY047,177,镇龙江,河流,527324730,22.613,109.2767143,22.9123494,4701.655260835136,-10649.166422849636
WY047,178,镇龙江,河流,527324730,22.613,109.2768752,22.9129325,4718.150102634834,-10584.59152181309
WY047,179,镇龙江,河流,527324730,22.613,109.2770898,22.9130017,4740.150059439294,-10576.92802815567
WY047,180,镇龙江,河流,527324730,22.613,109.2778087,22.9129325,4813.848889575252,-10584.59152181309
WY047,181,镇龙江,河流,527324730,22.613,109.2783129,22.9126657,4865.537511296546,-10614.138055163212
WY047,182,镇龙江,河流,527324730,22.613,109.2796111,22.9120925,4998.623922873463,-10677.616589332732
WY047,183,镇龙江,河流,527324730,22.613,109.2801261,22.9110351,5051.419718562415,-10794.71743027952
WY047,184,镇龙江,河流,527324730,22.613,109.2802982,22.9076038,5069.062740772047,-11174.713756684278
WY048,1,镇龙江,河流,528981824,8.64,109.2802982,22.9076038,5069.062740772047,-11174.713756684278
WY048,2,镇龙江,河流,528981824,8.64,109.2804319,22.9074427,5082.76914442855,-11192.55463570497
WY048,3,镇龙江,河流,528981824,8.64,109.2805177,22.9065928,5091.565026507126,-11286.676070092031
WY048,4,镇龙江,河流,528981824,8.64,109.2807967,22.9062568,5120.167020675256,-11323.886097099574
WY048,5,镇龙江,河流,528981824,8.64,109.2812902,22.9063358,5170.758720039097,-11315.137310987666
WY048,6,镇龙江,河流,528981824,8.64,109.2822558,22.9072648,5269.748274051873,-11212.256016076159
WY048,7,镇龙江,河流,528981824,8.64,109.2830283,22.9077985,5348.9419675838435,-11153.151874962987
WY048,8,镇龙江,河流,528981824,8.64,109.2835862,22.9084705,5406.135704311354,-11078.731820947114
WY048,9,镇龙江,河流,528981824,8.64,109.2846805,22.9093599,5518.3190814398085,-10980.235993504491
WY048,10,镇龙江,河流,528981824,8.64,109.2851526,22.9094587,5566.716936090201,-10969.294473658141
WY048,11,镇龙江,河流,528981824,8.64,109.2856032,22.9094192,5612.910694414025,-10973.668866714095
WY048,12,镇龙江,河流,528981824,8.64,109.28644,22.9083717,5698.696173699461,-11089.673340793464
WY048,13,镇龙江,河流,528981824,8.64,109.2876631,22.9076799,5824.083625556713,-11166.286128543385
WY048,14,镇龙江,河流,528981824,8.64,109.2884356,22.9070671,5903.277319088683,-11234.15013018179
WY048,15,镇龙江,河流,528981824,8.64,109.2888862,22.9069683,5949.471077412508,-11245.091650028142
WY048,16,镇龙江,河流,528981824,8.64,109.2897874,22.9071067,6041.858594061614,-11229.764662712907
WY048,17,镇龙江,河流,528981824,8.64,109.2901951,22.907245,6083.654411348335,-11214.448749810601
WY048,18,镇龙江,河流,528981824,8.64,109.2910963,22.9076799,6176.041927997441,-11166.286128543385
WY048,19,镇龙江,河流,528981824,8.64,109.2913968,22.9079764,6206.848018490681,-11133.450494591796
WY048,20,镇龙江,河流,528981824,8.64,109.2915684,22.9083519,6224.439782646376,-11091.866074527907
WY048,21,镇龙江,河流,528981824,8.64,109.2916542,22.908767,6233.235664723496,-11045.896186995133
WY048,22,镇龙江,河流,528981824,8.64,109.2916113,22.9095971,6228.837723684936,-10953.967486342906
WY048,23,镇龙江,河流,528981824,8.64,109.2912251,22.9112376,6189.246002724782,-10772.291744359574
WY048,24,镇龙江,河流,528981824,8.64,109.2914397,22.9115934,6211.245959529241,-10732.888983617197
WY048,25,镇龙江,河流,528981824,8.64,109.2918903,22.9116922,6257.439717854522,-10721.947463770846
WY048,26,镇龙江,河流,528981824,8.64,109.2923194,22.9116131,6301.429379853236,-10730.707324295683
WY048,27,镇龙江,河流,528981824,8.64,109.2927057,22.9114155,6341.031352425052,-10752.590363988385
WY048,28,镇龙江,河流,528981824,8.64,109.2935211,22.9109807,6424.622986997038,-10800.741910842671
WY048,29,镇龙江,河流,528981824,8.64,109.2942506,22.910447,6499.408487878788,-10859.846051955845
WY048,30,镇龙江,河流,528981824,8.64,109.295066,22.9093797,6583.000122450775,-10978.04325977005
WY048,31,镇龙江,河流,528981824,8.64,109.2958385,22.907838,6662.193815982745,-11148.777481906638
WY048,32,镇龙江,河流,528981824,8.64,109.2967612,22.9076008,6756.785428956961,-11175.045989068223
WY048,33,镇龙江,河流,528981824,8.64,109.2972118,22.9076008,6802.979187280786,-11175.045989068223
WY048,34,镇龙江,河流,528981824,8.64,109.2977053,22.9077194,6853.570886644627,-11161.91173548743
WY048,35,镇龙江,河流,528981824,8.64,109.2985422,22.9082135,6939.366617540268,-11107.193061843142
WY048,36,镇龙江,河流,528981824,8.64,109.298864,22.9084903,6972.356301136751,-11076.539087212672
WY048,37,镇龙江,河流,528981824,8.64,109.2995507,22.9095773,7042.754112591603,-10956.160220077349
WY048,38,镇龙江,河流,528981824,8.64,109.2999154,22.9103482,7080.141737228104,-10870.787571802197
WY048,39,镇龙江,河流,528981824,8.64,109.3005163,22.9120677,7141.743666604379,-10680.363043706955
WY048,40,镇龙江,河流,528981824,8.64,109.3008381,22.9123444,7174.73335020232,-10649.720143489809
WY048,41,镇龙江,河流,528981824,8.64,109.3012458,22.9125025,7216.529167487585,-10632.211496853062
WY048,42,镇龙江,河流,528981824,8.64,109.3022543,22.912463,7319.916662538921,-10636.585889909016
WY048,43,镇龙江,河流,528981824,8.64,109.3027264,22.9123642,7368.314517187856,-10647.527409755367
WY048,44,镇龙江,河流,528981824,8.64,109.3031341,22.9121665,7410.110334473121,-10669.421523860605
WY048,45,镇龙江,河流,528981824,8.64,109.3042499,22.9113364,7524.497807928143,-10761.350224513224
WY048,46,镇龙江,河流,528981824,8.64,109.3045074,22.9104272,7550.895705772618,-10862.038785690287
WY048,47,镇龙江,河流,528981824,8.64,109.3045074,22.9091227,7550.895705772618,-11006.504500665684
WY048,48,镇龙江,河流,528981824,8.64,109.3045932,22.9086484,7559.6915878497375,-11059.030440575925
WY048,49,镇龙江,河流,528981824,8.64,109.3047863,22.9082728,7579.487448330543,-11100.625935052745
WY048,50,镇龙江,河流,528981824,8.64,109.3051297,22.9079961,7614.691479862343,-11131.268835270284
WY048,51,镇龙江,河流,528981824,8.64,109.3055803,22.9079566,7660.885238187624,-11135.643228326238
WY048,52,镇龙江,河流,528981824,8.64,109.30646,22.9082926,7751.068658511619,-11098.433201318303
WY048,53,镇龙江,河流,528981824,8.64,109.3070609,22.9089053,7812.670587887895,-11030.580274092827
WY048,54,镇龙江,河流,528981824,8.64,109.3075329,22.9100517,7861.058190926625,-10903.623205754178
WY048,55,镇龙江,河流,528981824,8.64,109.3076188,22.9108621,7869.864324615406,-10813.876164423464
WY048,56,镇龙江,河流,528981824,8.64,109.3077904,22.9112376,7887.4560887711,-10772.291744359574
WY048,57,镇龙江,河流,528981824,8.64,109.3116099,22.9128978,8279.016363782188,-10588.434343054729
WY048,58,镇龙江,河流,528981824,8.64,109.3124896,22.9131152,8369.19978410764,-10564.358569627586
WY048,59,镇龙江,河流,528981824,8.64,109.313348,22.9134512,8457.199611328391,-10527.14854261965
WY048,60,镇龙江,河流,528981824,8.64,109.313584,22.913807,8481.393412847758,-10487.745781877666
WY048,61,镇龙江,河流,528981824,8.64,109.3134982,22.9142221,8472.59753076918,-10441.775894344892
WY048,62,镇龙江,河流,528981824,8.64,109.313069,22.914894,8428.597617158804,-10367.366914741948
WY048,63,镇龙江,河流,528981824,8.64,109.3127042,22.9151115,8391.1997409121,-10343.280066902269
WY048,64,镇龙江,河流,528981824,8.64,109.3109876,22.9156056,8215.220589692464,-10288.561393257585
WY048,65,镇龙江,河流,528981824,8.64,109.3106657,22.9159218,8182.220654484318,-10253.544099984092
WY048,66,镇龙江,河流,528981824,8.64,109.3106443,22.9163171,8180.0268097708695,-10209.766946185759
WY048,67,镇龙江,河流,528981824,8.64,109.3109232,22.9166531,8208.618552328793,-10172.556919177823
WY048,68,镇龙江,河流,528981824,8.64,109.3113095,22.9169298,8248.220524899152,-10141.914018960677
WY048,69,镇龙江,河流,528981824,8.64,109.3141092,22.9178276,8535.234872838768,-10042.487940842611
WY048,70,镇龙江,河流,528981824,8.64,109.3155906,22.9183775,8687.102235425045,-9981.589744855732
WY048,71,镇龙江,河流,528981824,8.64,109.3162175,22.9187413,8751.36958361332,-9941.301031089233
WY048,72,镇龙江,河流,528981824,8.64,109.3176824,22.9198746,8901.545430416769,-9815.794710827413
WY048,73,镇龙江,河流,528981824,8.64,109.318133,22.9199536,8947.73918874205,-9807.045924715505
WY048,74,镇龙江,河流,528981824,8.64,109.3193132,22.9199536,9068.728699559286,-9807.045924715505
WY048,75,镇龙江,河流,528981824,8.64,109.3201715,22.9196769,9156.718275169833,-9837.688824933044
WY048,76,镇龙江,河流,528981824,8.64,109.3216092,22.9190643,9304.105683831544,-9905.53067774559
WY048,77,镇龙江,河流,528981824,8.64,109.3225747,22.9190643,9403.084986234115,-9905.53067774559
WY048,78,镇龙江,河流,528981824,8.64,109.323991,22.9193409,9548.278550182376,-9874.898851940587
WY048,79,镇龙江,河流,528981824,8.64,109.3249136,22.9193212,9642.85991154493,-9877.080511262493
WY048,80,镇龙江,河流,528981824,8.64,109.3257719,22.9191235,9730.849487155478,-9898.97462536773
WY048,81,镇龙江,河流,528981824,8.64,109.3261367,22.9189061,9768.247363402183,-9923.050398794874
WY048,82,镇龙江,河流,528981824,8.64,109.3265444,22.9185899,9810.043180687448,-9958.067692068367
WY048,83,镇龙江,河流,528981824,8.64,109.3274242,22.9175227,9900.236852621649,-10076.253825469643
WY048,84,镇龙江,河流,528981824,8.64,109.3278533,22.9167914,9944.22651462182,-10157.241006275519
WY048,85,镇龙江,河流,528981824,8.64,109.3278963,22.9163961,9948.63470727204,-10201.01816007385
WY048,86,镇龙江,河流,528981824,8.64,109.3284542,22.9148545,10005.828443998094,-10371.741307797902
WY048,87,镇龙江,河流,528981824,8.64,109.3285829,22.9140442,10019.02226711523,-10461.47727471608
WY048,88,镇龙江,河流,528981824,8.64,109.3287975,22.9136489,10041.022223919688,-10505.254428514412
WY048,89,镇龙江,河流,528981824,8.64,109.3324238,22.9124828,10412.776386841222,-10634.393156174574
WY049,1,镇龙江,河流,528981825,14.443,109.3324238,22.9124828,10412.776386841222,-10634.393156174574
WY049,2,镇龙江,河流,528981825,14.443,109.3338829,22.9125025,10562.35764021784,-10632.211496853062
WY049,3,镇龙江,河流,528981825,14.443,109.3347842,22.9128385,10654.755408477151,-10595.001469845125
WY049,4,镇龙江,河流,528981825,14.443,109.3357283,22.9129176,10751.540866164816,-10586.241609320286
WY049,5,镇龙江,河流,528981825,14.443,109.3362433,22.912799,10804.336661853768,-10599.37586290108
WY049,6,镇龙江,河流,528981825,14.443,109.3378097,22.9118305,10964.917893631156,-10706.63155086854
WY049,7,镇龙江,河流,528981825,14.443,109.3382389,22.9116527,11008.917807241533,-10726.3218568268
WY049,8,镇龙江,河流,528981825,14.443,109.338668,22.9116329,11052.907469241703,-10728.514590561243
WY049,9,镇龙江,河流,528981825,14.443,109.3390972,22.9117515,11096.90738285208,-10715.380336980448
WY049,10,镇龙江,河流,528981825,14.443,109.34017,22.9125618,11206.88666365688,-10625.644370062666
WY049,11,镇龙江,河流,528981825,14.443,109.3405563,22.9127397,11246.488636228696,-10605.942989691477
WY049,12,镇龙江,河流,528981825,14.443,109.3410713,22.91272,11299.28443191619,-10608.124649012989
WY049,13,镇龙江,河流,528981825,14.443,109.3413717,22.9123642,11330.080270799226,-10647.527409755367
WY049,14,镇龙江,河流,528981825,14.443,109.3414146,22.9119491,11334.478211837786,-10693.497297287748
WY049,15,镇龙江,河流,528981825,14.443,109.3418223,22.9111585,11376.274029124506,-10781.051604884413
WY049,16,镇龙江,河流,528981825,14.443,109.3419296,22.9107632,11387.274007526737,-10824.828758682352
WY049,17,镇龙江,河流,528981825,14.443,109.3418437,22.9094983,11378.467873837955,-10964.909006189257
WY049,18,镇龙江,河流,528981825,14.443,109.3413931,22.9083321,11332.274115514132,-11094.058808262349
WY049,19,镇龙江,河流,528981825,14.443,109.3408781,22.9076206,11279.47831982518,-11172.85325533378
WY049,20,镇龙江,河流,528981825,14.443,109.34017,22.9070474,11206.88666365688,-11236.331789503303
WY049,21,镇龙江,河流,528981825,14.443,109.339934,22.9066916,11182.692862137515,-11275.734550245681
WY049,22,镇龙江,河流,528981825,14.443,109.3397838,22.9062963,11167.294942696726,-11319.51170404362
WY049,23,镇龙江,河流,528981825,14.443,109.3397409,22.9058417,11162.89700165671,-11369.855984632348
WY049,24,镇龙江,河流,528981825,14.443,109.3398482,22.9054266,11173.896980060395,-11415.825872165122
WY049,25,镇龙江,河流,528981825,14.443,109.3401057,22.9050906,11200.294877903414,-11453.035899172666
WY049,26,镇龙江,河流,528981825,14.443,109.3409854,22.9051499,11290.47829822741,-11446.46877238227
WY049,27,镇龙江,河流,528981825,14.443,109.3418867,22.9053475,11382.876066488177,-11424.585732689568
WY049,28,镇龙江,河流,528981825,14.443,109.3445259,22.9062172,11653.436579070369,-11328.271564568458
WY049,29,镇龙江,河流,528981825,14.443,109.3477231,22.9070078,11981.201079991732,-11240.717256972186
WY049,30,镇龙江,河流,528981825,14.443,109.3486887,22.9071067,12080.190634004508,-11229.764662712907
WY049,31,镇龙江,河流,528981825,14.443,109.34959,22.9069486,12172.588402265275,-11247.273309349654
WY049,32,镇龙江,河流,528981825,14.443,109.3499977,22.9067509,12214.384219550539,-11269.167423455285
WY049,33,镇龙江,河流,528981825,14.443,109.3503195,22.9064346,12247.373903147023,-11304.195791141314
WY049,34,镇龙江,河流,528981825,14.443,109.3505556,22.9056045,12271.57795627805,-11396.124491793933
WY049,35,镇龙江,河流,528981825,14.443,109.350577,22.904715,12273.771800991499,-11494.631393649484
WY049,36,镇龙江,河流,528981825,14.443,109.3507058,22.9043197,12286.97587571884,-11538.408547447818
WY049,37,镇龙江,河流,528981825,14.443,109.3509633,22.9039639,12313.373773563315,-11577.811308189803
WY049,38,镇龙江,河流,528981825,14.443,109.3513709,22.9038058,12355.159339238377,-11595.31995482655
WY049,39,镇龙江,河流,528981825,14.443,109.351843,22.9038256,12403.55719388731,-11593.127221092107
WY049,40,镇龙江,河流,528981825,14.443,109.3522936,22.9039837,12449.750952211136,-11575.61857445536
WY049,41,镇龙江,河流,528981825,14.443,109.3547613,22.905565,12702.72995225075,-11400.498884849889
WY049,42,镇龙江,河流,528981825,14.443,109.3552333,22.9057231,12751.117555288023,-11382.99023821314
WY049,43,镇龙江,河流,528981825,14.443,109.3571431,22.9057033,12946.902818600125,-11385.182971947583
WY049,44,镇龙江,河流,528981825,14.443,109.3585378,22.90598,13089.882034611615,-11354.540071730044
WY049,45,镇龙江,河流,528981825,14.443,109.3604046,22.9060591,13281.259105273497,-11345.780211205205
WY049,46,镇龙江,河流,528981825,14.443,109.3608767,22.9059405,13329.65695992389,-11358.914464785998
WY049,47,镇龙江,河流,528981825,14.443,109.3613058,22.9056836,13373.646621922604,-11387.364631269096
WY049,48,镇龙江,河流,528981825,14.443,109.3623573,22.9042604,13481.44230962416,-11544.975674238214
WY049,49,镇龙江,河流,528981825,14.443,109.3625719,22.9038256,13503.442266430076,-11593.127221092107
WY049,50,镇龙江,河流,528981825,14.443,109.3628508,22.9035093,13532.034008988001,-11628.15558877853
WY049,51,镇龙江,河流,528981825,14.443,109.36328,22.9034303,13576.033922598377,-11636.904374890439
WY049,52,镇龙江,河流,528981825,14.443,109.3642026,22.9036477,13670.615283960931,-11612.828601463296
WY049,53,镇龙江,河流,528981825,14.443,109.364546,22.9039244,13705.819315494187,-11582.185701245757
WY049,54,镇龙江,河流,528981825,14.443,109.3660265,22.9071067,13857.594413584255,-11229.764662712907
WY049,55,镇龙江,河流,528981825,14.443,109.3664342,22.9073241,13899.390230869518,-11205.688889285762
WY049,56,镇龙江,河流,528981825,14.443,109.3673998,22.9073043,13998.379784882294,-11207.881623020205
WY049,57,镇龙江,河流,528981825,14.443,109.3681723,22.9067904,14077.573478414264,-11264.79303039933
WY049,58,镇龙江,河流,528981825,14.443,109.3684727,22.9064346,14108.3693172973,-11304.195791141314
WY049,59,镇龙江,河流,528981825,14.443,109.369331,22.9034698,14196.358892907847,-11632.529981834485
WY049,60,镇龙江,河流,528981825,14.443,109.369846,22.9027977,14249.154688595341,-11706.961110262893
WY049,61,镇龙江,河流,528981825,14.443,109.3705756,22.9023036,14323.950441088751,-11761.679783907577
WY049,62,镇龙江,河流,528981825,14.443,109.371627,22.9023036,14431.735877180105,-11761.679783907577
WY049,63,镇龙江,河流,528981825,14.443,109.3734739,22.9024666,14621.07287728889,-11743.628491043584
WY049,64,镇龙江,河流,528981825,14.443,109.374933,22.902427,14770.654130665507,-11748.013958512469
WY049,65,镇龙江,河流,528981825,14.443,109.3764351,22.9021306,14924.643576690889,-11780.838518051522
WY049,66,镇龙江,河流,528981825,14.443,109.378071,22.9020737,15092.349677985892,-11787.139858934761
WY049,67,镇龙江,河流,528981825,14.443,109.3792879,22.9027413,15217.101529971122,-11713.207079082273
WY049,68,镇龙江,河流,528981825,14.443,109.3800813,22.9034303,15298.437810164061,-11636.904374890439
WY049,69,镇龙江,河流,528981825,14.443,109.3810898,22.9044383,15401.825305215396,-11525.274293867025
WY049,70,镇龙江,河流,528981825,14.443,109.3818838,22.9050115,15483.223095072477,-11461.795759697503
WY049,71,镇龙江,河流,528981825,14.443,109.3823558,22.9051301,15531.610698111208,-11448.66150611671
WY049,72,镇龙江,河流,528981825,14.443,109.3828279,22.9051301,15580.008552760142,-11448.66150611671
WY049,73,镇龙江,河流,528981825,14.443,109.3837291,22.9049522,15672.39606940925,-11468.3628864879
WY049,74,镇龙江,河流,528981825,14.443,109.3840939,22.9046755,15709.793945655954,-11499.00578670544
WY049,75,镇龙江,河流,528981825,14.443,109.3843514,22.9043395,15736.19184350043,-11536.215813713376
WY049,76,镇龙江,河流,528981825,14.443,109.3847376,22.9035488,15775.783564460584,-11623.781195722577
WY049,77,镇龙江,河流,528981825,14.443,109.3848235,22.9031535,15784.589698149364,-11667.558349520908
WY049,78,镇龙江,河流,528981825,14.443,109.3846947,22.9019676,15771.385623422026,-11798.889810915512
WY049,79,镇龙江,河流,528981825,14.443,109.3842441,22.9003467,15725.1918650982,-11978.394967989869
WY049,80,镇龙江,河流,528981825,14.443,109.3842441,22.8999316,15725.1918650982,-12024.364855522643
WY049,81,镇龙江,河流,528981825,14.443,109.3843728,22.8995165,15738.385688213879,-12070.334743055024
WY049,82,镇龙江,河流,528981825,14.443,109.3849307,22.8992793,15795.57942494139,-12096.603250216609
WY049,83,镇龙江,河流,528981825,14.443,109.3854028,22.8992793,15843.977279590325,-12096.603250216609
WY049,84,镇龙江,河流,528981825,14.443,109.3872911,22.8996351,16037.558446577317,-12057.200489474231
WY049,85,镇龙江,河流,528981825,14.443,109.3882138,22.8996549,16132.150059551534,-12055.007755739789
WY049,86,镇龙江,河流,528981825,14.443,109.3886429,22.8995758,16176.139721550247,-12063.767616264628
WY049,87,镇龙江,河流,528981825,14.443,109.3889648,22.8992793,16209.139656758394,-12096.603250216609
WY049,88,镇龙江,河流,528981825,14.443,109.3891794,22.898884,16231.13961356431,-12140.38040401494
WY049,89,镇龙江,河流,528981825,14.443,109.3891579,22.8975596,16228.935517239199,-12287.049927137316
WY049,90,镇龙江,河流,528981825,14.443,109.3890292,22.8967294,16215.741694122064,-12378.98970220247
WY049,91,镇龙江,河流,528981825,14.443,109.3890935,22.8962945,16222.33347987553,-12427.152323469687
WY049,92,镇龙江,河流,528981825,14.443,109.3902308,22.8933888,16338.925049654204,-12748.941536197926
WY049,93,镇龙江,河流,528981825,14.443,109.3902308,22.8929539,16338.925049654204,-12797.104157465143
WY049,94,镇龙江,河流,528981825,14.443,109.3900591,22.8920841,16321.323033888306,-12893.429399998788
WY049,95,镇龙江,河流,528981825,14.443,109.3898875,22.8916887,16303.73126973261,-12937.21762821005
WY049,96,镇龙江,河流,528981825,14.443,109.389351,22.8909178,16248.731377720005,-13022.590276484809
WY049,97,镇龙江,河流,528981825,14.443,109.3890077,22.8901271,16213.537597796952,-13110.155658494008
WY049,98,镇龙江,河流,528981825,14.443,109.389115,22.8892573,16224.53757620064,-13206.480901028048
WY049,99,镇龙江,河流,528981825,14.443,109.389351,22.8889015,16248.731377720005,-13245.883661770426
WY049,100,镇龙江,河流,528981825,14.443,109.390258,22.8880939,16341.713487795943,-13335.320619542657
WY049,101,镇龙江,河流,528981825,14.443,109.3907515,22.8878967,16392.305187158327,-13357.159361584429
WY049,102,镇龙江,河流,528981825,14.443,109.3914539,22.8879724,16464.312501511457,-13348.776031094862
WY049,103,镇龙江,河流,528981825,14.443,109.3919259,22.8880119,16512.700104550186,-13344.401638038906
WY049,104,镇龙江,河流,528981825,14.443,109.3922693,22.8882887,16547.904136081987,-13313.747663408438
WY049,105,镇龙江,河流,528981825,14.443,109.3928063,22.8888084,16602.955286149987,-13256.193940087278
WY049,106,镇龙江,河流,528981825,14.443,109.3932992,22.8890991,16653.48547584823,-13224.000622077725
WY049,107,镇龙江,河流,528981825,14.443,109.3937498,22.8890201,16699.679234172054,-13232.749408189633
WY049,108,镇龙江,河流,528981825,14.443,109.3945438,22.8885456,16781.077024029135,-13285.29749692534
WY049,109,镇龙江,河流,528981825,14.443,109.3968382,22.8860977,17016.289982529375,-13556.388047855438
WY049,110,镇龙江,河流,528981825,14.443,109.3968811,22.8856826,17020.687923567937,-13602.357935388212
WY049,111,镇龙江,河流,528981825,14.443,109.3965163,22.8854058,16983.29004732123,-13633.01191001829
WY049,112,镇龙江,河流,528981825,14.443,109.3960442,22.8854058,16934.892192672294,-13633.01191001829
WY049,113,镇龙江,河流,528981825,14.443,109.3956151,22.8855245,16890.902530672123,-13619.86658202496
WY049,114,镇龙江,河流,528981825,14.443,109.39493,22.8862921,16820.668744990744,-13534.859389372543
WY049,115,镇龙江,河流,528981825,14.443,109.3942219,22.8867665,16748.077088822443,-13482.322375049373
WY049,116,镇龙江,河流,528981825,14.443,109.3933636,22.8869049,16660.0875132119,-13466.995387734138
WY049,117,镇龙江,河流,528981825,14.443,109.392913,22.8867467,16613.893754886616,-13484.515108783813
WY049,118,镇龙江,河流,528981825,14.443,109.392677,22.8863711,16589.69995336871,-13526.11060326024
WY049,119,镇龙江,河流,528981825,14.443,109.392677,22.8851257,16589.69995336871,-13664.031340271098
WY049,120,镇龙江,河流,528981825,14.443,109.3927413,22.8821999,16596.291739120716,-13988.046509972175
WY049,121,镇龙江,河流,528981825,14.443,109.3927843,22.8818045,16600.699931770938,-14031.834738183043
WY049,122,镇龙江,河流,528981825,14.443,109.3929988,22.8814487,16622.68963696519,-14071.237498925422
WY049,123,镇龙江,河流,528981825,14.443,109.3932992,22.8811324,16653.48547584823,-14106.265866611844
WY049,124,镇龙江,河流,528981825,14.443,109.394179,22.8808161,16743.679147782426,-14141.294234297875
WY049,125,镇龙江,河流,528981825,14.443,109.3951231,22.8809149,16840.464605471552,-14130.352714451525
WY049,126,镇龙江,河流,528981825,14.443,109.3954665,22.8811917,16875.66863700335,-14099.698739821448
WY049,127,镇龙江,河流,528981825,14.443,109.3956596,22.8815673,16895.464497484154,-14058.10324534463
WY049,128,镇龙江,河流,528981825,14.443,109.3963462,22.8822592,16965.852057327345,-13981.479383181779
WY049,129,镇龙江,河流,528981825,14.443,109.3967325,22.8825162,17005.45402989916,-13953.018142285751
WY049,130,镇龙江,河流,528981825,14.443,109.3976337,22.8827732,17097.84154654827,-13924.556901390119
WY049,131,镇龙江,河流,528981825,14.443,109.3985778,22.8827337,17194.627004235932,-13928.931294446073
WY049,132,镇龙江,河流,528981825,14.443,109.4007021,22.8818243,17412.40197274229,-14029.642004448602
WY049,133,镇龙江,河流,528981825,14.443,109.4011313,22.8817057,17456.401886352665,-14042.776258029395
WY049,134,镇龙江,河流,528981825,14.443,109.4019467,22.8813103,17539.993520923195,-14086.564486240655
WY049,135,镇龙江,河流,528981825,14.443,109.4027406,22.8807963,17621.38105917007,-14143.486968032317
WY049,136,镇龙江,河流,528981825,14.443,109.4035775,22.8797485,17707.17679006571,-14259.52466535008
WY049,137,镇龙江,河流,528981825,14.443,109.4052297,22.8761307,17876.553903923133,-14660.174771626936
WY049,138,镇龙江,河流,528981825,14.443,109.405852,22.8745095,17940.34967801286,-14839.713151940081
WY049,139,镇龙江,河流,528981825,14.443,109.4061095,22.8741141,17966.747575857335,-14883.501380150949
WY049,140,镇龙江,河流,528981825,14.443,109.4067747,22.8735605,18034.941290987077,-14944.809329411493
WY049,141,镇龙江,河流,528981825,14.443,109.4077403,22.8734815,18133.93084499985,-14953.558115523401
WY049,142,镇龙江,河流,528981825,14.443,109.4085986,22.8737385,18221.920420610397,-14925.096874627376
WY049,143,镇龙江,河流,528981825,14.443,109.4093216,22.8741428,18296.03956678951,-14880.323023677201
WY050,1,未记录,溪流,530995492,1.013,109.3911183,23.0570291,16429.90809562224,5373.260792887348
WY050,2,未记录,溪流,530995492,1.013,109.3912542,23.0571685,16443.84003471781,5388.6985243303025
WY050,3,未记录,溪流,530995492,1.013,109.3918081,23.0570916,16500.62370701237,5380.182300887156
WY050,4,未记录,溪流,530995492,1.013,109.392106,23.0568848,16531.163255624266,5357.2804152167555
WY050,5,未记录,溪流,530995492,1.013,109.3924405,23.056755,16565.454893795406,5342.905827402431
WY050,6,未记录,溪流,530995492,1.013,109.392545,23.0569137,16576.167827094425,5360.480920515967
WY050,7,未记录,溪流,530995492,1.013,109.392268,23.0572551,16547.770865142043,5398.288965815007
WY050,8,未记录,溪流,530995492,1.013,109.3921269,23.0576157,16533.30584228378,5438.2232983717
WY050,9,未记录,溪流,530995492,1.013,109.3918186,23.0580485,16501.7001261465,5486.153356970153
WY050,10,未记录,溪流,530995492,1.013,109.3918552,23.0582745,16505.452215704292,5511.181529897814
WY050,11,未记录,溪流,530995492,1.013,109.392106,23.0585149,16531.163255624266,5537.804418268811
WY050,12,未记录,溪流,530995492,1.013,109.3928168,23.058741,16604.03170528557,5562.843665609793
WY050,13,未记录,溪流,530995492,1.013,109.3930011,23.0588233,16622.92542401447,5571.957907344044
WY050,14,未记录,溪流,530995492,1.013,109.3934875,23.0588826,16672.789259010075,5578.52503413444
WY050,15,未记录,溪流,530995492,1.013,109.3938666,23.0589616,16711.653115601996,5587.273820246349
WY050,16,未记录,溪流,530995492,1.013,109.3950397,23.0589484,16831.914762052453,5585.811997756589
WY050,17,未记录,溪流,530995492,1.013,109.3955619,23.0588431,16885.448673719842,5574.150641078485
WY050,18,未记录,溪流,530995492,1.013,109.3957264,23.0589089,16902.312573507304,5581.437604700634
WY050,19,未记录,溪流,530995492,1.013,109.3957979,23.0591327,16909.64247523921,5606.222140546995
WY050,20,未记录,溪流,530995492,1.013,109.3956477,23.0592906,16894.244555796962,5623.708638358277
WY050,21,未记录,溪流,530995492,1.013,109.395147,23.0593235,16842.914740454682,5627.352120169549
WY050,22,未记录,溪流,530995492,1.013,109.3949682,23.0595012,16824.58486032055,5647.03135171488
WY050,23,未记录,溪流,530995492,1.013,109.3947464,23.0601462,16801.846787537652,5718.461314274444
WY050,24,未记录,溪流,530995492,1.013,109.3947464,23.0603502,16801.846787537652,5741.053116386363
WY050,25,未记录,溪流,530995492,1.013,109.3949253,23.0604717,16820.18691928199,5754.508527938567
WY051,1,未记录,溪流,850984209,7.258,109.37502471131263,23.2247021,14780.056017508552,23942.060966956
WY051,2,未记录,溪流,850984209,7.258,109.3751192,23.224596,14789.742629999946,23930.311014975247
WY051,3,未记录,溪流,850984209,7.258,109.3751192,23.224034,14789.742629999946,23868.07281503965
WY051,4,未记录,溪流,850984209,7.258,109.3748402,23.2235114,14761.14063583036,23810.19793374708
WY051,5,未记录,溪流,850984209,7.258,109.3751299,23.2221508,14790.839552357398,23659.519473191092
WY051,6,未记录,溪流,850984209,7.258,109.3754303,23.2220522,14821.635391240434,23648.600102170207
WY051,7,未记录,溪流,850984209,7.258,109.3754733,23.2218156,14826.043583889197,23622.398041485412
WY051,8,未记录,溪流,850984209,7.258,109.3756342,23.2215494,14842.53842568744,23592.91795461208
WY051,9,未记录,溪流,850984209,7.258,109.3756664,23.2209677,14845.839444370004,23528.49809535458
WY051,10,未记录,溪流,850984209,7.258,109.3760311,23.2208592,14883.227069006503,23516.48235746667
WY051,11,未记录,溪流,850984209,7.258,109.376117,23.2203465,14892.033202693829,23459.703843041516
WY051,12,未记录,溪流,850984209,7.258,109.3767285,23.2202479,14954.721802817352,23448.78447202063
WY051,13,未记录,溪流,850984209,7.258,109.3770397,23.2201296,14986.624815668045,23435.683441678233
WY051,14,未记录,溪流,850984209,7.258,109.3777156,23.2200014,15055.915453155238,23421.48604446881
WY051,15,未记录,溪流,850984209,7.258,109.3779623,23.2200211,15081.206177030599,23423.66770379032
WY051,16,未记录,溪流,850984209,7.258,109.379164,23.2190943,15204.399784174402,23321.030045960117
WY051,17,未记录,溪流,850984209,7.258,109.3798935,23.2180886,15279.185285056152,23209.65467643132
WY051,18,未记录,溪流,850984209,7.258,109.3803012,23.2181576,15320.981102342874,23217.29602126328
WY051,19,未记录,溪流,850984209,7.258,109.3806767,23.2178224,15359.475900945574,23180.174589557595
WY051,20,未记录,溪流,850984209,7.258,109.3808162,23.2172012,15373.776898030368,23111.380337244533
WY051,21,未记录,溪流,850984209,7.258,109.381696,23.2164814,15463.970569966024,23031.666713910192
WY051,22,未记录,溪流,850984209,7.258,109.3824363,23.2167969,15539.863244815431,23066.606486293967
WY051,23,未记录,溪流,850984209,7.258,109.3829512,23.2166096,15592.648788892722,23045.86411112001
WY051,24,未记录,溪流,850984209,7.258,109.3831551,23.2160377,15613.551823341184,22982.529544316993
WY051,25,未记录,溪流,850984209,7.258,109.3836915,23.2159293,15668.541463743584,22970.52488084162
WY051,26,未记录,溪流,850984209,7.258,109.3843782,23.2151996,15738.939275198436,22889.714890640254
WY051,27,未记录,溪流,850984209,7.258,109.3850219,23.2141643,15804.928894003066,22775.06149492253
WY051,28,未记录,溪流,850984209,7.258,109.385376,23.2139474,15841.229847892319,22751.041093559248
WY051,29,未记录,溪流,850984209,7.258,109.385376,23.2134445,15841.229847892319,22695.347871588583
WY051,30,未记录,溪流,850984209,7.258,109.3858802,23.2130994,15892.918469613613,22657.130073015876
WY051,31,未记录,溪流,850984209,7.258,109.3861484,23.2113738,15920.413289814085,22466.030005739813
WY051,32,未记录,溪流,850984209,7.258,109.3859553,23.2107329,15900.617429334736,22395.054094104846
WY051,33,未记录,溪流,850984209,7.258,109.3861377,23.2106441,15919.316367458088,22385.22001553845
WY051,34,未记录,溪流,850984209,7.258,109.3861163,23.2104075,15917.122522743182,22359.01795485365
WY051,35,未记录,溪流,850984209,7.258,109.3858158,23.2100624,15886.316432249943,22320.80015628134
WY051,36,未记录,溪流,850984209,7.258,109.3857193,23.2092538,15876.423627815371,22231.2524543806
WY051,37,未记录,溪流,850984209,7.258,109.3858158,23.2083072,15886.316432249943,22126.422062816346
WY051,38,未记录,溪流,850984209,7.258,109.3859446,23.2078733,15899.520506977284,22078.370185677242
WY051,39,未记录,溪流,850984209,7.258,109.3868351,23.2072718,15990.811101268935,22011.75759268569
WY051,40,未记录,溪流,850984209,7.258,109.3880045,23.2068971,16110.693438118513,21970.261767924057
WY051,41,未记录,溪流,850984209,7.258,109.3888092,23.2066309,16193.188150333048,21940.781681050725
WY051,42,未记录,溪流,850984209,7.258,109.3899035,23.2065421,16305.37152746296,21930.947602484328
WY051,43,未记录,溪流,850984209,7.258,109.3906224,23.206266,16379.070357598917,21900.371148743576
WY051,44,未记录,溪流,850984209,7.258,109.3915343,23.2057927,16472.554796605476,21847.95595296145
WY051,45,未记录,溪流,850984209,7.258,109.3921566,23.2052405,16536.350570696657,21786.80304547995
WY051,46,未记录,溪流,850984209,7.258,109.3919849,23.2049743,16518.7485549293,21757.322958606615
WY051,47,未记录,溪流,850984209,7.258,109.3921351,23.2045305,16534.146474371548,21708.17471460049
WY051,48,未记录,溪流,850984209,7.258,109.3923175,23.2042544,16552.8454124949,21677.598260859737
WY051,49,未记录,溪流,850984209,7.258,109.3922746,23.2038994,16548.44747145488,21638.284095420007
WY051,50,未记录,溪流,850984209,7.258,109.392457,23.2032387,16567.146409578236,21565.115450050598
WY051,51,未记录,溪流,850984209,7.258,109.3922639,23.2023217,16547.350549098886,21463.56308467488
WY051,52,未记录,溪流,850984209,7.258,109.3919527,23.2018878,16515.447536248194,21415.51120753617
WY051,53,未记录,溪流,850984209,7.258,109.3918669,23.2008129,16506.65165416962,21296.472344349168
WY051,54,未记录,溪流,850984209,7.258,109.3916953,23.2003987,16489.059890013923,21250.602126531972
WY051,55,未记录,溪流,850984209,7.258,109.391706,23.198742,16490.156812371377,21067.132329674932
WY051,56,未记录,溪流,850984209,7.258,109.3918455,23.1959611,16504.45780945617,20759.163984121238
WY051,57,未记录,溪流,850984209,7.258,109.3911052,23.1942945,16428.565134605306,20574.597820397175
WY051,58,未记录,溪流,850984209,7.258,109.3909228,23.1922137,16409.86619648195,20344.161438855524
WY051,59,未记录,溪流,850984209,7.258,109.39044,23.1909513,16360.371419475565,20204.358051668703
WY051,60,未记录,溪流,850984209,7.258,109.3905687,23.1905963,16373.5652425927,20165.043886228974
WY051,61,未记录,溪流,850984209,7.258,109.39044,23.1902511,16360.371419475565,20126.815013243733
WY051,62,未记录,溪流,850984209,7.258,109.390558,23.1893734,16372.468320235246,20029.614892098503
WY051,63,未记录,溪流,850984209,7.258,109.3903112,23.1889395,16347.167344748224,19981.5630149594
WY051,64,未记录,溪流,850984209,7.258,109.3903756,23.1884168,16353.769382111894,19923.6770592539
WY051,65,未记录,溪流,850984209,7.258,109.3902147,23.1878448,16337.274540313652,19860.33141803835
WY051,66,未记录,溪流,850984209,7.258,109.3903541,23.1875095,16351.565285786783,19823.198911920135
WY051,67,未记录,溪流,850984209,7.258,109.3900001,23.1870657,16315.274583507735,19774.050667914005
WY051,68,未记录,溪流,850984209,7.258,109.3900752,23.1866022,16322.973543228858,19722.720764585974
WY051,69,未记录,溪流,850984209,7.258,109.3903327,23.1863359,16349.371441073334,19693.22960329971
WY051,70,未记录,溪流,850984209,7.258,109.3901074,23.1862274,16326.274561911421,19681.213865411803
WY051,71,未记录,溪流,850984209,7.258,109.389292,23.185754,16242.682927339436,19628.787595216745
WY051,72,未记录,溪流,850984209,7.258,109.3889272,23.1848072,16205.28505109273,19523.935054827023
WY051,73,未记录,溪流,850984209,7.258,109.388659,23.1845607,16177.790230892258,19496.63662727481
WY051,74,未记录,溪流,850984209,7.258,109.3883586,23.1844916,16146.994392009223,19488.98420803032
WY051,75,未记录,溪流,850984209,7.258,109.3880367,23.1840873,16113.994456801078,19444.21035708015
WY051,76,未记录,溪流,850984209,7.258,109.3879831,23.1837224,16108.499593405064,19403.799824773
WY051,77,未记录,溪流,850984209,7.258,109.3877363,23.1832884,16083.198617918042,19355.736873220965
WY051,78,未记录,溪流,850984209,7.258,109.3877363,23.1829531,16083.198617918042,19318.60436710275
WY051,79,未记录,溪流,850984209,7.258,109.388144,23.1822627,16124.994435203307,19242.146621131873
WY051,80,未记录,溪流,850984209,7.258,109.3881762,23.1817992,16128.29545388587,19190.816717804235
WY051,81,未记录,溪流,850984209,7.258,109.3877149,23.1810496,16081.004773204593,19107.80291945589
WY051,82,未记录,溪流,850984209,7.258,109.3877685,23.1807044,16086.499636600605,19069.574046470254
WY051,83,未记录,溪流,850984209,7.258,109.3878168,23.1802902,16091.451164622265,19023.70382865306
WY051,84,未记录,溪流,850984209,7.258,109.3878972,23.1800781,16099.693459716284,19000.21499910409
WY051,85,未记录,溪流,850984209,7.258,109.3879241,23.1797675,16102.451143025952,18965.81787294756
WY051,86,未记录,溪流,850984209,7.258,109.3885302,23.1796935,16164.586156164918,18957.62280747543
WY051,87,未记录,溪流,850984209,7.258,109.389292,23.1796343,16242.682927339436,18951.066755097963
WY051,88,未记录,溪流,850984209,7.258,109.389528,23.1793039,16266.8767288588,18914.47689520699
WY051,89,未记录,溪流,850984209,7.258,109.3895334,23.1788157,16267.430315843358,18860.411611917665
WY051,90,未记录,溪流,850984209,7.258,109.3894637,23.1782437,16260.284943105335,18797.065970701722
WY051,91,未记录,溪流,850984209,7.258,109.389528,23.1777209,16266.8767288588,18739.168940583684
WY051,92,未记录,溪流,850984209,7.258,109.3896621,23.1773954,16280.624138959036,18703.121726919955
WY051,93,未记录,溪流,850984209,7.258,109.3899733,23.1772376,16312.527151809729,18685.646303521604
WY051,94,未记录,溪流,850984209,7.258,109.3900484,23.1769319,16320.226111530852,18651.791823591924
WY051,95,未记录,溪流,850984209,7.258,109.3899304,23.176207,16308.12921077117,18571.513405205267
WY051,96,未记录,溪流,850984209,7.258,109.3899035,23.1754081,16305.37152746296,18483.039921346088
WY051,97,未记录,溪流,850984209,7.258,109.390102,23.17527,16325.720974926864,18467.74615726964
WY051,98,未记录,溪流,850984209,7.258,109.3906546,23.1750678,16382.37137628148,18445.353694588088
WY051,99,未记录,溪流,850984209,7.258,109.3908745,23.1751072,16404.914668458834,18449.717013231115
WY051,100,未记录,溪流,850984209,7.258,109.3909925,23.1754031,16417.011569218517,18482.486200706306
WY051,101,未记录,溪流,850984209,7.258,109.3911856,23.1755067,16436.80742969932,18493.95929236697
WY051,102,未记录,溪流,850984209,7.258,109.3914485,23.1754081,16463.7589145269,18483.039921346088
WY051,103,未记录,溪流,850984209,7.258,109.3917181,23.1752573,16491.397257280434,18466.33970684374
WY052,1,未记录,溪流,851185423,1.354,109.3176341,23.0364395,8896.593902395109,3093.0834950276517
WY052,2,未记录,溪流,851185423,1.354,109.3180847,23.0367307,8942.787660718934,3125.332185101065
WY052,3,未记录,溪流,851185423,1.354,109.3185246,23.0368295,8987.884496686762,3136.273704947416
WY052,4,未记录,溪流,851185423,1.354,109.3190718,23.0368344,9043.98131105682,3136.8163511746598
WY052,5,未记录,溪流,851185423,1.354,109.3201286,23.0372046,9152.320334131273,3177.813827359982
WY052,6,未记录,溪流,851185423,1.354,109.3216306,23.0380686,9306.29952854645,3273.496753951593
WY052,7,未记录,溪流,851185423,1.354,109.3217486,23.0380439,9318.39642930613,3270.7613739903004
WY052,8,未记录,溪流,851185423,1.354,109.3218452,23.0379007,9328.299485350908,3254.902814860751
WY052,9,未记录,溪流,851185423,1.354,109.3220276,23.0373034,9346.99842347426,3188.7553472063328
WY052,10,未记录,溪流,851185423,1.354,109.3221831,23.0371898,9362.939678289402,3176.174814265714
WY052,11,未记录,溪流,851185423,1.354,109.322446,23.0372244,9389.89116311698,3180.006561094424
WY052,12,未记录,溪流,851185423,1.354,109.3227142,23.0374268,9417.38598331745,3202.4211726014405
WY052,13,未记录,溪流,851185423,1.354,109.3230468,23.0376934,9451.482840883049,3231.945557126097
WY052,14,未记录,溪流,851185423,1.354,109.3232721,23.037723,9474.579720044962,3235.223583315027
WY052,15,未记录,溪流,851185423,1.354,109.3235993,23.0374613,9508.122990626003,3206.2418450176147
WY052,16,未记录,溪流,851185423,1.354,109.3240339,23.037407,9552.676491220936,3200.228438867392
WY052,17,未记录,溪流,851185423,1.354,109.3261743,23.0378859,9772.101969067848,3253.2638017660893
WY052,18,未记录,溪流,851185423,1.354,109.3264103,23.0378316,9796.295770587212,3247.250395615866
WY052,19,未记录,溪流,851185423,1.354,109.3267053,23.0372738,9826.53802248569,3185.477321017796
WY052,20,未记录,溪流,851185423,1.354,109.3270433,23.0371997,9861.18846703439,3177.271181132738
WY052,21,未记录,溪流,851185423,1.354,109.3273759,23.0374021,9895.285324599989,3199.6857926401476
WY052,22,未记录,溪流,851185423,1.354,109.3277568,23.0378365,9934.333710187248,3247.7930418431106
WY052,23,未记录,溪流,851185423,1.354,109.3287063,23.0380439,10031.672754858013,3270.7613739903004
WY053,1,未记录,溪流,851185429,11.572,109.3412751,23.0072657,11320.177214754449,-137.74354640556257
WY053,2,未记录,溪流,851185429,11.572,109.3412536,23.0070633,11317.973118429338,-160.15815791297229
WY053,3,未记录,溪流,851185429,11.572,109.3408138,23.0057548,11272.886534073172,-305.0668494004288
WY053,4,未记录,溪流,851185429,11.572,109.3408459,23.0054091,11276.177301144073,-343.3510944495303
WY053,5,未记录,溪流,851185429,11.572,109.3411678,23.0050684,11309.177236350763,-381.0816188592452
WY053,6,未记录,溪流,851185429,11.572,109.3420368,23.0044314,11398.263734318762,-451.62562839468956
WY053,7,未记录,溪流,851185429,11.572,109.3421549,23.0042241,11410.370886688648,-474.5828861293434
WY053,8,未记录,溪流,851185429,11.572,109.3420798,23.0034784,11402.671926967527,-557.1647823785562
WY053,9,未记录,溪流,851185429,11.572,109.3417472,23.0030883,11368.575069403383,-600.3660667108563
WY053,10,未记录,溪流,851185429,11.572,109.341436,23.0019625,11336.672056552692,-725.041806012809
WY053,11,未记录,溪流,851185429,11.572,109.3414789,23.0013107,11341.06999759125,-797.2248286429152
WY053,12,未记录,溪流,851185429,11.572,109.3413824,23.0006441,11331.177193156678,-871.0468643676832
WY053,13,未记录,溪流,851185429,11.572,109.3411732,23.0005947,11309.73082333532,-876.5176242906618
WY053,14,未记录,溪流,851185429,11.572,109.3404597,23.0008021,11236.585580182462,-853.549292143472
WY053,15,未记录,溪流,851185429,11.572,109.3400788,23.0010144,11197.537194595203,-830.0383137694315
WY053,16,未记录,溪流,851185429,11.572,109.3396604,23.0013058,11154.644454952486,-797.7674748701593
WY053,17,未记录,溪流,851185429,11.572,109.3392098,23.0015181,11108.45069662866,-774.2564964961188
WY053,18,未记录,溪流,851185429,11.572,109.3389898,23.0014638,11085.897152838188,-780.2699026463416
WY053,19,未记录,溪流,851185429,11.572,109.3387324,23.0011181,11059.509506605373,-818.5541476958366
WY053,20,未记录,溪流,851185429,11.572,109.3387163,23.0007972,11057.85899726482,-854.0919383707161
WY053,21,未记录,溪流,851185429,11.572,109.3386948,22.9998639,11055.65490093971,-957.4494330326768
WY053,22,未记录,溪流,851185429,11.572,109.3389845,22.9992318,11085.353817465291,-1027.4507963412705
WY053,23,未记录,溪流,851185429,11.572,109.3389738,22.9990096,11084.256895109296,-1052.0581415827287
WY053,24,未记录,溪流,851185429,11.572,109.3386573,22.998664,11051.81054688425,-1090.3313122192942
WY053,25,未记录,溪流,851185429,11.572,109.3378794,22.9981998,10972.06326636918,-1141.7387364370459
WY053,26,未记录,溪流,851185429,11.572,109.3378365,22.9974887,10967.665325329162,-1220.4888858571549
WY053,27,未记录,溪流,851185429,11.572,109.3379331,22.9970887,10977.568381375397,-1264.7865370572663
WY053,28,未记录,溪流,851185429,11.572,109.3383729,22.9963924,11022.654965731565,-1341.8976733831068
WY053,29,未记录,溪流,851185429,11.572,109.3383944,22.995711,11024.859062056674,-1417.3587222021433
WY053,30,未记录,溪流,851185429,11.572,109.3381852,22.9954196,11003.412692235315,-1449.6295611010219
WY053,31,未记录,溪流,851185429,11.572,109.3377829,22.9951727,10962.17046193315,-1476.9722863041661
WY053,32,未记录,溪流,851185429,11.572,109.3374503,22.9949604,10928.073604369009,-1500.4832646786
WY053,33,未记录,溪流,851185429,11.572,109.3369782,22.9950196,10879.675749720074,-1493.927212301133
WY053,34,未记录,溪流,851185429,11.572,109.3364739,22.9953258,10827.976876388575,-1460.0173603075925
WY053,35,未记录,溪流,851185429,11.572,109.3359053,22.9954098,10769.686217303612,-1450.7148535555102
WY053,36,未记录,溪流,851185429,11.572,109.3351543,22.9956715,10692.69662009675,-1421.7331152580975
WY053,37,未记录,溪流,851185429,11.572,109.334988,22.99579,10675.648191313952,-1408.6099360902344
WY053,38,未记录,溪流,851185429,11.572,109.3348378,22.9960171,10660.250271873163,-1383.459944621532
WY053,39,未记录,溪流,851185429,11.572,109.3344784,22.9962591,10623.405982609558,-1356.659865645632
WY053,40,未记录,溪流,851185429,11.572,109.3340921,22.9962937,10583.804010039199,-1352.8281188169217
WY053,41,未记录,溪流,851185429,11.572,109.3334699,22.9959678,10520.018487558222,-1388.9196301319748
WY053,42,未记录,溪流,851185429,11.572,109.3330836,22.994911,10480.416514986406,-1505.9540246019722
WY053,43,未记录,溪流,851185429,11.572,109.3331104,22.9939431,10483.163946684414,-1613.1432660926432
WY053,44,未记录,溪流,851185429,11.572,109.3330032,22.9932814,10472.174219892388,-1686.4226555897735
WY053,45,未记录,溪流,851185429,11.572,109.3330675,22.9924962,10478.766005645854,-1773.3789448949408
WY053,46,未记录,溪流,851185429,11.572,109.3333197,22.9917505,10504.620568117432,-1855.960841144547
WY053,47,未记录,溪流,851185429,11.572,109.3336844,22.9910345,10542.008192752477,-1935.2536367919001
WY053,48,未记录,溪流,851185429,11.572,109.3336415,22.9907777,10537.610251713917,-1963.692728862462
WY053,49,未记录,溪流,851185429,11.572,109.3334645,22.9906592,10519.464900575122,-1976.8159080303253
WY053,50,未记录,溪流,851185429,11.572,109.3326759,22.9904567,10438.62069770114,-1999.241593950271
WY053,51,未记录,溪流,851185429,11.572,109.3322414,22.9906147,10394.07744871787,-1981.7440217264532
WY053,52,未记录,溪流,851185429,11.572,109.3318444,22.9910987,10353.378553788601,-1928.143863774653
WY053,53,未记录,溪流,851185429,11.572,109.3316513,22.9913357,10333.582693309252,-1901.897505438533
WY053,54,未记录,溪流,851185429,11.572,109.3312168,22.9914987,10289.039444325981,-1883.8462125745418
WY053,55,未记录,溪流,851185429,11.572,109.3309593,22.9915481,10262.641546481505,-1878.3754526515631
WY053,56,未记录,溪流,851185429,11.572,109.330439,22.9910444,10209.30241541966,-1934.157269924876
WY053,57,未记录,溪流,851185429,11.572,109.3298542,22.9901012,10149.350995383937,-2038.6111314538607
WY053,58,未记录,溪流,851185429,11.572,109.3294519,22.9896962,10108.108765081772,-2083.462503293752
WY053,59,未记录,溪流,851185429,11.572,109.3287545,22.989474,10036.614031270925,-2108.0698485352104
WY053,60,未记录,溪流,851185429,11.572,109.3275046,22.9889406,9908.479147715667,-2167.1407664103826
WY053,61,未记录,溪流,851185429,11.572,109.3273008,22.988748,9887.586364878865,-2188.4700854629104
WY053,62,未记录,溪流,851185429,11.572,109.3272632,22.9886295,9883.7317592132,-2201.593264631167
WY053,63,未记录,溪流,851185429,11.572,109.3274403,22.9880764,9901.887361963658,-2262.8458418274586
WY053,64,未记录,溪流,851185429,11.572,109.3282288,22.9871924,9982.721313225977,-2360.7436509789763
WY053,65,未记录,溪流,851185429,11.572,109.3284005,22.9868616,10000.323328991877,-2397.377808521274
WY053,66,未记录,溪流,851185429,11.572,109.3282932,22.9866295,9989.323350589648,-2423.0815206301495
WY053,67,未记录,溪流,851185429,11.572,109.3282825,22.986422,9988.226428232194,-2446.060927189875
WY053,68,未记录,溪流,851185429,11.572,109.3280625,22.9861801,9965.672884443178,-2472.8499317532396
WY053,69,未记录,溪流,851185429,11.572,109.3274349,22.9861356,9901.3337749791,-2477.778045448974
WY053,70,未记录,溪流,851185429,11.572,109.3267161,22.9859973,9827.645196453348,-2493.093958351279
WY053,71,未记录,溪流,851185429,11.572,109.3257451,22.9859282,9728.102055457472,-2500.7463775961637
WY053,72,未记录,溪流,851185429,11.572,109.3249029,22.985622,9641.762989187479,-2534.6562295897043
WY053,73,未记录,溪流,851185429,11.572,109.3248278,22.9851924,9634.064029466355,-2582.2319069783525
WY053,74,未记录,溪流,851185429,11.572,109.3250155,22.98498,9653.30630296406,-2605.753959765322
WY053,75,未记录,溪流,851185429,11.572,109.3259168,22.9845158,9745.704071223372,-2657.1613839826805
WY053,76,未记录,溪流,851185429,11.572,109.3260723,22.9835972,9761.645326038513,-2758.890939963302
WY053,77,未记录,溪流,851185429,11.572,109.3257773,22.9831577,9731.403074138578,-2807.562984218974
WY053,78,未记录,溪流,851185429,11.572,109.3256593,22.9826391,9719.306173378895,-2864.994888999485
WY053,79,未记录,溪流,851185429,11.572,109.3251175,22.9815576,9663.762945993394,-2984.764663431168
WY053,80,未记录,溪流,851185429,11.572,109.3248546,22.9809995,9636.811461164361,-3046.5709612676333
WY053,81,未记录,溪流,851185429,11.572,109.3245918,22.9806439,9609.87022794699,-3085.9515731841525
WY053,82,未记录,溪流,851185429,11.572,109.3242592,22.9797352,9575.773370382849,-3186.5847622973565
WY053,83,未记录,溪流,851185429,11.572,109.3239963,22.9783276,9548.821885555271,-3342.468196869558
WY053,84,未记录,溪流,851185429,11.572,109.323771,22.9772214,9525.725006391904,-3464.9733512625344
WY053,85,未记录,溪流,851185429,11.572,109.3235135,22.9768756,9499.327108548885,-3503.2686707249586
WY053,86,未记录,溪流,851185429,11.572,109.3233097,22.9759965,9478.434325710625,-3600.6238336492324
WY053,87,未记录,溪流,851185429,11.572,109.3227839,22.9742136,9424.531356055473,-3798.0695394598597
WY053,88,未记录,溪流,851185429,11.572,109.3226713,22.9731023,9412.988042278892,-3921.139488905545
WY053,89,未记录,溪流,851185429,11.572,109.3226123,22.9723269,9406.939591899778,-4007.0104857566175
WY053,90,未记录,溪流,851185429,11.572,109.3219793,22.9710477,9342.046895451143,-4148.674374293539
WY053,91,未记录,溪流,851185429,11.572,109.3217379,22.9701093,9317.299506948679,-4252.596664008209
WY053,92,未记录,溪流,851185429,11.572,109.3211961,22.9684991,9261.756279561721,-4430.916858913285
WY053,93,未记录,溪流,851185429,11.572,109.3212444,22.9681435,9266.707807584839,-4470.297470829804
WY053,94,未记录,溪流,851185429,11.572,109.321872,22.9680102,9331.046917048914,-4485.05966309233
WY053,95,未记录,溪流,851185429,11.572,109.3222529,22.9679311,9370.095302636173,-4493.819523616775
WY053,96,未记录,溪流,851185429,11.572,109.3228054,22.9680003,9426.735452379127,-4486.156029959354
WY053,97,未记录,溪流,851185429,11.572,109.3235135,22.9677682,9499.327108548885,-4511.85974206823
WY053,98,未记录,溪流,851185429,11.572,109.3241841,22.9671705,9568.074410661726,-4578.051507373185
WY053,99,未记录,溪流,851185429,11.572,109.3247098,22.9669976,9621.967128706672,-4597.1991671045935
WY053,100,未记录,溪流,851185429,11.572,109.3253106,22.9669236,9683.558806472744,-4605.394232576329
WY053,101,未记录,溪流,851185429,11.572,109.3261152,22.9667457,9766.043267077073,-4625.095612947518
WY053,102,未记录,溪流,851185429,11.572,109.3264478,22.9668396,9800.140124641215,-4614.696739328411
WY053,103,未记录,溪流,851185429,11.572,109.326539,22.967052,9809.48959370289,-4591.174686541442
WY053,104,未记录,溪流,851185429,11.572,109.3265659,22.9675459,9812.247277012559,-4536.478161722224
WY053,105,未记录,溪流,851185429,11.572,109.3267429,22.9677978,9830.392628151354,-4508.5817158793
WY053,106,未记录,溪流,851185429,11.572,109.3273008,22.9678274,9887.586364878865,-4505.3036896903695
WY053,107,未记录,溪流,851185429,11.572,109.3275905,22.9676249,9917.285281404447,-4527.729375610315
WY053,108,未记录,溪流,851185429,11.572,109.3279445,22.9671804,9953.575983683495,-4576.955140506161
WY053,109,未记录,溪流,851185429,11.572,109.3279338,22.9668396,9952.479061326043,-4614.696739328411
WY053,110,未记录,溪流,851185429,11.572,109.3276441,22.9662173,9922.78014480046,-4683.612810182517
WY053,111,未记录,溪流,851185429,11.572,109.3276173,22.9648688,9920.032713102453,-4832.951266789788
WY053,112,未记录,溪流,851185429,11.572,109.3278426,22.9640983,9943.129592264366,-4918.279617413616
WY053,113,未记录,溪流,851185429,11.572,109.3276817,22.9617423,9926.634750466124,-5179.192782980442
WY053,114,未记录,溪流,851185429,11.572,109.3274671,22.9614904,9904.634793661664,-5207.089228823759
WY053,115,未记录,溪流,851185429,11.572,109.3270647,22.9607346,9863.382311747839,-5290.789640765855
WY053,116,未记录,溪流,851185429,11.572,109.3270701,22.9585761,9863.935898732396,-5529.830841052909
WY053,117,未记录,溪流,851185429,11.572,109.3267053,22.9578796,9826.53802248569,-5606.964126204608
WY053,118,未记录,溪流,851185429,11.572,109.3262654,22.9578401,9781.44118651786,-5611.338519260562
WY053,119,未记录,溪流,851185429,11.572,109.3237817,22.9590849,9526.821928749356,-5473.484228726493
WY053,120,未记录,溪流,851185429,11.572,109.3219685,22.9605963,9340.939721483486,-5306.105553668161
WY053,121,未记录,溪流,851185429,11.572,109.3210137,22.9605963,9243.057341438369,-5306.105553668161
WY053,122,未记录,溪流,851185429,11.572,109.318546,22.9596776,8990.07834140021,-5407.846184061318
WY053,123,未记录,溪流,851185429,11.572,109.3181598,22.9589762,8950.486620440057,-5485.522115440262
WY053,124,未记录,溪流,851185429,11.572,109.3185031,22.9582649,8985.68040036165,-5564.294413686229
WY053,125,未记录,溪流,851185429,11.572,109.3215394,22.955311,9296.950059484772,-5891.421493384262
WY053,126,未记录,溪流,851185429,11.572,109.3274832,22.947941,9906.285303002218,-6707.605716740754
WY053,127,未记录,溪流,851185429,11.572,109.3310492,22.9454607,10271.85774460178,-6982.284377417871
WY054,1,未记录,溪流,851185432,5.764,109.3287063,23.0380439,10031.672754858013,3270.7613739903004
WY054,2,未记录,溪流,851185432,5.764,109.3295538,23.0381031,10118.555156500901,3277.3174263677674
WY054,3,未记录,溪流,851185432,5.764,109.3306106,23.0385523,10226.894179575354,3327.063688664998
WY054,4,未记录,溪流,851185432,5.764,109.3311846,23.0384832,10285.738425643418,3319.4112694205073
WY054,5,未记录,溪流,851185432,5.764,109.3324882,23.0381278,10419.378424204893,3280.0528063294532
WY054,6,未记录,溪流,851185432,5.764,109.3325043,23.0378217,10421.028933545447,3246.1540287484486
WY054,7,未记录,溪流,851185432,5.764,109.3316942,23.0371652,10337.980634347812,3173.4505087169573
WY054,8,未记录,溪流,851185432,5.764,109.3316513,23.0366123,10333.582693309252,3112.220080346131
WY054,9,未记录,溪流,851185432,5.764,109.3322736,23.0361531,10397.378467398978,3061.366376768553
WY054,10,未记录,溪流,851185432,5.764,109.3327618,23.0345043,10447.426831389923,2878.7714585227054
WY054,11,未记录,溪流,851185432,5.764,109.3325472,23.0338477,10425.426874584005,2806.0568640782844
WY054,12,未记录,溪流,851185432,5.764,109.3317747,23.0329196,10346.233181052035,2703.2752388819627
WY054,13,未记录,溪流,851185432,5.764,109.331882,23.0297995,10357.233159454265,2357.7424851105266
WY054,14,未记录,溪流,851185432,5.764,109.3324292,23.0282987,10413.329973825781,2191.5376978089366
WY054,15,未记录,溪流,851185432,5.764,109.3335235,23.0270743,10525.513350954236,2055.9425874860985
WY054,16,未记录,溪流,851185432,5.764,109.3354118,23.0260178,10719.094517941227,1938.9414162548892
WY054,17,未记录,溪流,851185432,5.764,109.3357444,23.0253266,10753.191375505368,1862.3950749813646
WY054,18,未记录,溪流,851185432,5.764,109.3358624,23.0236184,10765.288276265052,1673.221955532585
WY054,19,未记录,溪流,851185432,5.764,109.3369782,23.0223545,10879.675749720074,1533.2524521537923
WY054,20,未记录,溪流,851185432,5.764,109.3371103,23.0214774,10893.218127604563,1436.118777485352
WY054,21,未记录,溪流,851185432,5.764,109.3369492,23.0206753,10876.702782584454,1347.2909124171538
WY054,22,未记录,溪流,851185432,5.764,109.3369192,23.0202858,10873.627299339505,1304.1560745612494
WY054,23,未记录,溪流,851185432,5.764,109.3368924,23.0194613,10870.879867641497,1212.847541025593
WY054,24,未记录,溪流,851185432,5.764,109.3376917,23.0190614,10952.820992871475,1168.5609642384113
WY054,25,未记录,溪流,851185432,5.764,109.337815,23.0188491,10965.46122900551,1145.0499858643707
WY054,26,未记录,溪流,851185432,5.764,109.3376112,23.0184541,10944.568446167252,1101.3060553044331
WY054,27,未记录,溪流,851185432,5.764,109.337284,23.0181677,10911.02517558621,1069.5889370453344
WY054,28,未记录,溪流,851185432,5.764,109.3370426,23.0181233,10886.277787083744,1064.6718977621358
WY054,29,未记录,溪流,851185432,5.764,109.3367904,23.0180097,10860.423224612165,1052.0913648215167
WY054,30,未记录,溪流,851185432,5.764,109.3362004,23.0180245,10799.93872081375,1053.730377915785
WY054,31,未记录,溪流,851185432,5.764,109.3360609,23.0178863,10785.637723730415,1038.4255394264094
WY054,32,未记录,溪流,851185432,5.764,109.3360448,23.0177086,10783.987214388404,1018.7463078806857
WY054,33,未记录,溪流,851185432,5.764,109.3365759,23.0173037,10838.43351941791,973.9060104537238
WY054,34,未记录,溪流,851185432,5.764,109.337005,23.0171013,10882.42318141808,951.4913989467075
WY054,35,未记录,溪流,851185432,5.764,109.3369889,23.0169136,10880.77267207607,930.7047261210301
WY054,36,未记录,溪流,851185432,5.764,109.3367636,23.0166816,10857.675792914159,905.0120884250837
WY054,37,未记录,溪流,851185432,5.764,109.3350309,23.0162224,10680.04613235397,854.1583848478989
WY054,38,未记录,溪流,851185432,5.764,109.3348914,23.0160002,10665.745135269175,829.5510396064408
WY054,39,未记录,溪流,851185432,5.764,109.3349397,23.0156744,10670.696663292292,793.470602704317
WY054,40,未记录,溪流,851185432,5.764,109.335165,23.0153041,10693.793542454205,752.4620521060654
WY054,41,未记录,溪流,851185432,5.764,109.3358731,23.0150621,10766.385198622505,725.6619731301653
WY054,42,未记录,溪流,851185432,5.764,109.3372196,23.0149831,10904.423138222539,716.913187017863
WY054,43,未记录,溪流,851185432,5.764,109.3381423,23.0150671,10999.014751196755,726.2156937699453
WY054,44,未记录,溪流,851185432,5.764,109.3383729,23.0149683,11022.654965731565,715.2741739235946
WY054,45,未记录,溪流,851185432,5.764,109.338389,23.0146227,11024.305475073574,677.001003287029
WY054,46,未记录,溪流,851185432,5.764,109.3375361,23.0136945,10936.869486446129,574.2083036777778
WY054,47,未记录,溪流,851185432,5.764,109.3372571,23.0133192,10908.267492277999,532.6460324397461
WY054,48,未记录,溪流,851185432,5.764,109.3371445,23.0128798,10896.724178501416,483.9850625966098
WY054,49,未记录,溪流,851185432,5.764,109.3373322,23.0122922,10915.966451999122,418.91181298414415
WY054,50,未记录,溪流,851185432,5.764,109.3373591,23.0116849,10918.724135307333,351.6569040497725
WY054,51,未记录,溪流,851185432,5.764,109.3375897,23.0112059,10942.36434984214,298.6104667381458
WY054,52,未记录,溪流,851185432,5.764,109.3378472,23.0111023,10968.762247686616,287.1373750774803
WY054,53,未记录,溪流,851185432,5.764,109.3380886,23.0112405,10993.509636190538,302.4422135668561
WY054,54,未记录,溪流,851185432,5.764,109.3383568,23.0114479,11021.00445639101,325.4105457140459
WY054,55,未记录,溪流,851185432,5.764,109.3388665,23.0117293,11073.25691670561,356.57394333297106
WY054,56,未记录,溪流,851185432,5.764,109.3392205,23.012149,11109.547618984658,403.0532538545948
WY054,57,未记录,溪流,851185432,5.764,109.3394297,23.0124996,11130.993988806016,441.8801451313339
WY054,58,未记录,溪流,851185432,5.764,109.3395638,23.0128896,11144.741398906252,485.0703550510981
WY054,59,未记录,溪流,851185432,5.764,109.3397623,23.013176,11165.090846371615,516.7874733101968
WY054,60,未记录,溪流,851185432,5.764,109.3400681,23.0131908,11196.44027223775,518.4264864044651
WY054,61,未记录,溪流,851185432,5.764,109.3407923,23.0130476,11270.68243774806,502.5679272749158
WY054,62,未记录,溪流,851185432,5.764,109.340744,23.0128106,11265.730909724944,476.32156893918926
WY054,63,未记录,溪流,851185432,5.764,109.3407279,23.0124749,11264.080400384391,439.1447651696479
WY054,64,未记录,溪流,851185432,5.764,109.3405831,23.0121836,11249.236067926702,406.88500068330507
WY054,65,未记录,溪流,851185432,5.764,109.340347,23.0120009,11225.032014795675,386.65204849780133
WY054,66,未记录,溪流,851185432,5.764,109.339714,23.0109541,11160.139318348498,270.72509530775744
WY054,67,未记录,溪流,851185432,5.764,109.3397999,23.0106233,11168.945452037278,234.09093776546024
WY054,68,未记录,溪流,851185432,5.764,109.3395907,23.0102481,11147.49908221592,192.53974093996442
WY054,69,未记录,溪流,851185432,5.764,109.3385982,23.0093395,11045.751844894932,91.91762623968981
WY054,70,未记录,溪流,851185432,5.764,109.3384963,23.0091025,11035.305453475803,65.67126790396325
WY054,71,未记录,溪流,851185432,5.764,109.3386733,23.0088458,11053.450804614598,37.243250246330724
WY054,72,未记录,溪流,851185432,5.764,109.339757,23.0081989,11164.54751099872,-34.397126156531286
WY054,73,未记录,溪流,851185432,5.764,109.3409425,23.007562,11286.08035718885,-104.9300612794397
WY054,74,未记录,溪流,851185432,5.764,109.3412751,23.0072657,11320.177214754449,-137.74354640556257
WY055,1,未记录,溪流,851185434,1.677,109.3281591,23.048198,9975.575940487954,4395.268324110292
WY055,2,未记录,溪流,851185434,1.677,109.3273276,23.0479315,9890.333796576871,4365.755013998565
WY055,3,未记录,溪流,851185434,1.677,109.3265819,23.0477933,9813.88753474145,4350.450175508796
WY055,4,未记录,溪流,851185434,1.677,109.3262708,23.0475711,9781.99477350242,4325.842830267337
WY055,5,未记录,溪流,851185434,1.677,109.3262386,23.047423,9778.693754819855,4309.441624910544
WY055,6,未记录,溪流,851185434,1.677,109.3264586,23.0472256,9801.247298608872,4287.580734043701
WY055,7,未记录,溪流,851185434,1.677,109.3269092,23.0470183,9847.441056934153,4264.623476309441
WY055,8,未记录,溪流,851185434,1.677,109.327569,23.0468356,9915.081185079336,4244.390524123937
WY055,9,未记录,溪流,851185434,1.677,109.3277675,23.0466777,9935.430632543243,4226.904026312655
WY055,10,未记录,溪流,851185434,1.677,109.3281376,23.0461643,9973.371844164301,4170.047990997784
WY055,11,未记录,溪流,851185434,1.677,109.3281162,23.0459817,9971.177999449395,4149.826113224816
WY055,12,未记录,溪流,851185434,1.677,109.3272579,23.0449253,9883.188423840305,4032.836016406143
WY055,13,未记录,溪流,851185434,1.677,109.3269092,23.0445205,9847.441056934153,3988.00679339211
WY055,14,未记录,溪流,851185434,1.677,109.3268824,23.0442441,9844.693625236147,3957.397116412965
WY055,15,未记录,溪流,851185434,1.677,109.3270433,23.0440614,9861.18846703439,3937.1641642274612
WY055,16,未记录,溪流,851185434,1.677,109.3278962,23.0435382,9948.624455660378,3879.2228364581015
WY055,17,未记录,溪流,851185434,1.677,109.3279767,23.0432469,9956.877002364601,3846.9630719717584
WY055,18,未记录,溪流,851185434,1.677,109.3278265,23.0430347,9941.479082923812,3823.463168010254
WY055,19,未记录,溪流,851185434,1.677,109.3271881,23.0428569,9876.032799492079,3803.7728620519943
WY055,20,未记录,溪流,851185434,1.677,109.3271077,23.0425805,9867.790504398059,3773.1631850728495
WY055,21,未记录,溪流,851185434,1.677,109.3278587,23.0410058,9944.78010160492,3598.77440671206
WY055,22,未记录,溪流,851185434,1.677,109.3282556,23.040833,9985.468744923983,3579.6378213935805
WY055,23,未记录,溪流,851185434,1.677,109.3289852,23.0408133,10060.264497417395,3577.456162072068
WY055,24,未记录,溪流,851185434,1.677,109.3291783,23.0405812,10080.060357896744,3551.7524499631922
WY055,25,未记录,溪流,851185434,1.677,109.3291354,23.0403887,10075.662416858184,3530.4342053235937
WY055,26,未记录,溪流,851185434,1.677,109.3285078,23.0396976,10011.323307394106,3453.898938462998
WY055,27,未记录,溪流,851185434,1.677,109.3283951,23.0391645,9999.76974200732,3394.8612438262207
WY055,28,未记录,溪流,851185434,1.677,109.3285453,23.0384289,10015.167661449566,3313.397863269891
WY055,29,未记录,溪流,851185434,1.677,109.3287063,23.0380439,10031.672754858013,3270.7613739903004
WY056,1,未记录,溪流,851213684,2.294,109.3205202,23.1429694,9192.465642075984,14890.644376406983
WY056,2,未记录,溪流,851213684,2.294,109.3215823,23.1425896,9301.348000523332,14848.583756593032
WY056,3,未记录,溪流,851213684,2.294,109.3217379,23.1424466,9317.299506948679,14832.747346288948
WY056,4,未记录,溪流,851213684,2.294,109.3221563,23.1419533,9360.192246591396,14778.117267946913
WY056,5,未记录,溪流,851213684,2.294,109.322387,23.1420618,9383.842712737865,14790.133005834823
WY056,6,未记录,溪流,851213684,2.294,109.3228376,23.142269,9430.03647106169,14813.079189156153
WY056,7,未记录,溪流,851213684,2.294,109.3231434,23.1420865,9461.385896929283,14792.868385796508
WY056,8,未记录,溪流,851213684,2.294,109.3234223,23.1417954,9489.977639487208,14760.63077013563
WY056,9,未记录,溪流,851213684,2.294,109.3235618,23.1414205,9504.278636570543,14719.11279654853
WY056,10,未记录,溪流,851213684,2.294,109.3236583,23.1412479,9514.171441006572,14699.99836005591
WY056,11,未记录,溪流,851213684,2.294,109.3237764,23.1410013,9526.27859337646,14672.68885809116
WY056,12,未记录,溪流,851213684,2.294,109.3243718,23.1408977,9587.316684157973,14661.215766430494
WY056,13,未记录,溪流,851213684,2.294,109.3246508,23.1409075,9615.91867832756,14662.301058884983
WY056,14,未记录,溪流,851213684,2.294,109.3252838,23.141021,9680.811374774737,14674.870517412672
WY056,15,未记录,溪流,851213684,2.294,109.3258041,23.1412578,9734.150505836584,14701.094726923327
WY056,16,未记录,溪流,851213684,2.294,109.3264425,23.1414699,9799.596789268318,14724.583556471902
WY056,17,未记录,溪流,851213684,2.294,109.3265766,23.1416573,9813.344199368554,14745.337006058791
WY056,18,未记录,溪流,851213684,2.294,109.3265176,23.1421161,9807.295748989442,14796.146411985044
WY056,19,未记录,溪流,851213684,2.294,109.3266624,23.1422394,9822.14008144713,14809.801162967617
WY056,20,未记录,溪流,851213684,2.294,109.3269145,23.1422986,9847.98439230705,14816.357215345084
WY056,21,未记录,溪流,851213684,2.294,109.3272954,23.1418744,9887.032777894308,14769.379556247539
WY056,22,未记录,溪流,851213684,2.294,109.3276763,23.1419286,9926.081163481567,14775.381887985226
WY056,23,未记录,溪流,851213684,2.294,109.3280357,23.1421506,9962.925452745172,14799.96708440122
WY056,24,未记录,溪流,851213684,2.294,109.3282986,23.1425156,9989.876937572748,14840.388691120903
WY056,25,未记录,溪流,851213684,2.294,109.3283522,23.1427129,9995.37180096876,14862.23850757521
WY056,26,未记录,溪流,851213684,2.294,109.3287224,23.142999,10033.323264200022,14893.922402595914
WY056,27,未记录,溪流,851213684,2.294,109.3289852,23.1431421,10060.264497417395,14909.769887312534
WY056,28,未记录,溪流,851213684,2.294,109.3291461,23.1432605,10076.759339215636,14922.881992067862
WY056,29,未记录,溪流,851213684,2.294,109.329291,23.1432259,10091.61392328353,14919.05024523915
WY056,30,未记录,溪流,851213684,2.294,109.3297791,23.142925,10141.652035662813,14885.727337124179
WY056,31,未记录,溪流,851213684,2.294,109.3300098,23.1429201,10165.302501809283,14885.184690896935
WY056,32,未记录,溪流,851213684,2.294,109.3301707,23.1429645,10181.797343607524,14890.101730180133
WY056,33,未记录,溪流,851213684,2.294,109.3304712,23.142925,10212.603434102222,14885.727337124179
WY056,34,未记录,溪流,851213684,2.294,109.3306911,23.1428806,10235.146726279578,14880.81029784098
WY056,35,未记录,溪流,851213684,2.294,109.3308842,23.1433443,10254.942586760382,14932.162349994085
WY056,36,未记录,溪流,851213684,2.294,109.3312061,23.143512,10287.942521968529,14950.734140259854
WY056,37,未记录,溪流,851213684,2.294,109.331587,23.1436205,10326.990907555788,14962.749878147764
WY056,38,未记录,溪流,851213684,2.294,109.3320644,23.1434824,10375.932097577617,14947.456114070925
WY056,39,未记录,溪流,851213684,2.294,109.3321717,23.1433098,10386.932075981305,14928.341677578304
WY056,40,未记录,溪流,851213684,2.294,109.3324023,23.1428658,10410.572290516113,14879.171284746319
WY056,41,未记录,溪流,851213684,2.294,109.3327564,23.1425501,10446.873244405366,14844.209363537077
WY056,42,未记录,溪流,851213684,2.294,109.3333089,23.1426143,10503.513394149775,14851.319136554717
WY056,43,未记录,溪流,851213684,2.294,109.3333948,23.1428757,10512.319527837099,14880.267651613736
WY056,44,未记录,溪流,851213684,2.294,109.3335396,23.1430286,10527.163860294788,14897.200428784843
WY056,45,未记录,溪流,851213684,2.294,109.3337864,23.1430484,10552.464835781811,14899.393162519285
WY056,46,未记录,溪流,851213684,2.294,109.3340653,23.1429694,10581.056578341193,14890.644376406983
WY056,47,未记录,溪流,851213684,2.294,109.3344784,23.1429596,10623.405982609558,14889.559083952889
WY056,48,未记录,溪流,851213684,2.294,109.3347734,23.1428067,10653.648234509494,14872.62630678178
WY056,49,未记录,溪流,851213684,2.294,109.3347949,23.1426981,10655.852330834603,14860.59949448094
WY056,50,未记录,溪流,851213684,2.294,109.334752,23.1425847,10651.454389794588,14848.041110365788
WY056,51,未记录,溪流,851213684,2.294,109.3348002,23.1423134,10656.3956662075,14817.996228439351
WY056,52,未记录,溪流,851213684,2.294,109.3350255,23.1421457,10679.492545369412,14799.424438173975
WY056,53,未记录,溪流,851213684,2.294,109.3350202,23.1419681,10678.949209996515,14779.756281041182
WY056,54,未记录,溪流,851213684,2.294,109.3348432,23.1417264,10660.803858856263,14752.989425303676
WY056,55,未记录,溪流,851213684,2.294,109.3346554,23.1416968,10641.55133374981,14749.711399114745
WY056,56,未记录,溪流,851213684,2.294,109.3346232,23.1415685,10638.250315067247,14735.502927492787
WY056,57,未记录,溪流,851213684,2.294,109.3346876,23.1414403,10644.852352430917,14721.305530282973
WY056,58,未记录,溪流,851213684,2.294,109.3349183,23.1414205,10668.502818577386,14719.11279654853
WY056,59,未记录,溪流,851213684,2.294,109.3351811,23.1412578,10695.444051794759,14701.094726923327
WY056,60,未记录,溪流,851213684,2.294,109.3353689,23.1412479,10714.696576902668,14699.99836005591
WY056,61,未记录,溪流,851213684,2.294,109.33568,23.1414551,10746.589338141699,14722.944543377633
WY056,62,未记录,溪流,851213684,2.294,109.336431,23.1416179,10823.578935350015,14740.973687415766
WY057,1,未记录,溪流,851387679,1.566,109.4073111,23.1598482,18089.930931389477,16759.872364085903
WY057,2,未记录,溪流,851387679,1.566,109.4072252,23.1599419,18081.124797700697,16770.249088879544
WY057,3,未记录,溪流,851387679,1.566,109.4069302,23.1600306,18050.88254580222,16780.07209303301
WY057,4,未记录,溪流,851387679,1.566,109.4064957,23.1599764,18006.33929681749,16774.06976129572
WY057,5,未记录,溪流,851387679,1.566,109.4058949,23.1600208,17944.747619052876,16778.986800578918
WY057,6,未记录,溪流,851387679,1.566,109.4055301,23.1599468,17907.349742804712,16770.791735106788
WY057,7,未记录,溪流,851387679,1.566,109.4048703,23.1596065,17839.70961465953,16733.105508348395
WY057,8,未记录,溪流,851387679,1.566,109.4046181,23.1592119,17813.85505218795,16689.40587543978
WY057,9,未记录,溪流,851387679,1.566,109.4039744,23.1588667,17747.86543338332,16651.17700245454
WY057,10,未记录,溪流,851387679,1.566,109.4036311,23.1590837,17712.671653461726,16675.20847823036
WY057,11,未记录,溪流,851387679,1.566,109.4029337,23.1592859,17641.176919650876,16697.60094091191
WY057,12,未记录,溪流,851387679,1.566,109.4028157,23.1592464,17629.080018891196,16693.226547855957
WY057,13,未记录,溪流,851387679,1.566,109.4026923,23.1588173,17616.429531146954,16645.70624253117
WY057,14,未记录,溪流,851387679,1.566,109.4024509,23.1584524,17591.682142644488,16605.295710224415
WY057,15,未记录,溪流,851387679,1.566,109.4017374,23.1580529,17518.53689949163,16561.053431088556
WY057,16,未记录,溪流,851387679,1.566,109.4011742,23.1580479,17460.799827391224,16560.499710448385
WY057,17,未记录,溪流,851387679,1.566,109.4007772,23.1579296,17420.100932461955,16547.398680105987
WY057,18,未记录,溪流,851387679,1.566,109.400332,23.1578901,17374.46076112269,16543.02428705003
WY057,19,未记录,溪流,851387679,1.566,109.4002247,23.1577175,17363.460782719,16523.90985055741
WY057,20,未记录,溪流,851387679,1.566,109.3995166,23.1579937,17290.8691265507,16554.497378710697
WY057,21,未记录,溪流,851387679,1.566,109.3991947,23.1582008,17257.869191342557,16577.43248761949
WY057,22,未记录,溪流,851387679,1.566,109.3987548,23.15826,17212.772355376186,16583.988539996957
WY057,23,未记录,溪流,851387679,1.566,109.3983525,23.158117,17171.53012507402,16568.15212969327
WY057,24,未记录,溪流,851387679,1.566,109.3981808,23.1577372,17153.92810930812,16526.091509878923
WY057,25,未记录,溪流,851387679,1.566,109.397977,23.1572686,17133.03532646986,16474.19681149818
WY057,26,未记录,溪流,851387679,1.566,109.3977785,23.1569234,17112.685879005956,16435.96793851294
WY057,27,未记录,溪流,851387679,1.566,109.3967164,23.1563365,17003.80352055861,16370.9722097898
WY057,28,未记录,溪流,851387679,1.566,109.396196,23.1559271,16950.454137886554,16325.633563786916
WY057,29,未记录,溪流,851387679,1.566,109.3954664,23.1558284,16875.658385393144,16314.703118353495
WY057,30,未记录,溪流,851387679,1.566,109.3950695,23.1558926,16834.969742075536,16321.812891371135
WY057,31,未记录,溪流,851387679,1.566,109.3949032,23.1560455,16817.92131329274,16338.745668542244
WY058,1,未记录,溪流,851387702,3.1,109.4187051,23.1548864,19257.99946745032,16210.382149777695
WY058,2,未记录,溪流,851387702,3.1,109.418115,23.1546299,19197.504712041704,16181.976280945923
WY058,3,未记录,溪流,851387702,3.1,109.4176966,23.154625,19154.611972398987,16181.433634718678
WY058,4,未记录,溪流,851387702,3.1,109.4174123,23.1544819,19125.466642856503,16165.586150002058
WY058,5,未记录,溪流,851387702,3.1,109.4173157,23.1542205,19115.563586811728,16136.63763494304
WY058,6,未记录,溪流,851387702,3.1,109.4169348,23.1539887,19076.51520122447,16110.967146072559
WY058,7,未记录,溪流,851387702,3.1,109.4165164,23.153895,19033.62246158175,16100.590421278917
WY058,8,未记录,溪流,851387702,3.1,109.4165003,23.1537865,19031.97195223974,16088.574683391007
WY058,9,未记录,溪流,851387702,3.1,109.4165271,23.1536138,19034.719383937747,16069.449172485458
WY058,10,未记录,溪流,851387702,3.1,109.4163501,23.1534116,19016.57403279895,16047.056709803906
WY058,11,未记录,溪流,851387702,3.1,109.4164413,23.1532094,19025.923501860627,16024.66424712275
WY058,12,未记录,溪流,851387702,3.1,109.4165808,23.1531255,19040.22449894542,16015.372814783595
WY058,13,未记录,溪流,851387702,3.1,109.416452,23.1528493,19027.02042421808,15984.785286629916
WY058,14,未记录,溪流,851387702,3.1,109.4157547,23.1527211,18955.53594201598,15970.587889420494
WY058,15,未记录,溪流,851387702,3.1,109.4153416,23.1524695,18913.186537747613,15942.724666815571
WY058,16,未记录,溪流,851387702,3.1,109.4150197,23.1522624,18880.18660253947,15919.78955790717
WY058,17,未记录,溪流,851387702,3.1,109.4148289,23.1520329,18860.62652910794,15894.373780530916
WY058,18,未记录,溪流,851387702,3.1,109.414376,23.151488,18814.19698373484,15834.02930518421
WY058,19,未记录,溪流,851387702,3.1,109.4139683,23.1514929,18772.40116644812,15834.571951411455
WY058,20,未记录,溪流,851387702,3.1,109.4132549,23.1516803,18699.26617490692,15855.325400998343
WY058,21,未记录,溪流,851387702,3.1,109.4126272,23.152435,18634.91681383264,15938.90399439979
WY058,22,未记录,溪流,851387702,3.1,109.4122356,23.1526767,18594.77150588793,15965.670850137296
WY058,23,未记录,溪流,851387702,3.1,109.4118494,23.1526224,18555.179784926317,15959.65744398668
WY058,24,未记录,溪流,851387702,3.1,109.4117045,23.1523857,18540.325200858424,15933.444308889348
WY058,25,未记录,溪流,851387702,3.1,109.4116402,23.1520355,18533.733415104958,15894.661715263932
WY058,26,未记录,溪流,851387702,3.1,109.4112325,23.1514091,18491.93759781969,15825.291593484837
WY058,27,未记录,溪流,851387702,3.1,109.410857,23.1512956,18453.442799215536,15812.722134957148
WY058,28,未记录,溪流,851387702,3.1,109.4103956,23.1513301,18406.141866924052,15816.542807372929
WY058,29,未记录,溪流,851387702,3.1,109.4103098,23.1515176,18397.345984845477,15837.307331372747
WY058,30,未记录,溪流,851387702,3.1,109.4102132,23.1520601,18387.4429288007,15897.386020812688
WY058,31,未记录,溪流,851387702,3.1,109.4097519,23.1527655,18340.152248119422,15975.504928703693
WY058,32,未记录,溪流,851387702,3.1,109.4094461,23.153239,18308.80282225183,16027.942273311286
WY058,33,未记录,溪流,851387702,3.1,109.409017,23.1534905,18264.813160253114,16055.794421503278
WY058,34,未记录,溪流,851387702,3.1,109.4087487,23.1534955,18237.308088440983,16056.348142143059
WY058,35,未记录,溪流,851387702,3.1,109.4080728,23.1535694,18168.01745095379,16064.53213320226
WY058,36,未记录,溪流,851387702,3.1,109.4070911,23.1534412,18067.37738760046,16050.334735992838
WY058,37,未记录,溪流,851387702,3.1,109.4063455,23.1533919,17990.9413773767,16044.875050482395
WY058,38,未记录,溪流,851387702,3.1,109.4062167,23.1535398,17977.73730264936,16061.254107013721
WY058,39,未记录,溪流,851387702,3.1,109.4060451,23.1540923,17960.145538493663,16122.440237733224
WY058,40,未记录,溪流,851387702,3.1,109.4058841,23.1542748,17943.64044508376,16142.651041093262
WY058,41,未记录,溪流,851387702,3.1,109.4056749,23.1542254,17922.194075262403,16137.180281170284
WY058,42,未记录,溪流,851387702,3.1,109.4054604,23.1539986,17900.204370068146,16112.063512939976
WY058,43,未记录,溪流,851387702,3.1,109.4049239,23.1540528,17845.20447805554,16118.06584467727
WY058,44,未记录,溪流,851387702,3.1,109.4047898,23.1541613,17831.457067955307,16130.081582565179
WY058,45,未记录,溪流,851387702,3.1,109.404704,23.1543241,17822.661185876732,16148.110726603705
WY058,46,未记录,溪流,851387702,3.1,109.4042104,23.1544277,17772.059234902685,16159.583818264371
WY058,47,未记录,溪流,851387702,3.1,109.404071,23.1545658,17757.768489429553,16174.87758234121
WY058,48,未记录,溪流,851387702,3.1,109.4035506,23.1544326,17704.4191067575,16160.126464491615
WY058,49,未记录,溪流,851387702,3.1,109.4027406,23.1543981,17621.38105917007,16156.305792075835
WY058,50,未记录,溪流,851387702,3.1,109.402349,23.1545214,17581.23575122536,16169.960543058012
WY058,51,未记录,溪流,851387702,3.1,109.4019735,23.1548075,17542.740952621203,16201.644438078716
WY058,52,未记录,溪流,851387702,3.1,109.4015336,23.1548518,17497.644116653373,16206.550402948986
WY058,53,未记录,溪流,851387702,3.1,109.4012546,23.1547631,17469.042122485243,16196.727398795518
WY058,54,未记录,溪流,851387702,3.1,109.4010562,23.1548518,17448.702926631544,16206.550402948986
WY058,55,未记录,溪流,851387702,3.1,109.401024,23.1550639,17445.401907950436,16230.03923249756
WY058,56,未记录,溪流,851387702,3.1,109.4005251,23.1552464,17394.25662160204,16250.2500358576
WY058,57,未记录,溪流,851387702,3.1,109.4004983,23.1553845,17391.50918990403,16265.54379993444
WY058,58,未记录,溪流,851387702,3.1,109.4001013,23.1556657,17350.810294976218,16296.685048727899
WY058,59,未记录,溪流,851387702,3.1,109.4004983,23.1565091,17391.50918990403,16390.086646282813
WY058,60,未记录,溪流,851387702,3.1,109.4004017,23.1567113,17381.606133859255,16412.479108964362
WY058,61,未记录,溪流,851387702,3.1,109.3996185,23.1568543,17301.315517969833,16428.315519268053
WY058,62,未记录,溪流,851387702,3.1,109.3994737,23.1567162,17286.471185512142,16413.021755191607
WY058,63,未记录,溪流,851387702,3.1,109.3996614,23.1563266,17305.71345900839,16369.875842922775
WY058,64,未记录,溪流,851387702,3.1,109.3995112,23.1562526,17290.3155395676,16361.680777450645
WY058,65,未记录,溪流,851387702,3.1,109.3989426,23.156445,17232.024880482637,16382.987947678103
WY058,66,未记录,溪流,851387702,3.1,109.3986154,23.1567508,17198.481609901595,16416.85350202032
WY058,67,未记录,溪流,851387702,3.1,109.3983847,23.1572341,17174.831143755127,16470.3761390824
WY058,68,未记录,溪流,851387702,3.1,109.3982184,23.1573278,17157.782714973786,16480.75286387604
WY058,69,未记录,溪流,851387702,3.1,109.397977,23.1572686,17133.03532646986,16474.19681149818
WY059,1,未记录,溪流,851431459,2.955,109.4042525,23.1948323,17776.375163055236,20634.15601243534
WY059,2,未记录,溪流,851431459,2.955,109.4036449,23.1946273,17714.08637575446,20611.453466195308
WY059,3,未记录,溪流,851431459,2.955,109.4030912,23.1941961,17657.323206681765,20563.700598201754
WY059,4,未记录,溪流,851431459,2.955,109.403045,23.1936659,17652.586962486057,20504.98406153639
WY059,5,未记录,溪流,851431459,2.955,109.4032065,23.1932983,17669.143313948443,20464.27452008369
WY059,6,未记录,溪流,851431459,2.955,109.4039218,23.1932064,17742.473086096637,20454.09713472081
WY059,7,未记录,溪流,851431459,2.955,109.4039449,23.1930226,17744.841208193764,20433.742363994264
WY059,8,未记录,溪流,851431459,2.955,109.4035218,23.1918561,17701.46664284229,20304.55933868278
WY059,9,未记录,溪流,851431459,2.955,109.4034603,23.1909017,17695.161902193493,20198.865142920262
WY059,10,未记录,溪流,851431459,2.955,109.403245,23.1905341,17673.090184111774,20158.155601467563
WY059,11,未记录,溪流,851431459,2.955,109.4024836,23.1899473,17595.03441937953,20093.17094715735
WY059,12,未记录,溪流,851431459,2.955,109.4021221,23.1895019,17557.974846289977,20043.84551254632
WY059,13,未记录,溪流,851431459,2.955,109.4013376,23.1889505,17477.55095946061,19982.781200367466
WY059,14,未记录,溪流,851431459,2.955,109.4005762,23.1889151,17399.495194728366,19978.86085823611
WY059,15,未记录,溪流,851431459,2.955,109.3998686,23.1877769,17326.954796614,19852.811891747046
WY059,16,未记录,溪流,851431459,2.955,109.3987227,23.1869498,17209.481588303825,19761.215423478767
WY059,17,未记录,溪流,851431459,2.955,109.3977459,23.1862216,17109.343853881117,19680.571549469372
WY059,18,未记录,溪流,851431459,2.955,109.3970691,23.1855429,17039.960951896253,19605.40950979628
WY059,19,未记录,溪流,851431459,2.955,109.3963231,23.1850409,16963.48393523022,19549.81595754041
WY059,20,未记录,溪流,851431459,2.955,109.3962228,23.184822,16953.201569584562,19525.574067921294
WY059,21,未记录,溪流,851431459,2.955,109.3962835,23.1843095,16959.424297347352,19468.817702321605
WY059,22,未记录,溪流,851431459,2.955,109.3950051,23.1836089,16828.36770471187,19391.230366244916
WY059,23,未记录,溪流,851431459,2.955,109.3943099,23.1826672,16757.098506337177,19286.942620907903
WY059,24,未记录,溪流,851431459,2.955,109.3929166,23.1801831,16614.262812877292,19011.843132544192
WY059,25,未记录,溪流,851431459,2.955,109.3933904,23.1783817,16662.834944909904,18812.34866036563
WY059,26,未记录,溪流,851431459,2.955,109.3936598,23.1779701,16690.452784440116,18766.766377281056
WY059,27,未记录,溪流,851431459,2.955,109.3940234,23.1778639,16727.727641357083,18755.005350887375
WY059,28,未记录,溪流,851431459,2.955,109.3937114,23.1769332,16695.74261562038,18651.935790958432
WY059,29,未记录,溪流,851431459,2.955,109.3929879,23.1762071,16621.572211385876,18571.5244796178
WY059,30,未记录,溪流,851431459,2.955,109.3920121,23.1757851,16521.536993071037,18524.79045760195
WY059,31,未记录,溪流,851431459,2.955,109.3917181,23.1752573,16491.397257280434,18466.33970684374
WY060,1,未记录,溪流,858090458,2.113,109.2467433,22.9385647,1629.144983998196,-7745.97588410291
WY060,2,未记录,溪流,858090458,2.113,109.247784,22.9381745,1735.833497730638,-7789.188242848533
WY060,3,未记录,溪流,858090458,2.113,109.2484975,22.9378533,1808.9787408834957,-7824.759256761808
WY060,4,未记录,溪流,858090458,2.113,109.2489052,22.9374532,1850.7745581687607,-7869.067982374454
WY060,5,未记录,溪流,858090458,2.113,109.2493129,22.9370925,1892.5703754554825,-7909.013389344076
WY060,6,未记录,溪流,858090458,2.113,109.249801,22.9368208,1942.608487834766,-7939.102568921443
WY060,7,未记录,溪流,858090458,2.113,109.2508256,22.9369789,2047.646492226655,-7921.5939222846955
WY060,8,未记录,溪流,858090458,2.113,109.25111,22.9369394,2076.8020733793414,-7925.96831534065
WY060,9,未记录,溪流,858090458,2.113,109.2511529,22.936806,2081.200014417901,-7940.741582015711
WY060,10,未记录,溪流,858090458,2.113,109.2511582,22.9363861,2081.743349792254,-7987.2430413628
WY060,11,未记录,溪流,858090458,2.113,109.2514372,22.9359513,2110.345343960383,-8035.3945882170865
WY060,12,未记录,溪流,858090458,2.113,109.2523116,22.93482,2199.985428911483,-8160.679420223073
WY060,13,未记录,溪流,858090458,2.113,109.2528802,22.9334268,2258.2760879964467,-8314.968139351937
WY060,14,未记录,溪流,858090458,2.113,109.2572415,22.933328,2705.379590394492,-8325.909659198289
WY060,15,未记录,溪流,858090458,2.113,109.2592156,22.9338418,2907.7566394586033,-8269.009326232092
WY060,16,未记录,溪流,858090458,2.113,109.2618281,22.9335108,3175.5799719544493,-8305.665632599856
WY060,17,未记录,溪流,858090458,2.113,109.2619828,22.9336248,3191.4392138821268,-8293.040802007912
WY060,18,未记录,溪流,858090458,2.113,109.2620871,22.9339143,3202.131643960736,-8260.980376951937
WY060,19,未记录,溪流,858090458,2.113,109.2621499,22.9340147,3208.569655550934,-8249.861666501078
WY060,20,未记录,溪流,858090458,2.113,109.2624611,22.9340246,3240.472668401627,-8248.765299633658
WY060,21,未记录,溪流,858090458,2.113,109.2628205,22.9335899,3277.3169576652317,-8296.905772075017
WY060,22,未记录,溪流,858090458,2.113,109.2631048,22.9329328,3306.462287206257,-8369.675738583692
WY061,1,未记录,溪流,858090464,0.768,109.2251086,22.9708748,-588.7602606159257,-4167.822034024553
WY061,2,未记录,溪流,858090464,0.768,109.2261708,22.9708748,-479.8676505569162,-4167.822034024553
WY061,3,未记录,溪流,858090464,0.768,109.2264658,22.9709835,-449.62539865843814,-4155.7841473111785
WY061,4,未记录,溪流,858090464,0.768,109.2267984,22.9711613,-415.52854109283936,-4136.093841352919
WY061,5,未记录,溪流,858090464,0.768,109.2269379,22.97127,-401.22754400950305,-4124.0559546391505
WY061,6,未记录,溪流,858090464,0.768,109.2274904,22.9709934,-344.58739426654927,-4154.687780443761
WY061,7,未记录,溪流,858090464,0.768,109.2276674,22.9705538,-326.44204312629694,-4203.370899112363
WY061,8,未记录,溪流,858090464,0.768,109.2285794,22.970213,-232.94735250953346,-4241.112497934613
WY061,9,未记录,溪流,858090464,0.768,109.2290783,22.9702476,-181.80206616259215,-4237.280751105904
WY061,10,未记录,溪流,858090464,0.768,109.229148,22.9704254,-174.65669342602632,-4217.590445147644
WY061,11,未记录,溪流,858090464,0.768,109.2289174,22.9711761,-198.29690796083435,-4134.454828258257
WY061,12,未记录,溪流,858090464,0.768,109.2290246,22.9716503,-187.3071811688093,-4081.9399627609455
WY061,13,未记录,溪流,858090464,0.768,109.2294913,22.9717293,-139.46291350297463,-4073.1911766490366
WY061,14,未记录,溪流,858090464,0.768,109.2300814,22.9723269,-78.96815809435698,-4007.0104857566175
WY062,1,未记录,河流,995794796,1.249,109.0870583,23.1984346,-14741.139743135263,21033.089584727815
WY062,2,未记录,河流,995794796,1.249,109.0871895,23.1982278,-14727.689629748444,21010.187699057806
WY062,3,未记录,河流,995794796,1.249,109.0870022,23.1977475,-14746.89089680096,20956.997294379278
WY062,4,未记录,河流,995794796,1.249,109.0869036,23.1973669,-14756.99898506294,20914.84807926268
WY062,5,未记录,河流,995794796,1.249,109.0874656,23.1974847,-14699.384932292274,20927.893737541217
WY062,6,未记录,河流,995794796,1.249,109.0879191,23.1973488,-14652.893877255032,20912.843610546068
WY062,7,未记录,河流,995794796,1.249,109.0885501,23.1975391,-14588.206213022146,20933.91821810437
WY062,8,未记录,河流,995794796,1.249,109.0893192,23.1972582,-14509.36107425753,20902.810192549303
WY062,9,未记录,河流,995794796,1.249,109.08996,23.1972491,-14443.668752166315,20901.802420984535
WY062,10,未记录,河流,995794796,1.249,109.0899995,23.1970679,-14439.619365895109,20881.735584991005
WY062,11,未记录,河流,995794796,1.249,109.0901966,23.1969229,-14419.413440982808,20865.677686431085
WY062,12,未记录,河流,995794796,1.249,109.0908868,23.197086,-14348.656823148942,20883.740053707614
WY062,13,未记录,河流,995794796,1.249,109.0914685,23.1974757,-14289.023203048502,20926.897040388983
WY062,14,未记录,河流,995794796,1.249,109.0920502,23.1972763,-14229.389582948063,20904.814661265915
WY062,15,未记录,河流,995794796,1.249,109.0927798,23.1970225,-14154.593830454653,20876.70780157969
WY062,16,未记录,河流,995794796,1.249,109.0933714,23.1968232,-14093.945300884225,20854.636496869553
WY062,17,未记录,河流,995794796,1.249,109.0933714,23.1962251,-14093.945300884225,20788.40043391288
WY062,18,未记录,河流,995794796,1.249,109.0930361,23.1958807,-14128.318951939917,20750.26015622989
WY062,19,未记录,河流,995794796,1.249,109.0929375,23.1955726,-14138.427040201897,20716.139890393053
WY062,20,未记录,河流,995794796,1.249,109.0934404,23.1950832,-14086.871689422005,20661.94171415015
WY062,21,未记录,河流,995794796,1.249,109.0940418,23.1942948,-14025.218501991792,20574.63104363557
WY062,22,未记录,河流,995794796,1.249,109.0938742,23.1937691,-14042.400201714536,20516.412855546125
WY063,1,未记录,河流,995794797,0.057,109.0938742,23.1937691,-14042.400201714536,20516.412855546125
WY063,2,未记录,河流,995794797,0.057,109.0940122,23.1932707,-14028.25297879301,20461.217982150985
WY064,1,未记录,排水沟,1028567639,1.234,109.1839939,23.2010261,-4803.6792916491295,21320.082992438787
WY064,2,未记录,排水沟,1028567639,1.234,109.1836279,23.2015038,-4841.200187225574,21372.9854623843
WY064,3,未记录,排水沟,1028567639,1.234,109.1836279,23.2016079,-4841.200187225574,21384.513926108822
WY064,4,未记录,排水沟,1028567639,1.234,109.1836562,23.2016827,-4838.298981365758,21392.797586883207
WY064,5,未记录,排水沟,1028567639,1.234,109.1836137,23.201751,-4842.655915962042,21400.361410825837
WY064,6,未记录,排水沟,1028567639,1.234,109.1835889,23.2019365,-4845.198315442844,21420.904446569428
WY064,7,未记录,排水沟,1028567639,1.234,109.1835995,23.2021316,-4844.111644697053,21442.510625942436
WY064,8,未记录,排水沟,1028567639,1.234,109.1836526,23.2022065,-4838.668039354977,21450.805361129358
WY064,9,未记录,排水沟,1028567639,1.234,109.1836456,23.2023105,-4839.3856521115495,21462.322750441348
WY064,10,未记录,排水沟,1028567639,1.234,109.1835854,23.2023528,-4845.557121821858,21467.007227055783
WY064,11,未记录,排水沟,1028567639,1.234,109.1834757,23.2023626,-4856.803138883568,21468.09251951027
WY064,12,未记录,排水沟,1028567639,1.234,109.18332,23.2023366,-4872.764896920576,21465.213172182077
WY064,13,未记录,排水沟,1028567639,1.234,109.1833058,23.2024602,-4874.220625655586,21478.90114640304
WY064,14,未记录,排水沟,1028567639,1.234,109.183281,23.2026619,-4876.763025137845,21501.23823702034
WY064,15,未记录,排水沟,1028567639,1.234,109.1832385,23.202805,-4881.119959732673,21517.085721737352
WY064,16,未记录,排水沟,1028567639,1.234,109.1829696,23.2033157,-4908.686541208947,21573.642747906673
WY064,17,未记录,排水沟,1028567639,1.234,109.1829059,23.2035141,-4915.216817298272,21595.61438290163
WY064,18,未记录,排水沟,1028567639,1.234,109.1829554,23.2036052,-4910.142269945415,21605.703172962254
WY064,19,未记录,排水沟,1028567639,1.234,109.1829908,23.2037874,-4906.513199717365,21625.880753083897
WY064,20,未记录,排水沟,1028567639,1.234,109.1828776,23.2039435,-4918.118023158088,21643.16791146481
WY064,21,未记录,排水沟,1028567639,1.234,109.1828917,23.203976,-4916.672546033282,21646.76709562476
WY064,22,未记录,排水沟,1028567639,1.234,109.182959,23.2039956,-4909.773211956196,21648.93768053334
WY064,23,未记录,排水沟,1028567639,1.234,109.1830227,23.2040801,-4903.2429358683285,21658.295559349284
WY064,24,未记录,排水沟,1028567639,1.234,109.1830191,23.204233,-4903.6119938575475,21675.228336520395
WY064,25,未记录,排水沟,1028567639,1.234,109.1830474,23.2043696,-4900.710787996274,21690.355984405258
WY064,26,未记录,排水沟,1028567639,1.234,109.1829908,23.2046006,-4906.513199717365,21715.937877973094
WY064,27,未记录,排水沟,1028567639,1.234,109.1829094,23.2047307,-4914.858010919257,21730.345689025813
WY064,28,未记录,排水沟,1028567639,1.234,109.1828351,23.2048576,-4922.4749577529155,21744.39911886912
WY064,29,未记录,排水沟,1028567639,1.234,109.1828174,23.2050625,-4924.289492866941,21767.09059069622
WY064,30,未记录,排水沟,1028567639,1.234,109.1827395,23.205313,-4932.275497691276,21794.831994760105
WY064,31,未记录,排水沟,1028567639,1.234,109.182651,23.2054236,-4941.348173259945,21807.080295316777
WY064,32,未记录,排水沟,1028567639,1.234,109.1826652,23.2054984,-4939.892444524934,21815.363956091158
WY064,33,未记录,排水沟,1028567639,1.234,109.1826192,23.2056545,-4944.608185498776,21832.65111447207
WY064,34,未记录,排水沟,1028567639,1.234,109.1825166,23.2057098,-4955.126338193709,21838.77526475041
WY064,35,未记录,排水沟,1028567639,1.234,109.1824458,23.2058757,-4962.384478649809,21857.14771558542
WY064,36,未记录,排水沟,1028567639,1.234,109.1824776,23.2060254,-4959.124466410978,21873.726111547116
WY064,37,未记录,排水沟,1028567639,1.234,109.1825661,23.2061262,-4950.051790840852,21884.8891196493
WY064,38,未记录,排水沟,1028567639,1.234,109.1825838,23.2062238,-4948.237255726826,21895.69774654207
WY064,39,未记录,排水沟,1028567639,1.234,109.1827926,23.2065588,-4926.8318923492,21932.797029421894
WY064,40,未记录,排水沟,1028567639,1.234,109.1829766,23.2068028,-4907.968928452376,21959.818596653626
WY064,41,未记录,排水沟,1028567639,1.234,109.1830616,23.2069589,-4899.255059261263,21977.10575503454
WY064,42,未记录,排水沟,1028567639,1.234,109.1830262,23.2071964,-4902.884129489314,22003.40748543452
WY064,43,未记录,排水沟,1028567639,1.234,109.1831111,23.2074468,-4894.180511908407,22031.13781508547
WY064,44,未记录,排水沟,1028567639,1.234,109.1831359,23.2077591,-4891.638112427605,22065.723206259834
WY064,45,未记录,排水沟,1028567639,1.234,109.1833695,23.2078925,-4867.690349567719,22080.496472934894
WY064,46,未记录,排水沟,1028567639,1.234,109.1836154,23.208134,-4842.481638578365,22107.241179846937
WY064,47,未记录,排水沟,1028567639,1.234,109.1835666,23.2082498,-4847.484424653962,22120.065349869248
WY064,48,未记录,排水沟,1028567639,1.234,109.1836113,23.2083545,-4842.901954621521,22131.660260070563
WY064,49,未记录,排水沟,1028567639,1.234,109.1835951,23.2084329,-4844.56271557228,22140.34259970568
WY064,50,未记录,排水沟,1028567639,1.234,109.1835625,23.208616,-4847.904740698575,22160.61984954251
WY064,51,未记录,排水沟,1028567639,1.234,109.1836113,23.2087169,-4842.901954621521,22171.793932057622
WY064,52,未记录,排水沟,1028567639,1.234,109.1836194,23.2088365,-4842.071574145414,22185.038929766528
WY064,53,未记录,排水沟,1028567639,1.234,109.1835544,23.2090121,-4848.735121173226,22204.485598643096
WY064,54,未记录,排水沟,1028567639,1.234,109.1834487,23.2091989,-4859.57107380344,22225.172601753588
WY064,55,未记录,排水沟,1028567639,1.234,109.1832495,23.2094081,-4879.9922825431495,22248.340273331145
WY064,56,未记录,排水沟,1028567639,1.234,109.1830462,23.2095464,-4900.833807326014,22263.656186233453
WY064,57,未记录,排水沟,1028567639,1.234,109.1829852,23.2096435,-4907.087289922331,22274.40944106197
WY064,58,未记录,排水沟,1028567639,1.234,109.1825421,23.2100284,-4952.512177435647,22317.034855929025
WY064,59,未记录,排水沟,1028567639,1.234,109.1824689,23.2102077,-4960.016356551227,22336.891278079653
WY064,60,未记录,排水沟,1028567639,1.234,109.182373,23.2105357,-4969.847651321657,22373.215352063467
WY065,1,未记录,排水沟,1028567640,0.369,109.1882925,23.1912989,-4363.003549231078,20242.852710561496
WY065,2,未记录,排水沟,1028567640,0.369,109.1880766,23.1913379,-4385.136776976939,20247.17173155359
WY065,3,未记录,排水沟,1028567640,0.369,109.1880306,23.1917348,-4389.852517950781,20291.126075956432
WY065,4,未记录,排水沟,1028567640,0.369,109.1876979,23.1918942,-4423.959627126584,20308.778689959687
WY065,5,未记录,排水沟,1028567640,0.369,109.1876095,23.1920081,-4433.022051086505,20321.392446138703
WY065,6,未记录,排水沟,1028567640,0.369,109.1878324,23.1923009,-4410.1712105826155,20353.818326817018
WY065,7,未记录,排水沟,1028567640,0.369,109.1878147,23.1924212,-4411.985745696641,20367.140845415248
WY065,8,未记录,排水沟,1028567640,0.369,109.1877475,23.1924928,-4418.874828163523,20375.070124980222
WY065,9,未记录,排水沟,1028567640,0.369,109.1875953,23.1925091,-4434.4777798215155,20376.875254266462
WY065,10,未记录,排水沟,1028567640,0.369,109.1875599,23.1927108,-4438.106850049566,20399.212344884152
WY065,11,未记录,排水沟,1028567640,0.369,109.1877369,23.1929385,-4419.961498909314,20424.428782829644
WY065,12,未记录,排水沟,1028567640,0.369,109.1877581,23.1930719,-4417.788157417731,20439.202049504707
WY065,13,未记录,排水沟,1028567640,0.369,109.187613,23.1932508,-4432.663244707491,20459.01417400401
WY065,14,未记录,排水沟,1028567640,0.369,109.1875458,23.1935176,-4439.552327174372,20488.560707354132
WY065,15,未记录,排水沟,1028567640,0.369,109.1874431,23.1937843,-4450.080731479509,20518.096166291718
WY065,16,未记录,排水沟,1028567640,0.369,109.1873191,23.1937631,-4462.79272888789,20515.74839077823
WY066,1,未记录,排水沟,1028567641,0.02,109.1841536,23.2009166,-4787.307469180627,21307.956510422762
WY066,2,未记录,排水沟,1028567641,0.02,109.1839939,23.2010261,-4803.6792916491295,21320.082992438787
WY067,1,未记录,排水沟,1028567642,0.582,109.1856365,23.196419,-4635.286332431081,20809.873720331914
WY067,2,未记录,排水沟,1028567642,0.582,109.1849975,23.1972814,-4700.794125528414,20905.379456319017
WY067,3,未记录,排水沟,1028567642,0.582,109.1849728,23.1974863,-4703.326273399011,20928.07092814612
WY067,4,未记录,排水沟,1028567642,0.582,109.1848701,23.1976685,-4713.854677704148,20948.24850826737
WY067,5,未记录,排水沟,1028567642,0.582,109.1847816,23.1977303,-4722.9273532742745,20955.092495377852
WY067,6,未记录,排水沟,1028567642,0.582,109.184679,23.1978051,-4733.44550596775,20963.376156152237
WY067,7,未记录,排水沟,1028567642,0.582,109.1846967,23.1981858,-4731.630970853725,21005.536445681766
WY067,8,未记录,排水沟,1028567642,0.582,109.184863,23.1990153,-4714.582542070925,21097.398699857204
WY067,9,未记录,排水沟,1028567642,0.582,109.184909,23.1993601,-4709.866801097083,21135.583275191515
WY067,10,未记录,排水沟,1028567642,0.582,109.184909,23.1995878,-4709.866801097083,21160.799713137007
WY067,11,未记录,排水沟,1028567642,0.582,109.184863,23.1997244,-4714.582542070925,21175.927361021873
WY067,12,未记录,排水沟,1028567642,0.582,109.1849232,23.1998578,-4708.411072362072,21190.700627696933
WY067,13,未记录,排水沟,1028567642,0.582,109.1850117,23.1999944,-4699.338396791946,21205.8282755818
WY067,14,未记录,排水沟,1028567642,0.582,109.1847887,23.2001343,-4722.199488906041,21221.321379088615
WY067,15,未记录,排水沟,1028567642,0.582,109.1847002,23.2002644,-4731.272164476167,21235.729190141334
WY067,16,未记录,排水沟,1028567642,0.582,109.1846755,23.2005247,-4733.804312346765,21264.555886659702
WY067,17,未记录,排水沟,1028567642,0.582,109.1844879,23.2007654,-4753.036334232808,21291.211998269486
WY067,18,未记录,排水沟,1028567642,0.582,109.1843251,23.2007979,-4769.725956636593,21294.811182429436
WY067,19,未记录,排水沟,1028567642,0.582,109.1841536,23.2009166,-4787.307469180627,21307.956510422762
WY068,1,未记录,排水沟,1028567643,0.054,109.1858962,23.1959935,-4608.662899148992,20762.752093868257
WY068,2,未记录,排水沟,1028567643,0.054,109.1856365,23.196419,-4635.286332431081,20809.873720331914
WY069,1,未记录,排水沟,1028567644,0.349,109.1871281,23.1938819,-4482.373305541288,20528.904793184487
WY069,2,未记录,排水沟,1028567644,0.349,109.1869441,23.1940803,-4501.236269436655,20550.876428179447
WY069,3,未记录,排水沟,1028567644,0.349,109.1867636,23.1941552,-4519.740426954465,20559.17116336676
WY069,4,未记录,排水沟,1028567644,0.349,109.1865972,23.1941389,-4536.799107348926,20557.36603408012
WY069,5,未记录,排水沟,1028567644,0.349,109.1865654,23.1942495,-4540.059119586301,20569.61433463719
WY069,6,未记录,排水沟,1028567644,0.349,109.186576,23.1943113,-4538.972448840509,20576.45832174728
WY069,7,未记录,排水沟,1028567644,0.349,109.18676,23.1943796,-4520.109484943684,20584.02214568991
WY069,8,未记录,排水沟,1028567644,0.349,109.1867813,23.1945033,-4517.925891840439,20597.72119432341
WY069,9,未记录,排水沟,1028567644,0.349,109.18676,23.1946464,-4520.109484943684,20613.56867904003
WY069,10,未记录,排水沟,1028567644,0.349,109.186714,23.1946627,-4524.825225918983,20615.373808326272
WY069,11,未记录,排水沟,1028567644,0.349,109.1865972,23.1946562,-4536.799107348926,20614.653971494517
WY069,12,未记录,排水沟,1028567644,0.349,109.1861088,23.1950856,-4586.86797456028,20662.207500057306
WY069,13,未记录,排水沟,1028567644,0.349,109.1860487,23.1952775,-4593.029192658928,20683.45929822051
WY069,14,未记录,排水沟,1028567644,0.349,109.1859531,23.1953556,-4602.829732595831,20692.108414617236
WY069,15,未记录,排水沟,1028567644,0.349,109.1859496,23.1954434,-4603.188538974846,20701.83174905552
WY069,16,未记录,排水沟,1028567644,0.349,109.1860239,23.19558,-4595.5715921411875,20716.959396940387
WY069,17,未记录,排水沟,1028567644,0.349,109.1861301,23.1956028,-4584.684381457036,20719.484363058775
WY069,18,未记录,排水沟,1028567644,0.349,109.1861548,23.1956451,-4582.152233586438,20724.16883967321
WY069,19,未记录,排水沟,1028567644,0.349,109.1860947,23.1957622,-4588.313451685086,20737.13697706203
WY069,20,未记录,排水沟,1028567644,0.349,109.1859956,23.1958143,-4598.472798001004,20742.90674613056
WY069,21,未记录,排水沟,1028567644,0.349,109.1858962,23.1959935,-4608.662899148992,20762.752093868257
WY070,1,未记录,排水沟,1028567645,0.024,109.1873191,23.1937631,-4462.79272888789,20515.74839077823
WY070,2,未记录,排水沟,1028567645,0.024,109.1871281,23.1938819,-4482.373305541288,20528.904793184487
WY071,1,未记录,排水沟,1028567649,0.616,109.1809128,23.2127529,-5119.541672416352,22618.757232664128
WY071,2,未记录,排水沟,1028567649,0.616,109.1807208,23.2129241,-5139.224765177623,22637.71662737731
WY071,3,未记录,排水沟,1028567649,0.616,109.1805622,23.2129802,-5155.4838199280475,22643.929372958297
WY071,4,未记录,排水沟,1028567649,0.616,109.1805216,23.2131109,-5159.645973917332,22658.403630487803
WY071,5,未记录,排水沟,1028567649,0.616,109.1803061,23.2133762,-5181.738195220917,22687.784047645953
WY071,6,未记录,排水沟,1028567649,0.616,109.180302,23.2134846,-5182.158511264073,22699.788711121328
WY071,7,未记录,排水沟,1028567649,0.616,109.1802045,23.2136751,-5192.153831806519,22720.885467505093
WY071,8,未记录,排水沟,1028567649,0.616,109.1801353,23.213832,-5199.247946489148,22738.26122118826
WY071,9,未记录,排水沟,1028567649,0.616,109.1802167,23.2140824,-5190.903135287255,22765.99155083921
WY071,10,未记录,排水沟,1028567649,0.616,109.1803345,23.2142655,-5178.826737749439,22786.26880067604
WY071,11,未记录,排水沟,1028567649,0.616,109.1803061,23.2143663,-5181.738195220917,22797.431808778223
WY071,12,未记录,排水沟,1028567649,0.616,109.1801435,23.214456,-5198.407314402836,22807.365557059806
WY071,13,未记录,排水沟,1028567649,0.616,109.180115,23.2145457,-5201.329023484519,22817.299305341385
WY071,14,未记录,排水沟,1028567649,0.616,109.1799117,23.215405,-5222.170548267383,22912.46173453161
WY071,15,未记录,排水沟,1028567649,0.616,109.1799361,23.2155694,-5219.669155228857,22930.668069174648
WY071,16,未记录,排水沟,1028567649,0.616,109.1798792,23.2156554,-5225.502321782018,22940.192064182564
WY071,17,未记录,排水沟,1028567649,0.616,109.1798995,23.2157712,-5223.421244786648,22953.01623420487
WY071,18,未记录,排水沟,1028567649,0.616,109.1798304,23.2159692,-5230.505107859071,22974.943571548898
WY071,19,未记录,排水沟,1028567649,0.616,109.179928,23.2160402,-5220.499535704965,22982.80640463669
WY071,20,未记录,排水沟,1028567649,0.616,109.1799117,23.2160813,-5222.170548267383,22987.357988297543
WY071,21,未记录,排水沟,1028567649,0.616,109.1797613,23.2161448,-5237.588970931496,22994.390240425466
WY071,22,未记录,排水沟,1028567649,0.616,109.179558,23.2162121,-5258.43049571436,23001.843320239983
WY071,23,未记录,排水沟,1028567649,0.616,109.1794483,23.2163167,-5269.67651277607,23013.427156028763
WY071,24,未记录,排水沟,1028567649,0.616,109.1793548,23.2165184,-5279.261768887021,23035.764246646453
WY071,25,未记录,排水沟,1028567649,0.616,109.1792531,23.216765,-5289.687657084284,23063.07374861081
WY071,26,未记录,排水沟,1028567649,0.616,109.1791312,23.2168211,-5302.184370665257,23069.286494191794
WY071,27,未记录,排水沟,1028567649,0.616,109.1790295,23.2169145,-5312.61025886252,23079.62999574704
WY071,28,未记录,排水沟,1028567649,0.616,109.1788954,23.2168696,-5326.357668962756,23074.65758439959
WY071,29,未记录,排水沟,1028567649,0.616,109.1785457,23.2169892,-5362.207551976781,23087.902582108494
WY072,1,未记录,排水沟,1028567650,0.013,109.182373,23.2105357,-4969.847651321657,22373.215352063467
WY072,2,未记录,排水沟,1028567650,0.013,109.1823388,23.2106524,-4973.353702219968,22386.13919180096
WY073,1,未记录,河流,1198633956,1.466,109.1291394,23.1753549,-10427.14914520182,18477.148333736513
WY073,2,未记录,河流,1198633956,1.466,109.1290647,23.1760418,-10434.80709847921,18553.218475259582
WY073,3,未记录,河流,1198633956,1.466,109.1289246,23.1762994,-10449.169605228144,18581.7461626324
WY073,4,未记录,河流,1198633956,1.466,109.1284763,23.1761362,-10495.127576504152,18563.672720942548
WY073,5,未记录,河流,1198633956,1.466,109.1275142,23.1762822,-10593.75832413937,18579.84136363058
WY073,6,未记录,河流,1198633956,1.466,109.1267951,23.1762393,-10667.477657497193,18575.090440539356
WY073,7,未记录,河流,1198633956,1.466,109.126683,23.1764282,-10678.969713218381,18596.01000631861
WY073,8,未记录,河流,1198633956,1.466,109.1269819,23.1770378,-10648.327648497157,18663.51962674721
WY073,9,未记录,河流,1198633956,1.466,109.1267203,23.1775444,-10675.145862384788,18719.62260199154
WY073,10,未记录,河流,1198633956,1.466,109.1261039,23.1779565,-10738.336791437476,18765.26025714037
WY073,11,未记录,河流,1198633956,1.466,109.1261226,23.1784373,-10736.419740215577,18818.506033882364
WY073,12,未记录,河流,1198633956,1.466,109.1265242,23.1790899,-10695.249271189216,18890.777651815115
WY073,13,未记录,河流,1198633956,1.466,109.1268885,23.179648,-10657.902652996447,18952.58394965158
WY073,14,未记录,河流,1198633956,1.466,109.1266456,23.1801116,-10682.803815662179,19003.92492739215
WY073,15,未记录,河流,1198633956,1.466,109.1260665,23.1804035,-10742.17089388273,19036.25113835528
WY073,16,未记录,河流,1198633956,1.466,109.1254314,23.1804808,-10807.278874157317,19044.81165944975
WY073,17,未记录,河流,1198633956,1.466,109.1248897,23.1805323,-10862.811849932612,19050.514982041495
WY073,18,未记录,河流,1198633956,1.466,109.1245815,23.1806955,-10894.407314458227,19068.58842373095
WY073,19,未记录,河流,1198633956,1.466,109.1243573,23.1811333,-10917.391425902062,19117.072202969182
WY073,20,未记录,河流,1198633956,1.466,109.1238716,23.1810389,-10967.183499621866,19106.617957286217
WY073,21,未记录,河流,1198633956,1.466,109.1228349,23.1814424,-11073.461948922813,19151.303212934137
WY073,22,未记录,河流,1198633956,1.466,109.1214619,23.1816657,-11214.216565388784,19176.032376716244
WY073,23,未记录,河流,1198633956,1.466,109.1214355,23.1820427,-11216.922990643057,19217.782912972107
WY074,1,未记录,河流,1198633957,0.013,109.1214355,23.1820427,-11216.922990643057,19217.782912972107
WY074,2,未记录,河流,1198633957,0.013,109.1214271,23.1821617,-11217.784125951235,19230.961464204225
WY075,1,未记录,排水沟,1198633998,0.582,109.1226146,23.2076684,-11096.0462475439,22055.67871385014
WY075,2,未记录,排水沟,1198633998,0.582,109.1227417,23.2057289,-11083.016450200237,21840.89047759513
WY075,3,未记录,排水沟,1198633998,0.582,109.122852,23.2047397,-11071.708923474387,21731.342386178047
WY075,4,未记录,排水沟,1198633998,0.582,109.1227104,23.2043299,-11086.225204385131,21685.95944252384
WY075,5,未记录,排水沟,1198633998,0.582,109.1218898,23.2026255,-11170.349922718353,21497.20715076126
WY076,1,未记录,渠道,1245807013,1.223,109.1205154,23.2169098,-11311.248061735929,23079.10949834526
WY076,2,未记录,渠道,1245807013,1.223,109.1204427,23.2170645,-11318.700982797573,23096.24161494674
WY076,3,未记录,渠道,1245807013,1.223,109.1201583,23.218228,-11347.85656395026,23225.092407874276
WY076,4,未记录,渠道,1245807013,1.223,109.1200779,23.2184695,-11356.098859044278,23251.837114786318
WY076,5,未记录,渠道,1245807013,1.223,109.1196943,23.2193964,-11395.424038123087,23354.48584702906
WY076,6,未记录,渠道,1245807013,1.223,109.1194502,23.2198031,-11420.448220118558,23399.52548388639
WY076,7,未记录,渠道,1245807013,1.223,109.1191632,23.220407,-11449.870343152592,23466.40386278549
WY076,8,未记录,渠道,1245807013,1.223,109.1187716,23.2207743,-11490.015651097303,23507.0801809994
WY076,9,未记录,渠道,1245807013,1.223,109.1174225,23.2221004,-11628.320132578683,23653.93796913961
WY076,10,未记录,渠道,1245807013,1.223,109.1172911,23.2221768,-11641.790749187368,23662.398820518894
WY076,11,未记录,渠道,1245807013,1.223,109.117047,23.2221669,-11666.814931182842,23661.30245365187
WY076,12,未记录,渠道,1245807013,1.223,109.1161458,23.2221201,-11759.202447831947,23656.119628461514
WY076,13,未记录,渠道,1245807013,1.223,109.1157783,23.2221768,-11796.877117570202,23662.398820518894
WY076,14,未记录,渠道,1245807013,1.223,109.1153223,23.2223272,-11843.624462878584,23679.054737369916
WY076,15,未记录,渠道,1245807013,1.223,109.1148342,23.222655,-11893.662575257868,23715.356662528266
WY076,16,未记录,渠道,1245807013,1.223,109.1145311,23.2229754,-11924.73520763391,23750.839081139286
WY076,17,未记录,渠道,1245807013,1.223,109.1142977,23.2232589,-11948.66246727193,23782.235041427368
WY076,18,未记录,渠道,1245807013,1.223,109.113654,23.2244272,-12014.652086076561,23911.61740616922
WY076,19,未记录,渠道,1245807013,1.223,109.11349262212585,23.2247021,-12031.195917673114,23942.060966956
WY077,1,未记录,溪流,1246950139,0.033,109.4074666,23.1588815,18105.87218620462,16652.81601554881
WY077,2,未记录,溪流,1246950139,0.033,109.4073325,23.1591527,18092.124776102926,16682.849823062315
WY078,1,未记录,溪流,1246950140,0.077,109.4073325,23.1591527,18092.124776102926,16682.849823062315
WY078,2,未记录,溪流,1246950140,0.077,109.4073111,23.1598482,18089.930931389477,16759.872364085903
WY079,1,未记录,溪流,1251667285,1.279,109.1613643,23.0387327,-7123.577812243718,3347.041929356274
WY079,2,未记录,溪流,1251667285,1.279,109.1619148,23.0388346,-7067.142694716511,3358.326755999501
WY079,3,未记录,溪流,1251667285,1.279,109.1620076,23.0390907,-7057.629199882819,3386.6883271799506
WY079,4,未记录,溪流,1251667285,1.279,109.1619999,23.0394251,-7058.418573915194,3423.721163582984
WY079,5,未记录,溪流,1251667285,1.279,109.1618066,23.0398948,-7078.234937616409,3475.737680504376
WY079,6,未记录,溪流,1251667285,1.279,109.161103,23.0404213,-7150.365271299278,3534.044463896077
WY079,7,未记录,溪流,1251667285,1.279,109.160786,23.0406632,-7182.862877576804,3560.833468459441
WY079,8,未记录,溪流,1251667285,1.279,109.1604071,23.0413107,-7221.706230948315,3632.5402913390926
WY079,9,未记录,溪流,1251667285,1.279,109.1605617,23.0414601,-7205.857240630842,3649.0854640620005
WY079,10,未记录,溪流,1251667285,1.279,109.1610256,23.0416166,-7158.300018068219,3666.4169200942383
WY079,11,未记录,溪流,1251667285,1.279,109.1618916,23.0416166,-7069.521068425298,3666.4169200942383
WY079,12,未记录,溪流,1251667285,1.279,109.162255,23.0426483,-7032.266714730198,3780.671636951226
WY079,13,未记录,溪流,1251667285,1.279,109.1621313,23.0429329,-7044.947957306509,3812.1894157799566
WY079,14,未记录,溪流,1251667285,1.279,109.1620927,23.0431677,-7048.905079080047,3838.1921370343844
WY079,15,未记录,溪流,1251667285,1.279,109.1618452,23.0435519,-7074.277815842872,3880.7400310117205
WY079,16,未记录,溪流,1251667285,1.279,109.1611107,23.0439219,-7149.575897266904,3921.715358371577
WY079,17,未记录,溪流,1251667285,1.279,109.159889,23.0442634,-7274.819826571093,3959.5344780831533
WY079,18,未记录,溪流,1251667285,1.279,109.1595179,23.0442705,-7312.863554300024,3960.32076139209
WY079,19,未记录,溪流,1251667285,1.279,109.15917,23.0443915,-7348.528908318712,3973.72080088004
WY079,20,未记录,溪流,1251667285,1.279,109.1590617,23.0446832,-7359.631402830271,4006.0248630177066
WY079,21,未记录,溪流,1251667285,1.279,109.1586674,23.0455441,-7400.053504266533,4101.364482812442
WY079,22,未记录,溪流,1251667285,1.279,109.1583813,23.0459995,-7429.383362802897,4151.797358703425
WY080,1,未记录,溪流,1251667286,0.012,109.1612612,23.0386769,-7134.147222992587,3340.8624070136843
WY080,2,未记录,溪流,1251667286,0.012,109.1613643,23.0387327,-7123.577812243718,3347.041929356274
WY081,1,未记录,溪流,1251915955,12.442,109.1618277,23.1084896,-7076.071847735031,11072.208991808042
WY081,2,未记录,溪流,1251915955,12.442,109.161596,23.1082147,-7099.824829989374,11041.765431021264
WY081,3,未记录,溪流,1251915955,12.442,109.1608862,23.1068402,-7172.590763542808,10889.547627085798
WY081,4,未记录,溪流,1251915955,12.442,109.1603258,23.1067577,-7230.040790540003,10880.41123652569
WY081,5,未记录,溪流,1251915955,12.442,109.1593619,23.1063659,-7328.856067169102,10837.021687175557
WY081,6,未记录,溪流,1251915955,12.442,109.1586072,23.1065171,-7406.224973975386,10853.766199329226
WY081,7,未记录,溪流,1251915955,12.442,109.1580991,23.1065171,-7458.31340851797,10853.766199329226
WY081,8,未记录,溪流,1251915955,12.442,109.1573893,23.1062079,-7531.0793420699465,10819.524114951739
WY081,9,未记录,溪流,1251915955,12.442,109.1574416,23.1058917,-7525.717749615335,10784.506821678246
WY081,10,未记录,溪流,1251915955,12.442,109.1578077,23.1056581,-7488.1866024272285,10758.636993377397
WY081,11,未记录,溪流,1251915955,12.442,109.1583532,23.1055137,-7432.264065442304,10742.645541294269
WY081,12,未记录,溪流,1251915955,12.442,109.1583905,23.1051564,-7428.440214608711,10703.076664359916
WY081,13,未记录,溪流,1251915955,12.442,109.1580169,23.1048471,-7466.74023260587,10668.823505569893
WY081,14,未记录,溪流,1251915955,12.442,109.1572697,23.1048815,-7543.340268603101,10672.633103573138
WY081,15,未记录,溪流,1251915955,12.442,109.1567243,23.105067,-7599.252553979278,10693.17613931673
WY081,16,未记录,溪流,1251915955,12.442,109.1561714,23.1050189,-7655.933710164507,10687.84934676026
WY081,17,未记录,溪流,1251915955,12.442,109.1561564,23.1047028,-7657.4714517869825,10652.843127899301
WY081,18,未记录,溪流,1251915955,12.442,109.1561639,23.1042835,-7656.702580976474,10606.408115029395
WY081,19,未记录,溪流,1251915955,12.442,109.1556035,23.1037681,-7714.152607973669,10549.330591458296
WY081,20,未记录,溪流,1251915955,12.442,109.1538999,23.1034726,-7888.799049788034,10516.60570163443
WY081,21,未记录,溪流,1251915955,12.442,109.153474,23.1035413,-7932.4606602412605,10524.213823227989
WY081,22,未记录,溪流,1251915955,12.442,109.1536309,23.1039743,-7916.375882875969,10572.166030651908
WY081,23,未记录,溪流,1251915955,12.442,109.1542735,23.1046959,-7850.499031789417,10652.078993416224
WY081,24,未记录,溪流,1251915955,12.442,109.1536981,23.1051151,-7909.486800409088,10698.502931873594
WY081,25,未记录,溪流,1251915955,12.442,109.1528389,23.1055687,-7997.568640515846,10748.73646833421
WY081,26,未记录,溪流,1251915955,12.442,109.1531676,23.1063728,-7963.871595772995,10837.785821658634
WY081,27,未记录,溪流,1251915955,12.442,109.1506645,23.1067164,-8220.479666039202,10875.837504039368
WY081,28,未记录,溪流,1251915955,12.442,109.1477728,23.1080154,-8516.9254959265,11019.69412631073
WY081,29,未记录,溪流,1251915955,12.442,109.1472872,23.1085652,-8566.7073180361,11080.581247885073
WY081,30,未记录,溪流,1251915955,12.442,109.1471377,23.1094036,-8582.033476201086,11173.429124799814
WY081,31,未记录,溪流,1251915955,12.442,109.1466595,23.109596,-8631.056679110381,11194.736295026876
WY081,32,未记录,溪流,1251915955,12.442,109.1460393,23.1093967,-8694.637169374153,11172.664990316736
WY081,33,未记录,溪流,1251915955,12.442,109.1453594,23.1091768,-8764.337871292842,11148.312356569506
WY081,34,未记录,溪流,1251915955,12.442,109.144672,23.1096029,-8834.807444023496,11195.500429509953
WY081,35,未记录,溪流,1251915955,12.442,109.1441928,23.1102002,-8883.933163040665,11261.647897164372
WY081,36,未记录,溪流,1251915955,12.442,109.1427431,23.1111898,-9032.550764999773,11371.240286232389
WY081,37,未记录,溪流,1251915955,12.442,109.1426282,23.1111305,-9044.329865824173,11364.673159442385
WY081,38,未记录,溪流,1251915955,12.442,109.1421799,23.1101822,-9090.287837100179,11259.654502860298
WY081,39,未记录,溪流,1251915955,12.442,109.1420454,23.1090963,-9104.076253644147,11139.397454265623
WY081,40,未记录,溪流,1251915955,12.442,109.141358,23.1076943,-9174.545826374802,10984.134186809992
WY081,41,未记录,溪流,1251915955,12.442,109.1410591,23.1069658,-9205.18789109457,10903.457089562598
WY081,42,未记录,溪流,1251915955,12.442,109.1416868,23.1066085,-9140.838530020288,10863.888212628246
WY081,43,未记录,溪流,1251915955,12.442,109.141896,23.1062099,-9119.39216019893,10819.745603207573
WY081,44,未记录,溪流,1251915955,12.442,109.1415672,23.1059212,-9153.099456553444,10787.773773454246
WY081,45,未记录,溪流,1251915955,12.442,109.1409246,23.1060999,-9218.976307638539,10807.56374912769
WY081,46,未记录,溪流,1251915955,12.442,109.1393854,23.1074194,-9376.769101277103,10953.690626023214
WY081,47,未记录,溪流,1251915955,12.442,109.1385635,23.1095636,-9461.027090550268,11191.148185279859
WY081,48,未记录,溪流,1251915955,12.442,109.1371139,23.1132197,-9609.634440899172,11596.039791658695
WY081,49,未记录,溪流,1251915955,12.442,109.1373381,23.1144567,-9586.650329456796,11733.030277994503
WY081,50,未记录,溪流,1251915955,12.442,109.1372185,23.1155425,-9598.911255988492,11853.276252176249
WY081,51,未记录,溪流,1251915955,12.442,109.1359333,23.1167795,-9730.66495816014,11990.266738511664
WY081,52,未记录,溪流,1251915955,12.442,109.1342596,23.118525,-9902.246168342672,12183.570613935099
WY081,53,未记录,溪流,1251915955,12.442,109.1335273,23.1196932,-9977.318714327634,12312.941904264024
WY081,54,未记录,溪流,1251915955,12.442,109.1326606,23.1200368,-10066.169425246359,12350.993586644756
WY081,55,未记录,溪流,1251915955,12.442,109.1319582,23.1204491,-10138.17673959803,12396.653390618654
WY081,56,未记录,溪流,1251915955,12.442,109.1308075,23.1199268,-10256.142025225708,12338.811732564478
WY081,57,未记录,溪流,1251915955,12.442,109.1281326,23.119597,-10530.362362869479,12302.288319150295
WY081,58,未记录,溪流,1251915955,12.442,109.1242023,23.120614,-10933.281422663267,12414.915097325944
WY081,59,未记录,溪流,1251915955,12.442,109.1235746,23.1215898,-10997.630783737548,12522.979217427805
WY081,60,未记录,溪流,1251915955,12.442,109.1229619,23.1223182,-11060.442403189354,12603.645240262664
WY081,61,未记录,溪流,1251915955,12.442,109.1219756,23.122868,-11161.554040641233,12664.532361837006
WY081,62,未记录,溪流,1251915955,12.442,109.1210641,23.1228817,-11254.997473204061,12666.049556390626
WY081,63,未记录,溪流,1251915955,12.442,109.1199881,23.1223182,-11365.304805554348,12603.645240262664
WY081,64,未记录,溪流,1251915955,12.442,109.1199283,23.1210951,-11371.435268820926,12468.194097306727
WY081,65,未记录,溪流,1251915955,12.442,109.1194352,23.1199956,-11421.985961741035,12346.43092857097
WY081,66,未记录,溪流,1251915955,12.442,109.11815,23.119542,-11553.739663912682,12296.197392110353
WY081,67,未记录,溪流,1251915955,12.442,109.1173579,23.1196657,-11634.94267316422,12309.896440743856
WY081,68,未记录,溪流,1251915955,12.442,109.1167154,23.1202017,-11700.80927263911,12369.25529335165
WY081,69,未记录,溪流,1251915955,12.442,109.1154451,23.1209164,-11831.035484799942,12448.40412163289
WY081,70,未记录,溪流,1251915955,12.442,109.1134725,23.1217135,-12033.258759702245,12536.678266061308
WY081,71,未记录,溪流,1251915955,12.442,109.111485,23.1220846,-12237.00952461536,12577.775411962208
WY081,72,未记录,溪流,1251915955,12.442,109.1109769,23.1225794,-12289.097959157943,12632.571606496216
WY081,73,未记录,溪流,1251915955,12.442,109.1104538,23.1235826,-12342.724135321545,12743.670115705316
WY081,74,未记录,溪流,1251915955,12.442,109.1103193,23.1243385,-12356.512551865513,12827.38160206034
WY081,75,未记录,溪流,1251915955,12.442,109.1110217,23.1249844,-12284.50523751384,12898.91123433509
WY081,76,未记录,溪流,1251915955,12.442,109.1113803,23.1253967,-12247.7429611377,12944.571038309383
WY081,77,未记录,溪流,1251915955,12.442,109.1101699,23.1257541,-12371.828458420294,12984.150989656662
WY081,78,未记录,溪流,1251915955,12.442,109.1086605,23.1260152,-12526.566272035776,13013.066281477286
WY081,79,未记录,溪流,1251915955,12.442,109.1073006,23.1253693,-12665.977927484813,12941.536649202144
WY081,80,未记录,溪流,1251915955,12.442,109.1060752,23.1249432,-12791.601166389883,12894.348576261697
WY081,81,未记录,溪流,1251915955,12.442,109.1044762,23.1250257,-12955.524423295024,12903.484966821412
WY081,82,未记录,溪流,1251915955,12.442,109.1030715,23.1246958,-13099.528800388165,12866.950478994691
WY081,83,未记录,溪流,1251915955,12.442,109.1014874,23.1232253,-13261.924567281038,12704.101238771358
WY081,84,未记录,溪流,1251915955,12.442,109.0996643,23.1236513,-13448.821684016895,12751.278237298877
WY081,85,未记录,溪流,1251915955,12.442,109.0979009,23.124847,-13629.598589097837,12883.694991147968
WY081,86,未记录,溪流,1251915955,12.442,109.0972732,23.125809,-13693.947950172118,12990.230842283674
WY081,87,未记录,溪流,1251915955,12.442,109.0968697,23.1264962,-13735.313199804023,13066.334207044745
WY081,88,未记录,溪流,1251915955,12.442,109.0951661,23.1267023,-13909.959641618389,13089.158571825821
WY081,89,未记录,溪流,1251915955,12.442,109.0946281,23.1265099,-13965.11330779426,13067.851401598366
WY081,90,未记录,溪流,1251915955,12.442,109.0944936,23.1259327,-13978.90172433677,13003.929890917178
WY081,91,未记录,溪流,1251915955,12.442,109.093597,23.1256716,-14070.817666888785,12975.014599096554
WY081,92,未记录,溪流,1251915955,12.442,109.0923865,23.1257128,-14194.913415783041,12979.577257169947
WY081,93,未记录,溪流,1251915955,12.442,109.0913255,23.1258503,-14303.68300651231,12994.804574769998
WY081,94,未记录,溪流,1251915955,12.442,109.0892035,23.1249157,-14521.222187969393,12891.303112741529
WY081,95,未记录,溪流,1251915955,12.442,109.0880677,23.1246684,-14637.659983586258,12863.916089887454
WY081,96,未记录,溪流,1251915955,12.442,109.0873803,23.1249295,-14708.129556315456,12892.831381708076
WY081,97,未记录,溪流,1251915955,12.442,109.0867527,23.1253418,-14772.468665779532,12938.49118568237
WY081,98,未记录,溪流,1251915955,12.442,109.0860353,23.1255067,-14846.01372175368,12956.752892389264
WY081,99,未记录,溪流,1251915955,12.442,109.0856916,23.1263725,-14881.248508119006,13052.635158411244
WY081,100,未记录,溪流,1251915955,12.442,109.0846455,23.1273345,-14988.490608837463,13159.17100954695
WY081,101,未记录,溪流,1251915955,12.442,109.0841375,23.1284889,-15040.568791768386,13287.01403090972
WY081,102,未记录,溪流,1251915955,12.442,109.0839581,23.1295746,-15058.960181566661,13407.248930678928
WY081,103,未记录,溪流,1251915955,12.442,109.0830465,23.1306053,-15152.41386574115,13521.392903407803
WY082,1,南河,河流,1251915956,1.194,109.0830465,23.1306053,-15152.41386574115,13521.392903407803
WY082,2,南河,河流,1251915956,1.194,109.0827167,23.1310878,-15186.22367820208,13574.82694516763
WY082,3,南河,河流,1251915956,1.194,109.0826823,23.1320981,-15189.750232322256,13686.711737685666
WY082,4,南河,河流,1251915956,1.194,109.0835406,23.1343239,-15101.760656711709,13933.206017786842
WY082,5,南河,河流,1251915956,1.194,109.0847251,23.1361708,-14980.330326629452,14137.739347789251
WY082,6,南河,河流,1251915956,1.194,109.0861327,23.1372916,-14836.028652822895,14261.861366451423
WY082,7,南河,河流,1251915956,1.194,109.0872829,23.1400382,-14718.114625247697,14566.031188414803
WY083,1,南河,河流,1251915957,0.067,109.0872829,23.1400382,-14718.114625247697,14566.031188414803
WY083,2,南河,河流,1251915957,0.067,109.0872858,23.1406384,-14717.81732853428,14632.499814040239
WY084,1,未记录,溪流,1251915958,1.757,109.0837631,23.1210249,-15078.950822653009,12460.419859520798
WY084,2,未记录,溪流,1251915958,1.757,109.0828533,23.1220984,-15172.21997783216,12579.303680928362
WY084,3,未记录,溪流,1251915958,1.757,109.0818748,23.1225405,-15272.531989640001,12628.263659917051
WY084,4,未记录,溪流,1251915958,1.757,109.0812397,23.1229509,-15337.639969914588,12673.713050048045
WY084,5,未记录,溪流,1251915958,1.757,109.0809307,23.1235982,-15369.317447327667,12745.397724102231
WY084,6,未记录,溪流,1251915958,1.757,109.0803127,23.1239613,-15432.672402153825,12785.608916979012
WY084,7,未记录,溪流,1251915958,1.757,109.0794029,23.1237876,-15525.941557331518,12766.372661945348
WY084,8,未记录,溪流,1251915958,1.757,109.0787849,23.1239771,-15589.296512157678,12787.358674201394
WY084,9,未记录,溪流,1251915958,1.757,109.0787849,23.1244191,-15589.296512157678,12836.307578777152
WY084,10,未记录,溪流,1251915958,1.757,109.0791282,23.1253979,-15554.102732236082,12944.70393126296
WY084,11,未记录,溪流,1251915958,1.757,109.0789737,23.1261714,-15569.941470941894,13030.364514270736
WY084,12,未记录,溪流,1251915958,1.757,109.0786991,23.1266135,-15598.092394236253,13079.324493259424
WY084,13,未记录,溪流,1251915958,1.757,109.0786819,23.1269766,-15599.855671294885,13119.53568613581
WY084,14,未记录,溪流,1251915958,1.757,109.0793514,23.1276396,-15531.22113690158,13192.959042999448
WY084,15,未记录,溪流,1251915958,1.757,109.079626,23.1283658,-15503.07021360722,13273.381428753008
WY084,16,未记录,溪流,1251915958,1.757,109.0795059,23.1294708,-15515.382398194311,13395.753690192405
WY084,17,未记录,溪流,1251915958,1.757,109.0798835,23.1296761,-15476.6723157642,13418.489459670833
WY084,18,未记录,溪流,1251915958,1.757,109.0802784,23.1293919,-15436.188704662341,13387.015978493426
WY084,19,未记录,溪流,1251915958,1.757,109.0809478,23.1291393,-15367.564421877783,13359.042011760388
WY084,20,未记录,溪流,1251915958,1.757,109.0814457,23.129313,-15316.521651638715,13378.278266794052
WY084,21,未记录,溪流,1251915958,1.757,109.0830465,23.1306053,-15152.41386574115,13521.392903407803
WY085,1,未记录,排水沟,1344764507,2.128,109.1395001,23.1862505,-9365.010503673113,19683.772054768586
WY085,2,未记录,排水沟,1344764507,2.128,109.1387671,23.1862826,-9440.154810935333,19687.32694127721
WY085,3,未记录,排水沟,1344764507,2.128,109.1381776,23.1864679,-9500.588056678353,19707.84782819573
WY085,4,未记录,排水沟,1344764507,2.128,109.1364129,23.1863146,-9681.498232700695,19690.870753373296
WY085,5,未记录,排水沟,1344764507,2.128,109.1332211,23.1863253,-10008.709146637502,19692.05571554297
WY085,6,未记录,排水沟,1344764507,2.128,109.1325463,23.1861435,-10077.88701640516,19671.92243307265
WY085,7,未记录,排水沟,1344764507,2.128,109.1316775,23.1855339,-10166.953011151294,19604.41281264405
WY085,8,未记录,排水沟,1344764507,2.128,109.1311695,23.1847995,-10219.031194082216,19523.082325041298
WY085,9,未记录,排水沟,1344764507,2.128,109.1305141,23.1843824,-10286.220251352172,19476.89094925269
WY085,10,未记录,排水沟,1344764507,2.128,109.1266241,23.1838654,-10685.00791198729,19419.63623507669
WY085,11,未记录,排水沟,1344764507,2.128,109.1260346,23.1840009,-10745.441157731766,19434.642064420907
WY085,12,未记录,排水沟,1344764507,2.128,109.1255305,23.1848957,-10797.119527841398,19533.73591015463
WY085,13,未记录,排水沟,1344764507,2.128,109.1252163,23.1849813,-10829.330089015712,19543.215607511618
WY085,14,未记录,排水沟,1344764507,2.128,109.1237193,23.183894,-10982.796702890064,19422.803517137505
WY085,15,未记录,排水沟,1344764507,2.128,109.1231686,23.1842612,-11039.252323639137,19463.468760939275
WY085,16,未记录,排水沟,1344764507,2.128,109.1224744,23.1835303,-11110.419005904498,19382.52587778433
WY085,17,未记录,排水沟,1344764507,2.128,109.1222106,23.1830633,-11137.462755229742,19330.80837000849
WY085,18,未记录,排水沟,1344764507,2.128,109.1214817,23.1828223,-11212.186746447349,19304.119035160704
WY086,1,未记录,溪流,1461438065,8.057,109.2180537,23.183487,-1312.0011518796387,19377.730657041782
WY086,2,未记录,溪流,1461438065,8.057,109.2181125,23.1843117,-1305.973204720935,19469.061339402902
WY086,3,未记录,溪流,1461438065,8.057,109.2177302,23.1851094,-1345.1651128597996,19557.401930308504
WY086,4,未记录,溪流,1461438065,8.057,109.2176566,23.185373,-1352.7102984191122,19586.59408244882
WY086,5,未记录,溪流,1461438065,8.057,109.2175095,23.1855961,-1367.7904179246189,19611.301097405856
WY086,6,未记录,溪流,1461438065,8.057,109.2172522,23.1857245,-1394.1678125472286,19625.520643440745
WY086,7,未记录,溪流,1461438065,8.057,109.2167153,23.1854947,-1449.208711003566,19600.07164282649
WY086,8,未记录,溪流,1461438065,8.057,109.2164727,23.1855285,-1474.079118837228,19603.814794352944
WY086,9,未记录,溪流,1461438065,8.057,109.216458,23.1857989,-1475.5861056261756,19633.760006564196
WY086,10,未记录,溪流,1461438065,8.057,109.2166786,23.1863329,-1452.9710521730176,19692.897370915765
WY086,11,未记录,溪流,1461438065,8.057,109.217061,23.1869818,-1413.7688924224915,19764.759235574853
WY086,12,未记录,溪流,1461438065,8.057,109.2171419,23.1872522,-1405.475339274536,19794.704447785713
WY086,13,未记录,溪流,1461438065,8.057,109.2170316,23.1875158,-1416.7828660018433,19823.896599926422
WY086,14,未记录,溪流,1461438065,8.057,109.2168624,23.1875699,-1434.128591498059,19829.88785725118
WY086,15,未记录,溪流,1461438065,8.057,109.2160388,23.1870765,-1518.5608581549009,19775.246704496214
WY086,16,未记录,溪流,1461438065,8.057,109.2156785,23.1870765,-1555.497411916175,19775.246704496214
WY086,17,未记录,溪流,1461438065,8.057,109.2154211,23.1873401,-1581.8850581489892,19804.438856636923
WY086,18,未记录,溪流,1461438065,8.057,109.2154579,23.1881986,-1578.112465369333,19899.5126905245
WY086,19,未记录,溪流,1461438065,8.057,109.2147078,23.1888407,-1655.0097980799806,19970.62149511305
WY086,20,未记录,溪流,1461438065,8.057,109.2146931,23.1891111,-1656.5167848689282,20000.566707324302
WY086,21,未记录,溪流,1461438065,8.057,109.2148402,23.1903278,-1641.4366653634213,20135.30908786102
WY086,22,未记录,溪流,1461438065,8.057,109.2151637,23.1914634,-1608.2727043818036,20261.07011961746
WY086,23,未记录,溪流,1461438065,8.057,109.2150534,23.1923354,-1619.5802311091109,20357.638999233193
WY086,24,未记录,溪流,1461438065,8.057,109.2148838,23.1930367,-1636.9669630490587,20435.303856199207
WY086,25,未记录,溪流,1461438065,8.057,109.2152636,23.1938237,-1598.0313451798784,20522.45948493474
WY086,26,未记录,溪流,1461438065,8.057,109.2155919,23.1939243,-1564.3753068793017,20533.60034421146
WY086,27,未记录,溪流,1461438065,8.057,109.2159524,23.1939065,-1527.4182498976184,20531.629098733247
WY086,28,未记录,溪流,1461438065,8.057,109.2163322,23.1940012,-1488.4826320298948,20542.116567654608
WY086,29,未记录,溪流,1461438065,8.057,109.2163451,23.1946166,-1487.1601742348284,20610.268504025633
WY086,30,未记录,溪流,1461438065,8.057,109.2167249,23.1945396,-1448.2245563656481,20601.741206169558
WY086,31,未记录,溪流,1461438065,8.057,109.2171433,23.1947112,-1405.3318167229302,20620.74489853446
WY086,32,未记录,溪流,1461438065,8.057,109.2174974,23.1950781,-1369.0308628336777,20661.37691909744
WY086,33,未记录,溪流,1461438065,8.057,109.2180059,23.1957999,-1316.9014218488185,20741.312030687615
WY086,34,未记录,溪流,1461438065,8.057,109.2187462,23.1965159,-1241.0087469979549,20820.604826335362
WY086,35,未记录,溪流,1461438065,8.057,109.2191389,23.1966638,-1200.7506713337082,20836.983882866298
WY086,36,未记录,溪流,1461438065,8.057,109.2193062,23.1969656,-1183.599726443035,20870.406460696453
WY086,37,未记录,溪流,1461438065,8.057,109.2203748,23.1976046,-1074.0510132930515,20941.171958488125
WY086,38,未记录,溪流,1461438065,8.057,109.2222803,23.198214,-878.7065692474276,21008.65943009126
WY086,39,未记录,溪流,1461438065,8.057,109.2232974,23.1987939,-774.437435664591,21072.879949918
WY086,40,未记录,溪流,1461438065,8.057,109.2235034,23.1990246,-753.3191173901758,21098.428620247832
WY086,41,未记录,溪流,1461438065,8.057,109.223645,23.1994684,-738.802836477974,21147.57686425396
WY086,42,未记录,溪流,1461438065,8.057,109.2239604,23.1996577,-706.4692559739206,21168.540727684143
WY086,43,未记录,溪流,1461438065,8.057,109.2253766,23.1997287,-561.2859436358632,21176.403560772327
WY086,44,未记录,溪流,1461438065,8.057,109.2266834,23.2004506,-427.31789352890104,21256.34974677504
WY086,45,未记录,溪流,1461438065,8.057,109.2275481,23.2003627,-338.6722148259239,21246.615337923824
WY086,46,未记录,溪流,1461438065,8.057,109.2276258,23.2018312,-330.70671322491216,21409.243089891326
WY086,47,未记录,溪流,1461438065,8.057,109.2279367,23.202375,-298.83445520629,21469.46574669738
WY086,48,未记录,溪流,1461438065,8.057,109.2283254,23.2024901,-258.98644397499464,21482.212395829974
WY086,49,未记录,溪流,1461438065,8.057,109.2292106,23.2023908,-168.23918505623743,21471.215503919764
WY086,50,未记录,溪流,1461438065,8.057,109.2297979,23.2025298,-108.03147475083142,21486.608937711786
WY086,51,未记录,溪流,1461438065,8.057,109.2304931,23.2022757,-36.76227637614064,21458.46885478717
WY086,52,未记录,溪流,1461438065,8.057,109.2307609,23.202244,-9.308462617944157,21454.95826592948
WY086,53,未记录,溪流,1461438065,8.057,109.2309293,23.2023829,7.955249990807122,21470.340625308574
WY086,54,未记录,溪流,1461438065,8.057,109.2317239,23.202113,89.41454951348626,21440.450785161574
WY086,55,未记录,溪流,1461438065,8.057,109.2323284,23.2026052,151.38553687898067,21494.95904496296
WY086,56,未记录,溪流,1461438065,8.057,109.233028,23.2029227,223.1058061288982,21530.12030560257
WY086,57,未记录,溪流,1461438065,8.057,109.233313,23.2037721,252.32289694572626,21624.186367925377
WY086,58,未记录,溪流,1461438065,8.057,109.2334857,23.2039149,270.02742882095646,21640.000629403996
WY086,59,未记录,溪流,1461438065,8.057,109.2338873,23.2038276,311.19789784731813,21630.332667029572
WY086,60,未记录,溪流,1461438065,8.057,109.2340341,23.2037086,326.2472625207543,21617.154115797453
WY086,61,未记录,溪流,1461438065,8.057,109.2340428,23.2034109,327.1391526610031,21584.185588892287
WY086,62,未记录,溪流,1461438065,8.057,109.2337664,23.2029465,298.8037003727624,21532.75601584907
WY086,63,未记录,溪流,1461438065,8.057,109.2339175,23.2027163,314.2938843126775,21507.262717583493
WY086,64,未记录,溪流,1461438065,8.057,109.2343364,23.2024623,357.2378820093322,21479.133709071804
WY086,65,未记录,溪流,1461438065,8.057,109.234846,23.2023591,409.4800907137265,21467.70491506207
WY086,66,未记录,溪流,1461438065,8.057,109.235606,23.2022638,487.3923328943627,21457.150999663918
WY086,67,未记录,溪流,1461438065,8.057,109.2360637,23.2023591,534.313955586421,21467.70491506207
WY086,68,未记录,溪流,1461438065,8.057,109.2364006,23.202502,568.851632415585,21483.530250953227
WY086,69,未记录,溪流,1461438065,8.057,109.2366122,23.2026846,590.5440408964234,21503.75212872619
WY086,70,未记录,溪流,1461438065,8.057,109.236854,23.2036093,615.3324358426212,21606.157223887243
WY086,71,未记录,溪流,1461438065,8.057,109.2370742,23.2037086,637.9064828535038,21617.154115797453
WY086,72,未记录,溪流,1461438065,8.057,109.2372599,23.2034863,656.9437241340049,21592.53569614346
WY086,73,未记录,溪流,1461438065,8.057,109.2377738,23.2034069,709.6267521034213,21583.74261238023
WY086,74,未记录,溪流,1461438065,8.057,109.2378817,23.2032878,720.6882401712493,21570.55298673518
WY086,75,未记录,溪流,1461438065,8.057,109.2379983,23.2028909,732.641618379326,21526.59864233234
WY086,76,未记录,溪流,1461438065,8.057,109.2381365,23.2027639,746.809344522718,21512.534138076495
WY086,77,未记录,溪流,1461438065,8.057,109.2383697,23.2026965,770.7161009403284,21505.06998384905
WY086,78,未记录,溪流,1461438065,8.057,109.2386331,23.2028116,797.7188438218412,21517.816632982038
WY086,79,未记录,溪流,1461438065,8.057,109.2391297,23.2036331,848.6283431209646,21608.792934133748
WY086,80,未记录,溪流,1461438065,8.057,109.2394147,23.2038078,877.8454339377927,21628.13993329513
WY086,81,未记录,溪流,1461438065,8.057,109.239825,23.203784,919.9077931044031,21625.50422304863
WY086,82,未记录,溪流,1461438065,8.057,109.240205,23.2036768,958.8639141954496,21613.632452527225
WY086,83,未记录,溪流,1461438065,8.057,109.2406973,23.2034664,1009.3325942280941,21590.33188799609
WY086,84,未记录,溪流,1461438065,8.057,109.241237,23.2032362,1064.660537787643,21564.838589730512
WY086,85,未记录,溪流,1461438065,8.057,109.2415566,23.2032402,1097.424685946514,21565.28156624257
WY086,86,未记录,溪流,1461438065,8.057,109.2417768,23.2033593,1119.9987329573967,21578.471191887224
WY086,87,未记录,溪流,1461438065,8.057,109.2418761,23.2035101,1130.1785824951803,21595.17140638957
WY086,88,未记录,溪流,1461438065,8.057,109.2418977,23.2037363,1132.3929304304954,21620.221728143086
WY086,89,未记录,溪流,1461438065,8.057,109.2414357,23.2040142,1085.030488473415,21650.997521314206
WY086,90,未记录,溪流,1461438065,8.057,109.241263,23.204038,1067.3259565996418,21653.633231560707
WY086,91,未记录,溪流,1461438065,8.057,109.2411895,23.2041531,1059.7910226519907,21666.3798806933
WY086,92,未记录,溪流,1461438065,8.057,109.2411852,23.2043634,1059.3502033869686,21689.66937081151
WY086,93,未记录,溪流,1461438065,8.057,109.2414659,23.2045063,1088.1264749387744,21705.494706702662
WY086,94,未记录,溪流,1461438065,8.057,109.2415393,23.2045539,1095.651157276221,21710.766127195668
WY086,95,未记录,溪流,1461438065,8.057,109.241833,23.2046532,1125.7601382347548,21721.763019105878
WY086,96,未记录,溪流,1461438065,8.057,109.2417898,23.2050739,1121.3314423641243,21768.35307375522
WY086,97,未记录,溪流,1461438065,8.057,109.2418977,23.2052604,1132.3929304304954,21789.006853627317
WY086,98,未记录,溪流,1461438065,8.057,109.2422518,23.2053596,1168.6938843212047,21799.992671124994
WY086,99,未记录,溪流,1461438065,8.057,109.2426016,23.2053557,1204.554018945435,21799.56076902547
WY086,100,未记录,溪流,1461438065,8.057,109.2427398,23.2054509,1218.721745088827,21810.103610011083
WY086,101,未记录,溪流,1461438065,8.057,109.2426491,23.2056772,1209.4235340810876,21835.165006177533
WY086,102,未记录,溪流,1461438065,8.057,109.2430205,23.2060105,1247.4980166420899,21872.076024039918
WY086,103,未记录,溪流,1461438065,8.057,109.2430637,23.2063201,1251.92671251272,21906.362406068332
WY086,104,未记录,溪流,1461438065,8.057,109.2428823,23.2068758,1233.3302904986979,21967.902917997642
WY086,105,未记录,溪流,1461438065,8.057,109.2431371,23.2074473,1259.4513948501667,22031.19318714933
WY086,106,未记录,溪流,1461438065,8.057,109.2435516,23.207864,1301.9443216715947,22077.340265287006
WY086,107,未记录,溪流,1461438065,8.057,109.2447867,23.2084236,1428.5619668262436,22139.312679315444
WY086,108,未记录,溪流,1461438065,8.057,109.2452617,23.2086102,1477.2571181885949,22159.977533600082
WY086,109,未记录,溪流,1461438065,8.057,109.2464924,23.2087689,1603.4236924665604,22177.552626713616
WY086,110,未记录,溪流,1461438065,8.057,109.2472006,23.2086657,1676.0256002465221,22166.123832704274
WY086,111,未记录,溪流,1461438065,8.057,109.2480168,23.2084316,1759.6992477045164,22140.198632339565
WY086,112,未记录,溪流,1461438065,8.057,109.2485954,23.2080386,1819.0150678696737,22096.67619003546
WY086,113,未记录,溪流,1461438065,8.057,109.2489581,23.2077449,1856.1976602889702,22064.150639642354
WY086,114,未记录,溪流,1461438065,8.057,109.2493857,23.2076179,1900.0335481273305,22050.08613538612
WY086,115,未记录,溪流,1461438065,8.057,109.250707,23.2076457,2035.488081802831,22053.16482214468
WY086,116,未记录,溪流,1461438065,8.057,109.251195,23.2076934,2085.5159425704533,22058.44731705022
WY086,117,未记录,溪流,1461438065,8.057,109.2516096,23.207995,2128.0191210020857,22091.84774605491
WY086,118,未记录,溪流,1461438065,8.057,109.2518428,23.2085387,2151.925877419696,22152.05932844804
WY086,119,未记录,溪流,1461438065,8.057,109.2522616,23.2086022,2194.8596235046894,22159.091580576354
WY086,120,未记录,溪流,1461438065,8.057,109.2525596,23.2084871,2225.409423728245,22146.344931443367
WY086,121,未记录,溪流,1461438065,8.057,109.2526589,23.2084951,2235.589273266029,22147.230884467488
WY086,122,未记录,溪流,1461438065,8.057,109.2526675,23.2087014,2236.4709117960733,22170.077398073634
WY086,123,未记录,溪流,1461438065,8.057,109.253121,23.2094595,2282.961966833314,22254.03252151035
WY086,124,未记录,溪流,1461438065,8.057,109.2533455,23.2097333,2305.9768331092187,22284.354263756482
WY086,125,未记录,溪流,1461438065,8.057,109.2533542,23.2102532,2306.8687232509246,22341.930135903498
WY086,126,未记录,溪流,1461438065,8.057,109.2541962,23.2104358,2393.1872862975947,22362.152013676074
WY086,127,未记录,溪流,1461438065,8.057,109.254546,23.2101501,2429.0474209232816,22330.512416306694
WY086,128,未记录,溪流,1461438065,8.057,109.2549001,23.209388,2465.348374812534,22246.11431635831
WY086,129,未记录,溪流,1461438065,8.057,109.2558933,23.208884,2567.167373409324,22190.299275846603
WY086,130,未记录,溪流,1461438065,8.057,109.2560531,23.2085467,2583.5494474894876,22152.94528147216
WY086,131,未记录,溪流,1461438065,8.057,109.2563899,23.2084752,2618.0768727084474,22145.027076320115
WY086,132,未记录,溪流,1461438065,8.057,109.256066,23.207483,2584.871905284554,22035.146752519082
WY086,133,未记录,溪流,1461438065,8.057,109.256066,23.206971,2584.871905284554,21978.445758983256
WY086,134,未记录,溪流,1461438065,8.057,109.2565065,23.2067488,2630.030250916524,21953.838413741796
WY086,135,未记录,溪流,1461438065,8.057,109.2570204,23.2068043,2682.7132788859403,21959.98471284599
WY086,136,未记录,溪流,1461438065,8.057,109.2574263,23.2070266,2724.3245671773243,21984.603132499986
WY086,137,未记录,溪流,1461438065,8.057,109.2578766,23.2069551,2770.4875706690777,21976.684927347946
WY087,1,未记录,溪流,1461438083,3.975,109.2433618,23.185095,1282.4867643479374,19555.807214865166
WY087,2,未记录,溪流,1461438083,3.975,109.2419004,23.185651,1132.6697239235025,19617.380950032868
WY087,3,未记录,溪流,1461438083,3.975,109.2417327,23.1857971,1115.4777725890974,19633.560667133435
WY087,4,未记录,溪流,1461438083,3.975,109.2418165,23.1861218,1124.068622450469,19669.51928549491
WY087,5,未记录,溪流,1461438083,3.975,109.2432338,23.1878223,1269.3647025066048,19857.839675158357
WY087,6,未记录,溪流,1461438083,3.975,109.2431676,23.1891819,1262.5781361490535,20008.407391586625
WY087,7,未记录,溪流,1461438083,3.975,109.245044,23.188983,1454.9393614473963,19986.380384527416
WY087,8,未记录,溪流,1461438083,3.975,109.245437,23.1891575,1495.228191943714,20005.705234863333
WY087,9,未记录,溪流,1461438083,3.975,109.2456798,23.1895106,1520.1191029992422,20044.808986459764
WY087,10,未记录,溪流,1461438083,3.975,109.2455518,23.189957,1506.9970411579095,20094.24516519891
WY087,11,未记录,溪流,1461438083,3.975,109.2451897,23.1904035,1469.8759584027543,20143.692418350587
WY087,12,未记录,溪流,1461438083,3.975,109.2440197,23.1915682,1349.9321118875782,20272.676104231705
WY087,13,未记录,溪流,1461438083,3.975,109.2437636,23.1921283,1323.6777365947084,20334.703890324396
WY087,14,未记录,溪流,1461438083,3.975,109.2439358,23.1924205,1341.3310104160018,20367.063324525923
WY087,15,未记录,溪流,1461438083,3.975,109.2446599,23.1923231,1415.5629243146507,20356.27684645862
WY087,16,未记录,溪流,1461438083,3.975,109.2451367,23.1924732,1464.44260467234,20372.899540071245
WY087,17,未记录,溪流,1461438083,3.975,109.2458299,23.1928994,1535.5067708298268,20420.098687425016
WY087,18,未记录,溪流,1461438083,3.975,109.2465275,23.1934716,1607.02200786254,20483.46647746603
WY087,19,未记录,溪流,1461438083,3.975,109.2469293,23.1940073,1648.2129801107678,20542.79210683543
WY087,20,未记录,溪流,1461438083,3.975,109.2473311,23.1941777,1689.4039523575389,20561.66290624675
WY087,21,未记录,溪流,1461438083,3.975,109.2479933,23.1940681,1757.2901191636586,20549.5253498178
WY087,22,未记录,溪流,1461438083,3.975,109.2481788,23.1941899,1776.3068572222937,20563.0139846084
WY087,23,未记录,溪流,1461438083,3.975,109.248245,23.1944009,1783.093423579845,20586.380995616324
WY087,24,未记录,溪流,1461438083,3.975,109.248373,23.1948392,1796.2154854211776,20634.920146918415
WY087,25,未记录,溪流,1461438083,3.975,109.2494018,23.1955332,1901.6840574678838,20711.77657175003
WY087,26,未记录,溪流,1461438083,3.975,109.250064,23.195732,1969.5702242725467,20733.79250439631
WY087,27,未记录,溪流,1461438083,3.975,109.2509735,23.1960689,2062.8086246196262,20771.10220111943
WY087,28,未记录,溪流,1461438083,3.975,109.2512473,23.1963692,2090.8775350265214,20804.35866275761
WY087,29,未记录,溪流,1461438083,3.975,109.2514548,23.1969495,2112.1496274642036,20868.623480235678
WY087,30,未记录,溪流,1461438083,3.975,109.2515078,23.1975095,2117.582981194618,20930.640191915438
WY087,31,未记录,溪流,1461438083,3.975,109.2513842,23.1982725,2104.911990229969,21015.1379615794
WY087,32,未记录,溪流,1461438083,3.975,109.2516358,23.1987513,2130.7050430359504,21068.16225006556
WY087,33,未记录,溪流,1461438083,3.975,109.2521127,23.1992951,2179.5949750038444,21128.38490687162
WY087,34,未记录,溪流,1461438083,3.975,109.2526778,23.1997009,2237.526827709794,21173.324874013764
WY087,35,未记录,溪流,1461438083,3.975,109.253212,23.2006018,2292.290932674581,21273.094258928708
WY087,36,未记录,溪流,1461438083,3.975,109.253605,23.2009792,2332.579763169442,21314.8890928355
WY087,37,未记录,溪流,1461438083,3.975,109.2535034,23.2013607,2322.1641265838402,21357.137977667284
WY087,38,未记录,溪流,1461438083,3.975,109.2532341,23.2015433,2294.556538663833,21377.359855440252
WY087,39,未记录,溪流,1461438083,3.975,109.2534946,23.2021845,2321.2619848319296,21448.368990313615
WY087,40,未记录,溪流,1461438083,3.975,109.2540244,23.2029515,2375.57501892149,21533.309736489246
WY087,41,未记录,溪流,1461438083,3.975,109.2547882,23.2033978,2453.876822311755,21582.734840815458
WY087,42,未记录,溪流,1461438083,3.975,109.2556757,23.2034141,2544.859868279787,21584.5399701017
WY087,43,未记录,溪流,1461438083,3.975,109.2564925,23.2032233,2628.5950254019226,21563.40999047954
WY087,44,未记录,溪流,1461438083,3.975,109.2570002,23.2032964,2680.642453500774,21571.50538623609
WY087,45,未记录,溪流,1461438083,3.975,109.258519,23.2037144,2836.343918533764,21617.796431739884
WY087,46,未记录,溪流,1461438083,3.975,109.2593623,23.2037103,2922.795752521835,21617.342380815287
WY087,47,未记录,溪流,1461438083,3.975,109.2602144,23.2038199,3010.1497282603596,21629.479937243847
WY087,48,未记录,溪流,1461438083,3.975,109.260837,23.204039,3073.976257183612,21653.74397568882
WY087,49,未记录,溪流,1461438083,3.975,109.2614639,23.2041242,3138.2436053718857,21663.179375394087
WY087,50,未记录,溪流,1461438083,3.975,109.2624223,23.2044118,3236.495043406223,21695.029386606766
WY088,1,未记录,排水沟,1461438098,0.274,109.1823388,23.2106524,-4973.353702219968,22386.13919180096
WY088,2,未记录,排水沟,1461438098,0.274,109.182042,23.2109027,-5003.780483113785,22413.858447038983
WY088,3,未记录,排水沟,1461438098,0.274,109.1819729,23.2109887,-5010.864346184751,22423.382442047292
WY088,4,未记录,排水沟,1461438098,0.274,109.1818998,23.211183,-5018.358273690128,22444.90002611726
WY088,5,未记录,排水沟,1461438098,0.274,109.1818103,23.2113772,-5027.5334653681275,22466.406535775084
WY088,6,未记录,排水沟,1461438098,0.274,109.1818144,23.2116276,-5027.113149324971,22494.136865426037
WY088,7,未记录,排水沟,1461438098,0.274,109.1814973,23.2121058,-5059.621007212701,22547.094707435408
WY088,8,未记录,排水沟,1461438098,0.274,109.181416,23.212132,-5067.9555668043895,22549.996203589068
WY088,9,未记录,排水沟,1461438098,0.274,109.181359,23.2122105,-5073.798984967755,22558.689617637116
WY088,10,未记录,排水沟,1461438098,0.274,109.1813021,23.2123263,-5079.632151520916,22571.513787659427
WY088,11,未记录,排水沟,1461438098,0.274,109.1811436,23.2124533,-5095.8809546596785,22585.57829191527
WY088,12,未记录,排水沟,1461438098,0.274,109.1809932,23.2126812,-5111.299377322334,22610.816878686226
WY089,1,未记录,排水沟,1461438099,0.011,109.1809932,23.2126812,-5111.299377322334,22610.816878686226
WY089,2,未记录,排水沟,1461438099,0.011,109.1809128,23.2127529,-5119.541672416352,22618.757232664128
WY090,1,未记录,排水沟,1489338174,0.907,109.1205154,23.2169098,-11311.248061735929,23079.10949834526
WY090,2,未记录,排水沟,1489338174,0.907,109.1220776,23.2103531,-11151.0973976119,22352.9934742905
WY090,3,未记录,排水沟,1489338174,0.907,109.1223979,23.2089387,-11118.261488177226,22196.35697964815
WY091,1,未记录,排水沟,1489338175,0.019,109.1226036,23.2078361,-11097.173924733424,22074.25050411591
WY091,2,未记录,排水沟,1489338175,0.019,109.1226146,23.2076684,-11096.0462475439,22055.67871385014
WY092,1,未记录,排水沟,1489338176,0.095,109.1224365,23.2086781,-11114.304366402232,22167.497059891386
WY092,2,未记录,排水沟,1489338176,0.095,109.1226036,23.2078361,-11097.173924733424,22074.25050411591
WY093,1,未记录,排水沟,1489338177,0.029,109.1223979,23.2089387,-11118.261488177226,22196.35697964815
WY093,2,未记录,排水沟,1489338177,0.029,109.1224365,23.2086781,-11114.304366402232,22167.497059891386
WY094,1,未记录,排水沟,1489338178,0.812,109.1213179,23.2002668,-11228.978884960465,21235.994976048885
WY094,2,未记录,排水沟,1489338178,0.812,109.1204194,23.1943031,-11321.089608116565,20575.550219897694
WY094,3,未记录,排水沟,1489338178,0.812,109.1204238,23.1940343,-11320.638537241337,20545.782198291345
WY094,4,未记录,排水沟,1489338178,0.812,109.1204997,23.1937195,-11312.857564634207,20510.919946797287
WY094,5,未记录,排水沟,1489338178,0.812,109.1207005,23.1930499,-11292.272330121026,20436.76567868857
WY095,1,未记录,排水沟,1489338179,0.048,109.1213758,23.2006987,-11223.04320229943,21283.82536493176
WY095,2,未记录,排水沟,1489338179,0.048,109.1213179,23.2002668,-11228.978884960465,21235.994976048885
WY096,1,未记录,排水沟,1489338180,0.126,109.1215622,23.2018192,-11203.934199743126,21407.914160355143
WY096,2,未记录,排水沟,1489338180,0.126,109.1213758,23.2006987,-11223.04320229943,21283.82536493176
WY097,1,未记录,排水沟,1489338181,0.017,109.1215986,23.2019699,-11200.202613407202,21424.603300444953
WY097,2,未记录,排水沟,1489338181,0.017,109.1215888,23.2019294,-11201.207271266987,21420.118163260886
WY097,3,未记录,排水沟,1489338181,0.017,109.1215622,23.2018192,-11203.934199743126,21407.914160355143
WY098,1,未记录,排水沟,1489338182,0.067,109.1218438,23.20253,-11175.065663693651,21486.63108653725
WY098,2,未记录,排水沟,1489338182,0.067,109.1215986,23.2019699,-11200.202613407202,21424.603300444953
WY099,1,未记录,排水沟,1489338183,0.012,109.1218898,23.2026255,-11170.349922718353,21497.20715076126
WY099,2,未记录,排水沟,1489338183,0.012,109.1218438,23.20253,-11175.065663693651,21486.63108653725
WY100,1,未记录,排水沟,1536112037,1.619,109.1404875,22.9778748,-9263.786098503155,-3392.613138027919
WY100,2,未记录,排水沟,1536112037,1.619,109.1408213,22.9770576,-9229.566221609273,-3483.1132394291735
WY100,3,未记录,排水沟,1536112037,1.619,109.1407758,22.975975,-9234.230704529178,-3603.0048324015065
WY100,4,未记录,排水沟,1536112037,1.619,109.1405102,22.9752346,-9261.458982849761,-3684.999784772151
WY100,5,未记录,排水沟,1536112037,1.619,109.140313,22.975074,-9281.675159372266,-3702.7852917289847
WY100,6,未记录,排水沟,1536112037,1.619,109.1402827,22.9747946,-9284.781397449287,-3733.7272010920765
WY100,7,未记录,排水沟,1536112037,1.619,109.1409427,22.9740402,-9217.120766082238,-3817.272571254735
WY100,8,未记录,排水沟,1536112037,1.619,109.1412158,22.9740263,-9189.123616951145,-3818.811914634213
WY100,9,未记录,排水沟,1536112037,1.619,109.1415875,22.9737608,-9151.018379558072,-3848.2144806178267
WY100,10,未记录,排水沟,1536112037,1.619,109.1420427,22.9729576,-9104.353047135699,-3937.164164227068
WY100,11,未记录,排水沟,1536112037,1.619,109.1425267,22.9725536,-9054.735250799571,-3981.904791938846
WY100,12,未记录,排水沟,1536112037,1.619,109.1434387,22.9725685,-8961.240560182807,-3980.254704431648
WY100,13,未记录,排水沟,1536112037,1.619,109.1439537,22.9724499,-8908.444764495312,-3993.3889580124405
WY100,14,未记录,排水沟,1536112037,1.619,109.1444043,22.9725783,-8862.25100617003,-3979.169411977553
WY100,15,未记录,排水沟,1536112037,1.619,109.1461585,22.9729784,-8682.417249284732,-3934.860686364906
WY100,16,未记录,排水沟,1536112037,1.619,109.1468076,22.9728253,-8615.874043495543,-3951.8156123614795
WY100,17,未记录,排水沟,1536112037,1.619,109.1476122,22.9727956,-8533.38958289267,-3955.1047129629455
WY100,18,未记录,排水沟,1536112037,1.619,109.1480414,22.9726376,-8489.389669282296,-3972.6022851871567
WY100,19,未记录,排水沟,1536112037,1.619,109.1483471,22.9718424,-8458.050495026366,-4060.6660157722777
WY100,20,未记录,排水沟,1536112037,1.619,109.148551,22.9711954,-8437.147460577902,-4132.317466588069
WY100,21,未记录,排水沟,1536112037,1.619,109.1497097,22.9702669,-8318.36204608432,-4235.143389435715
WY101,1,未记录,溪流,1536112038,4.126,109.1548661,22.9791466,-7789.747986109659,-3251.7687560379354
WY101,2,未记录,溪流,1536112038,4.126,109.1547353,22.9784364,-7803.157093054203,-3330.419235743254
WY101,3,未记录,溪流,1536112038,4.126,109.1554345,22.9775643,-7731.477830248018,-3426.999189771521
WY101,4,未记录,溪流,1536112038,4.126,109.1555021,22.9761149,-7724.547741337404,-3587.5117288942984
WY101,5,未记录,溪流,1536112038,4.126,109.1555783,22.9747356,-7716.736013898203,-3740.2611046440784
WY101,6,未记录,溪流,1536112038,4.126,109.1554316,22.9744478,-7731.775126961435,-3772.133264682221
WY101,7,未记录,溪流,1536112038,4.126,109.153454,22.972627,-7934.51098240456,-3973.7761729439
WY101,8,未记录,溪流,1536112038,4.126,109.1526948,22.9719868,-8012.341211697732,-4044.6745636891496
WY101,9,未记录,溪流,1536112038,4.126,109.152446,22.9715111,-8037.847219401959,-4097.355545378435
WY101,10,未记录,溪流,1536112038,4.126,109.1527012,22.971094,-8011.685108606758,-4143.5469211670425
WY101,11,未记录,溪流,1536112038,4.126,109.1532435,22.9708474,-7956.090623165864,-4170.856423131792
WY101,12,未记录,溪流,1536112038,4.126,109.1545002,22.9710647,-7827.258630075899,-4146.791724117578
WY101,13,未记录,溪流,1536112038,4.126,109.1552593,22.9704656,-7749.438652392932,-4213.13853120197
WY101,14,未记录,溪流,1536112038,4.126,109.1558845,22.9696315,-7685.345581588335,-4305.51020836665
WY101,15,未记录,溪流,1536112038,4.126,109.1559419,22.9689972,-7679.461156981237,-4375.755208756542
WY101,16,未记录,溪流,1536112038,4.126,109.1572625,22.9682101,-7544.0783845815395,-4462.921911905007
WY101,17,未记录,溪流,1536112038,4.126,109.1588254,22.9676874,-7383.8559591817075,-4520.807867610507
WY101,18,未记录,溪流,1536112038,4.126,109.1593485,22.9672762,-7330.229783018106,-4566.3458530437565
WY101,19,未记录,溪流,1536112038,4.126,109.1602799,22.9670589,-7234.746279902183,-4590.410552057971
WY101,20,未记录,溪流,1536112038,4.126,109.1606308,22.9663423,-7198.773377558418,-4669.769794182507
WY101,21,未记录,溪流,1536112038,4.126,109.1603179,22.9648637,-7230.850667794244,-4833.516061842891
WY101,22,未记录,溪流,1536112038,4.126,109.1599119,22.964141,-7272.472207695832,-4913.5508431478565
WY101,23,未记录,溪流,1536112038,4.126,109.1585857,22.9635927,-7408.429070300496,-4974.271848530226
WY101,24,未记录,溪流,1536112038,4.126,109.1579452,22.963626,-7474.09063755964,-4970.5840690676305
WY101,25,未记录,溪流,1536112038,4.126,109.1577106,22.9633269,-7498.140916527399,-5003.707637752628
WY101,26,未记录,溪流,1536112038,4.126,109.157864,22.9629199,-7482.414945539666,-5048.780497848353
WY101,27,未记录,溪流,1536112038,4.126,109.1588564,22.9625211,-7380.677959828884,-5092.945256094492
WY101,28,未记录,溪流,1536112038,4.126,109.1589827,22.961001,-7367.730175372684,-5261.287405066663
WY101,29,未记录,溪流,1536112038,4.126,109.1585586,22.9602533,-7411.207256830574,-5344.09078957171
WY101,30,未记录,溪流,1536112038,4.126,109.1580083,22.9594808,-7467.621871135914,-5429.640628451371
WY101,31,未记录,溪流,1536112038,4.126,109.1569798,22.9590986,-7573.05968835055,-5471.967034172874
WY101,32,未记录,溪流,1536112038,4.126,109.1563754,22.9586584,-7635.020424105839,-5520.716599318265
WY101,33,未记录,溪流,1536112038,4.126,109.1553018,22.9585587,-7745.081717796648,-5531.7577888798
WY101,34,未记录,溪流,1536112038,4.126,109.1547604,22.9586085,-7800.583938739874,-5526.242731305497
WY101,35,未记录,溪流,1536112038,4.126,109.1530102,22.9573541,-7980.007631193679,-5665.160165468196
WY101,36,未记录,溪流,1536112038,4.126,109.1526854,22.9572046,-8013.304863115241,-5681.716412604033
WY101,37,未记录,溪流,1536112038,4.126,109.1528027,22.9567228,-8001.279723631361,-5735.072933474142
WY101,38,未记录,溪流,1536112038,4.126,109.1522975,22.9558837,-8053.070861459072,-5827.998331278601
WY101,39,未记录,溪流,1536112038,4.126,109.1515577,22.9554601,-8128.912278255999,-5874.909543899355
WY101,40,未记录,溪流,1536112038,4.126,109.1518193,22.955053,-8102.094064368367,-5919.99347840801
WY101,41,未记录,溪流,1536112038,4.126,109.1515642,22.954778,-8128.245923553363,-5950.448113607717
