水体要素编号,多边形编号,环编号,点序号,名称,水体类型,OSM编号,经度,纬度,x_m,y_m
WS001,1,1,1,未记录,一般水体,387829312,109.0568256,22.8872183,-17840.478485471496,-13432.288178019124
WS001,1,1,2,未记录,一般水体,387829312,109.0562078,22.8867344,-17903.81293707579,-13485.877261557995
WS001,1,1,3,未记录,一般水体,387829312,109.0559838,22.8871258,-17926.7765452963,-13442.532009859187
WS001,1,1,4,未记录,一般水体,387829312,109.0556671,22.8875029,-17959.24339674321,-13400.770399190395
WS001,1,1,5,未记录,一般水体,387829312,109.0552655,22.8877021,-18000.413865768118,-13378.710168893183
WS001,1,1,6,未记录,一般水体,387829312,109.0552732,22.8878515,-17999.62449173574,-13362.164996169882
WS001,1,1,7,未记录,一般水体,387829312,109.0553427,22.8879227,-17992.49962222104,-13354.280014256234
WS001,1,1,8,未记录,一般水体,387829312,109.0558834,22.8878231,-17937.06916255362,-13365.310129405234
WS001,1,1,9,未记录,一般水体,387829312,109.0561151,22.8878942,-17913.316180299276,-13357.436221904121
WS001,1,1,10,未记录,一般水体,387829312,109.0564317,22.8880223,-17880.859580464024,-13343.249899107628
WS001,1,1,11,未记录,一般水体,387829312,109.0565785,22.8880579,-17865.81021579059,-13339.307408150806
WS001,1,1,12,未记录,一般水体,387829312,109.0569338,22.8884136,-17829.386242571596,-13299.915721821357
WS001,1,1,13,未记录,一般水体,387829312,109.0570882,22.8883709,-17813.55775547599,-13304.644496086723
WS001,1,1,14,未记录,一般水体,387829312,109.0573431,22.8882002,-17787.42639951286,-13323.54851873644
WS001,1,1,15,未记录,一般水体,387829312,109.057374,22.8880863,-17784.2586517717,-13336.162274915454
WS001,1,1,16,未记录,一般水体,387829312,109.0572118,22.8879227,-17800.886764509884,-13354.280014256234
WS001,1,1,17,未记录,一般水体,387829312,109.056872,22.8879298,-17835.721738053922,-13353.493730947692
WS001,1,1,18,未记录,一般水体,387829312,109.0566326,22.8877519,-17860.26409434064,-13373.195111318488
WS001,1,1,19,未记录,一般水体,387829312,109.0565785,22.88751,-17865.81021579059,-13399.98411588185
WS001,1,1,20,未记录,一般水体,387829312,109.0566171,22.8873961,-17861.853094017053,-13412.597872060865
WS001,1,1,21,未记录,一般水体,387829312,109.0568256,22.8872183,-17840.478485471496,-13432.288178019124
WS002,1,1,1,未记录,一般水体,387841468,109.0610081,22.8987419,-17411.704863207586,-12156.117144603448
WS002,1,1,2,未记录,一般水体,387841468,109.0609153,22.8983714,-17421.218358041275,-12197.147844027559
WS002,1,1,3,未记录,一般水体,387841468,109.0607143,22.8980723,-17441.824095776323,-12230.271412712162
WS002,1,1,4,未记录,一般水体,387841468,109.060521,22.8979868,-17461.640459478993,-12239.740035655825
WS002,1,1,5,未记录,一般水体,387841468,109.0603045,22.8979583,-17483.835196888995,-12242.896243304105
WS002,1,1,6,未记录,一般水体,387841468,109.0600957,22.8978158,-17505.240560266622,-12258.677281543936
WS002,1,1,7,未记录,一般水体,387841468,109.0595544,22.8978799,-17560.732529599645,-12251.578582939224
WS002,1,1,8,未记录,一般水体,387841468,109.0594848,22.8980224,-17567.867650724547,-12235.797544699395
WS002,1,1,9,未记录,一般水体,387841468,109.059624,22.898286,-17553.59740847328,-12206.605392558684
WS002,1,1,10,未记录,一般水体,387841468,109.0602658,22.8985495,-17487.802570274194,-12177.42431483051
WS002,1,1,11,未记录,一般水体,387841468,109.0604514,22.8985139,-17468.7755806039,-12181.366805787335
WS002,1,1,12,未记录,一般水体,387841468,109.0605596,22.8985994,-17457.683337704,-12171.898182843672
WS002,1,1,13,未记录,一般水体,387841468,109.0605828,22.8987062,-17455.30496399521,-12160.0707099732
WS002,1,1,14,未记录,一般水体,387841468,109.0607684,22.8987917,-17436.277974326375,-12150.602087029145
WS002,1,1,15,未记录,一般水体,387841468,109.0610081,22.8987419,-17411.704863207586,-12156.117144603448
WS003,1,1,1,未记录,一般水体,387841470,109.062864,22.89627,-17221.445218123565,-12429.865554605514
WS003,1,1,2,未记录,一般水体,387841470,109.0622222,22.8966333,-17287.24005632411,-12389.632212903269
WS003,1,1,3,未记录,一般水体,387841470,109.0625624,22.8974027,-17252.36407633634,-12304.425680820483
WS003,1,1,4,未记录,一般水体,387841470,109.062949,22.8978301,-17212.73134893245,-12257.093640513527
WS003,1,1,5,未记录,一般水体,387841470,109.0629181,22.8981506,-17215.899096673616,-12221.600147489578
WS003,1,1,6,未记录,一般水体,387841470,109.0630805,22.8983643,-17199.250480713563,-12197.9341273361
WS003,1,1,7,未记录,一般水体,387841470,109.0633589,22.8983501,-17170.709996209574,-12199.506693953974
WS003,1,1,8,未记录,一般水体,387841470,109.0637842,22.8981934,-17127.10989542049,-12216.860298811283
WS003,1,1,9,未记录,一般水体,387841470,109.0639466,22.8982076,-17110.461279460436,-12215.287732193803
WS003,1,1,10,未记录,一般水体,387841470,109.0641322,22.8977517,-17091.43428979014,-12265.775980148646
WS003,1,1,11,未记录,一般水体,387841470,109.0641708,22.8974525,-17087.4771680166,-12298.91062324618
WS003,1,1,12,未记录,一般水体,387841470,109.0639388,22.8971747,-17111.260905103016,-12329.67534200437
WS003,1,1,13,未记录,一般水体,387841470,109.0637764,22.896904,-17127.909521064525,-12359.653777454016
WS003,1,1,14,未记录,一般水体,387841470,109.0633434,22.8967687,-17172.298995885987,-12374.637457972374
WS003,1,1,15,未记录,一般水体,387841470,109.0631424,22.8964552,-17192.904733619576,-12409.355742100317
WS003,1,1,16,未记录,一般水体,387841470,109.0629413,22.8963911,-17213.52072296483,-12416.454440705027
WS003,1,1,17,未记录,一般水体,387841470,109.062864,22.89627,-17221.445218123565,-12429.865554605514
WS004,1,1,1,未记录,一般水体,387841471,109.1289534,22.8912099,-10446.217141314391,-12990.24191669621
WS004,1,1,2,未记录,一般水体,387841471,109.1291619,22.8912597,-10424.842532768835,-12984.726859121907
WS004,1,1,3,未记录,一般水体,387841471,109.1294168,22.8913949,-10398.711176805704,-12969.754253016086
WS004,1,1,4,未记录,一般水体,387841471,109.130691,22.8918645,-10268.085151823581,-12917.748810507623
WS004,1,1,5,未记录,一般水体,387841471,109.130969,22.8917435,-10239.585673763326,-12931.148849995574
WS004,1,1,6,未记录,一般水体,387841471,109.1311698,22.8916439,-10219.000439250145,-12942.178965144572
WS004,1,1,7,未记录,一般水体,387841471,109.1311544,22.8914589,-10220.579187314896,-12962.666628824303
WS004,1,1,8,未记录,一般水体,387841471,109.1312548,22.8913878,-10210.286570059034,-12970.540536325021
WS004,1,1,9,未记录,一般水体,387841471,109.1314633,22.8913736,-10188.911961513477,-12972.113102942501
WS004,1,1,10,未记录,一般水体,387841471,109.1313243,22.8910819,-10203.161700542876,-13004.417165080167
WS004,1,1,11,未记录,一般水体,387841471,109.131332,22.8908613,-10202.372326510502,-13028.847319716722
WS004,1,1,12,未记录,一般水体,387841471,109.1300191,22.8901427,-10336.965724877824,-13108.428050097486
WS004,1,1,13,未记录,一般水体,387841471,109.129355,22.8897301,-10405.04667228803,-13154.12107730978
WS004,1,1,14,未记录,一般水体,387841471,109.1292391,22.8897799,-10416.928289220303,-13148.606019735476
WS004,1,1,15,未记录,一般水体,387841471,109.1290847,22.8903989,-10432.75677631591,-13080.055404503713
WS004,1,1,16,未记录,一般水体,387841471,109.1290692,22.890655,-10434.345775992322,-13051.693833323263
WS004,1,1,17,未记录,一般水体,387841471,109.1289534,22.8912099,-10446.217141314391,-12990.24191669621
WS005,1,1,1,未记录,一般水体,387841473,109.1202664,22.8776283,-11336.774572660564,-14494.324365534758
WS005,1,1,2,未记录,一般水体,387841473,109.1203308,22.8776283,-11330.172535296895,-14494.324365534758
WS005,1,1,3,未记录,一般水体,387841473,109.120363,22.8775591,-11326.871516615789,-14501.987859192572
WS005,1,1,4,未记录,一般水体,387841473,109.1202772,22.87748,-11335.667398692907,-14510.74771971741
WS005,1,1,5,未记录,一般水体,387841473,109.1202557,22.8772428,-11337.871495018018,-14537.016226878603
WS005,1,1,6,未记录,一般水体,387841473,109.1202128,22.877223,-11342.269436056577,-14539.208960613045
WS005,1,1,7,未记录,一般水体,387841473,109.1201806,22.8771538,-11345.570454739141,-14546.872454270859
WS005,1,1,8,未记录,一般水体,387841473,109.1199875,22.8771933,-11365.366315219946,-14542.498061214905
WS005,1,1,9,未记录,一般水体,387841473,109.1196227,22.877134,-11402.764191466651,-14549.065188004906
WS005,1,1,10,未记录,一般水体,387841473,109.1193223,22.877134,-11433.560030349687,-14549.065188004906
WS005,1,1,11,未记录,一般水体,387841473,109.1187,22.8770154,-11497.355804439412,-14562.199441585699
WS005,1,1,12,未记录,一般水体,387841473,109.1186357,22.8769759,-11503.947590192876,-14566.573834641655
WS005,1,1,13,未记录,一般水体,387841473,109.1186464,22.8768276,-11502.850667835424,-14582.997188824305
WS005,1,1,14,未记录,一般水体,387841473,109.1186249,22.8768078,-11505.054764160534,-14585.189922558355
WS005,1,1,15,未记录,一般水体,387841473,109.1186893,22.8766892,-11498.452726796864,-14598.324176139147
WS005,1,1,16,未记录,一般水体,387841473,109.1186464,22.8766497,-11502.850667835424,-14602.698569195101
WS005,1,1,17,未记录,一般水体,387841473,109.1186464,22.8765706,-11502.850667835424,-14611.45842971994
WS005,1,1,18,未记录,一般水体,387841473,109.1185284,22.8765805,-11514.947568595106,-14610.362062852915
WS005,1,1,19,未记录,一般水体,387841473,109.1185069,22.8765014,-11517.151664920217,-14619.121923377754
WS005,1,1,20,未记录,一般水体,387841473,109.1183352,22.8764025,-11534.753680686117,-14630.07451763664
WS005,1,1,21,未记录,一般水体,387841473,109.1179276,22.8760269,-11576.539246361177,-14671.67001211346
WS005,1,1,22,未记录,一般水体,387841473,109.1177988,22.8759874,-11589.743321088517,-14676.044405169416
WS005,1,1,23,未记录,一般水体,387841473,109.1176271,22.8758292,-11607.345336854418,-14693.564126219091
WS005,1,1,24,未记录,一般水体,387841473,109.1175628,22.8758094,-11613.937122607882,-14695.75685995314
WS005,1,1,25,未记录,一般水体,387841473,109.1174018,22.8756216,-11630.442216017786,-14716.554607191747
WS005,1,1,26,未记录,一般水体,387841473,109.1174448,22.8755623,-11626.034023367565,-14723.121733982143
WS005,1,1,27,未记录,一般水体,387841473,109.1173697,22.8755129,-11633.732983088688,-14728.592493905122
WS005,1,1,28,未记录,一般水体,387841473,109.1171765,22.8756117,-11653.539095179698,-14717.65097405877
WS005,1,1,29,未记录,一般水体,387841473,109.1171122,22.875592,-11660.130880933164,-14719.832633380283
WS005,1,1,30,未记录,一般水体,387841473,109.1170478,22.8756513,-11666.732918296833,-14713.265506589887
WS005,1,1,31,未记录,一般水体,387841473,109.1168761,22.8756117,-11684.334934062734,-14717.65097405877
WS005,1,1,32,未记录,一般水体,387841473,109.1167474,22.8757699,-11697.528757179869,-14700.131253009095
WS005,1,1,33,未记录,一般水体,387841473,109.1165328,22.8758688,-11719.52871398433,-14689.178658750208
WS005,1,1,34,未记录,一般水体,387841473,109.1162968,22.8760862,-11743.722515503694,-14665.102885323064
WS005,1,1,35,未记录,一般水体,387841473,109.1160822,22.8762048,-11765.72247230961,-14651.968631742271
WS005,1,1,36,未记录,一般水体,387841473,109.1158676,22.8762048,-11787.72242911407,-14651.968631742271
WS005,1,1,37,未记录,一般水体,387841473,109.115653,22.8761653,-11809.722385919986,-14656.343024798225
WS005,1,1,38,未记录,一般水体,387841473,109.1156209,22.8761357,-11813.013152990887,-14659.621050987156
WS005,1,1,39,未记录,一般水体,387841473,109.1156209,22.876017,-11813.013152990887,-14672.766378980485
WS005,1,1,40,未记录,一般水体,387841473,109.1155458,22.8759478,-11820.712112710553,-14680.429872638299
WS005,1,1,41,未记录,一般水体,387841473,109.115417,22.8759478,-11833.91618743935,-14680.429872638299
WS005,1,1,42,未记录,一般水体,387841473,109.1153419,22.8758984,-11841.615147159016,-14685.900632561277
WS005,1,1,43,未记录,一般水体,387841473,109.1153097,22.8758292,-11844.91616584158,-14693.564126219091
WS005,1,1,44,未记录,一般水体,387841473,109.1152024,22.8758094,-11855.91614424381,-14695.75685995314
WS005,1,1,45,未记录,一般水体,387841473,109.1151702,22.8758786,-11859.217162926374,-14688.09336629572
WS005,1,1,46,未记录,一般水体,387841473,109.1150951,22.8759281,-11866.91612264604,-14682.611531959812
WS005,1,1,47,未记录,一般水体,387841473,109.1148162,22.8759281,-11895.507865203965,-14682.611531959812
WS005,1,1,48,未记录,一般水体,387841473,109.114666,22.8760071,-11910.905784646211,-14673.862745847902
WS005,1,1,49,未记录,一般水体,387841473,109.11443,22.8760071,-11935.099586165576,-14673.862745847902
WS005,1,1,50,未记录,一般水体,387841473,109.1143227,22.8759281,-11946.099564567805,-14682.611531959812
WS005,1,1,51,未记录,一般水体,387841473,109.1141725,22.8759083,-11961.497484010051,-14684.804265694253
WS005,1,1,52,未记录,一般水体,387841473,109.1141617,22.8758391,-11962.604657977708,-14692.467759351674
WS005,1,1,53,未记录,一般水体,387841473,109.1140866,22.8758094,-11970.303617698832,-14695.75685995314
WS005,1,1,54,未记录,一般水体,387841473,109.1140437,22.875849,-11974.701558737392,-14691.371392484649
WS005,1,1,55,未记录,一般水体,387841473,109.1139364,22.8758688,-11985.701537139621,-14689.178658750208
WS005,1,1,56,未记录,一般水体,387841473,109.1132927,22.875849,-12051.69115594425,-14691.371392484649
WS005,1,1,57,未记录,一般水体,387841473,109.1129065,22.8761851,-12091.282876905863,-14654.150291063785
WS005,1,1,58,未记录,一般水体,387841473,109.1127777,22.8762048,-12104.486951633204,-14651.968631742271
WS005,1,1,59,未记录,一般水体,387841473,109.1125202,22.8763432,-12130.884849476222,-14636.641644427036
WS005,1,1,60,未记录,一般水体,387841473,109.1124558,22.8762246,-12137.486886839892,-14649.775898007829
WS005,1,1,61,未记录,一般水体,387841473,109.1123056,22.8762048,-12152.884806282138,-14651.968631742271
WS005,1,1,62,未记录,一般水体,387841473,109.1121554,22.8762642,-12168.282725722927,-14645.390430538946
WS005,1,1,63,未记录,一般水体,387841473,109.1121125,22.8763432,-12172.680666762944,-14636.641644427036
WS005,1,1,64,未记录,一般水体,387841473,109.1120052,22.876363,-12183.680645165174,-14634.448910692596
WS005,1,1,65,未记录,一般水体,387841473,109.1115654,22.8768078,-12228.76722952134,-14585.189922558355
WS005,1,1,66,未记录,一般水体,387841473,109.1113508,22.8770846,-12250.767186327257,-14554.53594792828
WS005,1,1,67,未记录,一般水体,387841473,109.1112864,22.8771241,-12257.369223690926,-14550.161554872324
WS005,1,1,68,未记录,一般水体,387841473,109.1112649,22.8771835,-12259.573320016038,-14543.583353668999
WS005,1,1,69,未记录,一般水体,387841473,109.1113293,22.8772428,-12252.971282652366,-14537.016226878603
WS005,1,1,70,未记录,一般水体,387841473,109.1113079,22.8772823,-12255.165127365815,-14532.641833822649
WS005,1,1,71,未记录,一般水体,387841473,109.1113508,22.8773614,-12250.767186327257,-14523.88197329781
WS005,1,1,72,未记录,一般水体,387841473,109.1113508,22.8774405,-12250.767186327257,-14515.122112773364
WS005,1,1,73,未记录,一般水体,387841473,109.1112328,22.8774503,-12262.864087086939,-14514.036820318877
WS005,1,1,74,未记录,一般水体,387841473,109.1112006,22.8774998,-12266.165105768045,-14508.554985982968
WS005,1,1,75,未记录,一般水体,387841473,109.1112435,22.8775393,-12261.767164729486,-14504.180592927014
WS005,1,1,76,未记录,一般水体,387841473,109.1112006,22.8776975,-12266.165105768045,-14486.660871877339
WS005,1,1,77,未记录,一般水体,387841473,109.1112757,22.8777667,-12258.466146048379,-14478.997378219918
WS005,1,1,78,未记录,一般水体,387841473,109.1115117,22.8777271,-12234.272344529014,-14483.382845688408
WS005,1,1,79,未记录,一般水体,387841473,109.1117907,22.8777469,-12205.670350359427,-14481.190111953965
WS005,1,1,80,未记录,一般水体,387841473,109.1118336,22.8777074,-12201.272409320869,-14485.564505010314
WS005,1,1,81,未记录,一般水体,387841473,109.1118979,22.8777074,-12194.680623567403,-14485.564505010314
WS005,1,1,82,未记录,一般水体,387841473,109.1120481,22.8777469,-12179.282704126614,-14481.190111953965
WS005,1,1,83,未记录,一般水体,387841473,109.1121769,22.8778457,-12166.078629399273,-14470.248592107615
WS005,1,1,84,未记录,一般水体,387841473,109.1121984,22.877826,-12163.874533074162,-14472.430251429521
WS005,1,1,85,未记录,一般水体,387841473,109.1122305,22.8778556,-12160.583766003261,-14469.15222524059
WS005,1,1,86,未记录,一般水体,387841473,109.112252,22.8782313,-12158.37966967815,-14427.545656351234
WS005,1,1,87,未记录,一般水体,387841473,109.1120374,22.878429,-12180.37962648261,-14405.651542245605
WS005,1,1,88,未记录,一般水体,387841473,109.1119945,22.8785476,-12184.777567522626,-14392.51728866481
WS005,1,1,89,未记录,一般水体,387841473,109.1118443,22.8787453,-12200.175486963415,-14370.623174559574
WS005,1,1,90,未记录,一般水体,387841473,109.1118443,22.8788046,-12200.175486963415,-14364.056047769178
WS005,1,1,91,未记录,一般水体,387841473,109.1117585,22.8789034,-12208.971369041992,-14353.114527922828
WS005,1,1,92,未记录,一般水体,387841473,109.111737,22.8791407,-12211.175465365644,-14326.834946348312
WS005,1,1,93,未记录,一般水体,387841473,109.1117799,22.8792593,-12206.777524327086,-14313.70069276752
WS005,1,1,94,未记录,一般水体,387841473,109.1117799,22.8793779,-12206.777524327086,-14300.566439186727
WS005,1,1,95,未记录,一般水体,387841473,109.111855,22.8794669,-12199.078564605963,-14290.710211794865
WS005,1,1,96,未记录,一般水体,387841473,109.1120267,22.8795064,-12181.476548840063,-14286.33581873891
WS005,1,1,97,未记录,一般水体,387841473,109.1121554,22.8795855,-12168.282725722927,-14277.575958214073
WS005,1,1,98,未记录,一般水体,387841473,109.1122198,22.8795855,-12161.680688359256,-14277.575958214073
WS005,1,1,99,未记录,一般水体,387841473,109.1122413,22.8795459,-12159.476592035604,-14281.961425682955
WS005,1,1,100,未记录,一般水体,387841473,109.1123056,22.8795657,-12152.884806282138,-14279.768691948513
WS005,1,1,101,未记录,一般水体,387841473,109.1123593,22.879457,-12147.37969127592,-14291.806578662283
WS005,1,1,102,未记录,一般水体,387841473,109.112488,22.8793581,-12134.185868158786,-14302.759172921169
WS005,1,1,103,未记录,一般水体,387841473,109.112488,22.8793186,-12134.185868158786,-14307.133565977123
WS005,1,1,104,未记录,一般水体,387841473,109.1125524,22.8792593,-12127.583830795114,-14313.70069276752
WS005,1,1,105,未记录,一般水体,387841473,109.1125095,22.8791604,-12131.981771833674,-14324.6532870268
WS005,1,1,106,未记录,一般水体,387841473,109.1124237,22.8790813,-12140.777653912251,-14333.413147551639
WS005,1,1,107,未记录,一般水体,387841473,109.1124773,22.8790715,-12135.282790516238,-14334.498440006126
WS005,1,1,108,未记录,一般水体,387841473,109.1125846,22.8791308,-12124.282812112551,-14327.93131321573
WS005,1,1,109,未记录,一般水体,387841473,109.112649,22.8791308,-12117.680774748882,-14327.93131321573
WS005,1,1,110,未记录,一般水体,387841473,109.1129279,22.8788342,-12089.089032190957,-14360.778021580247
WS005,1,1,111,未记录,一般水体,387841473,109.1130137,22.8788342,-12080.293150113837,-14360.778021580247
WS005,1,1,112,未记录,一般水体,387841473,109.113121,22.8787749,-12069.293171710151,-14367.345148370643
WS005,1,1,113,未记录,一般水体,387841473,109.1133785,22.8787749,-12042.895273867132,-14367.345148370643
WS005,1,1,114,未记录,一般水体,387841473,109.1135931,22.878854,-12020.895317061217,-14358.585287845806
WS005,1,1,115,未记录,一般水体,387841473,109.1137433,22.8789924,-12005.497397620427,-14343.258300530571
WS005,1,1,116,未记录,一般水体,387841473,109.1138291,22.8789726,-11996.70151554185,-14345.451034265014
WS005,1,1,117,未记录,一般水体,387841473,109.1138935,22.8789133,-11990.099478178181,-14352.01816105541
WS005,1,1,118,未记录,一般水体,387841473,109.1141617,22.8787848,-11962.604657977708,-14366.24878150362
WS005,1,1,119,未记录,一般水体,387841473,109.1141617,22.8786464,-11962.604657977708,-14381.57576881846
WS005,1,1,120,未记录,一般水体,387841473,109.1137969,22.8783301,-12000.002534224413,-14416.604136504884
WS005,1,1,121,未记录,一般水体,387841473,109.1136789,22.8781818,-12012.099434984097,-14433.027490687144
WS005,1,1,122,未记录,一般水体,387841473,109.1135716,22.8781818,-12023.099413386326,-14433.027490687144
WS005,1,1,123,未记录,一般水体,387841473,109.1134858,22.8782411,-12031.895295463446,-14426.460363896747
WS005,1,1,124,未记录,一般水体,387841473,109.1134,22.8782411,-12040.691177542021,-14426.460363896747
WS005,1,1,125,未记录,一般水体,387841473,109.1133034,22.8781126,-12050.594233586799,-14440.690984344563
WS005,1,1,126,未记录,一般水体,387841473,109.1130674,22.8778952,-12074.788035106163,-14464.766757771707
WS005,1,1,127,未记录,一般水体,387841473,109.1130459,22.8777766,-12076.992131431274,-14477.9010113525
WS005,1,1,128,未记录,一般水体,387841473,109.1129386,22.8776382,-12087.992109833503,-14493.227998667735
WS005,1,1,129,未记录,一般水体,387841473,109.1129386,22.8775195,-12087.992109833503,-14506.373326661456
WS005,1,1,130,未记录,一般水体,387841473,109.1128957,22.8774207,-12092.39005087352,-14517.314846507807
WS005,1,1,131,未记录,一般水体,387841473,109.1128957,22.8772428,-12092.39005087352,-14537.016226878603
WS005,1,1,132,未记录,一般水体,387841473,109.1129494,22.8771933,-12086.884935865846,-14542.498061214905
WS005,1,1,133,未记录,一般水体,387841473,109.1130352,22.8771736,-12078.089053788726,-14544.679720536416
WS005,1,1,134,未记录,一般水体,387841473,109.1132712,22.8771538,-12053.895252269362,-14546.872454270859
WS005,1,1,135,未记录,一般水体,387841473,109.1134858,22.8771736,-12031.895295463446,-14544.679720536416
WS005,1,1,136,未记录,一般水体,387841473,109.1135716,22.8771933,-12023.099413386326,-14542.498061214905
WS005,1,1,137,未记录,一般水体,387841473,109.113636,22.8772527,-12016.497376022657,-14535.919860011578
WS005,1,1,138,未记录,一般水体,387841473,109.1137433,22.8772724,-12005.497397620427,-14533.738200690066
WS005,1,1,139,未记录,一般水体,387841473,109.113915,22.8772724,-11987.89538185307,-14533.738200690066
WS005,1,1,140,未记录,一般水体,387841473,109.1140437,22.8772131,-11974.701558737392,-14540.305327480462
WS005,1,1,141,未记录,一般水体,387841473,109.114151,22.8772131,-11963.701580333705,-14540.305327480462
WS005,1,1,142,未记录,一般水体,387841473,109.1141939,22.8771736,-11959.303639295145,-14544.679720536416
WS005,1,1,143,未记录,一般水体,387841473,109.1145802,22.8772329,-11919.70166672333,-14538.11259374602
WS005,1,1,144,未记录,一般水体,387841473,109.1147733,22.8773713,-11899.90580624398,-14522.785606430785
WS005,1,1,145,未记录,一般水体,387841473,109.1149235,22.8774108,-11884.507886801735,-14518.411213374831
WS005,1,1,146,未记录,一般水体,387841473,109.1151488,22.8775591,-11861.411007639823,-14501.987859192572
WS005,1,1,147,未记录,一般水体,387841473,109.1151702,22.8775986,-11859.217162926374,-14497.613466136618
WS005,1,1,148,未记录,一般水体,387841473,109.1151488,22.8776579,-11861.411007639823,-14491.046339346221
WS005,1,1,149,未记录,一般水体,387841473,109.11502,22.8777963,-11874.615082367163,-14475.719352030987
WS005,1,1,150,未记录,一般水体,387841473,109.1148698,22.8778556,-11890.013001809408,-14469.15222524059
WS005,1,1,151,未记录,一般水体,387841473,109.1148698,22.8779545,-11890.013001809408,-14458.199630981311
WS005,1,1,152,未记录,一般水体,387841473,109.1149127,22.8780138,-11885.615060769393,-14451.632504190915
WS005,1,1,153,未记录,一般水体,387841473,109.1148913,22.8781719,-11887.808905484299,-14434.123857554167
WS005,1,1,154,未记录,一般水体,387841473,109.1150093,22.8782214,-11875.712004724615,-14428.642023218259
WS005,1,1,155,未记录,一般水体,387841473,109.1151166,22.8783202,-11864.712026322386,-14417.700503371909
WS005,1,1,156,未记录,一般水体,387841473,109.1151917,22.8783301,-11857.013066601263,-14416.604136504884
WS005,1,1,157,未记录,一般水体,387841473,109.1151702,22.878429,-11859.217162926374,-14405.651542245605
WS005,1,1,158,未记录,一般水体,387841473,109.1154814,22.8787156,-11827.314150075681,-14373.91227516104
WS005,1,1,159,未记录,一般水体,387841473,109.1158462,22.8785575,-11789.916273828974,-14391.420921797788
WS005,1,1,160,未记录,一般水体,387841473,109.1160071,22.8784092,-11773.421432029276,-14407.844275980045
WS005,1,1,161,未记录,一般水体,387841473,109.1160071,22.8783301,-11773.421432029276,-14416.604136504884
WS005,1,1,162,未记录,一般水体,387841473,109.1161895,22.8782609,-11754.722493905923,-14424.267630162305
WS005,1,1,163,未记录,一般水体,387841473,109.1162109,22.8782016,-11752.528649192474,-14430.834756952701
WS005,1,1,164,未记录,一般水体,387841473,109.1163611,22.8782214,-11737.130729750228,-14428.642023218259
WS005,1,1,165,未记录,一般水体,387841473,109.1164041,22.8782016,-11732.722537101465,-14430.834756952701
WS005,1,1,166,未记录,一般水体,387841473,109.116447,22.8782411,-11728.324596062905,-14426.460363896747
WS005,1,1,167,未记录,一般水体,387841473,109.1165972,22.8782609,-11712.926676620658,-14424.267630162305
WS005,1,1,168,未记录,一般水体,387841473,109.1166937,22.8783499,-11703.033872186086,-14414.411402770442
WS005,1,1,169,未记录,一般水体,387841473,109.1167581,22.8784487,-11696.431834822417,-14403.469882924092
WS005,1,1,170,未记录,一般水体,387841473,109.1167152,22.8785278,-11700.829775860975,-14394.710022399253
WS005,1,1,171,未记录,一般水体,387841473,109.1167367,22.8786266,-11698.625679535866,-14383.768502552903
WS005,1,1,172,未记录,一般水体,387841473,109.1168547,22.8787551,-11686.528778776183,-14369.537882105085
WS005,1,1,173,未记录,一般水体,387841473,109.1170263,22.8787749,-11668.937014620487,-14367.345148370643
WS005,1,1,174,未记录,一般水体,387841473,109.1171122,22.8788342,-11660.130880933164,-14360.778021580247
WS005,1,1,175,未记录,一般水体,387841473,109.117198,22.8788342,-11651.334998854589,-14360.778021580247
WS005,1,1,176,未记录,一般水体,387841473,109.1172409,22.8789133,-11646.937057816029,-14352.01816105541
WS005,1,1,177,未记录,一般水体,387841473,109.1173053,22.8788935,-11640.335020452358,-14354.21089478985
WS005,1,1,178,未记录,一般水体,387841473,109.117316,22.878943,-11639.238098094906,-14348.729060453943
WS005,1,1,179,未记录,一般水体,387841473,109.1174126,22.8790319,-11629.335042050128,-14338.883907474617
WS005,1,1,180,未记录,一般水体,387841473,109.1174769,22.8790517,-11622.743256296662,-14336.691173740175
WS005,1,1,181,未记录,一般水体,387841473,109.1176057,22.8789528,-11609.539181569324,-14347.643767999454
WS005,1,1,182,未记录,一般水体,387841473,109.1176915,22.8789924,-11600.743299490747,-14343.258300530571
WS005,1,1,183,未记录,一般水体,387841473,109.1178203,22.8789924,-11587.539224763406,-14343.258300530571
WS005,1,1,184,未记录,一般水体,387841473,109.1179168,22.8789232,-11577.646420328834,-14350.921794188385
WS005,1,1,185,未记录,一般水体,387841473,109.1179168,22.8788639,-11577.646420328834,-14357.488920978782
WS005,1,1,186,未记录,一般水体,387841473,109.117949,22.8788342,-11574.345401647728,-14360.778021580247
WS005,1,1,187,未记录,一般水体,387841473,109.1180563,22.8788342,-11563.345423244042,-14360.778021580247
WS005,1,1,188,未记录,一般水体,387841473,109.1180992,22.8787947,-11558.947482205482,-14365.152414636203
WS005,1,1,189,未记录,一般水体,387841473,109.1183782,22.8788145,-11530.345488037352,-14362.95968090176
WS005,1,1,190,未记录,一般水体,387841473,109.1185284,22.8787947,-11514.947568595106,-14365.152414636203
WS005,1,1,191,未记录,一般水体,387841473,109.1186786,22.8788342,-11499.549649154318,-14360.778021580247
WS005,1,1,192,未记录,一般水体,387841473,109.1188073,22.8787354,-11486.355826037181,-14371.719541426599
WS005,1,1,193,未记录,一般水体,387841473,109.1189146,22.8787156,-11475.355847634952,-14373.91227516104
WS005,1,1,194,未记录,一般水体,387841473,109.1192043,22.8784487,-11445.656931107913,-14403.469882924092
WS005,1,1,195,未记录,一般水体,387841473,109.1192043,22.8783894,-11445.656931107913,-14410.037009714488
WS005,1,1,196,未记录,一般水体,387841473,109.1193438,22.8782214,-11431.355934024577,-14428.642023218259
WS005,1,1,197,未记录,一般水体,387841473,109.1197944,22.8780039,-11385.162175699295,-14452.728871058333
WS005,1,1,198,未记录,一般水体,387841473,109.1199017,22.8778853,-11374.162197297066,-14465.863124639125
WS005,1,1,199,未记录,一般水体,387841473,109.1200089,22.8778062,-11363.17247050504,-14474.622985163964
WS005,1,1,200,未记录,一般水体,387841473,109.1200304,22.877826,-11360.96837417993,-14472.430251429521
WS005,1,1,201,未记录,一般水体,387841473,109.1202664,22.8776283,-11336.774572660564,-14494.324365534758
WS006,1,1,1,未记录,一般水体,387841477,109.0870983,22.9767955,-14737.039098810119,-3512.1392753775167
WS006,1,1,2,未记录,一般水体,387841477,109.0865574,22.9770516,-14792.490061697952,-3483.777704197067
WS006,1,1,3,未记录,一般水体,387841477,109.0858078,22.9770943,-14869.336136354663,-3479.048929931307
WS006,1,1,4,未记录,一般水体,387841477,109.0857306,22.9773148,-14877.250379901738,-3454.629849707681
WS006,1,1,5,未记录,一般水体,387841477,109.0857847,22.9775923,-14871.704258451788,-3423.898354187493
WS006,1,1,6,未记录,一般水体,387841477,109.0859392,22.9777701,-14855.865519745978,-3404.2080482292336
WS006,1,1,7,未记录,一般水体,387841477,109.0860937,22.9777915,-14840.026781038709,-3401.8381238902825
WS006,1,1,8,未记录,一般水体,387841477,109.0860319,22.9775567,-14846.36227652249,-3427.840845144317
WS006,1,1,9,未记录,一般水体,387841477,109.0861092,22.9774216,-14838.437781363753,-3442.80237683721
WS006,1,1,10,未记录,一般水体,387841477,109.0861865,22.9776279,-14830.513286205018,-3419.95586323067
WS006,1,1,11,未记录,一般水体,387841477,109.086426,22.9778199,-14805.960678306637,-3398.6929906549312
WS006,1,1,12,未记录,一般水体,387841477,109.0865265,22.9779124,-14795.657809439113,-3388.4491588148685
WS006,1,1,13,未记录,一般水体,387841477,109.0867119,22.9779124,-14776.65132299214,-3388.4491588148685
WS006,1,1,14,未记录,一般水体,387841477,109.0867969,22.9777773,-14767.937453801029,-3403.4106905077615
WS006,1,1,15,未记录,一般水体,387841477,109.0867969,22.9776777,-14767.937453801029,-3414.440805656367
WS006,1,1,16,未记录,一般水体,387841477,109.0869205,22.9776207,-14755.266462834923,-3420.7532209525352
WS006,1,1,17,未记录,一般水体,387841477,109.0869669,22.9774998,-14750.509715418806,-3434.142186027556
WS006,1,1,18,未记录,一般水体,387841477,109.0873687,22.9774287,-14709.318743170577,-3442.016093528274
WS006,1,1,19,未记录,一般水体,387841477,109.0874692,22.9773575,-14699.015874303053,-3449.9010754419214
WS006,1,1,20,未记录,一般水体,387841477,109.0874074,22.9772224,-14705.35136978538,-3464.8626071348144
WS006,1,1,21,未记录,一般水体,387841477,109.0874846,22.9771726,-14697.437126238305,-3470.377664709117
WS006,1,1,22,未记录,一般水体,387841477,109.0874846,22.9770801,-14697.437126238305,-3480.6214965491795
WS006,1,1,23,未记录,一般水体,387841477,109.0873301,22.9768524,-14713.275864944115,-3505.8379344946716
WS006,1,1,24,未记录,一般水体,387841477,109.0870983,22.9767955,-14737.039098810119,-3512.1392753775167
WS007,1,1,1,未记录,一般水体,387841480,109.0812477,22.9657626,-15336.819841048684,-4733.968165183782
WS007,1,1,2,未记录,一般水体,387841480,109.0806604,22.9656345,-15397.027551355548,-4748.154487980668
WS007,1,1,3,未记录,一般水体,387841480,109.0801812,22.9654281,-15446.153270372715,-4771.012075999744
WS007,1,1,4,未记录,一般水体,387841480,109.0799648,22.9657483,-15468.337756172514,-4735.55180621419
WS007,1,1,5,未记录,一般水体,387841480,109.0795939,22.9658337,-15506.360980678122,-4726.094257683064
WS007,1,1,6,未记录,一般水体,387841480,109.0795398,22.9659191,-15511.90710212807,-4716.636709151937
WS007,1,1,7,未记录,一般水体,387841480,109.0792229,22.9658195,-15544.394456795391,-4727.666824300936
WS007,1,1,8,未记录,一般水体,387841480,109.0789911,22.9658195,-15568.157690661397,-4727.666824300936
WS007,1,1,9,未记录,一般水体,387841480,109.0786896,22.965976,-15599.06629726251,-4710.335368268698
WS007,1,1,10,未记录,一般水体,387841480,109.0785273,22.9663318,-15615.704661612359,-4670.932607526714
WS007,1,1,11,未记录,一般水体,387841480,109.0783805,22.9663318,-15630.754026287252,-4670.932607526714
WS007,1,1,12,未记录,一般水体,387841480,109.0782878,22.9664386,-15640.257269510737,-4659.105134656243
WS007,1,1,13,未记录,一般水体,387841480,109.0783419,22.966652,-15634.71114806079,-4635.472337741159
WS007,1,1,14,未记录,一般水体,387841480,109.0782105,22.9667872,-15648.181764669474,-4620.49973163573
WS007,1,1,15,未记录,一般水体,387841480,109.0782337,22.966894,-15645.803390960687,-4608.672258765259
WS007,1,1,16,未记录,一般水体,387841480,109.0780327,22.9670576,-15666.409128695734,-4590.554519424479
WS007,1,1,17,未记录,一般水体,387841480,109.0780482,22.9671359,-15664.820129019323,-4581.883254202288
WS007,1,1,18,未记录,一般水体,387841480,109.0779632,22.9673565,-15673.533998210434,-4557.4530995653395
WS007,1,1,19,未记录,一般水体,387841480,109.0780173,22.9675771,-15667.987876760484,-4533.022944928784
WS007,1,1,20,未记录,一般水体,387841480,109.0782337,22.967698,-15645.803390960687,-4519.633979853764
WS007,1,1,21,未记录,一般水体,387841480,109.0784655,22.9676909,-15622.04015709614,-4520.420263162307
WS007,1,1,22,未记录,一般水体,387841480,109.0789524,22.967883,-15572.125064045138,-4499.146316173638
WS007,1,1,23,未记录,一般水体,387841480,109.0791765,22.9680254,-15549.151204212967,-4483.376352346737
WS007,1,1,24,未记录,一般水体,387841480,109.0793852,22.9680111,-15527.756092445545,-4484.959993377146
WS007,1,1,25,未记录,一般水体,387841480,109.0794238,22.9677834,-15523.798970672007,-4510.176431322638
WS007,1,1,26,未记录,一般水体,387841480,109.0793234,22.9675842,-15534.09158792787,-4532.236661619848
WS007,1,1,27,未记录,一般水体,387841480,109.0790683,22.9676055,-15560.243447112865,-4529.877811693433
WS007,1,1,28,未记录,一般水体,387841480,109.0784887,22.9672142,-15619.661783387353,-4573.211988979705
WS007,1,1,29,未记录,一般水体,387841480,109.0785119,22.9669936,-15617.283409678566,-4597.642143616654
WS007,1,1,30,未记录,一般水体,387841480,109.0786974,22.9666378,-15598.266671619931,-4637.044904358639
WS007,1,1,31,未记录,一般水体,387841480,109.0787824,22.9663959,-15589.55280242882,-4663.833908922003
WS007,1,1,32,未记录,一般水体,387841480,109.0789756,22.9663532,-15569.746690336351,-4668.562683187369
WS007,1,1,33,未记录,一般水体,387841480,109.0790992,22.9662393,-15557.075699371702,-4681.1764393663825
WS007,1,1,34,未记录,一般水体,387841480,109.079733,22.9664955,-15492.100990037061,-4652.803793773004
WS007,1,1,35,未记录,一般水体,387841480,109.0800808,22.9664314,-15456.445887628577,-4659.902492377715
WS007,1,1,36,未记录,一般水体,387841480,109.0803512,22.9666164,-15428.725531990493,-4639.4148286979835
WS007,1,1,37,未记录,一般水体,387841480,109.0806527,22.9667018,-15397.816925387922,-4629.957280166856
WS007,1,1,38,未记录,一般水体,387841480,109.0807531,22.9665738,-15387.52430813206,-4644.132528550814
WS007,1,1,39,未记录,一般水体,387841480,109.0807995,22.9662607,-15382.767560714487,-4678.8065150274315
WS007,1,1,40,未记录,一般水体,387841480,109.0809077,22.9660116,-15371.675317814588,-4706.392877311875
WS007,1,1,41,未记录,一般水体,387841480,109.0812477,22.9657626,-15336.819841048684,-4733.968165183782
WS008,1,1,1,未记录,一般水体,387841482,109.1152359,22.9345911,-11852.481854621303,-8186.028751122143
WS008,1,1,2,未记录,一般水体,387841482,109.1152282,22.9359644,-11853.271228653677,-8033.943840140258
WS008,1,1,3,未记录,一般水体,387841482,109.1167348,22.9360569,-11698.820460141407,-8023.700008300195
WS008,1,1,4,未记录,一般水体,387841482,109.1172679,22.9362419,-11644.169122896155,-8003.212344620463
WS008,1,1,5,未记录,一般水体,387841482,109.1175614,22.9361067,-11614.080645159489,-8018.184950725892
WS008,1,1,6,未记录,一般水体,387841482,109.1180714,22.9362205,-11561.797430011362,-8005.582268959414
WS008,1,1,7,未记录,一般水体,387841482,109.118365,22.9360996,-11531.69870066449,-8018.971234034828
WS008,1,1,8,未记录,一般水体,387841482,109.1191298,22.9360996,-11453.294381164895,-8018.971234034828
WS008,1,1,9,未记录,一般水体,387841482,109.1195471,22.9359857,-11410.514409240255,-8031.584990213842
WS008,1,1,10,未记录,一般水体,387841482,109.1198484,22.9360925,-11379.626305861007,-8019.757517343371
WS008,1,1,11,未记录,一般水体,387841482,109.1199874,22.9359715,-11365.376566830151,-8033.157556831321
WS008,1,1,12,未记录,一般水体,387841482,109.1206442,22.9360284,-11298.043987008588,-8026.856215948082
WS008,1,1,13,未记录,一般水体,387841482,109.1211695,22.936128,-11244.192275407373,-8015.826100799477
WS008,1,1,14,未记录,一般水体,387841482,109.1213859,22.9360925,-11222.00778960612,-8019.757517343371
WS008,1,1,15,未记录,一般水体,387841482,109.122143,22.9364625,-11144.392844140355,-7978.7821899835135
WS008,1,1,16,未记录,一般水体,387841482,109.1223285,22.9363913,-11125.376106081721,-7986.667171897161
WS008,1,1,17,未记录,一般水体,387841482,109.1224984,22.9364482,-11107.958619309702,-7980.365831013923
WS008,1,1,18,未记录,一般水体,387841482,109.1223439,22.9367186,-11123.797358015514,-7950.420618803064
WS008,1,1,19,未记录,一般水体,387841482,109.1227302,22.93674,-11084.195385443698,-7948.05069446372
WS008,1,1,20,未记录,一般水体,387841482,109.1227843,22.9364553,-11078.649263993748,-7979.57954770538
WS008,1,1,21,未记录,一般水体,387841482,109.1230547,22.9364055,-11050.928908355663,-7985.094605279683
WS008,1,1,22,未记录,一般水体,387841482,109.1231938,22.9363059,-11036.668917714602,-7996.124720428287
WS008,1,1,23,未记录,一般水体,387841482,109.1233406,22.9363842,-11021.619553039709,-7987.453455206098
WS008,1,1,24,未记录,一般水体,387841482,109.1232633,22.936,-11029.544048198446,-8030.001349183433
WS008,1,1,25,未记录,一般水体,387841482,109.1231242,22.9359146,-11043.804038839506,-8039.4588977145595
WS008,1,1,26,未记录,一般水体,387841482,109.1230393,22.9357225,-11052.507656420414,-8060.732844703228
WS008,1,1,27,未记录,一般水体,387841482,109.1227688,22.9355659,-11080.23826367016,-8078.0753751480015
WS008,1,1,28,未记录,一般水体,387841482,109.122398,22.9353382,-11118.251236565564,-8103.291813093493
WS008,1,1,29,未记录,一般水体,387841482,109.1217567,22.9351817,-11183.994816710714,-8120.623269125337
WS008,1,1,30,未记录,一般水体,387841482,109.121185,22.93526,-11242.60327573096,-8111.952003903148
WS008,1,1,31,未记录,一般水体,387841482,109.1206287,22.9349682,-11299.632986685001,-8144.26714045335
WS008,1,1,32,未记录,一般水体,387841482,109.1202888,22.9349896,-11334.478211839241,-8141.8972161140055
WS008,1,1,33,未记录,一般水体,387841482,109.1200029,22.9351959,-11363.787567153739,-8119.050702507859
WS008,1,1,34,未记录,一般水体,387841482,109.1198175,22.9355802,-11382.794053602169,-8076.491734117593
WS008,1,1,35,未记录,一般水体,387841482,109.119632,22.9355802,-11401.810791660804,-8076.491734117593
WS008,1,1,36,未记录,一般水体,387841482,109.1191067,22.9352671,-11455.66250326202,-8111.165720594211
WS008,1,1,37,未记录,一般水体,387841482,109.1187049,22.9353311,-11496.853475510248,-8104.07809640243
WS008,1,1,38,未记录,一般水体,387841482,109.1185272,22.9352671,-11515.070587924847,-8111.165720594211
WS008,1,1,39,未记录,一般水体,387841482,109.1180636,22.9350181,-11562.597055655398,-8138.741008466118
WS008,1,1,40,未记录,一般水体,387841482,109.1176155,22.9348971,-11608.534523709539,-8152.141047954068
WS008,1,1,41,未记录,一般水体,387841482,109.1174687,22.9345769,-11623.583888382975,-8187.601317739623
WS008,1,1,42,未记录,一般水体,387841482,109.1169743,22.9344204,-11674.267852244486,-8204.932773771467
WS008,1,1,43,未记录,一般水体,387841482,109.1168197,22.9343136,-11690.116842561958,-8216.760246641938
WS008,1,1,44,未记录,一般水体,387841482,109.1166575,22.9343065,-11706.744955300144,-8217.546529950481
WS008,1,1,45,未记录,一般水体,387841482,109.1165802,22.934214,-11714.669450458881,-8227.790361790543
WS008,1,1,46,未记录,一般水体,387841482,109.116333,22.9341998,-11740.011432389636,-8229.362928408416
WS008,1,1,47,未记录,一般水体,387841482,109.1162712,22.9343279,-11746.34692787196,-8215.17660561153
WS008,1,1,48,未记录,一般水体,387841482,109.116248,22.9345627,-11748.725301580747,-8189.173884357101
WS008,1,1,49,未记录,一般水体,387841482,109.1158308,22.9343563,-11791.495021893725,-8212.031472376178
WS008,1,1,50,未记录,一般水体,387841482,109.1152359,22.9345911,-11852.481854621303,-8186.028751122143
WS009,1,1,1,未记录,一般水体,387841486,109.1174997,22.9245863,-11620.405889031608,-9294.001602931763
WS009,1,1,2,未记录,一般水体,387841486,109.1180559,22.9242518,-11563.386429687775,-9331.045513747726
WS009,1,1,3,未记录,一般水体,387841486,109.1185427,22.9236826,-11513.481588248434,-9394.081071405188
WS009,1,1,4,未记录,一般水体,387841486,109.1186972,22.9230563,-11497.642849542623,-9463.440118771352
WS009,1,1,5,未记录,一般水体,387841486,109.1189213,22.9228002,-11474.66898971045,-9491.801689951802
WS009,1,1,6,未记录,一般水体,387841486,109.1196012,22.9225013,-11404.968287790305,-9524.90310981094
WS009,1,1,7,未记录,一般水体,387841486,109.120057,22.9221028,-11358.24144570379,-9569.034644818687
WS009,1,1,8,未记录,一般水体,387841486,109.1202115,22.921868,-11342.402706997978,-9595.037366073115
WS009,1,1,9,未记录,一般水体,387841486,109.120482,22.9219107,-11314.672099748232,-9590.308591807354
WS009,1,1,10,未记录,一般水体,387841486,109.1208837,22.9221668,-11273.491379111665,-9561.947020626903
WS009,1,1,11,未记录,一般水体,387841486,109.1210073,22.9220174,-11260.82038814556,-9578.492193349812
WS009,1,1,12,未记录,一般水体,387841486,109.1207833,22.9217968,-11283.783996367527,-9602.922347986761
WS009,1,1,13,未记录,一般水体,387841486,109.1205592,22.9213627,-11306.7578561997,-9650.99637395133
WS009,1,1,14,未记录,一般水体,387841486,109.1206828,22.9209998,-11294.086865235051,-9691.18541800225
WS009,1,1,15,未记录,一般水体,387841486,109.1205901,22.9207223,-11303.590108458538,-9721.916913522044
WS009,1,1,16,未记录,一般水体,387841486,109.1204124,22.9211065,-11321.807220873136,-9679.369019544709
WS009,1,1,17,未记录,一般水体,387841486,109.1204124,22.9214197,-11321.807220873136,-9644.683958655161
WS009,1,1,18,未记录,一般水体,387841486,109.1206133,22.9217114,-11301.211734749751,-9612.379896517888
WS009,1,1,19,未记录,一般水体,387841486,109.1199102,22.9215691,-11373.290810377226,-9628.138785932253
WS009,1,1,20,未记录,一般水体,387841486,109.1194467,22.9216545,-11420.807026497574,-9618.681237401126
WS009,1,1,21,未记录,一般水体,387841486,109.1189676,22.9219818,-11469.922493903081,-9582.434684306636
WS009,1,1,22,未记录,一般水体,387841486,109.1188749,22.9223092,-11479.425737128026,-9546.17705679961
WS009,1,1,23,未记录,一般水体,387841486,109.1184345,22.922665,-11524.573831148333,-9506.774296057625
WS009,1,1,24,未记录,一般水体,387841486,109.1182723,22.9225867,-11541.201943887976,-9515.445561279816
WS009,1,1,25,未记录,一般水体,387841486,109.1182414,22.9221882,-11544.36969162914,-9559.57709628756
WS009,1,1,26,未记录,一般水体,387841486,109.1180173,22.9220601,-11567.343551461312,-9573.763419084446
WS009,1,1,27,未记录,一般水体,387841486,109.11811,22.9219035,-11557.840308237825,-9591.10594952922
WS009,1,1,28,未记录,一般水体,387841486,109.1179323,22.9218466,-11576.057420652423,-9597.407290412459
WS009,1,1,29,未记录,一般水体,387841486,109.1175074,22.9224017,-11619.616514999234,-9535.933224959546
WS009,1,1,30,未记录,一般水体,387841486,109.1170593,22.9225867,-11665.553983053373,-9515.445561279816
WS009,1,1,31,未记录,一般水体,387841486,109.116897,22.9227717,-11682.192347403221,-9494.957897600083
WS009,1,1,32,未记录,一般水体,387841486,109.1164412,22.9227005,-11728.919189489738,-9502.842879513337
WS009,1,1,33,未记录,一般水体,387841486,109.1163948,22.9228571,-11733.675936907312,-9485.500349068563
WS009,1,1,34,未记录,一般水体,387841486,109.116503,22.923099,-11722.583694007413,-9458.711344505593
WS009,1,1,35,未记录,一般水体,387841486,109.1164257,22.9232556,-11730.508189166148,-9441.36881406082
WS009,1,1,36,未记录,一般水体,387841486,109.116163,22.923647,-11757.439170771859,-9398.023562362012
WS009,1,1,37,未记录,一般水体,387841486,109.1154909,22.9239103,-11826.340247047967,-9368.864633459696
WS009,1,1,38,未记录,一般水体,387841486,109.1155295,22.9244867,-11822.38312527443,-9305.031718080761
WS009,1,1,39,未记录,一般水体,387841486,109.115375,22.9248923,-11838.221863980241,-9260.113899764081
WS009,1,1,40,未记录,一般水体,387841486,109.1156222,22.9250702,-11812.879882049487,-9240.412519392892
WS009,1,1,41,未记录,一般水体,387841486,109.1165416,22.9254971,-11718.626572232419,-9193.135851149797
WS009,1,1,42,未记录,一般水体,387841486,109.1169588,22.9252908,-11675.85685191944,-9215.982364756337
WS009,1,1,43,未记录,一般水体,387841486,109.1175383,22.9255683,-11616.448767256614,-9185.250869236543
WS009,1,1,44,未记录,一般水体,387841486,109.1181564,22.9255185,-11553.08356082025,-9190.765926810845
WS009,1,1,45,未记录,一般水体,387841486,109.1185891,22.9256252,-11508.724840832318,-9178.949528353303
WS009,1,1,46,未记录,一般水体,387841486,109.1187668,22.9256181,-11490.507728416262,-9179.735811661847
WS009,1,1,47,未记录,一般水体,387841486,109.1189522,22.9253406,-11471.501241969288,-9210.467307182034
WS009,1,1,48,未记录,一般水体,387841486,109.1187513,22.9251413,-11492.096728092674,-9232.538611892174
WS009,1,1,49,未记录,一般水体,387841486,109.1179478,22.9252196,-11574.468420977468,-9223.867346669984
WS009,1,1,50,未记录,一般水体,387841486,109.1175074,22.9247713,-11619.616514999234,-9273.513939252032
WS009,1,1,51,未记录,一般水体,387841486,109.1174997,22.9245863,-11620.405889031608,-9294.001602931763
WS010,1,1,1,未记录,一般水体,387841491,109.0571882,22.8989912,-17803.306144662405,-12128.508633493146
WS010,1,1,2,未记录,一般水体,387841491,109.0563994,22.8988416,-17884.170850756793,-12145.075955041913
WS010,1,1,3,未记录,一般水体,387841491,109.0561056,22.898984,-17914.29008332699,-12129.305991215011
WS010,1,1,4,未记录,一般水体,387841491,109.0557112,22.8990268,-17954.722436373457,-12124.566142536321
WS010,1,1,5,未记录,一般水体,387841491,109.0553787,22.8989912,-17988.809042327393,-12128.508633493146
WS010,1,1,6,未记录,一般水体,387841491,109.0552937,22.899155,-17997.52291151996,-12110.3687453269
WS010,1,1,7,未记录,一般水体,387841491,109.0552859,22.8995682,-17998.32253716254,-12064.609271637422
WS010,1,1,8,未记录,一般水体,387841491,109.0548452,22.8999101,-18043.501386016378,-12026.745854274523
WS010,1,1,9,未记录,一般水体,387841491,109.0545977,22.9000953,-18068.8741227792,-12006.236041768932
WS010,1,1,10,未记录,一般水体,387841491,109.0543116,22.9003802,-18098.203981315564,-11974.685039701808
WS010,1,1,11,未记录,一般水体,387841491,109.0537394,22.9004087,-18156.86369838975,-11971.52883205392
WS010,1,1,12,未记录,一般水体,387841491,109.0529275,22.9002449,-18240.09652658272,-11989.668720220167
WS010,1,1,13,未记录,一般水体,387841491,109.0526645,22.900309,-18267.058263020503,-11982.570021615455
WS010,1,1,14,未记录,一般水体,387841491,109.0526568,22.9007364,-18267.847637054332,-11935.237981308499
WS010,1,1,15,未记录,一般水体,387841491,109.0523243,22.9009999,-18301.934243008272,-11906.056903580718
WS010,1,1,16,未记录,一般水体,387841491,109.0523552,22.9011566,-18298.766495267108,-11888.703298723014
WS010,1,1,17,未记录,一般水体,387841491,109.0528501,22.9011994,-18248.031273351662,-11883.96345004472
WS010,1,1,18,未记录,一般水体,387841491,109.0530512,22.9013775,-18227.41528400641,-11864.239920848066
WS010,1,1,19,未记录,一般水体,387841491,109.0532136,22.9017122,-18210.7666680449,-11827.173861206637
WS010,1,1,20,未记录,一般水体,387841491,109.0534455,22.9016054,-18186.99318257015,-11839.001334076715
WS010,1,1,21,未记录,一般水体,387841491,109.0534842,22.9013276,-18183.02580918495,-11869.766052835297
WS010,1,1,22,未记录,一般水体,387841491,109.0539946,22.9009786,-18130.701587594547,-11908.415753507134
WS010,1,1,23,未记录,一般水体,387841491,109.0547446,22.900715,-18053.814506494105,-11937.60790564745
WS010,1,1,24,未记录,一般水体,387841491,109.0553014,22.9004657,-17996.73353748613,-11965.216416757752
WS010,1,1,25,未记录,一般水体,387841491,109.055719,22.900715,-17953.922810730874,-11937.60790564745
WS010,1,1,26,未记录,一般水体,387841491,109.0558118,22.9010142,-17944.409315895726,-11904.47326255031
WS010,1,1,27,未记录,一般水体,387841491,109.0556803,22.9012777,-17957.890184114618,-11875.292184822136
WS010,1,1,28,未记录,一般水体,387841491,109.0553633,22.9015057,-17990.3877903936,-11850.042523638249
WS010,1,1,29,未记录,一般水体,387841491,109.0553942,22.9017407,-17987.220042652436,-11824.017653558356
WS010,1,1,30,未记录,一般水体,387841491,109.0555643,22.9018761,-17969.782052658553,-11809.022898627461
WS010,1,1,31,未记录,一般水体,387841491,109.0560205,22.9020827,-17923.014204128303,-11786.143161782526
WS010,1,1,32,未记录,一般水体,387841491,109.056353,22.9020185,-17888.927598174367,-11793.252934800166
WS010,1,1,33,未记录,一般水体,387841491,109.0564536,22.9018832,-17878.61447769664,-11808.236615318525
WS010,1,1,34,未记录,一般水体,387841491,109.0565618,22.9014558,-17867.52223479674,-11855.56865562548
WS010,1,1,35,未记录,一般水体,387841491,109.0566856,22.9006366,-17854.830740610225,-11946.290245282962
WS010,1,1,36,未记录,一般水体,387841491,109.0566701,22.9005227,-17856.419740285182,-11958.904001461977
WS010,1,1,37,未记录,一般水体,387841491,109.0565232,22.9004443,-17871.47935657028,-11967.586341097096
WS010,1,1,38,未记录,一般水体,387841491,109.0563298,22.9002306,-17891.305971883154,-11991.252361250574
WS010,1,1,39,未记录,一般水体,387841491,109.0561133,22.9000668,-17913.500709293156,-12009.39224941682
WS010,1,1,40,未记录,一般水体,387841491,109.0561365,22.8999742,-17911.122335585827,-12019.647155669812
WS010,1,1,41,未记录,一般水体,387841491,109.0563376,22.8997961,-17890.50634623912,-12039.370684866466
WS010,1,1,42,未记录,一般水体,387841491,109.0567629,22.8997035,-17846.90624545149,-12049.625591119066
WS010,1,1,43,未记录,一般水体,387841491,109.0571263,22.899789,-17809.651891756388,-12040.156968175403
WS010,1,1,44,未记录,一般水体,387841491,109.0576444,22.9002164,-17756.538296132156,-11992.824927868052
WS010,1,1,45,未记录,一般水体,387841491,109.0581702,22.9008646,-17702.635326475545,-11921.040584099077
WS010,1,1,46,未记录,一般水体,387841491,109.0585027,22.9014202,-17668.54872052161,-11859.511146582305
WS010,1,1,47,未记录,一般水体,387841491,109.0587038,22.9013917,-17647.93273117636,-11862.667354230192
WS010,1,1,48,未记录,一般水体,387841491,109.0589744,22.9011923,-17620.191872316405,-11884.749733353261
WS010,1,1,49,未记录,一般水体,387841491,109.0589358,22.9009073,-17624.148994089945,-11916.311809833316
WS010,1,1,50,未记录,一般水体,387841491,109.0587038,22.9004087,-17647.93273117636,-11971.52883205392
WS010,1,1,51,未记录,一般水体,387841491,109.0582708,22.8999029,-17692.322205997818,-12027.543211995995
WS010,1,1,52,未记录,一般水体,387841491,109.0578996,22.8996323,-17730.376185336954,-12057.510573032712
WS010,1,1,53,未记录,一般水体,387841491,109.0573196,22.8990624,-17789.835528053718,-12120.623651579892
WS010,1,1,54,未记录,一般水体,387841491,109.0571882,22.8989912,-17803.306144662405,-12128.508633493146
WS011,1,1,1,未记录,一般水体,387841501,109.1146016,22.8818985,-11917.50782200988,-14021.4247901514
WS011,1,1,2,未记录,一般水体,387841501,109.1146231,22.8819182,-11915.30372568477,-14019.243130829494
WS011,1,1,3,未记录,一般水体,387841501,109.1149235,22.8819776,-11884.507886801735,-14012.664929626562
WS011,1,1,4,未记录,一般水体,387841501,109.1150951,22.8819578,-11866.91612264604,-14014.857663361005
WS011,1,1,5,未记录,一般水体,387841501,109.1151702,22.8818886,-11859.217162926374,-14022.521157018426
WS011,1,1,6,未记录,一般水体,387841501,109.1151702,22.8818293,-11859.217162926374,-14029.088283808822
WS011,1,1,7,未记录,一般水体,387841501,109.1152775,22.8817304,-11848.217184522688,-14040.040878068101
WS011,1,1,8,未记录,一般水体,387841501,109.1152775,22.8816514,-11848.217184522688,-14048.78966418001
WS011,1,1,9,未记录,一般水体,387841501,109.1155994,22.8810978,-11815.217249315998,-14110.097613440556
WS011,1,1,10,未记录,一般水体,387841501,109.1155994,22.8810385,-11815.217249315998,-14116.664740230952
WS011,1,1,11,未记录,一般水体,387841501,109.1157281,22.8809199,-11802.023426198863,-14129.798993811744
WS011,1,1,12,未记录,一般水体,387841501,109.1157067,22.8808408,-11804.217270912312,-14138.558854336188
WS011,1,1,13,未记录,一般水体,387841501,109.1157281,22.8807815,-11802.023426198863,-14145.125981126585
WS011,1,1,14,未记录,一般水体,387841501,109.1158247,22.8807321,-11792.120370152628,-14150.596741049958
WS011,1,1,15,未记录,一般水体,387841501,109.1159105,22.8807321,-11783.32448807551,-14150.596741049958
WS011,1,1,16,未记录,一般水体,387841501,109.1159856,22.8806629,-11775.625528354387,-14158.260234707377
WS011,1,1,17,未记录,一般水体,387841501,109.1159427,22.8806036,-11780.023469392947,-14164.827361497773
WS011,1,1,18,未记录,一般水体,387841501,109.1159427,22.8804652,-11780.023469392947,-14180.154348813008
WS011,1,1,19,未记录,一般水体,387841501,109.1158998,22.8804059,-11784.421410432962,-14186.721475603405
WS011,1,1,20,未记录,一般水体,387841501,109.1158247,22.8803367,-11792.120370152628,-14194.384969260826
WS011,1,1,21,未记录,一般水体,387841501,109.1157603,22.8803367,-11798.7224075163,-14194.384969260826
WS011,1,1,22,未记录,一般水体,387841501,109.115653,22.8802576,-11809.722385919986,-14203.144829785664
WS011,1,1,23,未记录,一般水体,387841501,109.1155672,22.8801192,-11818.518267997104,-14218.471817100899
WS011,1,1,24,未记录,一般水体,387841501,109.1152883,22.8800995,-11847.110010555029,-14220.65347642241
WS011,1,1,25,未记录,一般水体,387841501,109.1151381,22.8801192,-11862.507929997275,-14218.471817100899
WS011,1,1,26,未记录,一般水体,387841501,109.1150951,22.8800797,-11866.91612264604,-14222.846210156853
WS011,1,1,27,未记录,一般水体,387841501,109.1148376,22.8800402,-11893.314020490516,-14227.220603212807
WS011,1,1,28,未记录,一般水体,387841501,109.1146982,22.8799512,-11907.604765963646,-14237.07683060467
WS011,1,1,29,未记录,一般水体,387841501,109.1146123,22.8798326,-11916.410899652428,-14250.211084185463
WS011,1,1,30,未记录,一般水体,387841501,109.1145694,22.8796744,-11920.808840692443,-14267.730805235138
WS011,1,1,31,未记录,一般水体,387841501,109.1145265,22.8796547,-11925.206781731004,-14269.912464556652
WS011,1,1,32,未记录,一般水体,387841501,109.1145051,22.8793779,-11927.400626444452,-14300.566439186727
WS011,1,1,33,未记录,一般水体,387841501,109.1144192,22.8792988,-11936.206760133233,-14309.326299711565
WS011,1,1,34,未记录,一般水体,387841501,109.1145051,22.8791802,-11927.400626444452,-14322.460553292358
WS011,1,1,35,未记录,一般水体,387841501,109.1145051,22.8791011,-11927.400626444452,-14331.220413817196
WS011,1,1,36,未记录,一般水体,387841501,109.1143441,22.8788738,-11943.905719854356,-14356.392554111364
WS011,1,1,37,未记录,一般水体,387841501,109.1142368,22.8788342,-11954.905698256585,-14360.778021580247
WS011,1,1,38,未记录,一般水体,387841501,109.1138077,22.8790319,-11998.895360256756,-14338.883907474617
WS011,1,1,39,未记录,一般水体,387841501,109.1137326,22.8791011,-12006.594319976422,-14331.220413817196
WS011,1,1,40,未记录,一般水体,387841501,109.1137755,22.8791604,-12002.196378937864,-14324.6532870268
WS011,1,1,41,未记录,一般水体,387841501,109.1137969,22.8793384,-12000.002534224413,-14304.94083224268
WS011,1,1,42,未记录,一般水体,387841501,109.1138399,22.8793779,-11995.594341574193,-14300.566439186727
WS011,1,1,43,未记录,一般水体,387841501,109.1138184,22.8796547,-11997.798437899304,-14269.912464556652
WS011,1,1,44,未记录,一般水体,387841501,109.1137755,22.879714,-12002.196378937864,-14263.345337766255
WS011,1,1,45,未记录,一般水体,387841501,109.113754,22.8798326,-12004.400475262973,-14250.211084185463
WS011,1,1,46,未记录,一般水体,387841501,109.1136253,22.8800105,-12017.594298380109,-14230.509703814274
WS011,1,1,47,未记录,一般水体,387841501,109.1133034,22.8802675,-12050.594233586799,-14202.04846291864
WS011,1,1,48,未记录,一般水体,387841501,109.113282,22.8803466,-12052.788078301704,-14193.2886023938
WS011,1,1,49,未记录,一般水体,387841501,109.1133463,22.8804257,-12046.196292548238,-14184.528741868964
WS011,1,1,50,未记录,一般水体,387841501,109.1133249,22.8805443,-12048.390137263144,-14171.39448828817
WS011,1,1,51,未记录,一般水体,387841501,109.1133893,22.8806629,-12041.788099899475,-14158.260234707377
WS011,1,1,52,未记录,一般水体,387841501,109.1136038,22.8808211,-12019.798394703763,-14140.740513658095
WS011,1,1,53,未记录,一般水体,387841501,109.1136253,22.8812164,-12017.594298380109,-14096.963359859763
WS011,1,1,54,未记录,一般水体,387841501,109.1135395,22.8814932,-12026.390180457229,-14066.309385229293
WS011,1,1,55,未记录,一般水体,387841501,109.1135609,22.8815327,-12024.19633574378,-14061.93499217334
WS011,1,1,56,未记录,一般水体,387841501,109.1136575,22.8816217,-12014.293279697546,-14052.078764781476
WS011,1,1,57,未记录,一般水体,387841501,109.1139364,22.8816415,-11985.701537139621,-14049.886031047035
WS011,1,1,58,未记录,一般水体,387841501,109.1143012,22.8818392,-11948.303660892916,-14027.991916941404
WS011,1,1,59,未记录,一般水体,387841501,109.1146016,22.8818985,-11917.50782200988,-14021.4247901514
WS012,1,1,1,未记录,一般水体,387841512,109.1286676,22.8921419,-10475.516245018684,-12887.028389400759
WS012,1,1,2,未记录,一般水体,387841512,109.129131,22.8896305,-10428.010280509998,-13165.15119245878
WS012,1,1,3,未记录,一般水体,387841512,109.1286985,22.8896376,-10472.34849727752,-13164.364909149843
WS012,1,1,4,未记录,一般水体,387841512,109.1280112,22.889723,-10542.807818396514,-13154.907360618716
WS012,1,1,5,未记录,一般水体,387841512,109.1278104,22.889787,-10563.393052909694,-13147.819736426934
WS012,1,1,6,未记录,一般水体,387841512,109.1270768,22.8916155,-10638.598869836056,-12945.32409837953
WS012,1,1,7,未记录,一般水体,387841512,109.1284205,22.8920992,-10500.847975337776,-12891.757163666125
WS012,1,1,8,未记录,一般水体,387841512,109.1286676,22.8921419,-10475.516245018684,-12887.028389400759
WS013,1,1,1,未记录,一般水体,387841513,109.1302276,22.8924265,-10315.591116332267,-12855.510610572028
WS013,1,1,2,未记录,一般水体,387841513,109.1296562,22.8924763,-10374.168820518986,-12849.995552997725
WS013,1,1,3,未记录,一般水体,387841513,109.1289611,22.8924265,-10445.427767282015,-12855.510610572028
WS013,1,1,4,未记录,一般水体,387841513,109.1287449,22.8924336,-10467.591749859947,-12854.724327263091
WS013,1,1,5,未记录,一般水体,387841513,109.1286599,22.8932874,-10476.305619051058,-12760.170990777293
WS013,1,1,6,未记录,一般水体,387841513,109.1296793,22.8930668,-10371.800698420404,-12784.601145413848
WS013,1,1,7,未记录,一般水体,387841513,109.1302276,22.892583,-10315.591116332267,-12838.179154540183
WS013,1,1,8,未记录,一般水体,387841513,109.1302276,22.8924265,-10315.591116332267,-12855.510610572028
WS014,1,1,1,未记录,一般水体,387841514,109.1286445,22.8922629,-10477.884367117265,-12873.628349912808
WS014,1,1,2,未记录,一般水体,387841514,109.1270073,22.8917364,-10645.723739350757,-12931.935133304509
WS014,1,1,3,未记录,一般水体,387841514,109.126374,22.8932945,-10710.647190631462,-12759.384707468356
WS014,1,1,4,未记录,一般水体,387841514,109.1272467,22.8939205,-10621.181383064039,-12690.058883340585
WS014,1,1,5,未记录,一般水体,387841514,109.1276174,22.8933941,-10583.178661778838,-12748.35459231975
WS014,1,1,6,未记录,一般水体,387841514,109.1285055,22.8932447,-10492.134106146665,-12764.899765042659
WS014,1,1,7,未记录,一般水体,387841514,109.1285904,22.8925332,-10483.430488567215,-12843.694212114486
WS014,1,1,8,未记录,一般水体,387841514,109.1286445,22.8922629,-10477.884367117265,-12873.628349912808
WS015,1,1,1,未记录,水库,387841515,109.0589356,22.9874557,-17624.16949731181,-2331.5847220766614
WS015,1,1,2,未记录,水库,387841515,109.0587811,22.9875411,-17640.00823601762,-2322.127173545535
WS015,1,1,3,未记录,水库,387841515,109.058356,22.9876194,-17683.58783358484,-2313.455908323345
WS015,1,1,4,未记录,水库,387841515,109.0581782,22.9877474,-17701.8151976111,-2299.2806599393875
WS015,1,1,5,未记录,水库,387841515,109.0577145,22.9877688,-17749.35191695186,-2296.910735600043
WS015,1,1,6,未记录,水库,387841515,109.0574672,22.9875553,-17774.704150492817,-2320.554606928056
WS015,1,1,7,未记录,水库,387841515,109.0575058,22.9871782,-17770.74702871928,-2362.316217596849
WS015,1,1,8,未记录,水库,387841515,109.0573822,22.9871853,-17783.41801968393,-2361.529934287913
WS015,1,1,9,未记录,水库,387841515,109.0572585,22.9874486,-17796.09926226024,-2332.3710053855975
WS015,1,1,10,未记录,水库,387841515,109.0570344,22.987598,-17819.073122092414,-2315.825832662689
WS015,1,1,11,未记录,水库,387841515,109.0566943,22.9877403,-17853.93885046852,-2300.066943248324
WS015,1,1,12,未记录,水库,387841515,109.0560683,22.9876976,-17918.113934159126,-2304.7957175136903
WS015,1,1,13,未记录,水库,387841515,109.0557669,22.9878684,-17949.01228915149,-2285.8806204514376
WS015,1,1,14,未记录,水库,387841515,109.0554732,22.9883166,-17979.121270110023,-2236.2451022819264
WS015,1,1,15,未记录,水库,387841515,109.0549785,22.9889143,-18029.835988802148,-2170.053336976578
WS015,1,1,16,未记录,水库,387841515,109.0543911,22.988957,-18090.053950719215,-2165.3245627112115
WS015,1,1,17,未记录,水库,387841515,109.0542598,22.989021,-18103.514315717697,-2158.2369385190364
WS015,1,1,18,未记录,水库,387841515,109.0538879,22.9888637,-18141.64005633118,-2175.6569898535286
WS015,1,1,19,未记录,水库,387841515,109.0538594,22.9891906,-18144.561765414317,-2139.454734410362
WS015,1,1,20,未记录,水库,387841515,109.0541129,22.9893198,-18118.573932001338,-2125.146593072827
WS015,1,1,21,未记录,水库,387841515,109.0541747,22.9894337,-18112.238436519012,-2112.5328368938126
WS015,1,1,22,未记录,水库,387841515,109.0538733,22.9894408,-18143.13679150992,-2111.7465535848764
WS015,1,1,23,未记录,水库,387841515,109.0537574,22.9896613,-18155.01840844365,-2087.327473360857
WS015,1,1,24,未记录,水库,387841515,109.0540047,22.9901096,-18129.666174902693,-2037.68088077881
WS015,1,1,25,未记录,水库,387841515,109.0540974,22.9906503,-18120.16293167775,-1977.8015307696296
WS015,1,1,26,未记录,水库,387841515,109.0541979,22.9903444,-18109.860062810225,-2011.678159524382
WS015,1,1,27,未记录,水库,387841515,109.0542134,22.989704,-18108.27106313527,-2082.5986990954907
WS015,1,1,28,未记录,水库,387841515,109.054368,22.9895902,-18092.422072817797,-2095.2013808619686
WS015,1,1,29,未记录,水库,387841515,109.054453,22.9894337,-18083.708203626687,-2112.5328368938126
WS015,1,1,30,未记录,水库,387841515,109.0547853,22.9897823,-18049.642100893157,-2073.927433872907
WS015,1,1,31,未记录,水库,387841515,109.0550558,22.9898463,-18021.911493643413,-2066.839809681125
WS015,1,1,32,未记录,水库,387841515,109.0551563,22.9900242,-18011.608624777346,-2047.1384293099363
WS015,1,1,33,未记录,水库,387841515,109.0549708,22.9904298,-18030.625362834522,-2002.2206109932556
WS015,1,1,34,未记录,水库,387841515,109.0551408,22.990693,-18013.1976244523,-1973.0727565038696
WS015,1,1,35,未记录,水库,387841515,109.0558132,22.9910985,-17944.265793344122,-1928.1660126001184
WS015,1,1,36,未记录,水库,387841515,109.0560451,22.9907215,-17920.492307867913,-1969.9165488559822
WS015,1,1,37,未记录,水库,387841515,109.0564547,22.9905436,-17878.501709977103,-1989.6179292271713
WS015,1,1,38,未记录,水库,387841515,109.0565938,22.9908282,-17864.241719336045,-1958.1001503984405
WS015,1,1,39,未记录,水库,387841515,109.0571348,22.9912978,-17808.78050483655,-1906.0947078895847
WS015,1,1,40,未记录,水库,387841515,109.0579464,22.9917887,-17725.57843147565,-1851.730415454707
WS015,1,1,41,未记录,水库,387841515,109.0583096,22.991995,-17688.344581002417,-1828.88390184856
WS015,1,1,42,未记录,水库,387841515,109.0586729,22.9919879,-17651.10047891752,-1829.6701851571029
WS015,1,1,43,未记录,水库,387841515,109.0590438,22.9921017,-17613.07725441191,-1817.0675033910184
WS015,1,1,44,未记录,水库,387841515,109.0587038,22.9918598,-17647.93273117636,-1843.8565079539892
WS015,1,1,45,未记录,水库,387841515,109.0583328,22.9917887,-17685.96620729363,-1851.730415454707
WS015,1,1,46,未记录,水库,387841515,109.0580932,22.991497,-17710.529066802213,-1884.034477592374
WS015,1,1,47,未记录,水库,387841515,109.0574672,22.9910345,-17774.704150492817,-1935.2536367919001
WS015,1,1,48,未记录,水库,387841515,109.0573976,22.9908566,-17781.839271619177,-1954.955017163089
WS015,1,1,49,未记录,水库,387841515,109.0576836,22.9907143,-17752.51966469302,-1970.7139065774545
WS015,1,1,50,未记录,水库,387841515,109.0572894,22.9901736,-17792.931514519078,-2030.5932565870282
WS015,1,1,51,未记录,水库,387841515,109.0571039,22.9902163,-17811.948252577713,-2025.8644823212683
WS015,1,1,52,未记录,水库,387841515,109.055991,22.9902732,-17926.03842931786,-2019.5631414380293
WS015,1,1,53,未记录,水库,387841515,109.0556587,22.9901096,-17960.104532051388,-2037.68088077881
WS015,1,1,54,未记录,水库,387841515,109.0554809,22.9897823,-17978.331896076194,-2073.927433872907
WS015,1,1,55,未记录,水库,387841515,109.055535,22.9895617,-17972.78577462624,-2098.3575885098558
WS015,1,1,56,未记录,水库,387841515,109.055535,22.9894123,-17972.78577462624,-2114.902761232764
WS015,1,1,57,未记录,水库,387841515,109.0553804,22.9892416,-17988.634764943716,-2133.806783882481
WS015,1,1,58,未记录,水库,387841515,109.0554036,22.9891206,-17986.25639123493,-2147.206823370431
WS015,1,1,59,未记录,水库,387841515,109.0556664,22.9890281,-17959.315158017558,-2157.4506552104936
WS015,1,1,60,未记录,水库,387841515,109.055906,22.9890993,-17934.75229851043,-2149.565673296846
WS015,1,1,61,未记录,水库,387841515,109.0562229,22.9889854,-17902.264943843107,-2162.1794294758597
WS015,1,1,62,未记录,水库,387841515,109.0564083,22.9887791,-17883.258457394677,-2185.0259430824003
WS015,1,1,63,未记录,水库,387841515,109.056617,22.9887293,-17861.863345627255,-2190.541000656703
WS015,1,1,64,未记录,水库,387841515,109.0565397,22.9886581,-17869.787840785993,-2198.4259825703502
WS015,1,1,65,未记录,水库,387841515,109.0562538,22.9887364,-17899.097196101946,-2189.754717347767
WS015,1,1,66,未记录,水库,387841515,109.0560683,22.9888076,-17918.113934159126,-2181.8697354341193
WS015,1,1,67,未记录,水库,387841515,109.0558132,22.9883095,-17944.265793344122,-2237.0313855908626
WS015,1,1,68,未记录,水库,387841515,109.055906,22.9881174,-17934.75229851043,-2258.305332579531
WS015,1,1,69,未记录,水库,387841515,109.0560915,22.9879538,-17915.735560451794,-2276.4230719203115
WS015,1,1,70,未记录,水库,387841515,109.0563079,22.9879466,-17893.551074651998,-2277.2204296417835
WS015,1,1,71,未记录,水库,387841515,109.056617,22.988032,-17861.863345627255,-2267.762881110657
WS015,1,1,72,未记录,水库,387841515,109.0570807,22.9879965,-17814.3266262865,-2271.6942976545515
WS015,1,1,73,未记录,水库,387841515,109.0572276,22.9881388,-17799.2670100014,-2255.935408240186
WS015,1,1,74,未记录,水库,387841515,109.0575599,22.9880463,-17765.20090726933,-2266.1792400802487
WS015,1,1,75,未记录,水库,387841515,109.0579464,22.9880036,-17725.57843147565,-2270.9080143460087
WS015,1,1,76,未记录,水库,387841515,109.0585337,22.988032,-17665.370721170242,-2267.762881110657
WS015,1,1,77,未记录,水库,387841515,109.0589356,22.9874557,-17624.16949731181,-2331.5847220766614
WS016,1,1,1,未记录,一般水体,387841517,109.1305829,22.8919143,-10279.167143113276,-12912.23375293332
WS016,1,1,2,未记录,一般水体,387841517,109.1293627,22.8914732,-10404.257298255654,-12961.082987793896
WS016,1,1,3,未记录,一般水体,387841517,109.1289225,22.8914447,-10449.384889055553,-12964.239195441784
WS016,1,1,4,未记录,一般水体,387841517,109.1287758,22.89227,-10464.424002118785,-12872.842066603871
WS016,1,1,5,未记录,一般水体,387841517,109.12927,22.8923411,-10413.760541479141,-12864.968159103153
WS016,1,1,6,未记录,一般水体,387841517,109.1293936,22.8922913,-10401.089550514493,-12870.483216677456
WS016,1,1,7,未记录,一般水体,387841517,109.1295171,22.8923554,-10388.428811160047,-12863.384518072746
WS016,1,1,8,未记录,一般水体,387841517,109.1302508,22.892334,-10313.21274262348,-12865.754442411697
WS016,1,1,9,未记录,一般水体,387841517,109.1305829,22.8919143,-10279.167143113276,-12912.23375293332
WS017,1,1,1,未记录,一般水体,387841519,109.1040766,22.8823631,-12996.489860104182,-13969.97306828272
WS017,1,1,2,未记录,一般水体,387841519,109.1042054,22.8820863,-12983.285785376842,-14000.627042912794
WS017,1,1,3,未记录,一般水体,387841519,109.1042912,22.8819677,-12974.489903298267,-14013.761296493587
WS017,1,1,4,未记录,一般水体,387841519,109.1044414,22.8815723,-12959.091983857477,-14057.54952470485
WS017,1,1,5,未记录,一般水体,387841519,109.1045916,22.8813746,-12943.694064415231,-14079.443638810086
WS017,1,1,6,未记录,一般水体,387841519,109.104774,22.8812461,-12924.995126291878,-14093.674259258296
WS017,1,1,7,未记录,一般水体,387841519,109.1048813,22.8812461,-12913.99514788965,-14093.674259258296
WS017,1,1,8,未记录,一般水体,387841519,109.1049457,22.8812066,-12907.393110525978,-14098.048652314252
WS017,1,1,9,未记录,一般水体,387841519,109.105289,22.8812263,-12872.199330604384,-14095.866992992345
WS017,1,1,10,未记录,一般水体,387841519,109.1053534,22.881167,-12865.597293240713,-14102.434119782742
WS017,1,1,11,未记录,一般水体,387841519,109.1054177,22.881167,-12859.005507487249,-14102.434119782742
WS017,1,1,12,未记录,一般水体,387841519,109.1054606,22.8812066,-12854.607566448689,-14098.048652314252
WS017,1,1,13,未记录,一般水体,387841519,109.1055679,22.8812066,-12843.60758804646,-14098.048652314252
WS017,1,1,14,未记录,一般水体,387841519,109.1056859,22.8812757,-12831.510687286776,-14090.396233069367
WS017,1,1,15,未记录,一般水体,387841519,109.1057181,22.8814042,-12828.209668604213,-14076.16561262155
WS017,1,1,16,未记录,一般水体,387841519,109.1058254,22.8814438,-12817.209690201984,-14071.780145152665
WS017,1,1,17,未记录,一般水体,387841519,109.1059327,22.8815624,-12806.209711799755,-14058.645891571872
WS017,1,1,18,未记录,一般水体,387841519,109.1060507,22.8816118,-12794.112811040071,-14053.1751316485
WS017,1,1,19,未记录,一般水体,387841519,109.1060293,22.8817107,-12796.30665575352,-14042.222537389614
WS017,1,1,20,未记录,一般水体,387841519,109.1060615,22.8817403,-12793.005637072414,-14038.944511200683
WS017,1,1,21,未记录,一般水体,387841519,109.1061795,22.8816514,-12780.908736312731,-14048.78966418001
WS017,1,1,22,未记录,一般水体,387841519,109.1062438,22.8815525,-12774.316950559265,-14059.742258438897
WS017,1,1,23,未记录,一般水体,387841519,109.106276,22.881424,-12771.015931878159,-14073.972878887107
WS017,1,1,24,未记录,一般水体,387841519,109.1064048,22.8814438,-12757.811857149361,-14071.780145152665
WS017,1,1,25,未记录,一般水体,387841519,109.106437,22.8814141,-12754.510838468255,-14075.069245754132
WS017,1,1,26,未记录,一般水体,387841519,109.1063511,22.8811176,-12763.316972157036,-14107.904879706113
WS017,1,1,27,未记录,一般水体,387841519,109.1064584,22.8810187,-12752.316993754806,-14118.857473965394
WS017,1,1,28,未记录,一般水体,387841519,109.1064584,22.8808804,-12752.316993754806,-14134.173386867698
WS017,1,1,29,未记录,一般水体,387841519,109.1063941,22.8808211,-12758.908779506815,-14140.740513658095
WS017,1,1,30,未记录,一般水体,387841519,109.1064155,22.880742,-12756.714934793366,-14149.50037418254
WS017,1,1,31,未记录,一般水体,387841519,109.1063941,22.8806431,-12758.908779506815,-14160.45296844182
WS017,1,1,32,未记录,一般水体,387841519,109.1062653,22.8803071,-12772.112854234156,-14197.662995449757
WS017,1,1,33,未记录,一般水体,387841519,109.1062224,22.8800501,-12776.510795274171,-14226.124236345782
WS017,1,1,34,未记录,一般水体,387841519,109.1061151,22.8799512,-12787.5107736764,-14237.07683060467
WS017,1,1,35,未记录,一般水体,387841519,109.1061151,22.8798524,-12787.5107736764,-14248.01835045102
WS017,1,1,36,未记录,一般水体,387841519,109.1059971,22.8797436,-12799.607674436083,-14260.067311577324
WS017,1,1,37,未记录,一般水体,387841519,109.105804,22.8797634,-12819.403534915433,-14257.874577842884
WS017,1,1,38,未记录,一般水体,387841519,109.1055465,22.8796645,-12845.801432759908,-14268.827172102163
WS017,1,1,39,未记录,一般水体,387841519,109.1054821,22.8796052,-12852.403470123578,-14275.39429889256
WS017,1,1,40,未记录,一般水体,387841519,109.1052675,22.879625,-12874.403426929495,-14273.201565158117
WS017,1,1,41,未记录,一般水体,387841519,109.1051602,22.8795657,-12885.403405331725,-14279.768691948513
WS017,1,1,42,未记录,一般水体,387841519,109.1051173,22.8796052,-12889.801346370285,-14275.39429889256
WS017,1,1,43,未记录,一般水体,387841519,109.10501,22.8795855,-12900.801324773971,-14277.575958214073
WS017,1,1,44,未记录,一般水体,387841519,109.1049671,22.8796448,-12905.19926581253,-14271.008831423676
WS017,1,1,45,未记录,一般水体,387841519,109.1047955,22.8796448,-12922.791029968224,-14271.008831423676
WS017,1,1,46,未记录,一般水体,387841519,109.1046238,22.8795657,-12940.393045734125,-14279.768691948513
WS017,1,1,47,未记录,一般水体,387841519,109.1044521,22.8795855,-12957.995061500025,-14277.575958214073
WS017,1,1,48,未记录,一般水体,387841519,109.1043878,22.8795459,-12964.58684725349,-14281.961425682955
WS017,1,1,49,未记录,一般水体,387841519,109.1041517,22.8795657,-12988.79090038306,-14279.768691948513
WS017,1,1,50,未记录,一般水体,387841519,109.1041088,22.8795459,-12993.18884142162,-14281.961425682955
WS017,1,1,51,未记录,一般水体,387841519,109.1039908,22.8796349,-13005.285742181302,-14272.105198291094
WS017,1,1,52,未记录,一般水体,387841519,109.1039693,22.879714,-13007.489838506412,-14263.345337766255
WS017,1,1,53,未记录,一般水体,387841519,109.1038406,22.8798919,-13020.683661623549,-14243.643957395067
WS017,1,1,54,未记录,一般水体,387841519,109.1037977,22.8800303,-13025.081602662107,-14228.316970079832
WS017,1,1,55,未记录,一般水体,387841519,109.103508,22.8803565,-13054.78051918769,-14192.192235526383
WS017,1,1,56,未记录,一般水体,387841519,109.1033363,22.8803762,-13072.382534955046,-14190.010576204872
WS017,1,1,57,未记录,一般水体,387841519,109.103272,22.8804356,-13078.974320707055,-14183.43237500194
WS017,1,1,58,未记录,一般水体,387841519,109.1031432,22.8804751,-13092.178395434395,-14179.05798194559
WS017,1,1,59,未记录,一般水体,387841519,109.1030145,22.8804949,-13105.37221855153,-14176.865248211543
WS017,1,1,60,未记录,一般水体,387841519,109.1029286,22.8804751,-13114.178352240311,-14179.05798194559
WS017,1,1,61,未记录,一般水体,387841519,109.1025639,22.8805542,-13151.565976875356,-14170.298121421147
WS017,1,1,62,未记录,一般水体,387841519,109.1022849,22.8808112,-13180.16797104494,-14141.83688052512
WS017,1,1,63,未记录,一般水体,387841519,109.1020489,22.8808507,-13204.361772564307,-14137.462487469165
WS017,1,1,64,未记录,一般水体,387841519,109.1018987,22.8809891,-13219.759692005096,-14122.13550015393
WS017,1,1,65,未记录,一般水体,387841519,109.1017592,22.880999,-13234.060689089889,-14121.039133286906
WS017,1,1,66,未记录,一般水体,387841519,109.1017592,22.8811571,-13234.060689089889,-14103.53048665016
WS017,1,1,67,未记录,一般水体,387841519,109.1018236,22.8812164,-13227.45865172622,-14096.963359859763
WS017,1,1,68,未记录,一般水体,387841519,109.1018665,22.8813944,-13223.06071068766,-14077.250905075643
WS017,1,1,69,未记录,一般水体,387841519,109.1019952,22.8815921,-13209.866887570524,-14055.356790970407
WS017,1,1,70,未记录,一般水体,387841519,109.1019952,22.8816711,-13209.866887570524,-14046.608004858497
WS017,1,1,71,未记录,一般水体,387841519,109.1021562,22.8818392,-13193.361794162078,-14027.991916941404
WS017,1,1,72,未记录,一般水体,387841519,109.1022635,22.8818589,-13182.361815758391,-14025.81025761989
WS017,1,1,73,未记录,一般水体,387841519,109.1023278,22.8819182,-13175.770030006383,-14019.243130829494
WS017,1,1,74,未记录,一般水体,387841519,109.1024566,22.8819776,-13162.565955279042,-14012.664929626562
WS017,1,1,75,未记录,一般水体,387841519,109.1025424,22.8819776,-13153.770073200465,-14012.664929626562
WS017,1,1,76,未记录,一般水体,387841519,109.1026282,22.8820369,-13144.974191123347,-14006.097802836166
WS017,1,1,77,未记录,一般水体,387841519,109.1029501,22.8820566,-13111.9742559152,-14003.916143514654
WS017,1,1,78,未记录,一般水体,387841519,109.1033578,22.8822346,-13070.178438629935,-13984.203688730535
WS017,1,1,79,未记录,一般水体,387841519,109.1034329,22.8823037,-13062.479478908814,-13976.551269485652
WS017,1,1,80,未记录,一般水体,387841519,109.1034758,22.8824224,-13058.081537870254,-13963.405941492323
WS017,1,1,81,未记录,一般水体,387841519,109.1035402,22.8824817,-13051.479500506583,-13956.838814701927
WS017,1,1,82,未记录,一般水体,387841519,109.1035616,22.8827387,-13049.285655791677,-13928.3775738059
WS017,1,1,83,未记录,一般水体,387841519,109.1036367,22.8827881,-13041.58669607201,-13922.90681388292
WS017,1,1,84,未记录,一般水体,387841519,109.1040659,22.8827485,-12997.586782461636,-13927.29228135141
WS017,1,1,85,未记录,一般水体,387841519,109.1041195,22.8826991,-12992.091919065622,-13932.763041274782
WS017,1,1,86,未记录,一般水体,387841519,109.1040766,22.8823631,-12996.489860104182,-13969.97306828272
WS018,1,1,1,青年水库,水库,387841521,109.1078424,22.8881157,-12610.434700099313,-13332.906397552382
WS018,1,1,2,青年水库,水库,387841521,109.1074133,22.8889065,-12654.424362098027,-13245.329941130252
WS018,1,1,3,青年水库,水库,387841521,109.1073275,22.88946,-12663.220244176602,-13184.033066282636
WS018,1,1,4,青年水库,水库,387841521,109.1069841,22.8899344,-12698.424275708401,-13131.496051959466
WS018,1,1,5,青年水库,水库,387841521,109.1070271,22.8901321,-12694.016083059638,-13109.60193785423
WS018,1,1,6,青年水库,水库,387841521,109.1077995,22.890053,-12614.832641137871,-13118.361798378673
WS018,1,1,7,青年水库,水库,387841521,109.1082287,22.8902111,-12570.832727527497,-13100.85315174232
WS018,1,1,8,青年水库,水库,387841521,109.1088295,22.8902902,-12509.241049761426,-13092.093291217481
WS018,1,1,9,青年水库,水库,387841521,109.1089153,22.8902111,-12500.44516768285,-13100.85315174232
WS018,1,1,10,青年水库,水库,387841521,109.1092587,22.8902111,-12465.241136151051,-13100.85315174232
WS018,1,1,11,青年水库,水库,387841521,109.1096878,22.8898158,-12421.25147415088,-13144.630305540259
WS018,1,1,12,青年水库,水库,387841521,109.1099453,22.8898158,-12394.853576306405,-13144.630305540259
WS018,1,1,13,青年水库,水库,387841521,109.1102886,22.890053,-12359.659796384809,-13118.361798378673
WS018,1,1,14,青年水库,水库,387841521,109.1105461,22.890053,-12333.26189854179,-13118.361798378673
WS018,1,1,15,青年水库,水库,387841521,109.1108036,22.8902111,-12306.864000697315,-13100.85315174232
WS018,1,1,16,青年水库,水库,387841521,109.1126919,22.8901321,-12113.282833710322,-13109.60193785423
WS018,1,1,17,青年水库,水库,387841521,109.1127777,22.890053,-12104.486951633204,-13118.361798378673
WS018,1,1,18,青年水库,水库,387841521,109.1133785,22.890053,-12042.895273867132,-13118.361798378673
WS018,1,1,19,青年水库,水库,387841521,109.1135502,22.8898158,-12025.293258099775,-13144.630305540259
WS018,1,1,20,青年水库,水库,387841521,109.1138077,22.8898949,-11998.895360256756,-13135.87044501542
WS018,1,1,21,青年水库,水库,387841521,109.1138935,22.8898158,-11990.099478178181,-13144.630305540259
WS018,1,1,22,青年水库,水库,387841521,109.1145802,22.8897367,-11919.70166672333,-13153.390166065097
WS018,1,1,23,青年水库,水库,387841521,109.1148806,22.889539,-11888.905827840294,-13175.284280170728
WS018,1,1,24,青年水库,水库,387841521,109.1148806,22.8893809,-11888.905827840294,-13192.792926807475
WS018,1,1,25,青年水库,水库,387841521,109.1150093,22.8892623,-11875.712004724615,-13205.927180388268
WS018,1,1,26,青年水库,水库,387841521,109.1153526,22.8892623,-11840.518224803021,-13205.927180388268
WS018,1,1,27,青年水库,水库,387841521,109.1154814,22.8893809,-11827.314150075681,-13192.792926807475
WS018,1,1,28,青年水库,水库,387841521,109.1154814,22.889539,-11827.314150075681,-13175.284280170728
WS018,1,1,29,青年水库,水库,387841521,109.1159534,22.8899739,-11778.92654703695,-13127.121658903512
WS018,1,1,30,青年水库,水库,387841521,109.1162109,22.8898158,-11752.528649192474,-13144.630305540259
WS018,1,1,31,青年水库,水库,387841521,109.1163826,22.8898158,-11734.926633426574,-13144.630305540259
WS018,1,1,32,青年水库,水库,387841521,109.1164684,22.8898949,-11726.130751347999,-13135.87044501542
WS018,1,1,33,青年水库,水库,387841521,109.1166401,22.8898949,-11708.528735582098,-13135.87044501542
WS018,1,1,34,青年水库,水库,387841521,109.1168118,22.890053,-11690.9267198162,-13118.361798378673
WS018,1,1,35,青年水库,水库,387841521,109.1171551,22.890053,-11655.732939893147,-13118.361798378673
WS018,1,1,36,青年水库,水库,387841521,109.1172409,22.8901321,-11646.937057816029,-13109.60193785423
WS018,1,1,37,青年水库,水库,387841521,109.1174984,22.8901321,-11620.539159971553,-13109.60193785423
WS018,1,1,38,青年水库,水库,387841521,109.1180134,22.8898949,-11567.743364284059,-13135.87044501542
WS018,1,1,39,青年水库,水库,387841521,109.1185284,22.8898949,-11514.947568595106,-13135.87044501542
WS018,1,1,40,青年水库,水库,387841521,109.1188717,22.890053,-11479.753788673512,-13118.361798378673
WS018,1,1,41,青年水库,水库,387841521,109.1190434,22.890053,-11462.151772907611,-13118.361798378673
WS018,1,1,42,青年水库,水库,387841521,109.119215,22.8902111,-11444.560008751916,-13100.85315174232
WS018,1,1,43,青年水库,水库,387841521,109.1196442,22.8902111,-11400.560095141542,-13100.85315174232
WS018,1,1,44,青年水库,水库,387841521,109.1199017,22.890053,-11374.162197297066,-13118.361798378673
WS018,1,1,45,青年水库,水库,387841521,109.1203308,22.890053,-11330.172535296895,-13118.361798378673
WS018,1,1,46,青年水库,水库,387841521,109.1205883,22.8898949,-11303.774637453876,-13135.87044501542
WS018,1,1,47,青年水库,水库,387841521,109.1209316,22.8901321,-11268.580857530824,-13109.60193785423
WS018,1,1,48,青年水库,水库,387841521,109.1211033,22.8901321,-11250.978841764925,-13109.60193785423
WS018,1,1,49,青年水库,水库,387841521,109.1213179,22.8903297,-11228.978884960465,-13087.718898161527
WS018,1,1,50,青年水库,水库,387841521,109.121232,22.8904088,-11237.785018647788,-13078.959037636689
WS018,1,1,51,青年水库,水库,387841521,109.1214895,22.890646,-11211.38712080477,-13052.690530475104
WS018,1,1,52,青年水库,水库,387841521,109.1215754,22.8911995,-11202.580987115989,-12991.393655627488
WS018,1,1,53,青年水库,水库,387841521,109.1219616,22.8916344,-11162.989266154378,-12943.231034360273
WS018,1,1,54,青年水库,水库,387841521,109.1224766,22.8917135,-11110.193470466884,-12934.471173835434
WS018,1,1,55,青年水库,水库,387841521,109.1227341,22.8918716,-11083.795572622408,-12916.962527198686
WS018,1,1,56,青年水库,水库,387841521,109.1229057,22.8918716,-11066.203808466713,-12916.962527198686
WS018,1,1,57,青年水库,水库,387841521,109.1232491,22.8921879,-11030.999776934914,-12881.934159512657
WS018,1,1,58,青年水库,水库,387841521,109.1235924,22.892267,-10995.805997011861,-12873.174298987818
WS018,1,1,59,青年水库,水库,387841521,109.1241932,22.8926623,-10934.214319247247,-12829.397145189487
WS018,1,1,60,青年水库,水库,387841521,109.1245365,22.8926623,-10899.020539324196,-12829.397145189487
WS018,1,1,61,青年水库,水库,387841521,109.125309,22.8929786,-10819.826845792226,-12794.368777503456
WS018,1,1,62,青年水库,水库,387841521,109.1257381,22.8928996,-10775.837183792055,-12803.117563615366
WS018,1,1,63,青年水库,水库,387841521,109.1260815,22.8930577,-10740.633152260256,-12785.608916978617
WS018,1,1,64,青年水库,水库,387841521,109.1262102,22.8930182,-10727.439329143119,-12789.983310034573
WS018,1,1,65,青年水库,水库,387841521,109.1263338,22.8928655,-10714.76833817847,-12806.893938380215
WS018,1,1,66,青年水库,水库,387841521,109.1265535,22.8924647,-10692.245549221525,-12851.280184882187
WS018,1,1,67,青年水库,水库,387841521,109.1266308,22.8921049,-10684.321054062788,-12891.125922136625
WS018,1,1,68,青年水库,水库,387841521,109.1268969,22.8915949,-10657.041517688269,-12947.605427416227
WS018,1,1,69,青年水库,水库,387841521,109.1269827,22.8911995,-10648.245635611149,-12991.393655627488
WS018,1,1,70,青年水库,水库,387841521,109.1270685,22.8911205,-10639.44975353403,-13000.142441739397
WS018,1,1,71,青年水库,水库,387841521,109.1270685,22.8908833,-10639.44975353403,-13026.410948900982
WS018,1,1,72,青年水库,水库,387841521,109.1272402,22.8907251,-10621.847737766673,-13043.930669950265
WS018,1,1,73,青年水库,水库,387841521,109.1274977,22.8900925,-10595.449839922197,-13113.98740532272
WS018,1,1,74,青年水库,水库,387841521,109.1276453,22.8896616,-10580.318462362755,-13161.707050077875
WS018,1,1,75,青年水库,水库,387841521,109.1265965,22.8896576,-10687.837356571305,-13162.150026589936
WS018,1,1,76,青年水库,水库,387841521,109.1259098,22.8902111,-10758.235168026154,-13100.85315174232
WS018,1,1,77,青年水库,水库,387841521,109.1253948,22.8902111,-10811.030963715106,-13100.85315174232
WS018,1,1,78,青年水库,水库,387841521,109.1252661,22.8900925,-10824.224786830786,-13113.98740532272
WS018,1,1,79,青年水库,水库,387841521,109.1252661,22.8897762,-10824.224786830786,-13149.015773009143
WS018,1,1,80,青年水库,水库,387841521,109.1255236,22.8896181,-10797.826888987765,-13166.52441964589
WS018,1,1,81,青年水库,水库,387841521,109.1254807,22.8894204,-10802.224830026325,-13188.418533751521
WS018,1,1,82,青年水库,水库,387841521,109.1253948,22.8894204,-10811.030963715106,-13188.418533751521
WS018,1,1,83,青年水库,水库,387841521,109.1247082,22.8888669,-10881.418523558295,-13249.715408599137
WS018,1,1,84,青年水库,水库,387841521,109.1241932,22.8891041,-10934.214319247247,-13223.44690143755
WS018,1,1,85,青年水库,水库,387841521,109.1240215,22.8891041,-10951.816335013147,-13223.44690143755
WS018,1,1,86,青年水库,水库,387841521,109.1239357,22.888946,-10960.612217090267,-13240.955548074298
WS018,1,1,87,青年水库,水库,387841521,109.123807,22.8889065,-10973.806040207402,-13245.329941130252
WS018,1,1,88,青年水库,水库,387841521,109.1240215,22.8888669,-10951.816335013147,-13249.715408599137
WS018,1,1,89,青年水库,水库,387841521,109.1241503,22.8886692,-10938.612260285807,-13271.609522704766
WS018,1,1,90,青年水库,水库,387841521,109.1239786,22.8885111,-10956.214276051707,-13289.118169341515
WS018,1,1,91,青年水库,水库,387841521,109.1239786,22.8883529,-10956.214276051707,-13306.637890390797
WS018,1,1,92,青年水库,水库,387841521,109.1241503,22.8882739,-10938.612260285807,-13315.386676502705
WS018,1,1,93,青年水库,水库,387841521,109.1240644,22.8881157,-10947.418393974587,-13332.906397552382
WS018,1,1,94,青年水库,水库,387841521,109.1241503,22.8879576,-10938.612260285807,-13350.415044189129
WS018,1,1,95,青年水库,水库,387841521,109.1239357,22.8877599,-10960.612217090267,-13372.30915829476
WS018,1,1,96,青年水库,水库,387841521,109.1236782,22.887918,-10987.010114934743,-13354.800511658013
WS018,1,1,97,青年水库,水库,387841521,109.1229916,22.887918,-11057.397674777932,-13354.800511658013
WS018,1,1,98,青年水库,水库,387841521,109.1229486,22.8881157,-11061.805867428153,-13332.906397552382
WS018,1,1,99,青年水库,水库,387841521,109.1228199,22.8882343,-11074.999690545288,-13319.77214397159
WS018,1,1,100,青年水库,水库,387841521,109.1226482,22.8880762,-11092.601706311189,-13337.280790608336
WS018,1,1,101,青年水库,水库,387841521,109.1221333,22.8879971,-11145.387250388478,-13346.040651133175
WS018,1,1,102,青年水库,水库,387841521,109.1219616,22.887839,-11162.989266154378,-13363.549297769921
WS018,1,1,103,青年水库,水库,387841521,109.1216183,22.887839,-11198.183046077429,-13363.549297769921
WS018,1,1,104,青年水库,水库,387841521,109.1213608,22.8879971,-11224.58094392045,-13346.040651133175
WS018,1,1,105,青年水库,水库,387841521,109.1211033,22.887839,-11250.978841764925,-13363.549297769921
WS018,1,1,106,青年水库,水库,387841521,109.1208458,22.887839,-11277.3767396094,-13363.549297769921
WS018,1,1,107,青年水库,水库,387841521,109.1203737,22.8874041,-11325.774594258335,-13411.711919036745
WS018,1,1,108,青年水库,水库,387841521,109.1203737,22.8864552,-11325.774594258335,-13516.797022095621
WS018,1,1,109,青年水库,水库,387841521,109.1198587,22.8860598,-11378.570389947286,-13560.58525030649
WS018,1,1,110,青年水库,水库,387841521,109.1198587,22.8859017,-11378.570389947286,-13578.093896943237
WS018,1,1,111,青年水库,水库,387841521,109.1194296,22.8855854,-11422.560051946,-13613.122264629661
WS018,1,1,112,青年水库,水库,387841521,109.1193008,22.8853877,-11435.76412667334,-13635.016378735292
WS018,1,1,113,青年水库,水库,387841521,109.1190863,22.8853481,-11457.753831867596,-13639.401846203782
WS018,1,1,114,青年水库,水库,387841521,109.1189146,22.8850318,-11475.355847634952,-13674.430213890206
WS018,1,1,115,青年水库,水库,387841521,109.1188288,22.8845574,-11484.151729712072,-13726.967228213376
WS018,1,1,116,青年水库,水库,387841521,109.1190004,22.8842411,-11466.559965556376,-13761.995595899407
WS018,1,1,117,青年水库,水库,387841521,109.1182709,22.8838062,-11541.345466439583,-13810.158217166623
WS018,1,1,118,青年水库,水库,387841521,109.1178417,22.8832527,-11585.345380049957,-13871.455092014237
WS018,1,1,119,青年水库,水库,387841521,109.1176701,22.8832527,-11602.937144205653,-13871.455092014237
WS018,1,1,120,青年水库,水库,387841521,109.1172409,22.8830154,-11646.937057816029,-13897.734673588358
WS018,1,1,121,青年水库,水库,387841521,109.1168976,22.8830154,-11682.130837737623,-13897.734673588358
WS018,1,1,122,青年水库,水库,387841521,109.1159534,22.8823037,-11778.92654703695,-13976.551269485652
WS018,1,1,123,青年水库,水库,387841521,109.1155243,22.8823828,-11822.916209035664,-13967.791408961206
WS018,1,1,124,青年水库,水库,387841521,109.115181,22.8821456,-11858.10998895726,-13994.059916122398
WS018,1,1,125,青年水库,水库,387841521,109.1143227,22.8820665,-11946.099564567805,-14002.819776647237
WS018,1,1,126,青年水库,水库,387841521,109.1139793,22.8818293,-11981.303596101061,-14029.088283808822
WS018,1,1,127,青年水库,水库,387841521,109.1138077,22.8819084,-11998.895360256756,-14020.328423283983
WS018,1,1,128,青年水库,水库,387841521,109.1133785,22.8818293,-12042.895273867132,-14029.088283808822
WS018,1,1,129,青年水库,水库,387841521,109.1132927,22.8819084,-12051.69115594425,-14020.328423283983
WS018,1,1,130,青年水库,水库,387841521,109.1129494,22.8819084,-12086.884935865846,-14020.328423283983
WS018,1,1,131,青年水库,水库,387841521,109.1127348,22.8816316,-12108.884892671762,-14050.982397914453
WS018,1,1,132,青年水库,水库,387841521,109.1127348,22.8814734,-12108.884892671762,-14068.502118963735
WS018,1,1,133,青年水库,水库,387841521,109.1123915,22.8811571,-12144.078672593358,-14103.53048665016
WS018,1,1,134,青年水库,水库,387841521,109.1122198,22.8807617,-12161.680688359256,-14147.318714861027
WS018,1,1,135,青年水库,水库,387841521,109.1118765,22.8803664,-12196.874468282309,-14191.09586865936
WS018,1,1,136,青年水库,水库,387841521,109.1118765,22.8800501,-12196.874468282309,-14226.124236345782
WS018,1,1,137,青年水库,水库,387841521,109.111619,22.8798128,-12223.272366125328,-14252.403817919905
WS018,1,1,138,青年水库,水库,387841521,109.1114473,22.878943,-12240.874381892685,-14348.729060453943
WS018,1,1,139,青年水库,水库,387841521,109.1113186,22.8788243,-12254.068205008363,-14361.874388447271
WS018,1,1,140,青年水库,水库,387841521,109.1107178,22.8788243,-12315.659882774433,-14361.874388447271
WS018,1,1,141,青年水库,水库,387841521,109.1103315,22.8784685,-12355.261855346249,-14401.27714918965
WS018,1,1,142,青年水库,水库,387841521,109.1103315,22.8782313,-12355.261855346249,-14427.545656351234
WS018,1,1,143,青年水库,水库,387841521,109.1107607,22.877994,-12311.261941735875,-14453.825237925355
WS018,1,1,144,青年水库,水库,387841521,109.1110182,22.8775986,-12284.864043891399,-14497.613466136618
WS018,1,1,145,青年水库,水库,387841521,109.1108894,22.87748,-12298.068118618738,-14510.74771971741
WS018,1,1,146,青年水库,水库,387841521,109.1107178,22.87748,-12315.659882774433,-14510.74771971741
WS018,1,1,147,青年水库,水库,387841521,109.1104603,22.8773218,-12342.057780618909,-14528.267440766695
WS018,1,1,148,青年水库,水库,387841521,109.1100311,22.8773218,-12386.057694229285,-14528.267440766695
WS018,1,1,149,青年水库,水库,387841521,109.1099453,22.8772428,-12394.853576306405,-14537.016226878603
WS018,1,1,150,青年水库,水库,387841521,109.1086578,22.8772428,-12526.843065527326,-14537.016226878603
WS018,1,1,151,青年水库,水库,387841521,109.1084003,22.87748,-12553.240963371802,-14510.74771971741
WS018,1,1,152,青年水库,水库,387841521,109.108057,22.87748,-12588.434743293396,-14510.74771971741
WS018,1,1,153,青年水库,水库,387841521,109.1078854,22.8773218,-12606.02650744909,-14528.267440766695
WS018,1,1,154,青年水库,水库,387841521,109.107542,22.8773218,-12641.230538982347,-14528.267440766695
WS018,1,1,155,青年水库,水库,387841521,109.1071129,22.8771637,-12685.220200981063,-14545.776087403441
WS018,1,1,156,青年水库,水库,387841521,109.1069412,22.8773218,-12702.822216748418,-14528.267440766695
WS018,1,1,157,青年水库,水库,387841521,109.1067696,22.8773218,-12720.413980902656,-14528.267440766695
WS018,1,1,158,青年水库,水库,387841521,109.1065121,22.87748,-12746.811878747132,-14510.74771971741
WS018,1,1,159,青年水库,水库,387841521,109.1064262,22.8777172,-12755.618012435913,-14484.479212555825
WS018,1,1,160,青年水库,水库,387841521,109.1061687,22.8777963,-12782.015910280388,-14475.719352030987
WS018,1,1,161,青年水库,水库,387841521,109.1060829,22.8779545,-12790.811792357508,-14458.199630981311
WS018,1,1,162,青年水库,水库,387841521,109.1058683,22.8780731,-12812.811749163424,-14445.065377400519
WS018,1,1,163,青年水库,水库,387841521,109.1057825,22.8783103,-12821.607631240544,-14418.796870239326
WS018,1,1,164,青年水库,水库,387841521,109.1056108,22.8784685,-12839.2096470079,-14401.27714918965
WS018,1,1,165,青年水库,水库,387841521,109.1056108,22.8786266,-12839.2096470079,-14383.768502552903
WS018,1,1,166,青年水库,水库,387841521,109.1054392,22.8787848,-12856.801411162138,-14366.24878150362
WS018,1,1,167,青年水库,水库,387841521,109.1054392,22.878943,-12856.801411162138,-14348.729060453943
WS018,1,1,168,青年水库,水库,387841521,109.1055679,22.8790616,-12843.60758804646,-14335.59480687315
WS018,1,1,169,青年水库,水库,387841521,109.1059113,22.8790616,-12808.403556513204,-14335.59480687315
WS018,1,1,170,青年水库,水库,387841521,109.1059971,22.8789825,-12799.607674436083,-14344.354667397989
WS018,1,1,171,青年水库,水库,387841521,109.1064692,22.8793384,-12751.209819785692,-14304.94083224268
WS018,1,1,172,青年水库,水库,387841521,109.1064692,22.8794965,-12751.209819785692,-14287.432185606327
WS018,1,1,173,青年水库,水库,387841521,109.1063833,22.8795756,-12760.015953474473,-14278.67232508149
WS018,1,1,174,青年水库,水库,387841521,109.1063833,22.879971,-12760.015953474473,-14234.884096870228
WS018,1,1,175,青年水库,水库,387841521,109.1064692,22.8800501,-12751.209819785692,-14226.124236345782
WS018,1,1,176,青年水库,水库,387841521,109.1064692,22.8804454,-12751.209819785692,-14182.34708254745
WS018,1,1,177,青年水库,水库,387841521,109.106555,22.8805245,-12742.413937708572,-14173.587222022612
WS018,1,1,178,青年水库,水库,387841521,109.106555,22.8806827,-12742.413937708572,-14156.067500972937
WS018,1,1,179,青年水库,水库,387841521,109.1069412,22.8810385,-12702.822216748418,-14116.664740230952
WS018,1,1,180,青年水库,水库,387841521,109.1072845,22.8810385,-12667.628436825367,-14116.664740230952
WS018,1,1,181,青年水库,水库,387841521,109.1074562,22.8811176,-12650.026421059467,-14107.904879706113
WS018,1,1,182,青年水库,水库,387841521,109.1077566,22.8813944,-12619.230582176431,-14077.250905075643
WS018,1,1,183,青年水库,水库,387841521,109.1077566,22.8815525,-12619.230582176431,-14059.742258438897
WS018,1,1,184,青年水库,水库,387841521,109.1079283,22.8817897,-12601.628566410533,-14033.473751277705
WS018,1,1,185,青年水库,水库,387841521,109.1079283,22.882027,-12601.628566410533,-14007.19416970319
WS018,1,1,186,青年水库,水库,387841521,109.1077995,22.8821456,-12614.832641137871,-13994.059916122398
WS018,1,1,187,青年水库,水库,387841521,109.107542,22.8821456,-12641.230538982347,-13994.059916122398
WS018,1,1,188,青年水库,水库,387841521,109.1074133,22.882027,-12654.424362098027,-14007.19416970319
WS018,1,1,189,青年水库,水库,387841521,109.1074133,22.8818688,-12654.424362098027,-14024.713890752868
WS018,1,1,190,青年水库,水库,387841521,109.1070271,22.8815921,-12694.016083059638,-14055.356790970407
WS018,1,1,191,青年水库,水库,387841521,109.1065979,22.8815921,-12738.015996670014,-14055.356790970407
WS018,1,1,192,青年水库,水库,387841521,109.1064262,22.8818293,-12755.618012435913,-14029.088283808822
WS018,1,1,193,青年水库,水库,387841521,109.1062117,22.8819479,-12777.607717630168,-14015.95403022803
WS018,1,1,194,青年水库,水库,387841521,109.1062117,22.8821851,-12777.607717630168,-13989.685523066444
WS018,1,1,195,青年水库,水库,387841521,109.1064692,22.8825014,-12751.209819785692,-13954.657155380413
WS018,1,1,196,青年水库,水库,387841521,109.1064692,22.8832131,-12751.209819785692,-13875.840559483122
WS018,1,1,197,青年水库,水库,387841521,109.10604,22.8835294,-12795.209733397523,-13840.812191796698
WS018,1,1,198,青年水库,水库,387841521,109.1059971,22.883648,-12799.607674436083,-13827.677938215906
WS018,1,1,199,青年水库,水库,387841521,109.1056108,22.8838457,-12839.2096470079,-13805.783824110667
WS018,1,1,200,青年水库,水库,387841521,109.1056108,22.8840039,-12839.2096470079,-13788.264103060992
WS018,1,1,201,青年水库,水库,387841521,109.1059113,22.8841225,-12808.403556513204,-13775.1298494802
WS018,1,1,202,青年水库,水库,387841521,109.1064262,22.8841225,-12755.618012435913,-13775.1298494802
WS018,1,1,203,青年水库,水库,387841521,109.1065121,22.8842016,-12746.811878747132,-13766.36998895536
WS018,1,1,204,青年水库,水库,387841521,109.1069412,22.8842806,-12702.822216748418,-13757.621202843451
WS018,1,1,205,青年水库,水库,387841521,109.1073704,22.8841225,-12658.822303138042,-13775.1298494802
WS018,1,1,206,青年水库,水库,387841521,109.107542,22.8839643,-12641.230538982347,-13792.649570529875
WS018,1,1,207,青年水库,水库,387841521,109.1079712,22.8838062,-12597.230625371973,-13810.158217166623
WS018,1,1,208,青年水库,水库,387841521,109.1083145,22.883569,-12562.03684544892,-13836.426724327814
WS018,1,1,209,青年水库,水库,387841521,109.108572,22.883569,-12535.638947605901,-13836.426724327814
WS018,1,1,210,青年水库,水库,387841521,109.1086578,22.883648,-12526.843065527326,-13827.677938215906
WS018,1,1,211,青年水库,水库,387841521,109.1089153,22.883648,-12500.44516768285,-13827.677938215906
WS018,1,1,212,青年水库,水库,387841521,109.109087,22.8838062,-12482.84315191695,-13810.158217166623
WS018,1,1,213,青年水库,水库,387841521,109.1093445,22.8838853,-12456.445254072474,-13801.398356641785
WS018,1,1,214,青年水库,水库,387841521,109.1094732,22.8840039,-12443.251430956796,-13788.264103060992
WS018,1,1,215,青年水库,水库,387841521,109.1094732,22.884162,-12443.251430956796,-13770.755456424244
WS018,1,1,216,青年水库,水库,387841521,109.1096449,22.8843992,-12425.649415189439,-13744.486949262659
WS018,1,1,217,青年水库,水库,387841521,109.1096449,22.8850318,-12425.649415189439,-13674.430213890206
WS018,1,1,218,青年水库,水库,387841521,109.1098166,22.8854272,-12408.04739942354,-13630.641985679336
WS018,1,1,219,青年水库,水库,387841521,109.1098166,22.8859807,-12408.04739942354,-13569.34511083133
WS018,1,1,220,青年水库,水库,387841521,109.1097307,22.8860598,-12416.85353311232,-13560.58525030649
WS018,1,1,221,青年水库,水库,387841521,109.1097307,22.886218,-12416.85353311232,-13543.065529257206
WS018,1,1,222,青年水库,水库,387841521,109.109087,22.8869692,-12482.84315191695,-13459.874540303961
WS018,1,1,223,青年水库,水库,387841521,109.1089153,22.8869692,-12500.44516768285,-13459.874540303961
WS018,1,1,224,青年水库,水库,387841521,109.1088295,22.8870482,-12509.241049761426,-13451.125754192051
WS018,1,1,225,青年水库,水库,387841521,109.1082287,22.8870482,-12570.832727527497,-13451.125754192051
WS018,1,1,226,青年水库,水库,387841521,109.1078424,22.8878785,-12610.434700099313,-13359.174904713967
WS018,1,1,227,青年水库,水库,387841521,109.1078424,22.8881157,-12610.434700099313,-13332.906397552382
WS019,1,1,1,未记录,一般水体,387844253,109.0913631,22.8959603,-14299.828400846647,-12464.163011047254
WS019,1,1,2,未记录,一般水体,387844253,109.0914713,22.8959033,-14288.736157946749,-12470.47542634303
WS019,1,1,3,未记录,一般水体,387844253,109.091595,22.8959674,-14276.054915370438,-12463.376727738318
WS019,1,1,4,未记录,一般水体,387844253,109.0917651,22.8957965,-14258.616925376553,-12482.3028992135
WS019,1,1,5,未记录,一般水体,387844253,109.0920434,22.8958036,-14230.086692484227,-12481.516615904564
WS019,1,1,6,未记录,一般水体,387844253,109.0924609,22.8957039,-14187.28621733772,-12492.557805466098
WS019,1,1,7,未记录,一般水体,387844253,109.0926696,22.8955615,-14165.891105571754,-12508.327769293393
WS019,1,1,8,未记录,一般水体,387844253,109.0936282,22.895241,-14067.61916431555,-12543.821262317342
WS019,1,1,9,未记录,一般水体,387844253,109.0938137,22.895006,-14048.602426256917,-12569.846132397235
WS019,1,1,10,未记录,一般水体,387844253,109.0937441,22.8948494,-14055.737547383278,-12587.188662842009
WS019,1,1,11,未记录,一般水体,387844253,109.094293,22.8941372,-13999.466455629543,-12666.060630803162
WS019,1,1,12,未记录,一般水体,387844253,109.0943935,22.8939093,-13989.163586762019,-12691.299217574118
WS019,1,1,13,未记录,一般水体,387844253,109.0945017,22.8931758,-13978.07134386212,-12772.530035461685
WS019,1,1,14,未记录,一般水体,387844253,109.0932571,22.8932612,-14105.662892043027,-12763.07248693056
WS019,1,1,15,未记录,一般水体,387844253,109.0929092,22.8939805,-14141.32824606317,-12683.414235660472
WS019,1,1,16,未记录,一般水体,387844253,109.0923604,22.8943152,-14197.589086205244,-12646.348176019043
WS019,1,1,17,未记录,一般水体,387844253,109.0914018,22.8945431,-14295.861027461448,-12621.109589248086
WS019,1,1,18,未记录,一般水体,387844253,109.0906906,22.8945503,-14368.770483565031,-12620.312231526614
WS019,1,1,19,未记录,一般水体,387844253,109.09042,22.8943651,-14396.511342426438,-12640.822044031811
WS019,1,1,20,未记录,一般水体,387844253,109.0902499,22.8948137,-14413.949332418866,-12591.142228211369
WS019,1,1,21,未记录,一般水体,387844253,109.0905823,22.8950345,-14379.87297807659,-12566.689924748955
WS019,1,1,22,未记录,一般水体,387844253,109.0910694,22.8953692,-14329.93738180518,-12529.623865107527
WS019,1,1,23,未记录,一般水体,387844253,109.0910848,22.8955045,-14328.358633738973,-12514.640184589169
WS019,1,1,24,未记录,一般水体,387844253,109.0912626,22.8956683,-14310.13126971417,-12496.500296422922
WS019,1,1,25,未记录,一般水体,387844253,109.0911621,22.8957751,-14320.434138580236,-12484.672823552452
WS019,1,1,26,未记录,一般水体,387844253,109.0913631,22.8959603,-14299.828400846647,-12464.163011047254
WS020,1,1,1,未记录,一般水体,387873269,109.1957059,22.8972819,-3603.010633202886,-12317.803571482968
WS020,1,1,2,未记录,一般水体,387873269,109.1956055,22.8967055,-3613.3032504587477,-12381.636486861902
WS020,1,1,3,未记录,一般水体,387873269,109.1955129,22.8964707,-3622.7962420720296,-12407.63920811633
WS020,1,1,4,未记录,一般水体,387873269,109.1953507,22.8964423,-3639.4243548102163,-12410.784341351287
WS020,1,1,5,未记录,一般水体,387873269,109.1946864,22.8967482,-3707.525805443745,-12376.907712596141
WS020,1,1,6,未记录,一般水体,387873269,109.1944856,22.8969403,-3728.1110399569257,-12355.633765607474
WS020,1,1,7,未记录,一般水体,387873269,109.1945011,22.8974597,-3726.522040280514,-12298.11326552471
WS020,1,1,8,未记录,一般水体,387873269,109.1946478,22.897602,-3711.4829272172824,-12282.354376110343
WS020,1,1,9,未记录,一般水体,387873269,109.1949104,22.8976447,-3684.562197221777,-12277.625601844584
WS020,1,1,10,未记录,一般水体,387873269,109.195173,22.897538,-3657.6414672262717,-12289.442000302126
WS020,1,1,11,未记录,一般水体,387873269,109.1954974,22.8973957,-3624.385241748442,-12305.20088971649
WS020,1,1,12,未记录,一般水体,387873269,109.1956442,22.8973957,-3609.3358770735485,-12305.20088971649
WS020,1,1,13,未记录,一般水体,387873269,109.1957059,22.8972819,-3603.010633202886,-12317.803571482968
WS021,1,1,1,未记录,一般水体,387873270,109.1690287,22.9025326,-6337.853353073685,-11736.319378595577
WS021,1,1,2,未记录,一般水体,387873270,109.168936,22.9023121,-6347.356596297172,-11760.738458819596
WS021,1,1,3,未记录,一般水体,387873270,109.1685189,22.9020844,-6390.116064999946,-11785.954896765088
WS021,1,1,4,未记录,一般水体,387873270,109.1682717,22.9020631,-6415.458046929243,-11788.313746691503
WS021,1,1,5,未记录,一般水体,387873270,109.1682795,22.9021698,-6414.658421286664,-11776.497348233961
WS021,1,1,6,未记录,一般水体,387873270,109.1679551,22.9025184,-6447.914646764494,-11737.891945213056
WS021,1,1,7,未记录,一般水体,387873270,109.1678856,22.9026892,-6455.039516279194,-11718.976848150804
WS021,1,1,8,未记录,一般水体,387873270,109.1676847,22.902988,-6475.635002404036,-11685.886502704594
WS021,1,1,9,未记录,一般水体,387873270,109.1678547,22.9031658,-6458.207264020356,-11666.196196746334
WS021,1,1,10,未记录,一般水体,387873270,109.1680941,22.9030378,-6433.664907733637,-11680.371445130291
WS021,1,1,11,未记录,一般水体,387873270,109.1681327,22.9029168,-6429.7077859600995,-11693.77148461824
WS021,1,1,12,未记录,一般水体,387873270,109.1685343,22.902682,-6388.537316933738,-11719.774205872669
WS021,1,1,13,未记录,一般水体,387873270,109.1688742,22.9025255,-6353.692091779497,-11737.105661904512
WS021,1,1,14,未记录,一般水体,387873270,109.1690287,22.9025326,-6337.853353073685,-11736.319378595577
WS022,1,1,1,未记录,一般水体,387873271,109.1943543,22.8904513,-3741.57140495395,-13074.252412196787
WS022,1,1,2,未记录,一般水体,387873271,109.1955206,22.8901809,-3622.006868039655,-13104.197624407647
WS022,1,1,3,未记录,一般水体,387873271,109.1954356,22.8897326,-3630.720737230766,-13153.844216990086
WS022,1,1,4,未记录,一般水体,387873271,109.1956442,22.8892203,-3609.3358770735485,-13210.578433763916
WS022,1,1,5,未记录,一般水体,387873271,109.1953584,22.8884732,-3638.634980777841,-13293.315371792565
WS022,1,1,6,未记录,一般水体,387873271,109.1949954,22.8885444,-3675.8483280306655,-13285.430389878919
WS022,1,1,7,未记录,一般水体,387873271,109.1949104,22.8884803,-3684.562197221777,-13292.529088483629
WS022,1,1,8,未记录,一般水体,387873271,109.1944084,22.8885515,-3736.0252835040005,-13284.644106570375
WS022,1,1,9,未记录,一般水体,387873271,109.1943543,22.8888005,-3741.57140495395,-13257.068818698468
WS022,1,1,10,未记录,一般水体,387873271,109.1941612,22.8890353,-3761.3672654347556,-13231.066097444042
WS022,1,1,11,未记录,一般水体,387873271,109.1938446,22.8891634,-3793.8238652685486,-13216.879774647154
WS022,1,1,12,未记录,一般水体,387873271,109.1938291,22.8895121,-3795.412864944961,-13178.263297213713
WS022,1,1,13,未记录,一般水体,387873271,109.1939604,22.8898892,-3781.9524999479363,-13136.501686545313
WS022,1,1,14,未记录,一般水体,387873271,109.1941921,22.8900742,-3758.1995176935934,-13116.014022865187
WS022,1,1,15,未记录,一般水体,387873271,109.1942771,22.8902165,-3749.4856485024816,-13100.255133450823
WS022,1,1,16,未记录,一般水体,387873271,109.1943543,22.8904513,-3741.57140495395,-13074.252412196787
WS023,1,1,1,未记录,一般水体,387873272,109.1954897,22.8921092,-3625.174615780817,-12890.649722386172
WS023,1,1,2,未记录,一般水体,387873272,109.1955824,22.8916965,-3615.6713725558734,-12936.353824011789
WS023,1,1,3,未记录,一般水体,387873272,109.1956055,22.891298,-3613.3032504587477,-12980.485359019533
WS023,1,1,4,未记录,一般水体,387873272,109.1956673,22.8911486,-3606.9677549764233,-12997.03053174244
WS023,1,1,5,未记录,一般水体,387873272,109.1956982,22.8908782,-3603.8000072352606,-13026.975743953692
WS023,1,1,6,未记录,一般水体,387873272,109.1955592,22.8906932,-3618.0497462646604,-13047.463407633424
WS023,1,1,7,未记录,一般水体,387873272,109.1955669,22.8903517,-3617.260372232285,-13085.282527345393
WS023,1,1,8,未记录,一般水体,387873272,109.1953507,22.8903446,-3639.4243548102163,-13086.06881065433
WS023,1,1,9,未记录,一般水体,387873272,109.1944007,22.8905438,-3736.8146575363758,-13064.008580356725
WS023,1,1,10,未记录,一般水体,387873272,109.1943775,22.8908853,-3739.1930312451627,-13026.189460644755
WS023,1,1,11,未记录,一般水体,387873272,109.1945474,22.8909849,-3721.7755444731442,-13015.159345496151
WS023,1,1,12,未记录,一般水体,387873272,109.1945937,22.8911557,-3717.0290486672316,-12996.244248433897
WS023,1,1,13,未记录,一般水体,387873272,109.1947405,22.8913407,-3701.9796839937953,-12975.756584753772
WS023,1,1,14,未记录,一般水体,387873272,109.1946555,22.8915399,-3710.693553184907,-12953.696354456168
WS023,1,1,15,未记录,一般水体,387873272,109.1948023,22.8917392,-3695.644188510014,-12931.625049746028
WS023,1,1,16,未记录,一般水体,387873272,109.1948872,22.8919028,-3686.940570930564,-12913.507310405248
WS023,1,1,17,未记录,一般水体,387873272,109.1953352,22.8921518,-3641.013354486628,-12885.932022533341
WS023,1,1,18,未记录,一般水体,387873272,109.1954897,22.8921092,-3625.174615780817,-12890.649722386172
WS024,1,1,1,未记录,一般水体,387873273,109.2000543,22.8901738,-3157.22958859845,-13104.983907716582
WS024,1,1,2,未记录,一般水体,387873273,109.1997994,22.8900813,-3183.3609445615803,-13115.227739556645
WS024,1,1,3,未记录,一般水体,387873273,109.1997145,22.8899319,-3192.064562142487,-13131.772912279554
WS024,1,1,4,未记录,一般水体,387873273,109.1995755,22.8899532,-3206.314301173343,-13129.414062353138
WS024,1,1,5,未记录,一般水体,387873273,109.1993978,22.8906292,-3224.5314135879416,-13054.551031825598
WS024,1,1,6,未记录,一般水体,387873273,109.1991661,22.891049,-3248.284395842285,-13008.06064689144
WS024,1,1,7,未记录,一般水体,387873273,109.1991893,22.8912055,-3245.9060221334976,-12990.729190859201
WS024,1,1,8,未记录,一般水体,387873273,109.1991507,22.8914545,-3249.863143907035,-12963.153902987688
WS024,1,1,9,未记录,一般水体,387873273,109.1992511,22.8914759,-3239.570526651173,-12960.783978648344
WS024,1,1,10,未记录,一般水体,387873273,109.1994442,22.8914047,-3219.7746661703677,-12968.66896056199
WS024,1,1,11,未记录,一般水体,387873273,109.1996141,22.8915542,-3202.357179398349,-12952.11271342576
WS024,1,1,12,未记录,一般水体,387873273,109.1999385,22.891483,-3169.1009539205193,-12959.997695339407
WS024,1,1,13,未记录,一般水体,387873273,109.1999616,22.8913407,-3166.7328318233936,-12975.756584753772
WS024,1,1,14,未记录,一般水体,387873273,109.2000466,22.8912909,-3158.0189626322817,-12981.271642328074
WS024,1,1,15,未记录,一般水体,387873273,109.1998844,22.8911344,-3174.6470753704684,-12998.603098360312
WS024,1,1,16,未记录,一般水体,387873273,109.1999385,22.890928,-3169.1009539205193,-13021.460686379389
WS024,1,1,17,未记录,一般水体,387873273,109.1998999,22.8907217,-3173.0580756940567,-13044.307199985536
WS024,1,1,18,未记录,一般水体,387873273,109.200008,22.8905296,-3161.976084405819,-13065.581146974204
WS024,1,1,19,未记录,一般水体,387873273,109.2001393,22.8904797,-3148.515719407338,-13071.107278961437
WS024,1,1,20,未记录,一般水体,387873273,109.200147,22.8902876,-3147.726345374963,-13092.381225950105
WS024,1,1,21,未记录,一般水体,387873273,109.2000543,22.8901738,-3157.22958859845,-13104.983907716582
WS025,1,1,1,未记录,一般水体,387873275,109.1698551,22.9022338,-6253.134041312174,-11769.409724041787
WS025,1,1,2,未记录,一般水体,387873275,109.1699169,22.9018852,-6246.79854582985,-11808.015127062692
WS025,1,1,3,未记录,一般水体,387873275,109.1696929,22.9017073,-6269.7621540518185,-11827.716507433488
WS025,1,1,4,未记录,一般水体,387873275,109.169577,22.901501,-6281.643770984092,-11850.563021040029
WS025,1,1,5,未记录,一般水体,387873275,109.1696234,22.9012804,-6276.887023566518,-11874.993175676584
WS025,1,1,6,未记录,一般水体,387873275,109.1693917,22.9012164,-6300.640005820861,-11882.080799868758
WS025,1,1,7,未记录,一般水体,387873275,109.1694303,22.9007966,-6296.682884047324,-11928.571184802919
WS025,1,1,8,未记录,一般水体,387873275,109.1693067,22.9006188,-6309.353875011972,-11948.261490761179
WS025,1,1,9,未记录,一般水体,387873275,109.1693299,22.9004053,-6306.975501304642,-11971.90536208919
WS025,1,1,10,未记录,一般水体,387873275,109.1691986,22.9003413,-6320.4358663016665,-11978.992986280973
WS025,1,1,11,未记录,一般水体,387873275,109.1691136,22.9002203,-6329.149735492778,-11992.393025768923
WS025,1,1,12,未记录,一般水体,387873275,109.1688047,22.9001776,-6360.816961295653,-11997.121800034682
WS025,1,1,13,未记录,一般水体,387873275,109.1682949,22.9001634,-6413.079673220456,-11998.694366652162
WS025,1,1,14,未记录,一般水体,387873275,109.1680555,22.900263,-6437.622029508631,-11987.664251503556
WS025,1,1,15,未记录,一般水体,387873275,109.1675998,22.9001634,-6484.338619983486,-11998.694366652162
WS025,1,1,16,未记录,一般水体,387873275,109.1668043,22.9004124,-6565.890184003834,-11971.119078780255
WS025,1,1,17,未记录,一般水体,387873275,109.1666652,22.9004765,-6580.150174644895,-11964.020380175543
WS025,1,1,18,未记录,一般水体,387873275,109.1664335,22.900448,-6603.903156899238,-11967.176587823431
WS025,1,1,19,未记录,一般水体,387873275,109.1661709,22.9003697,-6630.823886894744,-11975.847853046014
WS025,1,1,20,未记录,一般水体,387873275,109.1660628,22.9003626,-6641.905878182981,-11976.634136354556
WS025,1,1,21,未记录,一般水体,387873275,109.1660087,22.9005263,-6647.45199963293,-11958.50532260124
WS025,1,1,22,未记录,一般水体,387873275,109.165862,22.9005476,-6662.4911126961615,-11956.146472674825
WS025,1,1,23,未记录,一般水体,387873275,109.1658465,22.9006543,-6664.080112372573,-11944.330074217283
WS025,1,1,24,未记录,一般水体,387873275,109.1656303,22.9006614,-6686.244094950504,-11943.543790908347
WS025,1,1,25,未记录,一般水体,387873275,109.1655762,22.9008251,-6691.790216400454,-11925.414977155031
WS025,1,1,26,未记录,一般水体,387873275,109.1654835,22.9009318,-6701.293459625397,-11913.598578697489
WS025,1,1,27,未记录,一般水体,387873275,109.1652982,22.9009532,-6720.289694462166,-11911.228654358145
WS025,1,1,28,未记录,一般水体,387873275,109.1651514,22.9011026,-6735.339059135603,-11894.683481634844
WS025,1,1,29,未记录,一般水体,387873275,109.1651051,22.9012733,-6740.0855549415155,-11875.77945898552
WS025,1,1,30,未记录,一般水体,387873275,109.1659083,22.9011951,-6657.744616890249,-11884.439649795175
WS025,1,1,31,未记录,一般水体,387873275,109.1660473,22.9009176,-6643.494877859393,-11915.17114531497
WS025,1,1,32,未记录,一般水体,387873275,109.1662482,22.9007966,-6622.899391736007,-11928.571184802919
WS025,1,1,33,未记录,一般水体,387873275,109.1661632,22.9011026,-6631.613260927119,-11894.683481634844
WS025,1,1,34,未记录,一般水体,387873275,109.1664412,22.9010599,-6603.1137828668625,-11899.412255900603
WS025,1,1,35,未记录,一般水体,387873275,109.1668506,22.9011595,-6561.143688196465,-11888.382140751997
WS025,1,1,36,未记录,一般水体,387873275,109.16709,22.9013872,-6536.6013319097465,-11863.165702806506
WS025,1,1,37,未记录,一般水体,387873275,109.1672986,22.9016504,-6515.216471753985,-11834.017848316727
WS025,1,1,38,未记录,一般水体,387873275,109.1675612,22.90175,-6488.29574175848,-11822.987733168122
WS025,1,1,39,未记录,一般水体,387873275,109.1678238,22.9019919,-6461.375011762975,-11796.19872860515
WS025,1,1,40,未记录,一般水体,387873275,109.1681404,22.9020061,-6428.918411927724,-11794.626161987278
WS025,1,1,41,未记录,一般水体,387873275,109.1684339,22.901935,-6398.829934191057,-11802.500069487996
WS025,1,1,42,未记录,一般水体,387873275,109.1688665,22.9021413,-6354.481465813328,-11779.653555881849
WS025,1,1,43,未记录,一般水体,387873275,109.1690287,22.9022907,-6337.853353073685,-11763.10838315894
WS025,1,1,44,未记录,一般水体,387873275,109.1691445,22.9024046,-6325.981987751616,-11750.494626979533
WS025,1,1,45,未记录,一般水体,387873275,109.1695848,22.9023405,-6280.844145341513,-11757.593325584245
WS025,1,1,46,未记录,一般水体,387873275,109.1696774,22.9022409,-6271.35115372823,-11768.623440733243
WS025,1,1,47,未记录,一般水体,387873275,109.1698551,22.9022338,-6253.134041312174,-11769.409724041787
WS026,1,1,1,未记录,一般水体,387873276,109.1696234,22.9029239,-6276.887023566518,-11692.985201309304
WS026,1,1,2,未记录,一般水体,387873276,109.1697701,22.9025042,-6261.847910504744,-11739.464511830927
WS026,1,1,3,未记录,一般水体,387873276,109.1696543,22.9024615,-6273.719275825356,-11744.193286096295
WS026,1,1,4,未记录,一般水体,387873276,109.169353,22.9024615,-6304.60737920606,-11744.193286096295
WS026,1,1,5,未记录,一般水体,387873276,109.1691291,22.9025753,-6327.560735816366,-11731.59060433021
WS026,1,1,6,未记录,一般水体,387873276,109.1691445,22.9026892,-6325.981987751616,-11718.976848150804
WS026,1,1,7,未记录,一般水体,387873276,109.169299,22.9027532,-6310.143249045805,-11711.88922395902
WS026,1,1,8,未记录,一般水体,387873276,109.1694612,22.9029097,-6293.515136306161,-11694.557767927177
WS026,1,1,9,未记录,一般水体,387873276,109.1696234,22.9029239,-6276.887023566518,-11692.985201309304
WS027,1,1,1,大陆水库,水库,488119411,109.2528319,22.9349238,2253.32455997333,-8149.184179736549
WS027,1,1,2,大陆水库,水库,488119411,109.2530733,22.9344791,2278.0719484757956,-8198.432093457859
WS027,1,1,3,大陆水库,水库,488119411,109.2531323,22.9338616,2284.1203988563652,-8266.816592497651
WS027,1,1,4,大陆水库,水库,488119411,109.2532825,22.9337529,2299.5183182971546,-8278.854479211026
WS027,1,1,5,大陆水库,水库,488119411,109.2537278,22.9337035,2345.1687412480833,-8284.325239134398
WS027,1,1,6,大陆水库,水库,488119411,109.2540282,22.9336393,2375.9645801311185,-8291.435012152038
WS027,1,1,7,大陆水库,水库,488119411,109.2544305,22.9336244,2417.2068104332834,-8293.085099659236
WS027,1,1,8,大陆水库,水库,488119411,109.2547148,22.9335059,2446.352139975765,-8306.208278827098
WS027,1,1,9,大陆水库,水库,488119411,109.2549294,22.9334713,2468.3520967802247,-8310.04002565581
WS027,1,1,10,大陆水库,水库,488119411,109.2551064,22.93358,2486.4974479204766,-8298.002138942435
WS027,1,1,11,大陆水库,水库,488119411,109.2552727,22.9338715,2503.545876703276,-8265.720225630626
WS027,1,1,12,大陆水库,水库,488119411,109.2556214,22.9340147,2539.2932436079714,-8249.861666501078
WS027,1,1,13,大陆水库,水库,488119411,109.2561793,22.9340197,2596.4869803354823,-8249.307945860903
WS027,1,1,14,大陆水库,水库,488119411,109.2564261,22.9339752,2621.7879558225054,-8254.236059557032
WS027,1,1,15,大陆水库,水库,488119411,109.2566997,22.9339653,2649.836363007534,-8255.332426424056
WS027,1,1,16,大陆水库,水库,488119411,109.2568552,22.9338912,2665.777617822676,-8263.53856630872
WS027,1,1,17,大陆水库,水库,488119411,109.2570591,22.9338319,2686.6806522711395,-8270.105693099116
WS027,1,1,18,大陆水库,水库,488119411,109.2573112,22.9338418,2712.524963131058,-8269.009326232092
WS027,1,1,19,大陆水库,水库,488119411,109.2573971,22.9339653,2721.3310968198384,-8255.332426424056
WS027,1,1,20,大陆水库,水库,488119411,109.2578638,22.9339703,2769.175364484216,-8254.778705784276
WS027,1,1,21,大陆水库,水库,488119411,109.2579496,22.9341876,2777.971246562792,-8230.714006769667
WS027,1,1,22,大陆水库,水库,488119411,109.2582446,22.9343359,2808.2134984612703,-8214.29065258741
WS027,1,1,23,大陆水库,水库,488119411,109.2582822,22.9345038,2812.068104126934,-8195.696713496174
WS027,1,1,24,大陆水库,水库,488119411,109.2581803,22.934736,2801.621712709262,-8169.981926974762
WS027,1,1,25,大陆水库,水库,488119411,109.2584914,22.9347064,2833.514473948293,-8173.259953163692
WS027,1,1,26,大陆水库,水库,488119411,109.2588615,22.9349732,2871.4556855678943,-8143.713419813177
WS027,1,1,27,大陆水库,水库,488119411,109.2591512,22.9350127,2901.1546020949336,-8139.339026757222
WS027,1,1,28,大陆水库,水库,488119411,109.2595321,22.9349979,2940.202987682192,-8140.978039851884
WS027,1,1,29,大陆水库,水库,488119411,109.2599398,22.9348101,2981.998804967457,-8161.775787090098
WS027,1,1,30,大陆水库,水库,488119411,109.2601597,22.9346323,3004.542097146269,-8181.466093048357
WS027,1,1,31,大陆水库,水库,488119411,109.2603743,22.9344396,3026.542053950728,-8202.806486513815
WS027,1,1,32,大陆水库,水库,488119411,109.2605352,22.9343803,3043.0368957504274,-8209.373613304211
WS027,1,1,33,大陆水库,水库,488119411,109.2606908,22.9341975,3058.988402175774,-8229.617639902644
WS027,1,1,34,大陆水库,水库,488119411,109.2608303,22.9342321,3073.28939925911,-8225.785893073933
WS027,1,1,35,大陆水库,水库,488119411,109.2608625,22.9343309,3076.5904179416734,-8214.844373227583
WS027,1,1,36,大陆水库,水库,488119411,109.2606962,22.934652,3059.541989158874,-8179.284433726844
WS027,1,1,37,大陆水库,水库,488119411,109.2607498,22.9347755,3065.0368525548865,-8165.607533918807
WS027,1,1,38,大陆水库,水库,488119411,109.2606318,22.9351115,3052.939951795204,-8128.397506910872
WS027,1,1,39,大陆水库,水库,488119411,109.2607605,22.9353486,3066.1337749123395,-8102.140074162216
WS027,1,1,40,大陆水库,水库,488119411,109.2607766,22.935487,3067.784284252893,-8086.8130868473745
WS027,1,1,41,大陆水库,水库,488119411,109.2606372,22.9356747,3053.4935387797614,-8066.026414021697
WS027,1,1,42,大陆水库,水库,488119411,109.2605942,22.9359415,3049.08534612954,-8036.479880671575
WS027,1,1,43,大陆水库,水库,488119411,109.2605406,22.9361588,3043.5904827335276,-8012.415181656967
WS027,1,1,44,大陆水库,水库,488119411,109.2605889,22.9362725,3048.5420107566442,-7999.823574303419
WS027,1,1,45,大陆水库,水库,488119411,109.2606157,22.936396,3051.2894424546507,-7986.146674495776
WS027,1,1,46,大陆水库,水库,488119411,109.2604387,22.936559,3033.1440913143983,-7968.095381631784
WS027,1,1,47,大陆水库,水库,488119411,109.2603421,22.9369789,3023.2410352696215,-7921.5939222846955
WS027,1,1,48,大陆水库,水库,488119411,109.2605299,22.9369443,3042.4935603760746,-7925.425669113406
WS027,1,1,49,大陆水库,水库,488119411,109.2610127,22.9363762,3091.9883373824628,-7988.339408229825
WS027,1,1,50,大陆水库,水库,488119411,109.2612165,22.9363416,3112.881120220721,-7992.171155058928
WS027,1,1,51,大陆水库,水库,488119411,109.2615008,22.93648,3142.0264497617463,-7976.844167743693
WS027,1,1,52,大陆水库,水库,488119411,109.2617315,22.9367368,3165.676915908216,-7948.405075673525
WS027,1,1,53,大陆水库,水库,488119411,109.2616832,22.9364602,3160.7253878850993,-7979.036901478135
WS027,1,1,54,大陆水库,水库,488119411,109.2614526,22.9362132,3137.085173350291,-8006.390701093816
WS027,1,1,55,大陆水库,水库,488119411,109.261297,22.9357933,3121.133666924945,-8052.892160440904
WS027,1,1,56,大陆水库,水库,488119411,109.2612809,22.9353585,3119.4831575843914,-8101.043707295192
WS027,1,1,57,大陆水库,水库,488119411,109.2613506,22.9346718,3126.628530320957,-8177.091699992403
WS027,1,1,58,大陆水库,水库,488119411,109.2612326,22.9345088,3114.5316295612747,-8195.142992856394
WS027,1,1,59,大陆水库,水库,488119411,109.2613023,22.9342963,3121.6770022978403,-8218.676120056292
WS027,1,1,60,大陆水库,水库,488119411,109.2615277,22.9341333,3144.784133071414,-8236.727412920283
WS027,1,1,61,大陆水库,水库,488119411,109.2618656,22.9336689,3179.4243260084518,-8288.156985963107
WS027,1,1,62,大陆水库,水库,488119411,109.2619828,22.9336248,3191.4392138821268,-8293.040802007912
WS027,1,1,63,大陆水库,水库,488119411,109.2621285,22.9335701,3206.3758108374846,-8299.09850580946
WS027,1,1,64,大陆水库,水库,488119411,109.2622363,22.9334616,3217.4270472936514,-8311.114243697368
WS027,1,1,65,大陆水库,水库,488119411,109.2619051,22.9321627,3183.4737122811152,-8454.959791556195
WS027,1,1,66,大陆水库,水库,488119411,109.261356,22.9322658,3127.1821173055146,-8443.54207195939
WS027,1,1,67,大陆水库,水库,488119411,109.2605943,22.9326215,3049.095597739745,-8404.15038562994
WS027,1,1,68,大陆水库,水库,488119411,109.2600953,22.9325573,2997.940059782599,-8411.260158647581
WS027,1,1,69,大陆水库,水库,488119411,109.2601329,22.9329278,3001.7946654482625,-8370.22945922347
WS027,1,1,70,大陆水库,水库,488119411,109.2594034,22.9330167,2927.0091645650564,-8360.384306244538
WS027,1,1,71,大陆水库,水库,488119411,109.2588401,22.9334169,2869.2618408544454,-8316.064506218961
WS027,1,1,72,大陆水库,水库,488119411,109.2584163,22.9329772,2825.8155142271703,-8364.758699300492
WS027,1,1,73,大陆水库,水库,488119411,109.2580301,22.9328191,2786.2237932670155,-8382.26734593724
WS027,1,1,74,大陆水库,水库,488119411,109.2574721,22.9325128,2729.0198049293,-8416.188272343315
WS027,1,1,75,大陆水库,水库,488119411,109.2570537,22.9324535,2686.127065286582,-8422.755399133712
WS027,1,1,76,大陆水库,水库,488119411,109.2562384,22.9326709,2602.5456823262566,-8398.679625706569
WS027,1,1,77,大陆水库,水库,488119411,109.2558843,22.9325918,2566.244728437004,-8407.439486231407
WS027,1,1,78,大陆水库,水库,488119411,109.2557502,22.9323202,2552.497318335312,-8437.517591396238
WS027,1,1,79,大陆水库,水库,488119411,109.2549616,22.9323053,2471.653115462788,-8439.167678903435
WS027,1,1,80,大陆水库,水库,488119411,109.2535669,22.9326017,2328.673899449841,-8406.343119364383
WS027,1,1,81,大陆水库,水库,488119411,109.2533898,22.9327006,2310.5182966993843,-8395.390525105102
WS027,1,1,82,大陆水库,水库,488119411,109.2527085,22.9327154,2240.67407222909,-8393.751512010835
WS027,1,1,83,大陆水库,水库,488119411,109.2524779,22.9327796,2217.0338576942822,-8386.641738993194
WS027,1,1,84,大陆水库,水库,488119411,109.2523599,22.9329575,2204.9369569345995,-8366.940358622005
WS027,1,1,85,大陆水库,水库,488119411,109.2521989,22.9331946,2188.431863524696,-8340.682925873349
WS027,1,1,86,大陆水库,水库,488119411,109.2521936,22.9337331,2187.8885281518,-8281.047212945467
WS027,1,1,87,大陆水库,水库,488119411,109.2522579,22.9339258,2194.4803139052656,-8259.70681948001
WS027,1,1,88,大陆水库,水库,488119411,109.2521399,22.934074,2182.383413145583,-8243.294539710681
WS027,1,1,89,大陆水库,水库,488119411,109.2516893,22.9344791,2136.1896548203017,-8198.432093457859
WS027,1,1,90,大陆水库,水库,488119411,109.2514962,22.9348892,2116.393794340953,-8153.015926565259
WS027,1,1,91,大陆水库,水库,488119411,109.2515284,22.9352795,2119.6948130220594,-8109.792493407101
WS027,1,1,92,大陆水库,水库,488119411,109.2513943,22.9355215,2105.9474029218236,-8082.9924144312
WS027,1,1,93,大陆水库,水库,488119411,109.2512762,22.935818,2093.840250551936,-8050.1567804792185
WS027,1,1,94,大陆水库,水库,488119411,109.2510563,22.9361984,2071.2969583731247,-8008.029714188478
WS027,1,1,95,大陆水库,水库,488119411,109.2509383,22.9366627,2059.200057613442,-7956.6112155581895
WS027,1,1,96,大陆水库,水库,488119411,109.251067,22.936806,2072.3938807305776,-7940.741582015711
WS027,1,1,97,大陆水库,水库,488119411,109.2509758,22.9369048,2063.044411668901,-7929.80006216936
WS027,1,1,98,大陆水库,水库,488119411,109.2507613,22.9369098,2041.0547064731895,-7929.246341529581
WS027,1,1,99,大陆水库,水库,488119411,109.250316,22.9368307,1995.4042835222608,-7938.006202054025
WS027,1,1,100,大陆水库,水库,488119411,109.2501122,22.9368208,1974.511500685459,-7939.102568921443
WS027,1,1,101,大陆水库,水库,488119411,109.2506647,22.9370629,2031.1516504284127,-7912.291415532613
WS027,1,1,102,大陆水库,水库,488119411,109.2510885,22.937058,2074.5979770542313,-7912.834061759857
WS027,1,1,103,大陆水库,水库,488119411,109.2512333,22.9369196,2089.44230951192,-7928.161049075092
WS027,1,1,104,大陆水库,水库,488119411,109.251228,22.9367665,2088.898974139024,-7945.115975071665
WS027,1,1,105,大陆水库,水库,488119411,109.2512494,22.9364849,2091.09281885393,-7976.30152151645
WS027,1,1,106,大陆水库,水库,488119411,109.2514586,22.9361391,2112.539188675289,-8014.596840978874
WS027,1,1,107,大陆水库,水库,488119411,109.2520219,22.9361391,2170.2865123859006,-8014.596840978874
WS027,1,1,108,大陆水库,水库,488119411,109.2525798,22.9357241,2227.4802491134114,-8060.555654098325
WS027,1,1,109,大陆水库,水库,488119411,109.2527354,22.9355018,2243.431755538758,-8085.1740737527125
WS027,1,1,110,大陆水库,水库,488119411,109.2527568,22.9352844,2245.625600252207,-8109.249847179856
WS027,1,1,111,大陆水库,水库,488119411,109.2528266,22.935067,2252.781224600434,-8133.325620606999
WS027,1,1,112,大陆水库,水库,488119411,109.2528319,22.9349238,2253.32455997333,-8149.184179736549
WS028,1,1,1,未记录,一般水体,488119492,109.3547667,22.8650714,12703.28353923385,-15884.927306412326
WS028,1,1,2,未记录,一般水体,488119492,109.3541659,22.8649528,12641.69186146778,-15898.061559993119
WS028,1,1,3,未记录,一般水体,488119492,109.3532861,22.8649528,12551.498189533579,-15898.061559993119
WS028,1,1,4,未记录,一般水体,488119492,109.3525565,22.865368,12476.702437040169,-15852.080598047809
WS028,1,1,5,未记录,一般水体,488119492,109.3521274,22.8654075,12432.712775039998,-15847.706204991853
WS028,1,1,6,未记录,一般水体,488119492,109.3517197,22.8653284,12390.916957754733,-15856.466065516692
WS028,1,1,7,未记录,一般水体,488119492,109.3504752,22.864755,12263.335661184032,-15919.966748511679
WS028,1,1,8,未记录,一般水体,488119492,109.3501104,22.8649725,12225.937784937327,-15895.879900671605
WS028,1,1,9,未记录,一般水体,488119492,109.3496812,22.8650912,12181.93787132695,-15882.734572678277
WS028,1,1,10,未记录,一般水体,488119492,109.3492091,22.8651702,12133.54001667656,-15873.985786565974
WS028,1,1,11,未记录,一般水体,488119492,109.348265,22.8651505,12036.754558988894,-15876.16744588788
WS028,1,1,12,未记录,一般水体,488119492,109.3478359,22.8649923,11992.76489699018,-15893.687166937163
WS028,1,1,13,未记录,一般水体,488119492,109.3459476,22.8638258,11799.183730003188,-16022.870192248649
WS028,1,1,14,未记录,一般水体,488119492,109.3443597,22.8620463,11636.39840189923,-16219.939368024006
WS028,1,1,15,未记录,一般水体,488119492,109.34330633839429,22.8615453,11528.411869625359,-16275.422176151767
WS028,1,1,16,未记录,一般水体,488119492,109.34148157028008,22.8615453,11341.34374431292,-16275.422176151767
WS028,1,1,17,未记录,一般水体,488119492,109.341935,22.8622243,11387.827594511295,-16200.226913239887
WS028,1,1,18,未记录,一般水体,488119492,109.3425358,22.8629163,11449.419272275907,-16123.591976664502
WS028,1,1,19,未记录,一般水体,488119492,109.342965,22.8636478,11493.41918588774,-16042.582647032768
WS028,1,1,20,未记录,一般水体,488119492,109.3431581,22.864498,11513.21504636709,-15948.427989407312
WS028,1,1,21,未记录,一般水体,488119492,109.3431366,22.864933,11511.010950041979,-15900.25429372756
WS028,1,1,22,未记录,一般水体,488119492,109.3425358,22.8655855,11449.419272275907,-15827.993750207736
WS028,1,1,23,未记录,一般水体,488119492,109.3421067,22.8657832,11405.429610277193,-15806.099636102497
WS028,1,1,24,未记录,一般水体,488119492,109.3397892,22.8658227,11167.848529679826,-15801.725243046543
WS028,1,1,25,未记录,一般水体,488119492,109.3393601,22.8659216,11123.858867679655,-15790.772648787264
WS028,1,1,26,未记录,一般水体,488119492,109.3388665,22.8662379,11073.25691670561,-15755.74428110084
WS028,1,1,27,未记录,一般水体,488119492,109.338888,22.8666531,11075.46101303072,-15709.763319155529
WS028,1,1,28,未记录,一般水体,488119492,109.3395961,22.8673056,11148.05266919902,-15637.502775635705
WS028,1,1,29,未记录,一般水体,488119492,109.34039,22.8677208,11229.440207445896,-15591.521813690395
WS028,1,1,30,未记录,一般水体,488119492,109.3402828,22.8681557,11218.450480653872,-15543.359192423572
WS028,1,1,31,未记录,一般水体,488119492,109.3403042,22.8685709,11220.644325368778,-15497.378230477869
WS028,1,1,32,未记录,一般水体,488119492,109.3407977,22.8686895,11271.23602473116,-15484.24397689747
WS028,1,1,33,未记录,一般水体,488119492,109.3416131,22.8681557,11354.827659303148,-15543.359192423572
WS028,1,1,34,未记录,一般水体,488119492,109.3421067,22.867958,11405.429610277193,-15565.25330652881
WS028,1,1,35,未记录,一般水体,488119492,109.3440808,22.867701,11607.806659341306,-15593.714547424837
WS028,1,1,36,未记录,一般水体,488119492,109.3451107,22.8677208,11713.387999107546,-15591.521813690395
WS028,1,1,37,未记录,一般水体,488119492,109.346012,22.8678592,11805.785767366857,-15576.19482637516
WS028,1,1,38,未记录,一般水体,488119492,109.3474067,22.8683732,11948.764983378347,-15519.272344583498
WS028,1,1,39,未记录,一般水体,488119492,109.3478573,22.8685709,11994.95874170363,-15497.378230477869
WS028,1,1,40,未记录,一般水体,488119492,109.3481792,22.8688675,12027.958676911774,-15464.531522113351
WS028,1,1,41,未记录,一般水体,488119492,109.3481363,22.8692629,12023.560735871757,-15420.743293902482
WS028,1,1,42,未记录,一般水体,488119492,109.3479646,22.8696385,12005.958720105858,-15379.147799425662
WS028,1,1,43,未记录,一般水体,488119492,109.3479646,22.8700735,12005.958720105858,-15330.97410374591
WS028,1,1,44,未记录,一般水体,488119492,109.3481577,22.8705085,12025.754580586663,-15282.800408066158
WS028,1,1,45,未记录,一般水体,488119492,109.3488015,22.8703108,12091.754451001498,-15304.694522171789
WS028,1,1,46,未记录,一般水体,488119492,109.3491877,22.8699944,12131.34617196311,-15339.733964270748
WS028,1,1,47,未记录,一般水体,488119492,109.349531,22.8695792,12166.539951884704,-15385.714926216058
WS028,1,1,48,未记录,一般水体,488119492,109.3498529,22.8687686,12199.539887092851,-15475.48411637263
WS028,1,1,49,未记录,一般水体,488119492,109.3501533,22.8684127,12230.335725975885,-15514.897951527544
WS028,1,1,50,未记录,一般水体,488119492,109.350561,22.868215,12272.13154326115,-15536.792065633175
WS028,1,1,51,未记录,一般水体,488119492,109.3512905,22.8680964,12346.917044144357,-15549.926319213968
WS028,1,1,52,未记录,一般水体,488119492,109.3518484,22.8680964,12404.110780870411,-15549.926319213968
WS028,1,1,53,未记录,一般水体,488119492,109.3522776,22.8683139,12448.110694480787,-15525.839471373896
WS028,1,1,54,未记录,一般水体,488119492,109.3524278,22.8687093,12463.508613923033,-15482.051243163027
WS028,1,1,55,未记录,一般水体,488119492,109.3529857,22.8689466,12520.702350650543,-15455.771661588513
WS028,1,1,56,未记录,一般水体,488119492,109.3547667,22.8650714,12703.28353923385,-15884.927306412326
WS029,1,1,1,未记录,水库,488313188,109.3993128,22.8950814,17269.9763437139,-12561.496025146063
WS029,1,1,2,未记录,水库,488313188,109.4019306,22.8958919,17538.34301158264,-12471.73790940242
WS029,1,1,3,未记录,水库,488313188,109.402274,22.8961291,17573.547043115897,-12445.469402240835
WS029,1,1,4,未记录,水库,488313188,109.4024456,22.8973546,17591.138807270137,-12309.752473377348
WS029,1,1,5,未记录,水库,488313188,109.4026173,22.8977104,17608.740823037493,-12270.34971263497
WS029,1,1,6,未记录,水库,488313188,109.4030464,22.8977895,17652.73048503621,-12261.589852110525
WS029,1,1,7,未记录,水库,488313188,109.403497,22.8977302,17698.92424336149,-12268.156978900528
WS029,1,1,8,未记录,水库,488313188,109.4038833,22.8975721,17738.526215933303,-12285.665625537275
WS029,1,1,9,未记录,水库,488313188,109.404291,22.8977104,17780.32203321857,-12270.34971263497
WS029,1,1,10,未记录,水库,488313188,109.4044841,22.898086,17800.117893699375,-12228.754218158543
WS029,1,1,11,未记录,水库,488313188,109.4051064,22.8986395,17863.9136677891,-12167.457343310534
WS029,1,1,12,未记录,水库,488313188,109.4065226,22.8986197,18009.096980127157,-12169.650077044977
WS029,1,1,13,未记录,水库,488313188,109.4066728,22.8982639,18024.494899567948,-12209.052837787354
WS029,1,1,14,未记录,水库,488313188,109.4066513,22.8977895,18022.290803242835,-12261.589852110525
WS029,1,1,15,未记录,水库,488313188,109.4059861,22.8960302,17954.09708811455,-12456.421996500116
WS029,1,1,16,未记录,水库,488313188,109.4059647,22.8947651,17951.903243399647,-12596.524392832092
WS029,1,1,17,未记录,水库,488313188,109.405793,22.89435,17934.301227633747,-12642.494280364866
WS029,1,1,18,未记录,水库,488313188,109.4054497,22.894014,17899.10744771215,-12679.704307372804
WS029,1,1,19,未记录,水库,488313188,109.4049776,22.8938558,17850.709593061758,-12697.224028422086
WS029,1,1,20,未记录,水库,488313188,109.4039476,22.8938361,17745.118001685314,-12699.4056877436
WS029,1,1,21,未记录,水库,488313188,109.4032395,22.8944489,17672.526345517013,-12631.541686105587
WS029,1,1,22,未记录,水库,488313188,109.4027889,22.8945872,17626.33258719319,-12616.225773203281
WS029,1,1,23,未记录,水库,488313188,109.4004286,22.8943896,17384.363817167465,-12638.108812895984
WS029,1,1,24,未记录,水库,488313188,109.399978,22.8944291,17338.17005884364,-12633.73441984003
WS029,1,1,25,未记录,水库,488313188,109.3995703,22.8946268,17296.374241556918,-12611.840305734398
WS029,1,1,26,未记录,水库,488313188,109.3993128,22.8950814,17269.9763437139,-12561.496025146063
WS030,1,1,1,未记录,水库,488313196,109.3454486,22.941761,11748.028192044585,-7392.004427778046
WS030,1,1,2,未记录,水库,488313196,109.3452287,22.9411485,11725.48489986723,-7459.835206177663
WS030,1,1,3,未记录,水库,488313196,109.3445313,22.9404964,11653.990166054926,-7532.051452046164
WS030,1,1,4,未记录,水库,488313196,109.3446171,22.9403778,11662.786048132044,-7545.185705626957
WS030,1,1,5,未记录,水库,488313196,109.3454486,22.9409261,11748.028192044585,-7484.46470024498
WS030,1,1,6,未记录,水库,488313196,109.3456954,22.9411682,11773.329167531607,-7457.653546856151
WS030,1,1,7,未记录,水库,488313196,109.3461084,22.9409904,11815.668320191224,-7477.343852814411
WS030,1,1,8,未记录,水库,488313196,109.3460226,22.9408175,11806.872438112649,-7496.491512545426
WS030,1,1,9,未记录,水库,488313196,109.3456739,22.9405606,11771.125071206496,-7524.941679028524
WS030,1,1,10,未记录,水库,488313196,109.3455666,22.940358,11760.125092804266,-7547.378439361399
WS030,1,1,11,未记录,水库,488313196,109.3449819,22.9400023,11700.183924378749,-7586.770125690848
WS030,1,1,12,未记录,水库,488313196,109.3448693,22.9396911,11688.640610603625,-7621.233698324168
WS030,1,1,13,未记录,水库,488313196,109.3444669,22.9395034,11647.388128691255,-7642.020371149845
WS030,1,1,14,未记录,水库,488313196,109.3443006,22.9392712,11630.339699908456,-7667.735157671257
WS030,1,1,15,未记录,水库,488313196,109.3439895,22.9391674,11598.446938669424,-7679.230398157782
WS030,1,1,16,未记录,水库,488313196,109.3435603,22.9391921,11554.447025057592,-7676.495018196095
WS030,1,1,17,未记录,水库,488313196,109.3433618,22.9391773,11534.097577593686,-7678.134031290364
WS030,1,1,18,未记录,水库,488313196,109.3431312,22.9389007,11510.457363058878,-7708.765857094974
WS030,1,1,19,未记录,水库,488313196,109.3426055,22.9386487,11456.56464501393,-7736.673377350828
WS030,1,1,20,未记录,水库,488313196,109.3422192,22.938461,11416.962672442114,-7757.460050176505
WS030,1,1,21,未记录,水库,488313196,109.3421495,22.9382436,11409.817299705548,-7781.535823603648
WS030,1,1,22,未记录,水库,488313196,109.3420315,22.9380263,11397.720398945867,-7805.600522617862
WS030,1,1,23,未记录,水库,488313196,109.3418759,22.9377743,11381.76889252052,-7833.5080428737165
WS030,1,1,24,未记录,水库,488313196,109.3420315,22.9375965,11397.720398945867,-7853.198348831976
WS030,1,1,25,未记录,水库,488313196,109.3428308,22.9373692,11479.661524175843,-7878.370489126537
WS030,1,1,26,未记录,水库,488313196,109.3431044,22.9374285,11507.709931360872,-7871.803362336141
WS030,1,1,27,未记录,水库,488313196,109.3432277,22.937468,11520.35016749345,-7867.428969280186
WS030,1,1,28,未记录,水库,488313196,109.3433082,22.9373445,11528.602714197674,-7881.105869088223
WS030,1,1,29,未记录,水库,488313196,109.3434906,22.9372556,11547.301652321026,-7890.9510220671555
WS030,1,1,30,未记录,水库,488313196,109.3437427,22.9373247,11573.145963182402,-7883.298602822271
WS030,1,1,31,未记录,水库,488313196,109.344247,22.9377891,11624.844836512442,-7831.869029779447
WS030,1,1,32,未记录,水库,488313196,109.3442362,22.9380608,11623.737662544785,-7801.779850202081
WS030,1,1,33,未记录,水库,488313196,109.3443221,22.9381102,11632.543796233565,-7796.309090278709
WS030,1,1,34,未记录,水库,488313196,109.3444669,22.9380411,11647.388128691255,-7803.961509523594
WS030,1,1,35,未记录,水库,488313196,109.3445688,22.9378781,11657.834520110384,-7822.012802387585
WS030,1,1,36,未记录,水库,488313196,109.3444723,22.9375965,11647.941715675812,-7853.198348831976
WS030,1,1,37,未记录,水库,488313196,109.3442148,22.9372753,11621.543817831336,-7888.769362745644
WS030,1,1,38,未记录,水库,488313196,109.3442309,22.9370901,11623.19432717189,-7909.279175251234
WS030,1,1,39,未记录,水库,488313196,109.3449176,22.9370456,11693.592138626742,-7914.207288946968
WS030,1,1,40,未记录,水库,488313196,109.3452233,22.9371321,11724.931312882673,-7904.627921875192
WS030,1,1,41,未记录,水库,488313196,109.3455988,22.9376557,11763.42611148683,-7846.642296454509
WS030,1,1,42,未记录,水库,488313196,109.3459099,22.9378089,11795.318872725862,-7829.676296045006
WS030,1,1,43,未记录,水库,488313196,109.3461031,22.9377496,11815.124984816872,-7836.243422835402
WS030,1,1,44,未记录,水库,488313196,109.3460172,22.9375866,11806.318851129548,-7854.294715699393
WS030,1,1,45,未记录,水库,488313196,109.3458348,22.9375668,11787.619913006196,-7856.4874494338355
WS030,1,1,46,未记录,水库,488313196,109.3452341,22.9369171,11726.03848685033,-7928.437909395178
WS030,1,1,47,未记录,水库,488313196,109.3448371,22.9364824,11685.339591922517,-7976.578381836536
WS030,1,1,48,未记录,水库,488313196,109.3449551,22.9361416,11697.4364926822,-8014.319980658787
WS030,1,1,49,未记录,水库,488313196,109.3456846,22.9358871,11772.22199356395,-8042.504361234727
WS030,1,1,50,未记录,水库,488313196,109.3457276,22.9357389,11776.63018621417,-8058.916641004057
WS030,1,1,51,未记录,水库,488313196,109.3458778,22.935613,11792.02810565496,-8072.859326719251
WS030,1,1,52,未记录,水库,488313196,109.3463284,22.9356055,11838.221863980241,-8073.689907679118
WS030,1,1,53,未记录,水库,488313196,109.3465859,22.9355512,11864.61976182326,-8079.703313829734
WS030,1,1,54,未记录,水库,488313196,109.3471706,22.9354919,11924.560930248777,-8086.27044062013
WS030,1,1,55,未记录,水库,488313196,109.3472671,22.9351658,11934.45373468335,-8122.384100760649
WS030,1,1,56,未记录,水库,488313196,109.3471491,22.9349583,11922.356833923666,-8145.363507320374
WS030,1,1,57,未记录,水库,488313196,109.346484,22.9350942,11854.173370405588,-8130.313380325227
WS030,1,1,58,未记录,水库,488313196,109.3460065,22.9349016,11805.221928772095,-8151.642699378148
WS030,1,1,59,未记录,水库,488313196,109.3459636,22.9346076,11800.823987733536,-8184.201473010043
WS030,1,1,60,未记录,水库,488313196,109.3462318,22.9341728,11828.318807934007,-8232.35301986433
WS030,1,1,61,未记录,水库,488313196,109.346264,22.9339258,11831.61982661657,-8259.70681948001
WS030,1,1,62,未记录,水库,488313196,109.3464035,22.9336665,11845.920823699907,-8288.422771870266
WS030,1,1,63,未记录,水库,488313196,109.3457276,22.9343853,11776.63018621417,-8208.81989266443
WS030,1,1,64,未记录,水库,488313196,109.3452341,22.9344767,11726.03848685033,-8198.697879365018
WS030,1,1,65,未记录,水库,488313196,109.3449873,22.9347385,11700.737511363306,-8169.705066654676
WS030,1,1,66,未记录,水库,488313196,109.3446976,22.9347904,11671.038594837724,-8163.957446411609
WS030,1,1,67,未记录,水库,488313196,109.3446225,22.9350028,11663.339635116601,-8140.43539362464
WS030,1,1,68,未记录,水库,488313196,109.3441826,22.9352202,11618.242799148773,-8116.359620197497
WS030,1,1,69,未记录,水库,488313196,109.3437266,22.9352152,11571.49545384039,-8116.91334083767
WS030,1,1,70,未记录,水库,488313196,109.3434585,22.9353116,11544.010885250123,-8106.237606898477
WS030,1,1,71,未记录,水库,488313196,109.3433512,22.9352967,11533.010906847894,-8107.887694405675
WS030,1,1,72,未记录,水库,488313196,109.3435872,22.9347508,11557.20470836726,-8168.342913880494
WS030,1,1,73,未记录,水库,488313196,109.3436569,22.9344125,11564.350081103825,-8205.807652382658
WS030,1,1,74,未记录,水库,488313196,109.3432814,22.9339728,11525.855282499668,-8254.501845464189
WS030,1,1,75,未记录,水库,488313196,109.3429595,22.9337752,11492.855347292978,-8276.384885156891
WS030,1,1,76,未记录,水库,488313196,109.3422353,22.9345137,11418.613181782668,-8194.60034662915
WS030,1,1,77,未记录,水库,488313196,109.3420418,22.9348495,11398.776314859586,-8157.412468447073
WS030,1,1,78,未记录,水库,488313196,109.341935,22.9350349,11387.827594511295,-8136.880507115623
WS030,1,1,79,未记录,水库,488313196,109.3416238,22.9354005,11355.924581659145,-8096.39245391915
WS030,1,1,80,未记录,水库,488313196,109.3407762,22.9359835,11269.031928406052,-8031.828627295534
WS030,1,1,81,未记录,水库,488313196,109.340356,22.936217,11225.954659769452,-8005.969873407614
WS030,1,1,82,未记录,水库,488313196,109.3400306,22.9366306,11192.595918183748,-7960.166102066813
WS030,1,1,83,未记录,水库,488313196,109.3386519,22.9376286,11051.25695990115,-7849.643462323352
WS030,1,1,84,未记录,水库,488313196,109.3385446,22.9381275,11040.25698149892,-7794.393216864354
WS030,1,1,85,未记录,水库,488313196,109.338786,22.9382683,11065.004370001387,-7778.800443641962
WS030,1,1,86,未记录,水库,488313196,109.3387645,22.9384017,11062.800273676276,-7764.027176966902
WS030,1,1,87,未记录,水库,488313196,109.3384588,22.9386981,11031.461099420345,-7731.202617427849
WS030,1,1,88,未记录,水库,488313196,109.3388718,22.9386117,11073.800252079962,-7740.770910087089
WS030,1,1,89,未记录,水库,488313196,109.3392205,22.9387426,11109.547618984658,-7726.274503731721
WS030,1,1,90,未记录,水库,488313196,109.340036,22.9392292,11193.149505166848,-7672.386411047298
WS030,1,1,91,未记录,水库,488313196,109.3401808,22.9396244,11207.993837624537,-7628.620331661895
WS030,1,1,92,未记录,水库,488313196,109.3400037,22.9400913,11189.83823487408,-7576.913898298985
WS030,1,1,93,未记录,水库,488313196,109.3397194,22.9401703,11160.692905333055,-7568.165112187076
WS030,1,1,94,未记录,水库,488313196,109.3393922,22.9401851,11127.149634752013,-7566.526099092414
WS030,1,1,95,未记录,水库,488313196,109.3394297,22.940279,11130.993988806016,-7556.127225473308
WS030,1,1,96,未记录,水库,488313196,109.339698,22.9403333,11158.499060618149,-7550.1138193230845
WS030,1,1,97,未记录,水库,488313196,109.3399018,22.9403383,11179.391843456408,-7549.560098682911
WS030,1,1,98,未记录,水库,488313196,109.3401217,22.9403481,11201.935135633763,-7548.474806228423
WS030,1,1,99,未记录,水库,488313196,109.3402988,22.9402691,11220.09073838422,-7557.223592340725
WS030,1,1,100,未记录,水库,488313196,109.3405348,22.9399282,11244.284539903585,-7594.976265575512
WS030,1,1,101,未记录,水库,488313196,109.3409264,22.9400023,11284.429847848296,-7586.770125690848
WS030,1,1,102,未记录,水库,488313196,109.3411571,22.9402889,11308.080313994766,-7555.030858606284
WS030,1,1,103,未记录,水库,488313196,109.3416023,22.9404173,11353.72048533549,-7540.811312571002
WS030,1,1,104,未记录,水库,488313196,109.341613,22.9404766,11354.817407691487,-7534.244185780606
WS030,1,1,105,未记录,水库,488313196,109.3413824,22.9405754,11331.177193156678,-7523.302665934255
WS030,1,1,106,未记录,水库,488313196,109.3413234,22.940689,11325.128742776109,-7510.7221329936365
WS030,1,1,107,未记录,水库,488313196,109.3413502,22.9409163,11327.876174474115,-7485.549992699075
WS030,1,1,108,未记录,水库,488313196,109.341613,22.9411929,11354.817407691487,-7454.918166894465
WS030,1,1,109,未记录,水库,488313196,109.3415594,22.9413263,11349.322544295474,-7440.144900219404
WS030,1,1,110,未记录,水库,488313196,109.341141,22.9415288,11306.429804652757,-7417.719214299458
WS030,1,1,111,未记录,水库,488313196,109.3409747,22.941514,11289.381375871413,-7419.358227393726
WS030,1,1,112,未记录,水库,488313196,109.341082,22.9417215,11300.381354273643,-7396.378820834001
WS030,1,1,113,未记录,水库,488313196,109.3410015,22.9419142,11292.12880756942,-7375.038427368543
WS030,1,1,114,未记录,水库,488313196,109.3410337,22.9420673,11295.429826250527,-7358.083501371577
WS030,1,1,115,未记录,水库,488313196,109.3412161,22.9417561,11314.12876437388,-7392.547074005291
WS030,1,1,116,未记录,水库,488313196,109.3416667,22.9415387,11360.32252269916,-7416.622847432433
WS030,1,1,117,未记录,水库,488313196,109.3420422,22.9414646,11398.817321301862,-7424.828987317099
WS030,1,1,118,未记录,水库,488313196,109.3421602,22.9413856,11410.914222061545,-7433.577773429008
WS030,1,1,119,未记录,水库,488313196,109.3422836,22.9413411,11423.564709805785,-7438.505887125136
WS030,1,1,120,未记录,水库,488313196,109.3423158,22.9412275,11426.865728486891,-7451.086420065754
WS030,1,1,121,未记录,水库,488313196,109.3421334,22.941104,11408.166790363539,-7464.763319873791
WS030,1,1,122,未记录,水库,488313196,109.3419564,22.9407582,11390.021439224744,-7503.058639335823
WS030,1,1,123,未记录,水库,488313196,109.3421012,22.9403778,11404.865771682433,-7545.185705626957
WS030,1,1,124,未记录,水库,488313196,109.3422568,22.9403729,11420.81727810778,-7545.728351854201
WS030,1,1,125,未记录,水库,488313196,109.3425411,22.9405211,11449.96260765026,-7529.316072084478
WS030,1,1,126,未记录,水库,488313196,109.3429863,22.9405458,11495.602778990984,-7526.580692123185
WS030,1,1,127,未记录,水库,488313196,109.3431419,22.9406643,11511.55428541633,-7513.4575129549285
WS030,1,1,128,未记录,水库,488313196,109.3432814,22.9408767,11525.855282499668,-7489.935460167959
WS030,1,1,129,未记录,水库,488313196,109.3436891,22.9412176,11567.65109978639,-7452.182786932779
WS030,1,1,130,未记录,水库,488313196,109.3439197,22.9417215,11591.291314321197,-7396.378820834001
WS030,1,1,131,未记录,水库,488313196,109.3445742,22.9424181,11658.388107093484,-7319.234461269372
WS030,1,1,132,未记录,水库,488313196,109.3446279,22.9426305,11663.893222101158,-7295.712408482402
WS030,1,1,133,未记录,水库,488313196,109.3446547,22.9430158,11666.640653799164,-7253.042695964024
WS030,1,1,134,未记录,水库,488313196,109.3445635,22.9434357,11657.291184737489,-7206.541236617328
WS030,1,1,135,未记录,水库,488313196,109.3446386,22.9437667,11664.990144457155,-7169.884930249172
WS030,1,1,136,未记录,水库,488313196,109.3442577,22.9443447,11625.941758869896,-7105.874824265729
WS030,1,1,137,未记录,水库,488313196,109.3441719,22.9447152,11617.145876792776,-7064.844124841618
WS030,1,1,138,未记录,水库,488313196,109.3443006,22.9448486,11630.339699908456,-7050.070858166558
WS030,1,1,139,未记录,水库,488313196,109.3445581,22.9447843,11656.737597752932,-7057.191705597127
WS030,1,1,140,未记录,水库,488313196,109.3446118,22.9449523,11662.242712759149,-7038.586692092963
WS030,1,1,141,未记录,水库,488313196,109.3446064,22.9451993,11661.689125776049,-7011.232892477283
WS030,1,1,142,未记录,水库,488313196,109.3447673,22.9452932,11678.18396757429,-7000.834018858176
WS030,1,1,143,未记录,水库,488313196,109.3450731,22.9452833,11709.533393440426,-7001.9303857252
WS030,1,1,144,未记录,水库,488313196,109.3450946,22.9453969,11711.737489765537,-6989.349852784581
WS030,1,1,145,未记录,水库,488313196,109.3446171,22.9456093,11662.786048132044,-6965.827799997218
WS030,1,1,146,未记录,水库,488313196,109.3447351,22.9460094,11674.882948891727,-6921.519074384571
WS030,1,1,147,未记录,水库,488313196,109.3446386,22.9461972,11664.990144457155,-6900.721327146357
WS030,1,1,148,未记录,水库,488313196,109.3442577,22.9466171,11625.941758869896,-6854.219867799268
WS030,1,1,149,未记录,水库,488313196,109.3443382,22.9472938,11634.19430557412,-6779.279316382011
WS030,1,1,150,未记录,水库,488313196,109.3440431,22.9475853,11603.94180206398,-6746.997403070202
WS030,1,1,151,未记录,水库,488313196,109.34407,22.9478273,11606.699485373647,-6720.1973240943025
WS030,1,1,152,未记录,水库,488313196,109.3439573,22.9479706,11595.14591998686,-6704.327690551824
WS030,1,1,153,未记录,水库,488313196,109.344027,22.9482077,11602.291292723427,-6678.070257803168
WS030,1,1,154,未记录,水库,488313196,109.3436998,22.9496057,11568.748022142385,-6523.249966859989
WS030,1,1,155,未记录,水库,488313196,109.3437856,22.9498181,11577.543904220962,-6499.727914072626
WS030,1,1,156,未记录,水库,488313196,109.3440002,22.9494772,11599.54386102542,-6537.480587307806
WS030,1,1,157,未记录,水库,488313196,109.344424,22.9481336,11642.990187652695,-6686.276397688226
WS030,1,1,158,未记录,水库,488313196,109.3446815,22.9480595,11669.388085495715,-6694.482537572891
WS030,1,1,159,未记录,水库,488313196,109.345336,22.9481929,11736.484878269459,-6679.70927089783
WS030,1,1,160,未记录,水库,488313196,109.345985,22.94884,11803.017832446985,-6608.046745669109
WS030,1,1,161,未记录,水库,488313196,109.3462425,22.9485337,11829.415730291461,-6641.967672075579
WS030,1,1,162,未记录,水库,488313196,109.3453199,22.9475754,11734.834368928905,-6748.093769937227
WS030,1,1,163,未记录,水库,488313196,109.3453628,22.9473284,11739.232309967465,-6775.4475695533
WS030,1,1,164,未记录,水库,488313196,109.3456471,22.9471012,11768.37763950849,-6800.608635434933
WS030,1,1,165,未记录,水库,488313196,109.3460226,22.9470567,11806.872438112649,-6805.536749130667
WS030,1,1,166,未记录,水库,488313196,109.3462962,22.9468344,11834.920845297678,-6830.155168785054
WS030,1,1,167,未记录,水库,488313196,109.3461943,22.9466665,11824.474453878549,-6848.74910787629
WS030,1,1,168,未记录,水库,488313196,109.3457812,22.9465726,11782.125049610184,-6859.147981495396
WS030,1,1,169,未记录,水库,488313196,109.345572,22.9462861,11760.678679788824,-6890.876174167424
WS030,1,1,170,未记录,水库,488313196,109.345513,22.9456834,11754.630229408254,-6957.621660112553
WS030,1,1,171,未记录,水库,488313196,109.3453842,22.9453277,11741.426154680914,-6997.013346442001
WS030,1,1,172,未记录,水库,488313196,109.3454701,22.9450956,11750.232288369694,-7022.7170585508775
WS030,1,1,173,未记录,水库,488313196,109.3455023,22.9447349,11753.533307052257,-7062.662465520106
WS030,1,1,174,未记录,水库,488313196,109.3457437,22.944399,11778.280695554724,-7099.861418115112
WS030,1,1,175,未记录,水库,488313196,109.3458992,22.9442558,11794.221950369865,-7115.719977244662
WS030,1,1,176,未记录,水库,488313196,109.3462425,22.9439692,11829.415730291461,-7147.459244329226
WS030,1,1,177,未记录,水库,488313196,109.3469399,22.9436975,11900.910464102308,-7177.548423906986
WS030,1,1,178,未记录,水库,488313196,109.3470043,22.9435098,11907.512501465979,-7198.335096732269
WS030,1,1,179,未记录,水库,488313196,109.3469077,22.9431887,11897.609445421202,-7233.895036233008
WS030,1,1,180,未记录,水库,488313196,109.3466717,22.9428182,11873.415643901835,-7274.925735656725
WS030,1,1,181,未记录,水库,488313196,109.3459904,22.9429713,11803.571419431542,-7257.970809660152
WS030,1,1,182,未记录,水库,488313196,109.3458939,22.9427589,11793.678614995513,-7281.492862447121
WS030,1,1,183,未记录,水库,488313196,109.3458188,22.9423094,11785.979655275847,-7331.27234798314
WS030,1,1,184,未记录,水库,488313196,109.3454486,22.941761,11748.028192044585,-7392.004427778046
WS031,1,1,1,未记录,一般水体,521885854,109.0442548,23.1437932,-19129.187977582224,14981.875389053315
WS031,1,1,2,未记录,一般水体,521885854,109.044442,23.1439887,-19109.99696213991,15003.525866077254
WS031,1,1,3,未记录,一般水体,521885854,109.0449177,23.1447518,-19061.230049501755,15088.03471015375
WS031,1,1,4,未记录,一般水体,521885854,109.0452619,23.144561,-19025.944005082492,15066.904730531198
WS031,1,1,5,未记录,一般水体,521885854,109.0452619,23.144468,-19025.944005082492,15056.605526627274
WS031,1,1,6,未记录,一般水体,521885854,109.0453631,23.1443982,-19015.569374939165,15048.875586493064
WS031,1,1,7,未记录,一般水体,521885854,109.045358,23.1441981,-19016.092207091653,15026.715686480276
WS031,1,1,8,未记录,一般水体,521885854,109.0453732,23.1440538,-19014.53396224731,15010.735308809684
WS031,1,1,9,未记录,一般水体,521885854,109.0452416,23.1436955,-19028.025082077864,14971.055687747614
WS031,1,1,10,未记录,一般水体,521885854,109.0448418,23.1434861,-19069.011022108887,14947.86586734459
WS031,1,1,11,未记录,一般水体,521885854,109.0445483,23.1434861,-19099.099499845554,14947.86586734459
WS031,1,1,12,未记录,一般水体,521885854,109.0442548,23.1437932,-19129.187977582224,14981.875389053315
WS032,1,1,1,未记录,一般水体,521885855,109.0448584,23.1447831,-19067.309254714397,15091.501001360119
WS032,1,1,2,未记录,一般水体,521885855,109.0443862,23.1440255,-19115.717360973536,15007.601249987656
WS032,1,1,3,未记录,一般水体,521885855,109.0442035,23.1438348,-19134.447053930417,14986.48234477803
WS032,1,1,4,未记录,一般水体,521885855,109.044022,23.143877,-19153.0537275561,14991.155746979539
WS032,1,1,5,未记录,一般水体,521885855,109.0437234,23.1438863,-19183.6650374438,14992.185667369773
WS032,1,1,6,未记录,一般水体,521885855,109.0434654,23.144105,-19210.11419334221,15016.405408163424
WS032,1,1,7,未记录,一般水体,521885855,109.0436222,23.1445424,-19194.039667587123,15064.844889750335
WS032,1,1,8,未记录,一般水体,521885855,109.0437538,23.1450961,-19180.54854775657,15126.163913423808
WS032,1,1,9,未记录,一般水体,521885855,109.0439613,23.145273,-19159.27645531889,15145.754549666884
WS032,1,1,10,未记录,一般水体,521885855,109.0441941,23.1452032,-19135.41070534647,15138.024609532675
WS032,1,1,11,未记录,一般水体,521885855,109.0443611,23.1452078,-19118.290515287867,15138.534032521524
WS032,1,1,12,未记录,一般水体,521885855,109.0445382,23.145017,-19100.13491253741,15117.40405289897
WS032,1,1,13,未记录,一般水体,521885855,109.0448584,23.1447831,-19067.309254714397,15091.501001360119
WS033,1,1,1,未记录,一般水体,521885856,109.033157,23.1254254,-20266.89124241485,12947.749394783128
WS033,1,1,2,未记录,一般水体,521885856,109.0330912,23.1253742,-20273.636802330126,12942.079295429388
WS033,1,1,3,未记录,一般水体,521885856,109.0330052,23.1254021,-20282.45318762911,12945.169056600485
WS033,1,1,4,未记录,一般水体,521885856,109.0329444,23.1258117,-20288.68616700356,12990.529851429226
WS033,1,1,5,未记录,一般水体,521885856,109.032823,23.125956,-20301.131622532055,13006.510229099425
WS033,1,1,6,未记录,一般水体,521885856,109.0329242,23.1263283,-20290.756992388728,13047.740267953905
WS033,1,1,7,未记录,一般水体,521885856,109.0328115,23.126475968181825,-20302.310557775516,13064.093651983356
WS033,1,1,8,未记录,一般水体,521885856,109.0328115,23.12674125764828,-20302.310557775516,13093.47290261338
WS033,1,1,9,未记录,一般水体,521885856,109.0328179,23.1267518,-20301.654454683085,13094.640406161729
WS033,1,1,10,未记录,一般水体,521885856,109.0331469,23.1266308,-20267.926655106705,13081.24036667378
WS033,1,1,11,未记录,一般水体,521885856,109.0331418,23.126291,-20268.44948725919,13043.609511979248
WS033,1,1,12,未记录,一般水体,521885856,109.0332278,23.1258396,-20259.63310195875,12993.619612600325
WS033,1,1,13,未记录,一般水体,521885856,109.0332127,23.1255929,-20261.181095191427,12966.29903622304
WS033,1,1,14,未记录,一般水体,521885856,109.033157,23.1254254,-20266.89124241485,12947.749394783128
WS034,1,1,1,未记录,一般水体,521885857,109.0430605,23.1442911,-19251.62296552572,15037.014890384198
WS034,1,1,2,未记录,一般水体,521885857,109.0432984,23.1438863,-19227.234383400813,14992.185667369773
WS034,1,1,3,未记录,一般水体,521885857,109.0432174,23.1434023,-19235.538188158975,14938.585509418366
WS034,1,1,4,未记录,一般水体,521885857,109.0431314,23.1432069,-19244.354573459415,14916.946106806963
WS034,1,1,5,未记录,一般水体,521885857,109.0429542,23.1431418,-19262.520427820076,14909.736664074138
WS034,1,1,6,未记录,一般水体,521885857,109.0428227,23.1430161,-19276.00129603897,14895.816127184804
WS034,1,1,7,未记录,一般水体,521885857,109.0426961,23.1430627,-19288.979835328693,14900.976803549695
WS034,1,1,8,未记录,一般水体,521885857,109.0425443,23.1430627,-19304.541780542953,14900.976803549695
WS034,1,1,9,未记录,一般水体,521885857,109.0421142,23.1433605,-19348.633958651,14933.956404867791
WS034,1,1,10,未记录,一般水体,521885857,109.0419725,23.1434675,-19363.160491173407,14945.806026563727
WS034,1,1,11,未记录,一般水体,521885857,109.0419624,23.1438537,-19364.19590386526,14988.57540879729
WS034,1,1,12,未记录,一般水体,521885857,109.0421192,23.143998,-19348.121378110176,15004.555786467488
WS034,1,1,13,未记录,一般水体,521885857,109.0424836,23.1441562,-19310.764508307202,15022.075507517166
WS034,1,1,14,未记录,一般水体,521885857,109.0430605,23.1442911,-19251.62296552572,15037.014890384198
WS035,1,1,1,未记录,一般水体,521885858,109.0333859,23.1265985,-20243.425305263718,13077.663331339298
WS035,1,1,2,未记录,一般水体,521885858,109.0337491,23.1266587,-20206.191454790485,13084.330127844878
WS035,1,1,3,未记录,一般水体,521885858,109.033997,23.1265982,-20180.777711583927,13077.630108100902
WS035,1,1,4,未记录,一般水体,521885858,109.0341792,23.1262864,-20162.09927668244,13043.100088990792
WS035,1,1,5,未记录,一般水体,521885858,109.0342501,23.1259932,-20154.830884616134,13010.629910661151
WS035,1,1,6,未记录,一般水体,521885858,109.0343513,23.1257838,-20144.456254472807,12987.44009025813
WS035,1,1,7,未记录,一般水体,521885858,109.0343614,23.1256488,-20143.420841780953,12972.489632978166
WS035,1,1,8,未记录,一般水体,521885858,109.0342551,23.1255929,-20154.31830407531,12966.29903622304
WS035,1,1,9,未记录,一般水体,521885858,109.034164,23.1256348,-20163.657521525325,12970.939215186152
WS035,1,1,10,未记录,一般水体,521885858,109.0337693,23.1255278,-20204.12062940532,12959.089593490215
WS035,1,1,11,未记录,一般水体,521885858,109.0336226,23.1253184,-20219.15974246855,12935.899773087192
WS035,1,1,12,未记录,一般水体,521885858,109.0335416,23.1253556,-20227.46354722671,12940.019454648525
WS035,1,1,13,未记录,一般水体,521885858,109.0335163,23.1254208,-20230.057204762907,12947.239971794279
WS035,1,1,14,未记录,一般水体,521885858,109.0332158,23.1254642,-20260.8632952576,12952.046266949365
WS035,1,1,15,未记录,一般水体,521885858,109.0332562,23.1255858,-20256.721644488727,12965.512752914103
WS035,1,1,16,未记录,一般水体,521885858,109.033272,23.125842,-20255.101889980244,12993.885398507482
WS035,1,1,17,未记录,一般水体,521885858,109.0331858,23.1262943,-20263.938778501095,13043.974967601984
WS035,1,1,18,未记录,一般水体,521885858,109.0331912,23.1265044,-20263.38519151654,13067.242308894725
WS035,1,1,19,未记录,一般水体,521885858,109.0333859,23.1265985,-20243.425305263718,13077.663331339298
WS036,1,1,1,未记录,一般水体,521885859,109.0391942,23.1246249,-19647.980994398116,12859.09872031944
WS036,1,1,2,未记录,一般水体,521885859,109.0393208,23.1245039,-19635.002455108388,12845.698680831489
WS036,1,1,3,未记录,一般水体,521885859,109.0394068,23.1241688,-19626.186069809402,12808.588323538737
WS036,1,1,4,未记录,一般水体,521885859,109.0395282,23.1238058,-19613.74061428091,12768.388205074887
WS036,1,1,5,未记录,一般水体,521885859,109.0396143,23.1235452,-19604.91397737172,12739.528285318123
WS036,1,1,6,未记录,一般水体,521885859,109.0396193,23.1230891,-19604.401396830894,12689.017888537815
WS036,1,1,7,未记录,一般水体,521885859,109.0394574,23.1230426,-19620.99875473701,12683.868286585854
WS036,1,1,8,未记录,一般水体,521885859,109.0394928,23.1235359,-19617.36968450896,12738.49836492789
WS036,1,1,9,未记录,一般水体,521885859,109.0393461,23.1235126,-19632.408797572192,12735.91802674564
WS036,1,1,10,未记录,一般水体,521885859,109.0391993,23.1233823,-19647.458162245628,12721.488066867061
WS036,1,1,11,未记录,一般水体,521885859,109.0391133,23.1233823,-19656.27454754607,12721.488066867061
WS036,1,1,12,未记录,一般水体,521885859,109.0390272,23.1233032,-19665.10118445526,12712.728206342224
WS036,1,1,13,未记录,一般水体,521885859,109.0391031,23.123252,-19657.320211848128,12707.058106988878
WS036,1,1,14,未记录,一般水体,521885859,109.0389969,23.1230705,-19668.20742253228,12686.958047756953
WS036,1,1,15,未记录,一般水体,521885859,109.0387185,23.1231217,-19696.747907036268,12692.6281471103
WS036,1,1,16,未记录,一般水体,521885859,109.0384959,23.1233218,-19719.56799270663,12714.788047123087
WS036,1,1,17,未记录,一般水体,521885859,109.0384352,23.1236569,-19725.790720470875,12751.898404415839
WS036,1,1,18,未记录,一般水体,521885859,109.0385212,23.1238989,-19716.974335170435,12778.69848339174
WS036,1,1,19,未记录,一般水体,521885859,109.0387337,23.1240525,-19695.189662193385,12795.708781452566
WS036,1,1,20,未记录,一般水体,521885859,109.0388957,23.1236988,-19678.582052675607,12756.538583378951
WS036,1,1,21,未记录,一般水体,521885859,109.039007,23.1236895,-19667.172009840426,12755.508662988716
WS036,1,1,22,未记录,一般水体,521885859,109.0390525,23.1238477,-19662.507526920523,12773.028384037998
WS036,1,1,23,未记录,一般水体,521885859,109.0390171,23.1240478,-19666.136597148572,12795.188284050788
WS036,1,1,24,未记录,一般水体,521885859,109.0388906,23.1240897,-19679.104884826636,12799.828463013899
WS036,1,1,25,未记录,一般水体,521885859,109.0389108,23.1242154,-19677.03405944293,12813.748999903628
WS036,1,1,26,未记录,一般水体,521885859,109.0389361,23.1243131,-19674.440401906733,12824.568701208937
WS036,1,1,27,未记录,一般水体,521885859,109.0391942,23.1246249,-19647.980994398116,12859.09872031944
WS037,1,1,1,未记录,一般水体,521885861,109.0462132,23.1438677,-18928.420431416387,14990.125826589303
WS037,1,1,2,未记录,一般水体,521885861,109.0460867,23.1441236,-18941.388719094455,15018.465248944287
WS037,1,1,3,未记录,一般水体,521885861,109.0461626,23.1442958,-18933.607746487323,15037.535387785585
WS037,1,1,4,未记录,一般水体,521885861,109.0462993,23.1444447,-18919.59379450574,15054.025188445026
WS037,1,1,5,未记录,一般水体,521885861,109.0465472,23.1443842,-18894.180051299183,15047.32516870105
WS037,1,1,6,未记录,一般水体,521885861,109.0465169,23.1441236,-18897.286289376207,15018.465248944287
WS037,1,1,7,未记录,一般水体,521885861,109.046527,23.1439096,-18896.25087668435,14994.766005552416
WS037,1,1,8,未记录,一般水体,521885861,109.0462993,23.1438398,-18919.59379450574,14987.036065417811
WS037,1,1,9,未记录,一般水体,521885861,109.0462132,23.1438677,-18928.420431416387,14990.125826589303
WS038,1,1,1,未记录,一般水体,527318014,109.107336,22.95028,-12662.348857256762,-6448.575201349889
WS038,1,1,2,未记录,一般水体,527318014,109.1071439,22.950266,-12682.042201629694,-6450.1256191419025
WS038,1,1,3,未记录,一般水体,527318014,109.1069923,22.950159,-12697.58364362209,-6461.975240837839
WS038,1,1,4,未记录,一般水体,527318014,109.1067598,22.9498192,-12721.418638762441,-6499.606095531976
WS038,1,1,5,未记录,一般水体,527318014,109.1064464,22.9495353,-12753.547187052203,-6531.046353470988
WS038,1,1,6,未记录,一般水体,527318014,109.1061785,22.9494515,-12781.011252420605,-6540.326711397605
WS038,1,1,7,未记录,一般水体,527318014,109.105754,22.9494655,-12824.529340322226,-6538.7762936055915
WS038,1,1,8,未记录,一般水体,527318014,109.1050261,22.9494515,-12899.15081543196,-6540.326711397605
WS038,1,1,9,未记录,一般水体,527318014,109.1048745,22.949512,-12914.692257425811,-6533.626691653631
WS038,1,1,10,未记录,一般水体,527318014,109.1048442,22.9496936,-12917.798495501376,-6513.515558008776
WS038,1,1,11,未记录,一般水体,527318014,109.105112,22.9497261,-12890.34468174318,-6509.916373848829
WS038,1,1,12,未记录,一般水体,527318014,109.1052586,22.9498332,-12875.31582029161,-6498.055677739962
WS038,1,1,13,未记录,一般水体,527318014,109.1053294,22.9500054,-12868.057679835509,-6478.985538898666
WS038,1,1,14,未记录,一般水体,527318014,109.1057489,22.9500566,-12825.052172474712,-6473.3154395449255
WS038,1,1,15,未记录,一般水体,527318014,109.1055771,22.9504755,-12842.664439850816,-6426.924724325951
WS038,1,1,16,未记录,一般水体,527318014,109.1055771,22.9505732,-12842.664439850816,-6416.105023020249
WS038,1,1,17,未记录,一般水体,527318014,109.1053597,22.9506244,-12864.951441759944,-6410.434923666902
WS038,1,1,18,未记录,一般水体,527318014,109.1054305,22.951276,-12857.693301303843,-6338.274049862262
WS038,1,1,19,未记录,一般水体,527318014,109.1052232,22.9515088,-12878.94489051966,-6312.49281686406
WS038,1,1,20,未记录,一般水体,527318014,109.1049655,22.9520021,-12905.363291584545,-6257.862738521631
WS038,1,1,21,未记录,一般水体,527318014,109.1050413,22.9520905,-12897.592570589075,-6248.072957606559
WS038,1,1,22,未记录,一般水体,527318014,109.1050059,22.9521929,-12901.221640817126,-6236.732758899471
WS038,1,1,23,未记录,一般水体,527318014,109.1051626,22.952286,-12885.157366672245,-6226.42248058262
WS038,1,1,24,未记录,一般水体,527318014,109.1051525,22.9523977,-12886.192779364099,-6214.052361485298
WS038,1,1,25,未记录,一般水体,527318014,109.1054002,22.9525001,-12860.799539379408,-6202.712162777818
WS038,1,1,26,未记录,一般水体,527318014,109.1056377,22.9526909,-12836.451963698231,-6181.582183155658
WS038,1,1,27,未记录,一般水体,527318014,109.1061735,22.9528818,-12781.52383296143,-6160.441129120569
WS038,1,1,28,未记录,一般水体,527318014,109.1064767,22.9526956,-12750.440948975183,-6181.061685754273
WS038,1,1,29,未记录,一般水体,527318014,109.1065627,22.9525932,-12741.624563676198,-6192.401884461359
WS038,1,1,30,未记录,一般水体,527318014,109.1067649,22.9525374,-12720.89580661141,-6198.581406803555
WS038,1,1,31,未记录,一般水体,527318014,109.1069367,22.9525746,-12703.28353923385,-6194.461725242222
WS038,1,1,32,未记录,一般水体,527318014,109.1070479,22.9523558,-12691.88374801033,-6218.69254044841
WS038,1,1,33,未记录,一般水体,527318014,109.1065728,22.9517508,-12740.589150984342,-6285.69273788816
WS038,1,1,34,未记录,一般水体,527318014,109.1065829,22.9514762,-12739.553738291032,-6316.103075436937
WS038,1,1,35,未记录,一般水体,527318014,109.1066688,22.9513877,-12730.747604603708,-6325.903930764546
WS038,1,1,36,未记录,一般水体,527318014,109.1068204,22.9513738,-12715.206162609855,-6327.443274144024
WS038,1,1,37,未记录,一般水体,527318014,109.1070782,22.9509316,-12688.777509933308,-6376.414327545248
WS038,1,1,38,未记录,一般水体,527318014,109.107336,22.95028,-12662.348857256762,-6448.575201349889
WS039,1,1,1,未记录,水库,527318038,109.1264417,22.9794508,-10703.706850110642,-3218.0803923006215
WS039,1,1,2,未记录,水库,527318038,109.1272495,22.9795429,-10620.894337960826,-3207.880858111883
WS039,1,1,3,未记录,水库,527318038,109.1272638,22.9799049,-10619.42835761561,-3167.791483775753
WS039,1,1,4,未记录,水库,527318038,109.1274854,22.9801155,-10596.710788053122,-3144.468770419151
WS039,1,1,5,未记录,水库,527318038,109.1275283,22.980313,-10592.312847014564,-3122.596805139379
WS039,1,1,6,未记录,水库,527318038,109.1275069,22.9805104,-10594.506691728013,-3100.7359142721425
WS039,1,1,7,未记录,水库,527318038,109.1276141,22.9806223,-10583.516964935987,-3088.3436463489625
WS039,1,1,8,未记录,水库,527318038,109.1277356,22.9804841,-10571.061257798747,-3103.648484838338
WS039,1,1,9,未记录,水库,527318038,109.1278214,22.9802471,-10562.265375720172,-3129.894843174458
WS039,1,1,10,未记录,水库,527318038,109.1280716,22.980076,-10536.615845465794,-3148.8431634751055
WS039,1,1,11,未记录,水库,527318038,109.128236,22.9798391,-10519.762197288539,-3175.0784473982962
WS039,1,1,12,未记录,水库,527318038,109.1286006,22.9798062,-10482.3848242637,-3178.721929209568
WS039,1,1,13,未记录,水库,527318038,109.1290367,22.979714,-10437.677549506956,-3188.9325378108424
WS039,1,1,14,未记录,水库,527318038,109.129244,22.9798391,-10416.425960291139,-3175.0784473982962
WS039,1,1,15,未记录,水库,527318038,109.1290868,22.9804446,-10432.541492489958,-3108.0228778946857
WS039,1,1,16,未记录,水库,527318038,109.1290868,22.9808066,-10432.541492489958,-3067.933503558556
WS039,1,1,17,未记录,水库,527318038,109.1291868,22.9807934,-10422.289881676372,-3069.395326048315
WS039,1,1,18,未记录,水库,527318038,109.1292583,22.9803393,-10414.959979944468,-3119.68423457279
WS039,1,1,19,未记录,水库,527318038,109.1294942,22.9800102,-10390.776430036763,-3156.1301270976487
WS039,1,1,20,未记录,水库,527318038,109.1297873,22.9799378,-10360.728958742371,-3164.1480019648748
WS039,1,1,21,未记录,水库,527318038,109.1302592,22.9800497,-10312.351607315302,-3151.7557340416943
WS039,1,1,22,未记录,水库,527318038,109.1303235,22.9801879,-10305.759821561836,-3136.450895551925
WS039,1,1,23,未记录,水库,527318038,109.1303664,22.9804183,-10301.361880523278,-3110.935448460881
WS039,1,1,24,未记录,水库,527318038,109.1305952,22.9801484,-10277.90619498235,-3140.8252886078794
WS039,1,1,25,未记录,水库,527318038,109.1309454,22.9801616,-10242.005053914389,-3139.3634661185138
WS039,1,1,26,未记录,水库,527318038,109.1310455,22.9803393,-10231.743191490597,-3119.68423457279
WS039,1,1,27,未记录,水库,527318038,109.1313529,22.9805236,-10200.229739850989,-3099.2740917823835
WS039,1,1,28,未记录,水库,527318038,109.131403,22.9806881,-10195.093682832534,-3081.0566827268126
WS039,1,1,29,未记录,水库,527318038,109.1318319,22.9807342,-10151.124524055687,-3075.951378425782
WS039,1,1,30,未记录,水库,527318038,109.1320607,22.9809711,-10127.668838514759,-3049.716094502591
WS039,1,1,31,未记录,水库,527318038,109.1322322,22.9809711,-10110.087325969269,-3049.716094502591
WS039,1,1,32,未记录,水库,527318038,109.1325825,22.9809382,-10074.175933291102,-3053.359576313863
WS039,1,1,33,未记录,水库,527318038,109.1323395,22.9807276,-10099.08734756704,-3076.682289670465
WS039,1,1,34,未记录,水库,527318038,109.1323538,22.980234,-10097.621367220367,-3131.3455912512877
WS039,1,1,35,未记录,水库,527318038,109.132125,22.9801221,-10121.077052761295,-3143.737859174468
WS039,1,1,36,未记录,水库,527318038,109.1316317,22.9802735,-10171.64824890327,-3126.9711981953333
WS039,1,1,37,未记录,水库,527318038,109.1312314,22.980155,-10212.68544698823,-3140.0943773631966
WS039,1,1,38,未记录,水库,527318038,109.1310098,22.9799576,-10235.403016550717,-3161.955268230433
WS039,1,1,39,未记录,水库,527318038,109.1304808,22.9799378,-10289.634037752814,-3164.1480019648748
WS039,1,1,40,未记录,水库,527318038,109.1303664,22.9797601,-10301.361880523278,-3183.827233510205
WS039,1,1,41,未记录,水库,527318038,109.1300804,22.979714,-10330.681487449436,-3188.9325378108424
WS039,1,1,42,未记录,水库,527318038,109.1298159,22.9797733,-10357.796998050484,-3182.3654110204457
WS039,1,1,43,未记录,水库,527318038,109.1294728,22.9796482,-10392.970274750212,-3196.2195014333856
WS039,1,1,44,未记录,水库,527318038,109.129337,22.9794179,-10406.891962234125,-3221.7238741114998
WS039,1,1,45,未记录,水库,527318038,109.1291511,22.979385,-10425.949706736492,-3225.3673559227714
WS039,1,1,46,未记录,水库,527318038,109.1288866,22.9794113,-10453.06521733754,-3222.454785356576
WS039,1,1,47,未记录,水库,527318038,109.1290224,22.9790888,-10439.143529853627,-3258.1697666363584
WS039,1,1,48,未记录,水库,527318038,109.1289581,22.9789901,-10445.735315605636,-3269.10021206978
WS039,1,1,49,未记录,水库,527318038,109.1287222,22.9793192,-10469.918865514797,-3232.6543195453146
WS039,1,1,50,未记录,水库,527318038,109.1285006,22.9794376,-10492.636435077286,-3219.542214789987
WS039,1,1,51,未记录,水库,527318038,109.1279858,22.9793389,-10545.411727542914,-3230.472660223802
WS039,1,1,52,未记录,水库,527318038,109.1279001,22.9789572,-10554.19735800983,-3272.7436938810515
WS039,1,1,53,未记录,水库,527318038,109.1275927,22.9788782,-10585.710809650893,-3281.4924799929604
WS039,1,1,54,未记录,水库,527318038,109.1273067,22.9788255,-10615.030416575595,-3287.328695538674
WS039,1,1,55,未记录,水库,527318038,109.1268563,22.9788124,-10661.20367167901,-3288.7794436155036
WS039,1,1,56,未记录,水库,527318038,109.1269278,22.978457,-10653.873769947106,-3328.1379067065573
WS039,1,1,57,未记录,水库,527318038,109.1266133,22.9781476,-10686.115085954947,-3362.40213990951
WS039,1,1,58,未记录,水库,527318038,109.1257483,22.978174,-10774.791519489996,-3359.4784949303853
WS039,1,1,59,未记录,水库,527318038,109.1256911,22.9784372,-10780.655440875227,-3330.330640440999
WS039,1,1,60,未记录,水库,527318038,109.1254909,22.978661,-10801.17916572281,-3305.546104594638
WS039,1,1,61,未记录,水库,527318038,109.1252764,22.9786873,-10823.168870917065,-3302.6335340280493
WS039,1,1,62,未记录,水库,527318038,109.125205,22.9785623,-10830.488521038764,-3316.4765500280596
WS039,1,1,63,未记录,水库,527318038,109.1253193,22.9782595,-10818.770929878505,-3350.0098719863295
WS039,1,1,64,未记录,水库,527318038,109.1249905,22.9781147,-10852.478226233019,-3366.0456217207816
WS039,1,1,65,未记录,水库,527318038,109.124726,22.9781608,-10879.593736834066,-3360.940317419751
WS039,1,1,66,未记录,水库,527318038,109.1242399,22.9782793,-10929.426816996145,-3347.8171382518876
WS039,1,1,67,未记录,水库,527318038,109.1240826,22.978536,-10945.552600806626,-3319.3891205946484
WS039,1,1,68,未记录,水库,527318038,109.1236894,22.9787071,-10985.861934523353,-3300.4408002936075
WS039,1,1,69,未记录,水库,527318038,109.123668,22.9789769,-10988.055779238259,-3270.562034559539
WS039,1,1,70,未记录,水库,527318038,109.1242327,22.9790493,-10930.16493297604,-3262.544159692313
WS039,1,1,71,未记录,水库,527318038,109.124533,22.9789308,-10899.37934570321,-3275.667338860176
WS039,1,1,72,未记录,水库,527318038,109.1247403,22.9791151,-10878.127756487394,-3255.2571960697696
WS039,1,1,73,未记录,水库,527318038,109.1247617,22.9793389,-10875.933911773946,-3230.472660223802
WS039,1,1,74,未记录,水库,527318038,109.124533,22.9796285,-10899.37934570321,-3198.401160754898
WS039,1,1,75,未记录,水库,527318038,109.1243614,22.9800036,-10916.971109858905,-3156.8610383423315
WS039,1,1,76,未记录,水库,527318038,109.123911,22.9801945,-10963.144364960865,-3135.719984307242
WS039,1,1,77,未记录,水库,527318038,109.1238395,22.9804643,-10970.474266692769,-3105.84121857278
WS039,1,1,78,未记录,水库,527318038,109.1240326,22.9807078,-10950.678406211962,-3078.8750234049066
WS039,1,1,79,未记录,水库,527318038,109.1240969,22.9810369,-10944.086620459953,-3042.4291308804413
WS039,1,1,80,未记录,水库,527318038,109.1242685,22.9819583,-10926.494856304258,-2940.3894913417316
WS039,1,1,81,未记录,水库,527318038,109.1245759,22.982498,-10894.981404664652,-2880.6208854602714
WS039,1,1,82,未记录,水库,527318038,109.1249405,22.9826099,-10857.604031639812,-2868.228617537091
WS039,1,1,83,未记录,水库,527318038,109.125255,22.9825309,-10825.36271563197,-2876.977403649
WS039,1,1,84,未记录,水库,527318038,109.1254552,22.982419,-10804.838990782931,-2889.3696715721803
WS039,1,1,85,未记录,水库,527318038,109.1254337,22.9821558,-10807.04308710804,-2918.517526061566
WS039,1,1,86,未记录,水库,527318038,109.1256553,22.9816227,-10784.325517545552,-2977.555220698344
WS039,1,1,87,未记录,水库,527318038,109.1253837,22.9810962,-10812.168892514836,-3035.862004090045
WS039,1,1,88,未记录,水库,527318038,109.1255338,22.9805236,-10796.78122468425,-3099.2740917823835
WS039,1,1,89,未记录,水库,527318038,109.125448,22.980313,-10805.57710676137,-3122.596805139379
WS039,1,1,90,未记录,水库,527318038,109.1250763,22.9800431,-10843.682344154442,-3152.486645286377
WS039,1,1,91,未记录,水库,527318038,109.1250906,22.979872,-10842.216363809228,-3171.4349655870246
WS039,1,1,92,未记录,水库,527318038,109.1254123,22.9794639,-10809.236931822947,-3216.6296442237917
WS039,1,1,93,未记录,水库,527318038,109.1256911,22.9794113,-10780.655440875227,-3222.454785356576
WS039,1,1,94,未记录,水库,527318038,109.1259484,22.9792994,-10754.278046252617,-3234.8470532797564
WS039,1,1,95,未记录,水库,527318038,109.1262058,22.9792928,-10727.890400019804,-3235.5779645244393
WS039,1,1,96,未记录,水库,527318038,109.1264417,22.9794508,-10703.706850110642,-3218.0803923006215
WS040,1,1,1,未记录,一般水体,527324683,109.2320649,23.0273956,124.3725423858063,2091.524675812302
WS040,1,1,2,未记录,一般水体,527324683,109.2318222,23.0270698,99.49188294193952,2055.4442389101787
WS040,1,1,3,未记录,一般水体,527324683,109.2312811,23.026879,44.02041683224157,2034.3142592880185
WS040,1,1,4,未记录,一般水体,527324683,109.2308006,23.0265718,-5.238573126328428,2000.2936631663647
WS040,1,1,5,未记录,一般水体,527324683,109.2305478,23.02626,-31.15464526204986,1965.7636440562546
WS040,1,1,6,未记录,一般水体,527324683,109.2302971,23.0262337,-56.85543357036256,1962.8510734896659
WS040,1,1,7,未记录,一般水体,527324683,109.229946,23.026232,-92.8488391359941,1962.6628084722272
WS040,1,1,8,未记录,一般水体,527324683,109.2300016,23.0265951,-87.14894352423431,2002.8740013490067
WS040,1,1,9,未记录,一般水体,527324683,109.2302595,23.026986,-60.71003923602639,2046.1638809839549
WS040,1,1,10,未记录,一般水体,527324683,109.2307753,23.0272048,-7.832230661067392,2070.3946961901424
WS040,1,1,11,未记录,一般水体,527324683,109.2313721,23.0273118,53.349382672051824,2082.2443178860785
WS040,1,1,12,未记录,一般水体,527324683,109.2315997,23.0275724,76.68204888323892,2111.104237642842
WS040,1,1,13,未记录,一般水体,527324683,109.2317868,23.0284102,95.86281271388907,2203.885668080793
WS040,1,1,14,未记录,一般水体,527324683,109.2319688,23.0295272,114.52074439496641,2327.586859056371
WS040,1,1,15,未记录,一般水体,527324683,109.2320143,23.0304394,119.18522731487154,2428.6076526173815
WS040,1,1,16,未记录,一般水体,527324683,109.2320346,23.0315145,121.26630431024232,2547.6686646298476
WS040,1,1,17,未记录,一般水体,527324683,109.23207,23.0321568,124.89537453683594,2618.7996180438604
WS040,1,1,18,未记录,一般水体,527324683,109.2323026,23.0323755,148.74062128884805,2643.019358837512
WS040,1,1,19,未记录,一般水体,527324683,109.232783,23.0328362,197.98935963575659,2694.03917860667
WS040,1,1,20,未记录,一般水体,527324683,109.2329145,23.0331155,211.47022785610378,2724.9700135572257
WS040,1,1,21,未记录,一般水体,527324683,109.2329449,23.0337531,214.58671754332923,2795.580469569459
WS040,1,1,22,未记录,一般水体,527324683,109.2328387,23.0350003,203.69950685917783,2933.700546010686
WS040,1,1,23,未记录,一般水体,527324683,109.2329246,23.0360196,212.50564054795845,3046.5820356805625
WS040,1,1,24,未记录,一般水体,527324683,109.2330561,23.0367176,225.9865087668488,3123.8814370242353
WS040,1,1,25,未记录,一般水体,527324683,109.2333545,23.037304,256.57731543413684,3188.8217936831225
WS040,1,1,26,未记录,一般水体,527324683,109.2344721,23.0379276,371.14931788304006,3257.8818319037355
WS040,1,1,27,未记录,一般水体,527324683,109.2351195,23.0381603,437.51824628709403,3283.6519904894008
WS040,1,1,28,未记录,一般水体,527324683,109.2355898,23.0383465,485.7315719421479,3304.2725471227113
WS040,1,1,29,未记录,一般水体,527324683,109.2359691,23.0381417,524.6159317573915,3281.592149708538
WS040,1,1,30,未记录,一般水体,527324683,109.2365355,23.0374855,582.6810554032853,3208.921852915047
WS040,1,1,31,未记录,一般水体,527324683,109.2363939,23.0373366,568.1647744910834,3192.432052255999
WS040,1,1,32,未记录,一般水体,527324683,109.2360904,23.0374157,537.0511356727658,3201.1919127808374
WS040,1,1,33,未记录,一般水体,527324683,109.235878,23.0379463,515.2767143059198,3259.952747097528
WS040,1,1,34,未记录,一般水体,527324683,109.2355948,23.0381278,486.24415248297294,3280.0528063294532
WS040,1,1,35,未记录,一般水体,527324683,109.2353521,23.038058,461.3634930391062,3272.32286619485
WS040,1,1,36,未记录,一般水体,527324683,109.2350284,23.037816,428.17902883707916,3245.52278721895
WS040,1,1,37,未记录,一般水体,527324683,109.2342041,23.0375507,343.6750009029775,3216.142370060801
WS040,1,1,38,未记录,一般水体,527324683,109.2337186,23.0371504,293.90343040503933,3171.8114956226887
WS040,1,1,39,未记录,一般水体,527324683,109.2333292,23.0367363,253.98365789794104,3125.952352218028
WS040,1,1,40,未记录,一般水体,527324683,109.2332584,23.0365036,246.7255174418401,3100.1821936323627
WS040,1,1,41,未记录,一般水体,527324683,109.2331573,23.0359684,236.36113891017519,3040.9119363272157
WS040,1,1,42,未记录,一般水体,527324683,109.2331826,23.0351632,238.954796446371,2951.740764461748
WS040,1,1,43,未记录,一般水体,527324683,109.2332281,23.0338369,243.61927936627612,2804.8608274960766
WS040,1,1,44,未记录,一般水体,527324683,109.2332938,23.0331294,250.35458766989058,2726.50935693631
WS040,1,1,45,未记录,一般水体,527324683,109.2331775,23.0328269,238.4319642938845,2693.009258216435
WS040,1,1,46,未记录,一般水体,527324683,109.2326414,23.0323662,183.47307872501156,2641.9894384468835
WS040,1,1,47,未记录,一般水体,527324683,109.2323785,23.0319194,156.52159389597864,2592.5089620568097
WS040,1,1,48,未记录,一般水体,527324683,109.2323279,23.0313888,151.33427882504387,2533.748127740119
WS040,1,1,49,未记录,一般水体,527324683,109.2324543,23.030579,164.29231489290459,2444.067532886195
WS040,1,1,50,未记录,一般水体,527324683,109.232333,23.0296249,151.8571109760735,2338.4065603620725
WS040,1,1,51,未记录,一般水体,527324683,109.2322723,23.0293876,145.63438321328408,2312.1269787875576
WS040,1,1,52,未记录,一般水体,527324683,109.2321661,23.0278843,134.74717252913268,2145.645331165881
WS040,1,1,53,未记录,一般水体,527324683,109.232156,23.0275957,133.711759837278,2113.6845758250906
WS040,1,1,54,未记录,一般水体,527324683,109.2326566,23.0276004,185.03132356789587,2114.2050732268694
WS040,1,1,55,未记录,一般水体,527324683,109.2335568,23.0279122,277.3163241091281,2148.735092336979
WS040,1,1,56,未记录,一般水体,527324683,109.233223,23.0275724,243.09644721378965,2111.104237642842
WS040,1,1,57,未记录,一般水体,527324683,109.2327679,23.0274421,196.4413664030769,2096.6742777642635
WS040,1,1,58,未记录,一般水体,527324683,109.2320649,23.0273956,124.3725423858063,2091.524675812302
WS041,1,1,1,未记录,一般水体,830425156,109.0702701,22.9428923,-16462.200669684014,-7266.7195957720605
WS041,1,1,2,未记录,一般水体,830425156,109.0699589,22.9431097,-16494.103682534707,-7242.643822344917
WS041,1,1,3,未记录,一般水体,830425156,109.0699106,22.943327,-16499.055210557824,-7218.579123330703
WS041,1,1,4,未记录,一般水体,830425156,109.0699106,22.9435345,-16499.055210557824,-7195.599716770977
WS041,1,1,5,未记录,一般水体,830425156,109.0697658,22.943742,-16513.899543015516,-7172.6203102108575
WS041,1,1,6,未记录,一般水体,830425156,109.0696478,22.9439001,-16525.996443775195,-7155.111663574111
WS041,1,1,7,未记录,一般水体,830425156,109.0694225,22.9439149,-16549.093322937108,-7153.472650479843
WS041,1,1,8,未记录,一般水体,830425156,109.0690523,22.9442162,-16587.04478616837,-7120.105444713546
WS041,1,1,9,未记录,一般水体,830425156,109.0691328,22.944315,-16578.79223946269,-7109.163924867195
WS041,1,1,10,未记录,一般水体,830425156,109.0694654,22.9443002,-16544.69538189855,-7110.802937961464
WS041,1,1,11,未记录,一般水体,830425156,109.0695995,22.9443002,-16530.947971798312,-7110.802937961464
WS041,1,1,12,未记录,一般水体,830425156,109.0697175,22.9443694,-16518.85107103863,-7103.139444304043
WS041,1,1,13,未记录,一般水体,830425156,109.0699804,22.9447102,-16491.899586209598,-7065.3978454817925
WS041,1,1,14,未记录,一般水体,830425156,109.0700769,22.9447745,-16482.006781775024,-7058.276998051222
WS041,1,1,15,未记录,一般水体,830425156,109.070195,22.9446411,-16469.89962940514,-7073.050264726677
WS041,1,1,16,未记录,一般水体,830425156,109.0700984,22.9444287,-16479.802685449915,-7096.572317513646
WS041,1,1,17,未记录,一般水体,830425156,109.0701681,22.9441323,-16472.65731271335,-7129.396877052699
WS041,1,1,18,未记录,一般水体,830425156,109.0703505,22.9440384,-16453.958374589998,-7139.795750671806
WS041,1,1,19,未记录,一般水体,830425156,109.070608,22.9439939,-16427.560476746978,-7144.723864367934
WS041,1,1,20,未记录,一般水体,830425156,109.0707099,22.9438704,-16417.11408532785,-7158.400764175577
WS041,1,1,21,未记录,一般水体,830425156,109.070785,22.943495,-16409.415125606723,-7199.974109826931
WS041,1,1,22,未记录,一般水体,830425156,109.0704846,22.9431146,-16440.21096448976,-7242.101176117672
WS041,1,1,23,未记录,一般水体,830425156,109.0702701,22.9428923,-16462.200669684014,-7266.7195957720605
WS042,1,1,1,未记录,一般水体,830425182,109.0775415,22.875246,-15716.7650410103,-14758.150101668172
WS042,1,1,2,未记录,一般水体,830425182,109.0776099,22.8754239,-15709.752939213678,-14738.448721296983
WS042,1,1,3,未记录,一般水体,830425182,109.0777025,22.8756192,-15700.259947600396,-14716.820393098904
WS042,1,1,4,未记录,一般水体,830425182,109.0775979,22.8757081,-15710.983132511075,-14706.975240119576
WS042,1,1,5,未记录,一般水体,830425182,109.0777802,22.8760096,-15692.294445997928,-14673.585885527815
WS042,1,1,6,未记录,一般水体,830425182,109.0780176,22.8763408,-15667.957121928413,-14636.907430334195
WS042,1,1,7,未记录,一般水体,830425182,109.0782255,22.8763062,-15646.644023047,-14640.739177163297
WS042,1,1,8,未记录,一般水体,830425182,109.0785085,22.8763852,-15617.631964445918,-14631.990391050997
WS042,1,1,9,未记录,一般水体,830425182,109.0784267,22.8767868,-15626.017782091543,-14587.515549246375
WS042,1,1,10,未记录,一般水体,830425182,109.078766,22.8768684,-15591.234066601442,-14578.478828401843
WS042,1,1,11,未记录,一般水体,830425182,109.07888,22.8766756,-15579.547230274711,-14599.83029628023
WS042,1,1,12,未记录,一般水体,830425182,109.0789685,22.8763284,-15570.474554704586,-14638.280657521698
WS042,1,1,13,未记录,一般水体,830425182,109.0789926,22.8752114,-15568.00391649813,-14761.981848496884
WS042,1,1,14,未记录,一般水体,830425182,109.078947,22.8750607,-15572.678651029695,-14778.670988586693
WS042,1,1,15,未记录,一般水体,830425182,109.0775415,22.875246,-15716.7650410103,-14758.150101668172
WS043,1,1,1,未记录,一般水体,851213660,109.3184012,23.113656,8975.234008942522,11644.357454704956
WS043,1,1,2,未记录,一般水体,851213660,109.318428,23.1132909,8977.98144064053,11603.924773572344
WS043,1,1,3,未记录,一般水体,851213660,109.3183905,23.113128,8974.137086586526,11585.884555121282
WS043,1,1,4,未记录,一般水体,851213660,109.318487,23.1129307,8984.029891021099,11564.034738666975
WS043,1,1,5,未记录,一般水体,851213660,109.3185139,23.112684,8986.78757432931,11536.714162289689
WS043,1,1,6,未记录,一般水体,851213660,109.3185943,23.1126051,8995.029869423328,11527.976450590317
WS043,1,1,7,未记录,一般水体,851213660,109.3187875,23.1124965,9014.835981514338,11515.949638289478
WS043,1,1,8,未记录,一般水体,851213660,109.3187553,23.1124324,9011.534962833231,11508.850939684766
WS043,1,1,9,未记录,一般水体,851213660,109.3185782,23.1124077,8993.379360082774,11506.11555972308
WS043,1,1,10,未记录,一般水体,851213660,109.3183744,23.1121857,8972.486577244516,11481.53036330748
WS043,1,1,11,未记录,一般水体,851213660,109.3184066,23.1123584,8975.787595927079,11500.655874213031
WS043,1,1,12,未记录,一般水体,851213660,109.3183261,23.1124768,8967.535049221398,11513.767978967964
WS043,1,1,13,未记录,一般水体,851213660,109.3182939,23.1126593,8964.234030540292,11533.978782328004
WS043,1,1,14,未记录,一般水体,851213660,109.3182939,23.1128715,8964.234030540292,11557.478686289507
WS043,1,1,15,未记录,一般水体,851213660,109.3181705,23.1130442,8951.583542796052,11576.604197195058
WS043,1,1,16,未记录,一般水体,851213660,109.3179882,23.113207,8932.894856284362,11594.63334123319
WS043,1,1,17,未记录,一般水体,851213660,109.3177092,23.1132317,8904.292862114775,11597.368721194876
WS043,1,1,18,未记录,一般水体,851213660,109.3175751,23.1131231,8890.54545201454,11585.341908894037
WS043,1,1,19,未记录,一般水体,851213660,109.3174785,23.1131823,8880.642395969762,11591.897961271505
WS043,1,1,20,未记录,一般水体,851213660,109.3173873,23.1132761,8871.29292690663,11602.285760478075
WS043,1,1,21,未记录,一般水体,851213660,109.3172747,23.1133501,8859.749613131504,11610.480825950204
WS043,1,1,22,未记录,一般水体,851213660,109.3172586,23.1134438,8858.099103790952,11620.857550743453
WS043,1,1,23,未记录,一般水体,851213660,109.317264,23.1135178,8858.652690774052,11629.05261621558
WS043,1,1,24,未记录,一般水体,851213660,109.3172103,23.1136609,8853.147575767834,11644.9001009322
WS043,1,1,25,未记录,一般水体,851213660,109.3172479,23.1137546,8857.002181433498,11655.276825725841
WS043,1,1,26,未记录,一般水体,851213660,109.3173659,23.1137152,8869.099082193181,11650.913507082816
WS043,1,1,27,未记录,一般水体,851213660,109.3176019,23.1134783,8893.292883712546,11624.678223159626
WS043,1,1,28,未记录,一般水体,851213660,109.3177897,23.1134537,8912.545408820455,11621.95391761087
WS043,1,1,29,未记录,一般水体,851213660,109.3178594,23.1135869,8919.690781557021,11636.705035460465
WS043,1,1,30,未记录,一般水体,851213660,109.3178379,23.113725,8917.48668523191,11651.998799536912
WS043,1,1,31,未记录,一般水体,851213660,109.3177843,23.1138138,8911.991821835898,11661.832878103309
WS043,1,1,32,未记录,一般水体,851213660,109.3176877,23.1138533,8902.088765789666,11666.207271159263
WS043,1,1,33,未记录,一般水体,851213660,109.3176287,23.1139471,8896.040315410552,11676.595070365835
WS043,1,1,34,未记录,一般水体,851213660,109.3174517,23.1140112,8877.894964271756,11683.693768970545
WS043,1,1,35,未记录,一般水体,851213660,109.3172479,23.1140901,8857.002181433498,11692.431480669524
WS043,1,1,36,未记录,一般水体,851213660,109.3170977,23.1141197,8841.604261992708,11695.709506858455
WS043,1,1,37,未记录,一般水体,851213660,109.3170172,23.1142184,8833.351715287028,11706.639952291876
WS043,1,1,38,未记录,一般水体,851213660,109.3168241,23.1142826,8813.555854807679,11713.749725309517
WS043,1,1,39,未记录,一般水体,851213660,109.3168777,23.1143467,8819.050718203693,11720.848423914227
WS043,1,1,40,未记录,一般水体,851213660,109.3167651,23.114401,8807.50740442711,11726.861830064843
WS043,1,1,41,未记录,一般水体,851213660,109.3166739,23.1145194,8798.157935365434,11739.973934819778
WS043,1,1,42,未记录,一般水体,851213660,109.316588,23.1144996,8789.351801676652,11737.781201085336
WS043,1,1,43,未记录,一般水体,851213660,109.31647,23.1144207,8777.25490091697,11729.043489386357
WS043,1,1,44,未记录,一般水体,851213660,109.316116,23.1143812,8740.964198637923,11724.669096330403
WS043,1,1,45,未记录,一般水体,851213660,109.3159443,23.1145638,8723.362182872022,11744.890974102977
WS043,1,1,46,未记录,一般水体,851213660,109.3157619,23.1147167,8704.66324474867,11761.823751274085
WS043,1,1,47,未记录,一般水体,851213660,109.31566,23.1148993,8694.21685332954,11782.045629047052
WS043,1,1,48,未记录,一般水体,851213660,109.3159068,23.1147365,8719.517828816564,11764.016485008526
WS043,1,1,49,未记录,一般水体,851213660,109.3161052,23.1147562,8739.857024670266,11766.19814433004
WS043,1,1,50,未记录,一般水体,851213660,109.3162447,23.1148055,8754.158021755058,11771.657829840482
WS043,1,1,51,未记录,一般水体,851213660,109.316352,23.1151065,8765.158000157287,11804.991812368384
WS043,1,1,52,未记录,一般水体,851213660,109.3164647,23.1151509,8776.711565544074,11809.908851651582
WS043,1,1,53,未记录,一般水体,851213660,109.316647,23.1150769,8795.400252057223,11801.713786179453
WS043,1,1,54,未记录,一般水体,851213660,109.3168402,23.1150325,8815.206364148233,11796.796746896647
WS043,1,1,55,未记录,一般水体,851213660,109.3169367,23.1147957,8825.099168582805,11770.572537385993
WS043,1,1,56,未记录,一般水体,851213660,109.3170869,23.1147266,8840.497088025051,11762.920118141503
WS043,1,1,57,未记录,一般水体,851213660,109.3172049,23.114623,8852.593988783277,11751.447026480837
WS043,1,1,58,未记录,一般水体,851213660,109.3175429,23.1145884,8887.244433333433,11747.615279651733
WS043,1,1,59,未记录,一般水体,851213660,109.3176609,23.1147365,8899.341334093115,11764.016485008526
WS043,1,1,60,未记录,一般水体,851213660,109.3175214,23.1149634,8885.040337008322,11789.144327651764
WS043,1,1,61,未记录,一般水体,851213660,109.3173873,23.1150177,8871.29292690663,11795.157733801987
WS043,1,1,62,未记录,一般水体,851213660,109.3171996,23.115072,8852.05065341038,11801.171139952603
WS043,1,1,63,未记录,一般水体,851213660,109.3170547,23.1151558,8837.196069342488,11810.451497878827
WS043,1,1,64,未记录,一般水体,851213660,109.3170977,23.1152594,8841.604261992708,11821.924589539492
WS043,1,1,65,未记录,一般水体,851213660,109.3170655,23.1153482,8838.303243310145,11831.75866810589
WS043,1,1,66,未记录,一般水体,851213660,109.3170601,23.1154667,8837.749656327045,11844.881847273751
WS043,1,1,67,未记录,一般水体,851213660,109.3169099,23.1155407,8822.351736884799,11853.07691274588
WS043,1,1,68,未记录,一般水体,851213660,109.316808,23.1156492,8811.90534546567,11865.092650633791
WS043,1,1,69,未记录,一般水体,851213660,109.316867,23.1156936,8817.953795846239,11870.00968991699
WS043,1,1,70,未记录,一般水体,851213660,109.3170494,23.1156245,8836.652733969591,11862.357270672104
WS043,1,1,71,未记录,一般水体,851213660,109.3172479,23.1156393,8857.002181433498,11863.996283766766
WS043,1,1,72,未记录,一般水体,851213660,109.3172318,23.1153581,8855.351672092944,11832.855034973307
WS043,1,1,73,未记录,一般水体,851213660,109.3173981,23.115215,8872.400100875744,11817.007550256292
WS043,1,1,74,未记录,一般水体,851213660,109.3175805,23.1151312,8891.099038999097,11807.727192330069
WS043,1,1,75,未记录,一般水体,851213660,109.3176502,23.1150917,8898.244411735663,11803.352799274115
WS043,1,1,76,未记录,一般水体,851213660,109.317736,23.1150226,8907.04029381278,11795.70038002923
WS043,1,1,77,未记录,一般水体,851213660,109.3178809,23.115072,8921.894877882132,11801.171139952603
WS043,1,1,78,未记录,一般水体,851213660,109.3179989,23.1150078,8933.991778641814,11794.061366934962
WS043,1,1,79,未记录,一般水体,851213660,109.3180257,23.1147019,8936.739210339822,11760.184738179816
WS043,1,1,80,未记录,一般水体,851213660,109.3179077,23.1145194,8924.642309580138,11739.973934819778
WS043,1,1,81,未记录,一般水体,851213660,109.3179184,23.1144108,8925.739231936133,11727.947122519332
WS043,1,1,82,未记录,一般水体,851213660,109.318015,23.1143516,8935.642287982368,11721.391070141472
WS043,1,1,83,未记录,一般水体,851213660,109.3181491,23.1143467,8949.389698082603,11720.848423914227
WS043,1,1,84,未记录,一般水体,851213660,109.3182135,23.1143122,8955.991735446274,11717.027751498446
WS043,1,1,85,未记录,一般水体,851213660,109.3181437,23.114174,8948.836111098046,11701.722913008678
WS043,1,1,86,未记录,一般水体,851213660,109.3181974,23.1138928,8954.34122610572,11670.581664215217
WS043,1,1,87,未记录,一般水体,851213660,109.3182725,23.1137793,8962.040185826843,11658.012205687528
WS043,1,1,88,未记录,一般水体,851213660,109.3184012,23.113656,8975.234008942522,11644.357454704956
WS044,1,1,1,未记录,一般水体,851213694,109.3774527,23.1272578,15028.963968327662,13150.67693492927
WS044,1,1,2,未记录,一般水体,851213694,109.3777853,23.1273614,15063.060825891804,13162.150026590329
WS044,1,1,3,未记录,一般水体,851213694,109.3779248,23.1273959,15077.361822976596,13165.97069900611
WS044,1,1,4,未记录,一般水体,851213694,109.3780965,23.1272824,15094.963838742497,13153.401240478026
WS044,1,1,5,未记录,一般水体,851213694,109.3782091,23.1272528,15106.50715251908,13150.12321428949
WS044,1,1,6,未记录,一般水体,851213694,109.3782788,23.1260244,15113.652525255644,13014.085127454591
WS044,1,1,7,未记录,一般水体,851213694,109.3781555,23.1258962,15101.012289123066,12999.88773024517
WS044,1,1,8,未记录,一般水体,851213694,109.3779355,23.1258863,15078.45874533405,12998.791363378145
WS044,1,1,9,未记录,一般水体,851213694,109.3777531,23.1259554,15059.759807210698,13006.443782622637
WS044,1,1,10,未记录,一般水体,851213694,109.3777209,23.1261478,15056.458788528134,13027.7509528497
WS044,1,1,11,未记录,一般水体,851213694,109.3775374,23.1262978,15037.647082685246,13044.36257204979
WS044,1,1,12,未记录,一般水体,851213694,109.3774205,23.126424,15025.662949645099,13058.338481003379
WS044,1,1,13,未记录,一般水体,851213694,109.3773454,23.1267003,15017.963989923976,13088.937083569594
WS044,1,1,14,未记录,一般水体,851213694,109.3774044,23.127016,15024.012440304545,13123.899004779229
WS044,1,1,15,未记录,一般水体,851213694,109.3774527,23.1272578,15028.963968327662,13150.67693492927
WS045,1,1,1,未记录,一般水体,851213705,109.304899,23.1521095,7591.04101371733,15902.856780736061
WS045,1,1,2,未记录,一般水体,851213705,109.3051028,23.152287,7611.933796554132,15922.513863455926
WS045,1,1,3,未记录,一般水体,851213705,109.3052369,23.1524449,7625.681206654368,15940.000361266813
WS045,1,1,4,未记录,一般水体,851213705,109.3053496,23.152509,7637.234772041154,15947.099059871525
WS045,1,1,5,未记录,一般水体,851213705,109.3057895,23.1524695,7682.3316080089835,15942.724666815571
WS045,1,1,6,未记录,一般水体,851213705,109.3060148,23.1523364,7705.428487170895,15927.984623378905
WS045,1,1,7,未记录,一般水体,851213705,109.3062723,23.15207,7731.826385015371,15898.482387679713
WS045,1,1,8,未记录,一般水体,851213705,109.3061113,23.1519122,7715.321291605467,15881.006964281754
WS045,1,1,9,未记录,一般水体,851213705,109.3060362,23.151779,7707.622331884344,15866.25584643216
WS045,1,1,10,未记录,一般水体,851213705,109.3058377,23.1517839,7687.2728844204385,15866.798492659402
WS045,1,1,11,未记录,一般水体,851213705,109.3056768,23.1517247,7670.778042622196,15860.242440281541
WS045,1,1,12,未记录,一般水体,851213705,109.305532,23.1517001,7655.933710164507,15857.518134732785
WS045,1,1,13,未记录,一般水体,851213705,109.3055212,23.1515274,7654.82653619685,15838.392623827236
WS045,1,1,14,未记录,一般水体,851213705,109.3053013,23.1513795,7632.283244018038,15822.0135672963
WS045,1,1,15,未记录,一般水体,851213705,109.3050331,23.1515028,7604.788423817566,15835.668318278478
WS045,1,1,16,未记录,一般水体,851213705,109.3050545,23.1516507,7606.9822685310155,15852.047374809807
WS045,1,1,17,未记录,一般水体,851213705,109.3049633,23.1517938,7597.632799469338,15867.894859526426
WS045,1,1,18,未记录,一般水体,851213705,109.3048614,23.1519763,7587.186408050209,15888.105662886464
WS045,1,1,19,未记录,一般水体,851213705,109.304899,23.1521095,7591.04101371733,15902.856780736061
WS046,1,1,1,未记录,一般水体,858090459,109.2508203,22.9368258,2047.1031568537592,-7938.548848281269
WS046,1,1,2,未记录,一般水体,858090459,109.2508364,22.9366084,2048.7536661943127,-7962.624621708413
WS046,1,1,3,未记录,一般水体,858090459,109.2509061,22.9364454,2055.8990389308783,-7980.675914572404
WS046,1,1,4,未记录,一般水体,858090459,109.2509973,22.9361045,2065.2485079925546,-8018.428587807584
WS046,1,1,5,未记录,一般水体,858090459,109.2512333,22.9356895,2089.44230951192,-8064.387400927429
WS046,1,1,6,未记录,一般水体,858090459,109.2513299,22.9355018,2099.3453655581534,-8085.1740737527125
WS046,1,1,7,未记录,一般水体,858090459,109.2510295,22.935403,2068.549526675118,-8096.115593599064
WS046,1,1,8,未记录,一般水体,858090459,109.2509597,22.9356352,2061.393902326891,-8070.400807077652
WS046,1,1,9,未记录,一般水体,858090459,109.2508095,22.9356846,2045.9959828861017,-8064.930047154673
WS046,1,1,10,未记录,一般水体,858090459,109.2507076,22.9360007,2035.5495914669723,-8029.923828293715
WS046,1,1,11,未记录,一般水体,858090459,109.2504126,22.9362033,2005.3073395684944,-8007.487067961233
WS046,1,1,12,未记录,一般水体,858090459,109.2503536,22.936312,1999.2588891879245,-7995.449181247464
WS046,1,1,13,未记录,一般水体,858090459,109.2502677,22.936396,1990.452755499144,-7986.146674495776
WS046,1,1,14,未记录,一般水体,858090459,109.2501658,22.9363466,1980.0063640814715,-7991.617434418755
WS046,1,1,15,未记录,一般水体,858090459,109.2498922,22.9366578,1951.9579568964425,-7957.153861785434
WS046,1,1,16,未记录,一般水体,858090459,109.2503965,22.9367072,2003.656830226484,-7951.683101862061
WS046,1,1,17,未记录,一般水体,858090459,109.2508203,22.9368258,2047.1031568537592,-7938.548848281269
WS047,1,1,1,未记录,一般水体,858128093,109.2501068,22.8898751,1973.9579137009018,-13138.063178749862
WS047,1,1,2,未记录,一般水体,858128093,109.2502356,22.8892771,1987.161988428242,-13204.288167293606
WS047,1,1,3,未记录,一般水体,858128093,109.2501819,22.8889905,1981.6568734220248,-13236.027434378564
WS047,1,1,4,未记录,一般水体,858128093,109.2500693,22.8885902,1970.1135596468994,-13280.358308816676
WS047,1,1,5,未记录,一般水体,858128093,109.250021,22.8883678,1965.1620316237827,-13304.9878028836
WS047,1,1,6,未记录,一般水体,858128093,109.2498225,22.8882838,1944.81258415842,-13314.290309635682
WS047,1,1,7,未记录,一般水体,858128093,109.2492861,22.8886594,1889.8229437574762,-13272.694815158862
WS047,1,1,8,未记录,一般水体,858128093,109.2493504,22.8891585,1896.4147295094847,-13217.422420874398
WS047,1,1,9,未记录,一般水体,858128093,109.2493397,22.8894353,1895.3178071520317,-13186.768446244323
WS047,1,1,10,未记录,一般水体,858128093,109.2492753,22.8897021,1888.7157697883617,-13157.221912893807
WS047,1,1,11,未记录,一般水体,858128093,109.2493772,22.8897861,1899.162161207491,-13147.919406142119
WS047,1,1,12,未记录,一般水体,858128093,109.2498708,22.8898702,1949.7641121815366,-13138.605824977107
WS047,1,1,13,未记录,一般水体,858128093,109.2501068,22.8898751,1973.9579137009018,-13138.063178749862
WS048,1,1,1,未记录,一般水体,858128094,109.2476714,22.8912885,1724.2901839555127,-12981.537428235233
WS048,1,1,2,未记录,一般水体,858128094,109.2476553,22.8911254,1722.6396746149594,-12999.599795512153
WS048,1,1,3,未记录,一般水体,858128094,109.2474407,22.8909821,1700.6397178090433,-13015.469429054632
WS048,1,1,4,未记录,一般水体,858128094,109.2471671,22.8909574,1672.5913106240143,-13018.204809015924
WS048,1,1,5,未记录,一般水体,858128094,109.2468077,22.8911551,1635.747021361866,-12996.310694910688
WS048,1,1,6,未记录,一般水体,858128094,109.2467809,22.8914269,1632.9995896638598,-12966.210440920391
WS048,1,1,7,未记录,一般水体,858128094,109.2468721,22.8915751,1642.3490587255362,-12949.79816115067
WS048,1,1,8,未记录,一般水体,858128094,109.2471188,22.8917679,1667.6397826008974,-12928.446693272283
WS048,1,1,9,未记录,一般水体,858128094,109.2473119,22.8917827,1687.4356430817031,-12926.807680178013
WS048,1,1,10,未记录,一般水体,858128094,109.2475694,22.8916838,1713.8335409261788,-12937.760274437294
WS048,1,1,11,未记录,一般水体,858128094,109.2475802,22.8915801,1714.9407148938365,-12949.244440510889
WS048,1,1,12,未记录,一般水体,858128094,109.2472851,22.8915751,1684.6882113836969,-12949.79816115067
WS048,1,1,13,未记录,一般水体,858128094,109.2471081,22.8916295,1666.5428602449015,-12943.773680587516
WS048,1,1,14,未记录,一般水体,858128094,109.2470115,22.8915652,1656.639804198668,-12950.894528018087
WS048,1,1,15,未记录,一般水体,858128094,109.2469525,22.891412,1650.591353819555,-12967.860528427589
WS048,1,1,16,未记录,一般水体,858128094,109.2470169,22.8912391,1657.193391183225,-12987.008188158605
WS048,1,1,17,未记录,一般水体,858128094,109.2471564,22.8911798,1671.4943882665614,-12993.575314949001
WS048,1,1,18,未记录,一般水体,858128094,109.2474407,22.8912144,1700.6397178090433,-12989.743568120291
WS048,1,1,19,未记录,一般水体,858128094,109.2476714,22.8912885,1724.2901839555127,-12981.537428235233
WS049,1,1,1,未记录,一般水体,858384963,109.0722108,22.884041,-16263.247658632206,-13784.155495912195
WS049,1,1,2,未记录,一般水体,858384963,109.0720081,22.88391,-16284.027673749473,-13798.662976680098
WS049,1,1,3,未记录,一般水体,858384963,109.0714073,22.8838853,-16345.619351515545,-13801.398356641785
WS049,1,1,4,未记录,一般水体,858384963,109.0713108,22.884083,-16355.512155950117,-13779.504242536153
WS049,1,1,5,未记录,一般水体,858384963,109.0716648,22.8841867,-16319.221453672526,-13768.020076462559
WS049,1,1,6,未记录,一般水体,858384963,109.072153,22.8842806,-16269.17308968158,-13757.621202843451
WS049,1,1,7,未记录,一般水体,858384963,109.0722108,22.884041,-16263.247658632206,-13784.155495912195
WS050,1,1,1,未记录,一般水体,858384969,109.2069983,22.9069535,-2445.357733727643,-11246.73066312241
WS050,1,1,2,未记录,一般水体,858384969,109.2071217,22.9068597,-2432.707245983403,-11257.118462328981
WS050,1,1,3,未记录,一般水体,858384969,109.2071915,22.9066472,-2425.5516216366323,-11280.65158952888
WS050,1,1,4,未记录,一般水体,858384969,109.2072934,22.9063853,-2415.105230217503,-11309.655476651757
WS050,1,1,5,未记录,一般水体,858384969,109.2073417,22.9061728,-2410.1537021943864,-11333.188603851657
WS050,1,1,6,未记录,一般水体,858384969,109.2076313,22.90557,-2380.465037279009,-11399.945164209714
WS050,1,1,7,未记录,一般水体,858384969,109.2079425,22.9051598,-2348.562024428316,-11445.372405515245
WS050,1,1,8,未记录,一般水体,858384969,109.2075241,22.9050412,-2391.454764071034,-11458.506659096038
WS050,1,1,9,未记录,一般水体,858384969,109.2073739,22.9051796,-2406.8526835132798,-11443.179671780803
WS050,1,1,10,未记录,一般水体,858384969,109.206816,22.9066076,-2464.046420239334,-11285.03705699737
WS050,1,1,11,未记录,一般水体,858384969,109.2068267,22.9069634,-2462.9494978833377,-11245.634296255384
WS050,1,1,12,未记录,一般水体,858384969,109.2069983,22.9069535,-2445.357733727643,-11246.73066312241
WS051,1,1,1,未记录,一般水体,858384971,109.2563885,22.9251761,2617.9333501568412,-9228.684716237605
WS051,1,1,2,未记录,一般水体,858384971,109.2563242,22.9250822,2611.3415644033757,-9239.083589857106
WS051,1,1,3,未记录,一般水体,858384971,109.2563778,22.9248549,2616.8364277993883,-9264.255730151273
WS051,1,1,4,未记录,一般水体,858384971,109.2566246,22.9245437,2642.1374032864114,-9298.719302784593
WS051,1,1,5,未记录,一般水体,858384971,109.2565763,22.9236692,2637.1858752647513,-9395.565042720411
WS051,1,1,6,未记录,一般水体,858384971,109.2565066,22.923684,2630.0405025267287,-9393.92602962575
WS051,1,1,7,未记录,一般水体,858384971,109.2564261,22.923852,2621.7879558225054,-9375.32101612198
WS051,1,1,8,未记录,一般水体,858384971,109.2560399,22.9243065,2582.1962348623506,-9324.987809946178
WS051,1,1,9,未记录,一般水体,858384971,109.2559701,22.9245486,2575.0406105141233,-9298.17665655735
WS051,1,1,10,未记录,一般水体,858384971,109.2560238,22.9248599,2580.5457255203405,-9263.7020095111
WS051,1,1,11,未记录,一般水体,858384971,109.2559272,22.9251069,2570.6426694755637,-9236.34820989542
WS051,1,1,12,未记录,一般水体,858384971,109.2557555,22.9252996,2553.040653709664,-9215.007816429963
WS051,1,1,13,未记录,一般水体,858384971,109.2557448,22.9254972,2551.943731352211,-9193.12477673726
WS051,1,1,14,未记录,一般水体,858384971,109.2558145,22.9255466,2559.0891040887773,-9187.654016813889
WS051,1,1,15,未记录,一般水体,858384971,109.2558628,22.9254972,2564.040632111894,-9193.12477673726
WS051,1,1,16,未记录,一般水体,858384971,109.2558628,22.9253638,2564.040632111894,-9207.898043412322
WS051,1,1,17,未记录,一般水体,858384971,109.2560077,22.9253589,2578.8952161797874,-9208.440689639567
WS051,1,1,18,未记录,一般水体,858384971,109.256072,22.9252798,2585.487001933253,-9217.200550164403
WS051,1,1,19,未记录,一般水体,858384971,109.2562491,22.9252551,2603.6426046837096,-9219.935930125697
WS051,1,1,20,未记录,一般水体,858384971,109.2563885,22.9251761,2617.9333501568412,-9228.684716237605
WS052,1,1,1,未记录,一般水体,990436745,109.1108608,22.8904317,-12301.000079312083,-13076.422997105372
WS052,1,1,2,未记录,一般水体,990436745,109.1107785,22.8906288,-12309.437155011645,-13054.59532947653
WS052,1,1,3,未记录,一般水体,990436745,109.1108197,22.891311,-12305.21349135676,-12979.045685355239
WS052,1,1,4,未记录,一般水体,990436745,109.1106551,22.8917051,-12322.087642754426,-12935.401424510877
WS052,1,1,5,未记录,一般水体,990436745,109.1104823,22.8921902,-12339.802426239861,-12881.679448018036
WS052,1,1,6,未记录,一般水体,990436745,109.110507,22.8925313,-12337.270278369264,-12843.90462595739
WS052,1,1,7,未记录,一般水体,990436745,109.1105564,22.8927057,-12332.20598262807,-12824.590850034401
WS052,1,1,8,未记录,一般水体,990436745,109.1106634,22.8928421,-12321.236759056454,-12809.485350975394
WS052,1,1,9,未记录,一般水体,990436745,109.1108361,22.8928345,-12303.53222718268,-12810.327006348189
WS052,1,1,10,未记录,一般水体,990436745,109.1110007,22.8927587,-12286.658075783558,-12818.721411250293
WS052,1,1,11,未记录,一般水体,990436745,109.110976,22.8925995,-12289.190223655612,-12836.351876428083
WS052,1,1,12,未记录,一般水体,990436745,109.111083,22.8924783,-12278.221000085452,-12849.774064741498
WS052,1,1,13,未记录,一般水体,990436745,109.111445,22.8924176,-12241.110168940502,-12856.496233310938
WS052,1,1,14,未记录,一般水体,990436745,109.1116013,22.8923494,-12225.086901239352,-12864.048982840639
WS052,1,1,15,未记录,一般水体,990436745,109.1117823,22.8923343,-12206.531485667607,-12865.721219173302
WS052,1,1,16,未记录,一般水体,990436745,109.1117988,22.8924858,-12204.83996988332,-12848.943483781632
WS052,1,1,17,未记录,一般水体,990436745,109.1119222,22.8927815,-12192.189482140537,-12816.196445131904
WS052,1,1,18,未记录,一般水体,990436745,109.1119304,22.8929482,-12191.34885005277,-12797.73539899464
WS052,1,1,19,未记录,一般水体,990436745,109.111807,22.8932438,-12203.999337797008,-12764.999434757843
WS052,1,1,20,未记录,一般水体,990436745,109.1117741,22.893403,-12207.372117753917,-12747.368969580448
WS052,1,1,21,未记录,一般水体,990436745,109.111914,22.8934939,-12193.030114226849,-12737.302328345288
WS052,1,1,22,未记录,一般水体,990436745,109.1122678,22.8933878,-12156.759915169669,-12749.05228032604
WS052,1,1,23,未记录,一般水体,990436745,109.1124323,22.8934333,-12139.896015382206,-12744.013422501797
WS052,1,1,24,未记录,一般水体,990436745,109.1126956,22.893638,-12112.903524110898,-12721.344099500553
WS052,1,1,25,未记录,一般水体,990436745,109.1127861,22.8937896,-12103.625816325024,-12704.55528969556
WS052,1,1,26,未记录,一般水体,990436745,109.112819,22.8939411,-12100.25303636666,-12687.77755430389
WS052,1,1,27,未记录,一般水体,990436745,109.1128766,22.8940927,-12094.348108537695,-12670.988744498896
WS052,1,1,28,未记录,一般水体,990436745,109.113033,22.8943808,-12078.31458922634,-12639.083361222358
WS052,1,1,29,未记录,一般水体,990436745,109.1130576,22.8945324,-12075.792692965948,-12622.294551417759
WS052,1,1,30,未记录,一般水体,990436745,109.113033,22.894684,-12078.31458922634,-12605.505741612764
WS052,1,1,31,未记录,一般水体,990436745,109.1130494,22.8948431,-12076.633325053717,-12587.886350848297
WS052,1,1,32,未记录,一般水体,990436745,109.113288,22.8953282,-12052.172981653006,-12534.164374355454
WS052,1,1,33,未记录,一般水体,990436745,109.1134032,22.8955025,-12040.363125996535,-12514.861672845394
WS052,1,1,34,未记录,一般水体,990436745,109.1137899,22.8954874,-12000.720146980986,-12516.533909178059
WS052,1,1,35,未记录,一般水体,990436745,109.1147361,22.8956162,-11903.719405465912,-12502.270065491846
WS052,1,1,36,未记录,一般水体,990436745,109.1158551,22.8954571,-11789.003880465403,-12519.889456256315
WS052,1,1,37,未记录,一般水体,990436745,109.1158962,22.894828,-11784.790468422181,-12589.55858718096
WS052,1,1,38,未记录,一般水体,990436745,109.1165298,22.8939639,-11719.836262309407,-12685.2525881855
WS052,1,1,39,未记录,一般水体,990436745,109.1164804,22.893835,-11724.900558050602,-12699.527506284641
WS052,1,1,40,未记录,一般水体,990436745,109.1163076,22.8937138,-11742.615341536037,-12712.949694598057
WS052,1,1,41,未记录,一般水体,990436745,109.1162007,22.8935925,-11753.57431349599,-12726.382957324402
WS052,1,1,42,未记录,一般水体,990436745,109.1162007,22.8934257,-11753.57431349599,-12744.855077874594
WS052,1,1,43,未记录,一般水体,990436745,109.1163158,22.8932893,-11741.774709449724,-12759.960576933996
WS052,1,1,44,未记录,一般水体,990436745,109.1165874,22.8931983,-11713.931334480443,-12770.038292581692
WS052,1,1,45,未记录,一般水体,990436745,109.1166779,22.8931301,-11704.65362669457,-12777.591042111391
WS052,1,1,46,未记录,一般水体,990436745,109.1164804,22.892933,-11724.900558050602,-12799.418709740234
WS052,1,1,47,未记录,一般水体,990436745,109.116176,22.8917279,-11756.106461366588,-12932.87645839249
WS052,1,1,48,未记录,一般水体,990436745,109.1156247,22.8915308,-11812.623591779802,-12954.704126020937
WS052,1,1,49,未记录,一般水体,990436745,109.1151722,22.8913261,-11859.012130709169,-12977.373449022576
WS052,1,1,50,未记录,一般水体,990436745,109.1150652,22.8911821,-11869.981354279329,-12993.32060345438
WS052,1,1,51,未记录,一般水体,990436745,109.1150323,22.8910229,-11873.354134237694,-13010.95106863217
WS052,1,1,52,未记录,一般水体,990436745,109.1148924,22.8907122,-11887.696137764762,-13045.35926920163
WS052,1,1,53,未记录,一般水体,990436745,109.1146374,22.8903938,-11913.837745338098,-13080.620199556815
WS052,1,1,54,未记录,一般水体,990436745,109.1141848,22.890174,-11960.236535879127,-13104.961758891117
WS052,1,1,55,未记录,一般水体,990436745,109.1108608,22.8904317,-12301.000079312083,-13076.422997105372
WS053,1,1,1,未记录,池塘,995653921,109.187703,23.1992203,-4423.436794975554,21120.101246097234
WS053,1,1,2,未记录,池塘,995653921,109.1877685,23.1996315,-4416.721989892349,21165.639231530484
WS053,1,1,3,未记录,池塘,995653921,109.1883242,23.1998093,-4359.753788603908,21185.329537488746
WS053,1,1,4,未记录,池塘,995653921,109.1886594,23.199687,-4325.3903891569635,21171.78553063468
WS053,1,1,5,未记录,池塘,995653921,109.1888467,23.1996371,-4306.189122104447,21166.25939864745
WS053,1,1,6,未记录,池塘,995653921,109.1889502,23.199551,-4295.578704913303,21156.724329226603
WS053,1,1,7,未记录,池塘,995653921,109.1891869,23.1996598,-4271.313142118135,21168.773290352907
WS053,1,1,8,未记录,池塘,995653921,109.1892855,23.1995057,-4261.205053856154,21151.70762022822
WS053,1,1,9,未记录,池塘,995653921,109.1890833,23.1992248,-4281.93381092094,21120.599594673156
WS053,1,1,10,未记录,池塘,995653921,109.1888418,23.1991614,-4306.691451033611,21113.578416958164
WS053,1,1,11,未记录,池塘,995653921,109.1885854,23.1989756,-4332.976581160008,21093.00215797578
WS053,1,1,12,未记录,池塘,995653921,109.1883784,23.1989665,-4354.197415542297,21091.994386411014
WS053,1,1,13,未记录,池塘,995653921,109.1881073,23.1991296,-4381.989532457642,21110.05675368754
WS053,1,1,14,未记录,池塘,995653921,109.1877622,23.1991115,-4417.367841374575,21108.05228497093
WS053,1,1,15,未记录,池塘,995653921,109.187703,23.1992203,-4423.436794975554,21120.101246097234
WS054,1,1,1,未记录,水库,995656821,109.1965347,23.1852347,-3518.045282781896,19571.278169546516
WS054,1,1,2,未记录,水库,995656821,109.1978487,23.186293,-3383.3391166964952,19688.478680208485
WS054,1,1,3,未记录,水库,995656821,109.1988114,23.1864724,-3284.6468593971354,19708.34617677165
WS054,1,1,4,未记录,水库,995656821,109.1994814,23.1861375,-3215.961066948436,19671.257968304755
WS054,1,1,5,未记录,水库,995656821,109.1995299,23.1854903,-3210.9890357034533,19599.584368663498
WS054,1,1,6,未记录,水库,995656821,109.1997567,23.1848196,-3187.7383823797304,19525.308282014135
WS054,1,1,7,未记录,水库,995656821,109.1999736,23.1841218,-3165.502638524539,19448.031029495927
WS054,1,1,8,未记录,水库,995656821,109.1996384,23.1832154,-3199.866037971484,19347.652551877345
WS054,1,1,9,未记录,水库,995656821,109.1991651,23.1826898,-3248.3869119501583,19289.445438200433
WS054,1,1,10,未记录,水库,995656821,109.1996088,23.1823725,-3202.9005147727016,19254.30632638629
WS054,1,1,11,未记录,水库,995656821,109.1997863,23.181584,-3184.7039055785126,19166.984581458782
WS054,1,1,12,未记录,水库,995656821,109.1995595,23.181294,-3207.954558902235,19134.86878433895
WS054,1,1,13,未记录,水库,995656821,109.1986229,23.1814753,-3303.9711457793915,19154.946694745013
WS054,1,1,14,未记录,水库,995656821,109.1976369,23.1817653,-3405.052028397743,19187.06249186485
WS054,1,1,15,未记录,水库,995656821,109.1970848,23.1819556,-3461.6511716984214,19208.137099423147
WS054,1,1,16,未记录,水库,995656821,109.1973609,23.1826082,-3433.3464742422516,19280.408717355902
WS054,1,1,17,未记录,水库,995656821,109.1978736,23.183007,-3380.7864656040315,19324.573475602043
WS054,1,1,18,未记录,水库,995656821,109.1981693,23.1834058,-3350.4724524282938,19368.73823384818
WS054,1,1,19,未记录,水库,995656821,109.1983172,23.1838589,-3335.3103200353225,19418.916398244935
WS054,1,1,20,未记录,水库,995656821,109.1985144,23.1842577,-3315.094143512818,19463.081156491076
WS054,1,1,21,未记录,水库,995656821,109.197913,23.1846112,-3376.7473309430297,19502.229205738833
WS054,1,1,22,未记录,水库,995656821,109.1975679,23.184303,-3412.1256398599626,19468.097865489457
WS054,1,1,23,未记录,水库,995656821,109.1967989,23.184303,-3490.9605270129186,19468.097865489457
WS054,1,1,24,未记录,水库,995656821,109.1966609,23.1844299,-3505.107749935901,19482.151295332766
WS054,1,1,25,未记录,水库,995656821,109.1965347,23.1852347,-3518.045282781896,19571.278169546516
WS055,1,1,1,未记录,水库,995656823,109.172774,23.1746364,-5953.899773284595,18397.578677769074
WS055,1,1,2,未记录,水库,995656823,109.1737603,23.1738259,-5852.788135834173,18307.82056202543
WS055,1,1,3,未记录,水库,995656823,109.1742982,23.1743754,-5797.644721269961,18368.674460360984
WS055,1,1,4,未记录,水库,995656823,109.1743879,23.1738121,-5788.449026370095,18306.292293058883
WS055,1,1,5,未记录,水库,995656823,109.1751202,23.1739633,-5713.3764803851345,18323.036805212552
WS055,1,1,6,未记录,水库,995656823,109.1755236,23.1749112,-5672.021482363435,18428.011164143314
WS055,1,1,7,未记录,水库,995656823,109.1756133,23.1741144,-5662.825787465026,18339.77024295329
WS055,1,1,8,未记录,水库,995656823,109.1764203,23.1736885,-5580.095288201217,18292.60431883831
WS055,1,1,9,未记录,水库,995656823,109.1765996,23.173922,-5561.714150013147,18318.46307272623
WS055,1,1,10,未记录,水库,995656823,109.1768387,23.174554,-5537.2025485585,18388.453361621894
WS055,1,1,11,未记录,水库,995656823,109.1774813,23.1749249,-5471.325697473405,18429.528358696934
WS055,1,1,12,未记录,水库,995656823,109.1781837,23.1746227,-5399.318383120275,18396.061483215453
WS055,1,1,13,未记录,水库,995656823,109.1784676,23.1740457,-5370.214060021525,18332.162121359732
WS055,1,1,14,未记录,水库,995656823,109.1778549,23.1734275,-5433.025679474789,18263.700101430222
WS055,1,1,15,未记录,水库,995656823,109.1770479,23.1733862,-5515.7561787371405,18259.1263689439
WS055,1,1,16,未记录,水库,995656823,109.1762858,23.1726719,-5593.883704745185,18180.021838313984
WS055,1,1,17,未记录,水库,995656823,109.1755984,23.1729466,-5664.35327747584,18210.443250275297
WS055,1,1,18,未记录,水库,995656823,109.1744178,23.1723147,-5785.383794736807,18140.464035792564
WS055,1,1,19,未记录,水库,995656823,109.1742833,23.1714629,-5799.172211280776,18046.132187562598
WS055,1,1,20,未记录,水库,995656823,109.1737901,23.1712568,-5849.733155811089,18023.307822781524
WS055,1,1,21,未记录,水库,995656823,109.17382,23.1706386,-5846.6679241778,17954.845802852407
WS055,1,1,22,未记录,水库,995656823,109.1733269,23.1711606,-5897.2186170979085,18012.654237668186
WS055,1,1,23,未记录,水库,995656823,109.1721612,23.1708584,-6016.721644348063,17979.18736218671
WS055,1,1,24,未记录,水库,995656823,109.1721612,23.1697181,-6016.721644348063,17852.905833028883
WS055,1,1,25,未记录,水库,995656823,109.1716083,23.1693883,-6073.402800534749,17816.382419614696
WS055,1,1,26,未记录,水库,995656823,109.1707565,23.1694433,-6160.72602144266,17822.47334665464
WS055,1,1,27,未记录,水库,995656823,109.1694564,23.1693609,-6294.00721362512,17813.34803050746
WS055,1,1,28,未记录,水库,995656823,109.1694863,23.1697318,-6290.941981991831,17854.4230275825
WS055,1,1,29,未记录,水库,995656823,109.1687988,23.1703775,-6361.42180633269,17925.930511031784
WS055,1,1,30,未记录,水库,995656823,109.1689677,23.1708145,-6344.1068356700025,17974.32569496737
WS055,1,1,31,未记录,水库,995656823,109.1692023,23.1714217,-6320.056556702243,18041.56952948881
WS055,1,1,32,未记录,水库,995656823,109.170622,23.1712156,-6174.514437986628,18018.74516470813
WS055,1,1,33,未记录,水库,995656823,109.1723705,23.1718338,-5995.265022916499,18087.20718463764
WS055,1,1,34,未记录,水库,995656823,109.1731924,23.1721086,-5911.007033641877,18117.639671011882
WS055,1,1,35,未记录,水库,995656823,109.1730131,23.172768,-5929.388171829947,18190.664349014784
WS055,1,1,36,未记录,水库,995656823,109.1732073,23.1737847,-5909.479543631063,18303.257903951642
WS055,1,1,37,未记录,水库,995656823,109.172774,23.1746364,-5953.899773284595,18397.578677769074
WS056,1,1,1,未记录,水库,995656824,109.1753443,23.1817663,-5690.402620551506,19187.173235992963
WS056,1,1,2,未记录,水库,995656824,109.1765996,23.1820411,-5561.714150013147,19217.605722367203
WS056,1,1,3,未记录,水库,995656824,109.1771675,23.1808734,-5503.495252205443,19088.28980410214
WS056,1,1,4,未记录,水库,995656824,109.1783032,23.1809146,-5387.067708198782,19092.852462175928
WS056,1,1,5,未记录,水库,995656824,109.1787366,23.1814229,-5342.637226935046,19149.143702438087
WS056,1,1,6,未记录,水库,995656824,109.1797827,23.181313,-5235.39512621659,19136.972922770743
WS056,1,1,7,未记录,水库,995656824,109.1804701,23.1806948,-5164.925553487393,19068.510902841626
WS056,1,1,8,未记录,水库,995656824,109.1801413,23.1803788,-5198.632849840449,19033.515758393598
WS056,1,1,9,未记录,水库,995656824,109.1803057,23.1799805,-5181.779201663193,18989.406372211317
WS056,1,1,10,未记录,水库,995656824,109.180754,23.1796645,-5135.821230388643,18954.41122776368
WS056,1,1,11,未记录,水库,995656824,109.1800965,23.1791287,-5203.225571484551,18895.07452398135
WS056,1,1,12,未记录,水库,995656824,109.1812771,23.1789776,-5082.195054223584,18878.341086240613
WS056,1,1,13,未记录,水库,995656824,109.1812771,23.1786891,-5082.195054223584,18846.391405312752
WS056,1,1,14,未记录,水库,995656824,109.1812323,23.1776863,-5086.787775867686,18735.337193754975
WS056,1,1,15,未记录,水库,995656824,109.1793643,23.1778649,-5278.287865859308,18755.116095015488
WS056,1,1,16,未记录,水库,995656824,109.1785274,23.177123,-5364.083596756405,18672.95502645287
WS056,1,1,17,未记录,水库,995656824,109.1779296,23.1774115,-5425.367726197398,18704.904707380734
WS056,1,1,18,未记录,水库,995656824,109.1777503,23.1786616,-5443.748864385469,18843.345941792977
WS056,1,1,19,未记录,水库,995656824,109.1773767,23.1797744,-5482.048882384084,18966.582007430636
WS056,1,1,20,未记录,水库,995656824,109.1764502,23.1797881,-5577.030056567929,18968.099201984256
WS056,1,1,21,未记录,水库,995656824,109.1763755,23.1786616,-5584.688009845319,18843.345941792977
WS056,1,1,22,未记录,水库,995656824,109.1766743,23.1774802,-5554.056196735756,18712.512828974293
WS056,1,1,23,未记录,水库,995656824,109.1756133,23.1773428,-5662.825787465026,18697.29658578717
WS056,1,1,24,未记录,水库,995656824,109.1759421,23.1779748,-5629.118491110513,18767.286874682835
WS056,1,1,25,未记录,水库,995656824,109.1761662,23.1787715,-5606.14463127834,18855.51672145993
WS056,1,1,26,未记录,水库,995656824,109.1756133,23.1798568,-5662.825787465026,18975.707323577815
WS056,1,1,27,未记录,水库,995656824,109.1745971,23.1797332,-5767.002656548737,18962.019349357244
WS056,1,1,28,未记录,水库,995656824,109.1747167,23.1802689,-5754.741730015582,19021.344978726644
WS056,1,1,29,未记录,水库,995656824,109.1748362,23.1809284,-5742.4910550940895,19094.380731142082
WS056,1,1,30,未记录,水库,995656824,109.1753443,23.1817663,-5690.402620551506,19187.173235992963
WS057,1,1,1,未记录,池塘,995766686,109.0586477,23.1851859,-17653.68388484351,19565.873856100327
WS057,1,1,2,未记录,池塘,995766686,109.0592097,23.1851316,-17596.069832072844,19559.86044994971
WS057,1,1,3,未记录,池塘,995766686,109.0596534,23.184905,-17550.58343489393,19534.76583054526
WS057,1,1,4,未记录,池塘,995766686,109.0602252,23.1849775,-17491.96472426348,19542.794779825024
WS057,1,1,5,未记录,池塘,995766686,109.0606097,23.1851225,-17452.547280687002,19558.85267838494
WS057,1,1,6,未记录,池塘,995766686,109.0612605,23.1855394,-17385.82979751414,19605.021905348083
WS057,1,1,7,未记录,池塘,995766686,109.061714,23.185476,-17339.338742476895,19598.00072763309
WS057,1,1,8,未记录,池塘,995766686,109.0617337,23.1850862,-17337.31917514567,19554.83266653879
WS057,1,1,9,未记录,池塘,995766686,109.0630056,23.1849866,-17206.92893721282,19543.802551389792
WS057,1,1,10,未记录,池塘,995766686,109.0629464,23.1857841,-17212.9978908138,19632.120993469536
WS057,1,1,11,未记录,池塘,995766686,109.0634394,23.1857841,-17162.45744950535,19632.120993469536
WS057,1,1,12,未记录,池塘,995766686,109.0641591,23.185766,-17088.676606481928,19630.116524752924
WS057,1,1,13,未记录,池塘,995766686,109.0644647,23.1856572,-17057.347683836204,19618.06756362662
WS057,1,1,14,未记录,池塘,995766686,109.0647309,23.1852222,-17030.057895851478,19569.893867946477
WS057,1,1,15,未记录,池塘,995766686,109.0651155,23.1850409,-16990.630200663338,19549.81595754041
WS057,1,1,16,未记录,池塘,995766686,109.0658451,23.1847509,-16915.834448169928,19517.700160420576
WS057,1,1,17,未记录,池塘,995766686,109.0661408,23.1844246,-16885.520434995648,19481.5643514542
WS057,1,1,18,未记录,池塘,995766686,109.0659042,23.1839896,-16909.77574617915,19433.390655774445
WS057,1,1,19,未记录,池塘,995766686,109.0664761,23.1834821,-16851.146783938497,19377.188010814538
WS057,1,1,20,未记录,池塘,995766686,109.0663084,23.1833824,-16868.338735272904,19366.146821253
WS057,1,1,21,未记录,池塘,995766686,109.0656774,23.1833733,-16933.02639950433,19365.139049688234
WS057,1,1,22,未记录,池塘,995766686,109.0652535,23.183183,-16976.482977741813,19344.064442129933
WS057,1,1,23,未记录,池塘,995766686,109.0637352,23.1822948,-17132.13318471941,19245.70150764089
WS057,1,1,24,未记录,池塘,995766686,109.0640112,23.1814156,-17103.8387388749,19148.335270303687
WS057,1,1,25,未记录,池塘,995766686,109.0631929,23.1810894,-17187.727670158845,19112.21053575024
WS057,1,1,26,未记录,池塘,995766686,109.062345,23.1814428,-17274.651078245468,19151.347510585067
WS057,1,1,27,未记录,池塘,995766686,109.0611126,23.1810894,-17400.991929907108,19112.21053575024
WS057,1,1,28,未记录,池塘,995766686,109.0602844,23.1804277,-17485.8957706625,19038.931146252715
WS057,1,1,29,未记录,池塘,995766686,109.0600478,23.1806543,-17510.15108184601,19064.025765657556
WS057,1,1,30,未记录,池塘,995766686,109.059259,23.1800199,-17591.015787941855,18993.769690854737
WS057,1,1,31,未记录,池塘,995766686,109.0594069,23.179893,-17575.853655548883,18979.71626101143
WS057,1,1,32,未记录,池塘,995766686,109.0593576,23.1796936,-17580.907699679872,18957.63388188836
WS057,1,1,33,未记录,池塘,995766686,109.0591013,23.1795214,-17607.18257819461,18938.56374304667
WS057,1,1,34,未记录,池塘,995766686,109.0588548,23.1788869,-17632.452798848106,18868.296593830917
WS057,1,1,35,未记录,池塘,995766686,109.0582829,23.1790863,-17691.081761090216,18890.378972954382
WS057,1,1,36,未记录,池塘,995766686,109.0578787,23.179177,-17732.518771996467,18900.42346536368
WS057,1,1,37,未记录,池塘,995766686,109.0574646,23.1791226,-17774.97069237416,18894.39898480053
WS057,1,1,38,未记录,池塘,995766686,109.0570308,23.1786422,-17819.44218008163,18841.197505709464
WS057,1,1,39,未记录,池塘,995766686,109.0566759,23.1784338,-17855.825146858348,18818.118429434555
WS057,1,1,40,未记录,池塘,995766686,109.0563899,23.1782616,-17885.144753784505,18799.048290592866
WS057,1,1,41,未记录,池塘,995766686,109.0559167,23.1781528,-17933.655376152976,18786.999329466562
WS057,1,1,42,未记录,池塘,995766686,109.0558477,23.1777812,-17940.72898761374,18745.8468115018
WS057,1,1,43,未记录,池塘,995766686,109.0560251,23.177464,-17922.542630031214,18710.718774100587
WS057,1,1,44,未记录,池塘,995766686,109.0560843,23.1770017,-17916.473676430232,18659.521763726527
WS057,1,1,45,未记录,池塘,995766686,109.0558477,23.177038,-17940.72898761374,18663.541775572674
WS057,1,1,46,未记录,池塘,995766686,109.0555913,23.1772374,-17967.01411773868,18685.624154695746
WS057,1,1,47,未记录,池塘,995766686,109.0554336,23.1775546,-17983.180907991435,18720.752192097352
WS057,1,1,48,未记录,池塘,995766686,109.0552265,23.1779806,-18004.411993985384,18767.929190625266
WS057,1,1,49,未记录,池塘,995766686,109.0548519,23.1781165,-18042.814528091876,18782.97931762041
WS057,1,1,50,未记录,池塘,995766686,109.0543392,23.1781165,-18095.374536731553,18782.97931762041
WS057,1,1,51,未记录,池塘,995766686,109.0541124,23.1786332,-18118.62519005673,18840.200808557624
WS057,1,1,52,未记录,池塘,995766686,109.0537082,23.1788598,-18160.06220096298,18865.29542796247
WS057,1,1,53,未记录,池塘,995766686,109.0538364,23.1793764,-18146.91963590124,18922.50584448675
WS057,1,1,54,未记录,池塘,995766686,109.0541814,23.1799927,-18111.55157859451,18990.757450572964
WS057,1,1,55,未记录,池塘,995766686,109.0550984,23.1804821,-18017.54430743692,19044.955626815867
WS057,1,1,56,未记录,池塘,995766686,109.0554434,23.1803915,-17982.17625013165,19034.9222088191
WS057,1,1,57,未记录,池塘,995766686,109.0558181,23.1804277,-17943.76346441496,19038.931146252715
WS057,1,1,58,未记录,池塘,995766686,109.0562716,23.1807359,-17897.27240937626,19073.06248650209
WS057,1,1,59,未记录,池塘,995766686,109.0569026,23.180745,-17832.58474514483,19074.07025806725
WS057,1,1,60,未记录,池塘,995766686,109.0576618,23.1813069,-17754.7545158502,19136.297383589917
WS057,1,1,61,未记录,池塘,995766686,109.0583618,23.1818416,-17682.993240158008,19195.512268831204
WS057,1,1,62,未记录,池塘,995766686,109.0585886,23.1821588,-17659.742586834287,19230.640306232814
WS057,1,1,63,未记录,池塘,995766686,109.0584801,23.1825395,-17670.865584566254,19272.800595762343
WS057,1,1,64,未记录,池塘,995766686,109.0578787,23.1825486,-17732.518771996467,19273.80836732711
WS057,1,1,65,未记录,池塘,995766686,109.0576914,23.1831377,-17751.72003905044,19339.047733131552
WS057,1,1,66,未记录,池塘,995766686,109.0570899,23.1833642,-17813.383478092313,19364.131278123463
WS057,1,1,67,未记录,池塘,995766686,109.0586477,23.1851859,-17653.68388484351,19565.873856100327
WS058,1,1,1,未记录,池塘,995794777,109.0827689,23.1983989,-15180.872337357672,21029.136019358455
WS058,1,1,2,未记录,池塘,995794777,109.0831929,23.1985212,-15137.405507509988,21042.680026212518
WS058,1,1,3,未记录,池塘,995794777,109.0836267,23.19834,-15092.93401980252,21022.61319021938
WS058,1,1,4,未记录,池塘,995794777,109.0839767,23.198263,-15057.053381956423,21014.085892363306
WS058,1,1,5,未记录,池塘,995794777,109.0840703,23.1978869,-15047.457874235268,20972.435025822626
WS058,1,1,6,未记录,池塘,995794777,109.0839964,23.1976286,-15055.033814625194,20943.829817560487
WS058,1,1,7,未记录,池塘,995794777,109.0836957,23.1975108,-15085.8604083403,20930.784159281946
WS058,1,1,8,未记录,池塘,995794777,109.0831731,23.1975017,-15139.435326451421,20929.77638771718
WS058,1,1,9,未记录,池塘,995794777,109.0829168,23.1977328,-15165.7102049647,20955.36935569794
WS058,1,1,10,未记录,池塘,995794777,109.0828429,23.1979956,-15173.286145356084,20984.472912536003
WS058,1,1,11,未记录,池塘,995794777,109.0827689,23.1983989,-15180.872337357672,21029.136019358455
WS059,1,1,1,未记录,池塘,995804872,109.1129523,23.1940801,-12086.58763915243,20550.85427935398
WS059,1,1,2,未记录,池塘,995804872,109.1138017,23.1935023,-11999.510456905455,20486.86632219561
WS059,1,1,3,未记录,池塘,995804872,109.1153318,23.193715,-11842.650559850872,20510.42159822137
WS059,1,1,4,未记录,池塘,995804872,109.1154699,23.1935934,-11828.493085319142,20496.955112256626
WS059,1,1,5,未记录,池塘,995804872,109.1154047,23.1934414,-11835.177135568818,20480.1220048007
WS059,1,1,6,未记录,池塘,995804872,109.1151551,23.1930079,-11860.765156159054,20432.114425312924
WS059,1,1,7,未记录,池塘,995804872,109.115254,23.192293,-11850.626313065002,20352.943448205828
WS059,1,1,8,未记录,池塘,995804872,109.1154177,23.1920055,-11833.844426163547,20321.10451140608
WS059,1,1,9,未记录,池塘,995804872,109.1156183,23.1920315,-11813.279694872233,20323.983858733878
WS059,1,1,10,未记录,池塘,995804872,109.1157852,23.191835,-11796.169756423835,20302.22263758222
WS059,1,1,11,未记录,池塘,995804872,109.1154441,23.1915587,-11831.138000907817,20271.624035016004
WS059,1,1,12,未记录,池塘,995804872,109.1153016,23.1915153,-11845.746546317687,20266.817739860526
WS059,1,1,13,未记录,池塘,995804872,109.1151949,23.1915629,-11856.68501505432,20272.08916035353
WS059,1,1,14,未记录,池塘,995804872,109.1150858,23.1915366,-11867.869522451887,20269.17658978694
WS059,1,1,15,未记录,池塘,995804872,109.1149988,23.1914673,-11876.788423860202,20261.50202171659
WS059,1,1,16,未记录,池塘,995804872,109.1150157,23.1913233,-11875.055901632184,20245.554867284787
WS059,1,1,17,未记录,池塘,995804872,109.1148205,23.1915051,-11895.0670459404,20265.688149755108
WS059,1,1,18,未记录,池塘,995804872,109.114979,23.1918591,-11878.81824280018,20304.891571066724
WS059,1,1,19,未记录,池塘,995804872,109.1146737,23.1923832,-11910.116410613835,20362.932568551267
WS059,1,1,20,未记录,池塘,995804872,109.1142264,23.1925706,-11955.971865780512,20383.68601813855
WS059,1,1,21,未记录,池塘,995804872,109.1140452,23.1919564,-11974.547784574124,20315.6669747211
WS059,1,1,22,未记录,池塘,995804872,109.1143736,23.1915348,-11940.8814946648,20268.977250356573
WS059,1,1,23,未记录,池塘,995804872,109.1143283,23.1912537,-11945.52547436284,20237.847075976042
WS059,1,1,24,未记录,池塘,995804872,109.1139772,23.1910611,-11981.51887992847,20216.517756923124
WS059,1,1,25,未记录,池塘,995804872,109.1137394,23.1910455,-12005.897210441717,20214.790148526597
WS059,1,1,26,未记录,池塘,995804872,109.1132354,23.1910195,-12057.565328941144,20211.910801198406
WS059,1,1,27,未记录,池塘,995804872,109.112907,23.1910768,-12091.231618850468,20218.25643973297
WS059,1,1,28,未记录,池塘,995804872,109.1128107,23.1912329,-12101.103920064632,20235.543598113487
WS059,1,1,29,未记录,池塘,995804872,109.1130032,23.19154,-12081.369569249424,20269.553119822212
WS059,1,1,30,未记录,池塘,995804872,109.1131731,23.1920501,-12063.952082477406,20326.043699514743
WS059,1,1,31,未记录,池塘,995804872,109.1134562,23.1924613,-12034.929772264664,20371.581684948385
WS059,1,1,32,未记录,池塘,995804872,109.1139036,23.1924925,-11989.064065486325,20375.036901741827
WS059,1,1,33,未记录,池塘,995804872,109.1139772,23.1926955,-11981.51887992847,20397.517959725632
WS059,1,1,34,未记录,池塘,995804872,109.1138243,23.1928881,-11997.193592860809,20418.847278778554
WS059,1,1,35,未记录,池塘,995804872,109.1133373,23.1929922,-12047.118937522015,20430.375742503078
WS059,1,1,36,未记录,池塘,995804872,109.1130485,23.1930339,-12076.72558954993,20434.993772640726
WS059,1,1,37,未记录,池塘,995804872,109.1131278,23.1932629,-12068.596062175446,20460.354177952726
WS059,1,1,38,未记录,池塘,995804872,109.1124766,23.1934763,-12135.354551792041,20483.986974867807
WS059,1,1,39,未记录,池塘,995804872,109.1129523,23.1940801,-12086.58763915243,20550.85427935398
WS060,1,1,1,未记录,水库,995804873,109.2472917,23.1878974,1685.3648176979939,19866.156559171137
WS060,1,1,2,未记录,水库,995804873,109.2479599,23.1877829,1753.8660811513555,19853.47635651494
WS060,1,1,3,未记录,水库,995804873,109.2483677,23.1873353,1795.6721500482818,19803.90728482261
WS060,1,1,4,未记录,水库,995804873,109.2487074,23.1863567,1830.4968719806575,19695.533081162266
WS060,1,1,5,未记录,水库,995804873,109.2488094,23.1857008,1840.9535150099914,19622.89600760717
WS060,1,1,6,未记录,水库,995804873,109.2486734,23.1852219,1827.0113243042128,19569.860644708082
WS060,1,1,7,未记录,水库,995804873,109.2482771,23.1845244,1786.3841906507469,19492.616615428662
WS060,1,1,8,未记录,水库,995804873,109.2475183,23.1840663,1708.5949677998503,19441.884730392125
WS060,1,1,9,未记录,水库,995804873,109.2477221,23.1836082,1729.487750638109,19391.1528453552
WS060,1,1,10,未记录,水库,995804873,109.2482657,23.1835353,1785.2155070189478,19383.079598424112
WS060,1,1,11,未记录,水库,995804873,109.2489679,23.1837644,1857.202318148754,19408.45107814904
WS060,1,1,12,未记录,水库,995804873,109.2496474,23.1837123,1926.862013625167,19402.681309080115
WS060,1,1,13,未记录,水库,995804873,109.2512783,23.1833584,2094.0555343778883,19363.488962181036
WS060,1,1,14,未记录,水库,995804873,109.2503609,23.1833792,2000.0072567780244,19365.79244004359
WS060,1,1,15,未记录,水库,995804873,109.2494436,23.1834833,1905.9692307883652,19377.320903768115
WS060,1,1,16,未记录,水库,995804873,109.2485602,23.1834104,1815.406500863489,19369.24765683703
WS060,1,1,17,未记录,水库,995804873,109.2481978,23.1827337,1778.2546632762633,19294.30710541977
WS060,1,1,18,未记录,水库,995804873,109.2478354,23.1827753,1741.1028256890374,19298.91406114449
WS060,1,1,19,未记录,水库,995804873,109.2472238,23.1833479,1678.403973955309,19362.326148837223
WS060,1,1,20,未记录,水库,995804873,109.2469067,23.1835874,1645.8961160661222,19388.849367493036
WS060,1,1,21,未记录,水库,995804873,109.2467708,23.1838997,1631.9641769705484,19423.434758667398
WS060,1,1,22,未记录,水库,995804873,109.2467595,23.1842225,1630.805744948954,19459.182963185576
WS060,1,1,23,未记录,水库,995804873,109.2472011,23.1845348,1676.076858300459,19493.768354359938
WS060,1,1,24,未记录,水库,995804873,109.2472804,23.1848159,1684.2063856749426,19524.89852874047
WS060,1,1,25,未记录,水库,995804873,109.2477901,23.1850761,1736.4588459909983,19553.71415084591
WS060,1,1,26,未记录,水库,995804873,109.2477561,23.1853156,1732.9732983145536,19580.237369501723
WS060,1,1,27,未记录,水库,995804873,109.2475183,23.1855342,1708.5949677998503,19604.446035882444
WS060,1,1,28,未记录,水库,995804873,109.2472464,23.1852219,1680.720837998498,19569.860644708082
WS060,1,1,29,未记录,水库,995804873,109.246918,23.1847742,1647.0545480877167,19520.280498602824
WS060,1,1,30,未记录,水库,995804873,109.2466462,23.1842953,1619.1906698980256,19467.24513570373
WS060,1,1,31,未记录,水库,995804873,109.2465782,23.1844723,1612.2195745451363,19486.84684635974
WS060,1,1,32,未记录,水库,995804873,109.2462158,23.1845556,1575.0677369579105,19496.0718322221
WS060,1,1,33,未记录,水库,995804873,109.2457515,23.1845036,1527.4695079515552,19490.313137566107
WS060,1,1,34,未记录,水库,995804873,109.2452192,23.1844203,1472.9001835923107,19481.08815170374
WS060,1,1,35,未记录,水库,995804873,109.2449134,23.1845348,1441.550757726175,19493.768354359938
WS060,1,1,36,未记录,水库,995804873,109.2442792,23.1845348,1376.5350419478013,19493.768354359938
WS060,1,1,37,未记录,水库,995804873,109.2440753,23.1840559,1355.632007500795,19440.73299146085
WS060,1,1,38,未记录,水库,995804873,109.2440527,23.1843994,1353.3151434561494,19478.773599428652
WS060,1,1,39,未记录,水库,995804873,109.2440867,23.1848471,1356.800691132594,19528.35374553391
WS060,1,1,40,未记录,水库,995804873,109.2442452,23.1851282,1373.0494942713567,19559.483919914834
WS060,1,1,41,未记录,水库,995804873,109.2446303,23.1853781,1412.5284475134329,19587.158877501923
WS060,1,1,42,未记录,水库,995804873,109.2449247,23.185326,1442.7091897477694,19581.389108433
WS060,1,1,43,未记录,水库,995804873,109.2451626,23.1855342,1467.0977718726772,19604.446035882444
WS060,1,1,44,未记录,水库,995804873,109.245072,23.185909,1457.8098124751425,19645.952935056615
WS060,1,1,45,未记录,水库,995804873,109.2453438,23.1861901,1485.6736906662902,19677.08310943754
WS060,1,1,46,未记录,水库,995804873,109.2454797,23.1865232,1499.6056297618643,19713.971978474066
WS060,1,1,47,未记录,水库,995804873,109.2457855,23.1868251,1530.9550556279999,19747.405630717152
WS060,1,1,48,未记录,水库,995804873,109.2458761,23.1865753,1540.2430150255348,19719.74174754299
WS060,1,1,49,未记录,水库,995804873,109.2458647,23.1862213,1539.074331392279,19680.53832623098
WS060,1,1,50,未记录,水库,995804873,109.2461139,23.1864816,1564.621345538781,19709.36502274935
WS060,1,1,51,未记录,水库,995804873,109.2461139,23.1868147,1564.621345538781,19746.253891785873
WS060,1,1,52,未记录,水库,995804873,109.2460686,23.1870438,1559.977365840742,19771.625371510803
WS060,1,1,53,未记录,水库,995804873,109.2465103,23.1875747,1605.2587308024517,19830.419429065496
WS060,1,1,54,未记录,水库,995804873,109.2472917,23.1878974,1685.3648176979939,19866.156559171137
WS061,1,1,1,未记录,水库,995804875,109.2722042,23.1561017,4239.297361547907,16344.969488535764
WS061,1,1,2,未记录,水库,995804875,109.2725927,23.1554971,4279.124869557336,16278.013588747339
WS061,1,1,3,未记录,水库,995804875,109.2729962,23.1552773,4320.490119187783,16253.672029413037
WS061,1,1,4,未记录,水库,995804875,109.2735641,23.1553735,4378.709016996944,16264.325614526371
WS061,1,1,5,未记录,水库,995804875,109.2736837,23.1550712,4390.969943530099,16230.847664631961
WS061,1,1,6,未记录,水库,995804875,109.2732503,23.1547826,4346.539462264906,16198.886909291565
WS061,1,1,7,未记录,水库,995804875,109.272802,23.154343,4300.5814909888995,16150.203790622963
WS061,1,1,8,未记录,水库,995804875,109.2729813,23.1539994,4318.96262917697,16112.152108242231
WS061,1,1,9,未记录,水库,995804875,109.2738331,23.1540407,4406.285850084881,16116.725840728554
WS061,1,1,10,未记录,水库,995804875,109.2743561,23.1543155,4459.901774638278,16147.158327102796
WS061,1,1,11,未记录,水库,995804875,109.2748642,23.1539307,4511.990209179406,16104.54398664867
WS061,1,1,12,未记录,水库,995804875,109.2752378,23.1538483,4550.290227178021,16095.41867050149
WS061,1,1,13,未记录,水库,995804875,109.2757908,23.1539445,4606.981634974912,16106.07225561522
WS061,1,1,14,未记录,水库,995804875,109.2763287,23.1544254,4662.125049539122,16159.329106770143
WS061,1,1,15,未记录,水库,995804875,109.2767472,23.1537659,4705.0280407935015,16086.293354354311
WS061,1,1,16,未记录,水库,995804875,109.275985,23.1535735,4626.890263175253,16064.986184127249
WS061,1,1,17,未记录,水库,995804875,109.2758954,23.1529689,4617.704819885591,15998.030284338822
WS061,1,1,18,未记录,水库,995804875,109.2761345,23.1523231,4642.216421340238,15926.51172647661
WS061,1,1,19,未记录,水库,995804875,109.2767472,23.1519521,4705.0280407935015,15885.42565498864
WS061,1,1,20,未记录,水库,995804875,109.2768518,23.151485,4715.751225704182,15833.697072800263
WS061,1,1,21,未记录,水库,995804875,109.2763437,23.1512788,4663.662791161598,15810.861633606652
WS061,1,1,22,未记录,水库,995804875,109.2759103,23.1517048,4619.232309897861,15858.038632134565
WS061,1,1,23,未记录,水库,995804875,109.2751183,23.1522956,4538.039552256528,15923.466262956443
WS061,1,1,24,未记录,水库,995804875,109.2745355,23.1527766,4478.2931644365535,15976.734188524295
WS061,1,1,25,未记录,水库,995804875,109.2733549,23.152488,4357.262647175586,15944.773433183898
WS061,1,1,26,未记录,水库,995804875,109.2725778,23.1525979,4277.597379545065,15956.944212850853
WS061,1,1,27,未记录,水库,995804875,109.271457,23.152804,4162.6973255506755,15979.768577631534
WS061,1,1,28,未记录,水库,995804875,109.2712777,23.1512788,4144.316187362605,15810.861633606652
WS061,1,1,29,未记录,水库,995804875,109.2708443,23.1522269,4099.885706097412,15915.858141362882
WS061,1,1,30,未记录,水库,995804875,109.2708742,23.1529414,4102.9509377307,15994.984820818654
WS061,1,1,31,未记录,水库,995804875,109.2703063,23.1529277,4044.7320399229966,15993.467626265036
WS061,1,1,32,未记录,水库,995804875,109.270396,23.1532575,4053.9277348228625,16029.99103967922
WS061,1,1,33,未记录,水库,995804875,109.2709937,23.1534636,4115.201612653651,16052.815404459901
WS061,1,1,34,未记录,水库,995804875,109.2716064,23.1555796,4178.013232105457,16287.149979307054
WS061,1,1,35,未记录,水库,995804875,109.2722042,23.1561017,4239.297361547907,16344.969488535764
WS062,1,1,1,未记录,蓄水池,1028567646,109.1819768,23.2049625,-5010.464533363462,21756.016177896294
WS062,1,1,2,未记录,蓄水池,1028567646,109.182257,23.2049797,-4981.739519864136,21757.92097689772
WS062,1,1,3,未记录,蓄水池,1028567646,109.182299,23.2049153,-4977.433843323245,21750.789055054614
WS062,1,1,4,未记录,蓄水池,1028567646,109.1822756,23.2046535,-4979.8327202538985,21721.796242344273
WS062,1,1,5,未记录,蓄水池,1028567646,109.1821495,23.204529,-4992.760001489689,21708.008598408516
WS062,1,1,6,未记录,蓄水池,1028567646,109.1821495,23.2043273,-4992.760001489689,21685.671507790823
WS062,1,1,7,未记录,蓄水池,1028567646,109.1822149,23.2041813,-4986.055448016688,21669.502865102793
WS062,1,1,8,未记录,蓄水池,1028567646,109.1823924,23.204044,-4967.858838823956,21654.297696328602
WS062,1,1,9,未记录,蓄水池,1028567646,109.1823177,23.2039753,-4975.516792101346,21646.68957473504
WS062,1,1,10,未记录,蓄水池,1028567646,109.182369,23.2038723,-4970.257715754608,21635.282929551166
WS062,1,1,11,未记录,蓄水池,1028567646,109.1821589,23.2037306,-4991.79635007218,21619.59048661359
WS062,1,1,12,未记录,蓄水池,1028567646,109.1818974,23.2037221,-5018.604312349607,21618.64916152561
WS062,1,1,13,未记录,蓄水池,1028567646,109.1816499,23.2038251,-5043.977049112433,21630.055806709486
WS062,1,1,14,未记录,蓄水池,1028567646,109.1814817,23.2038208,-5061.220258499318,21629.57960695903
WS062,1,1,15,未记录,蓄水池,1028567646,109.1813743,23.2039238,-5072.230488513209,21640.986252142906
WS062,1,1,16,未记录,蓄水池,1028567646,109.1812856,23.2041599,-5081.3236673052015,21667.13294076384
WS062,1,1,17,未记录,蓄水池,1028567646,109.1813697,23.2044174,-5072.702062610302,21695.649553723728
WS062,1,1,18,未记录,蓄水池,1028567646,109.1814257,23.2046363,-5066.96116055481,21719.891443342847
WS062,1,1,19,未记录,蓄水池,1028567646,109.1815565,23.204735,-5053.552053611723,21730.821888776267
WS062,1,1,20,未记录,蓄水池,1028567646,109.1817012,23.204705,-5038.717972764238,21727.499564936406
WS062,1,1,21,未记录,蓄水池,1028567646,109.1819768,23.2049625,-5010.464533363462,21756.016177896294
WS063,1,1,1,酒饼塘,池塘,1028567651,109.1890829,23.2081737,-4281.974817363216,22111.637721728355
WS063,1,1,2,酒饼塘,池塘,1028567651,109.1893837,23.2080542,-4251.1379720379055,22098.403798432377
WS063,1,1,3,酒饼塘,池塘,1028567651,109.1893594,23.2075909,-4253.629113464771,22047.096043930203
WS063,1,1,4,酒饼塘,池塘,1028567651,109.1895057,23.2072919,-4238.631006845271,22013.98354965853
WS063,1,1,5,酒饼塘,池塘,1028567651,109.1897578,23.2070827,-4212.786695985353,21990.81587808097
WS063,1,1,6,酒饼塘,池塘,1028567651,109.1897171,23.2069332,-4216.959101586299,21974.259630945133
WS063,1,1,7,酒饼塘,池塘,1028567651,109.1893756,23.2070154,-4251.968352512556,21983.362798266455
WS063,1,1,8,酒饼塘,池塘,1028567651,109.1891561,23.2072172,-4274.470638247635,22005.710963296682
WS063,1,1,9,酒饼塘,池塘,1028567651,109.1890097,23.2075909,-4289.478996478796,22047.096043930203
WS063,1,1,10,酒饼塘,池塘,1028567651,109.1890829,23.2081737,-4281.974817363216,22111.637721728355
WS064,1,1,1,未记录,蓄水池,1028567658,109.1588745,23.1999163,-7378.8224182725835,21197.179159185074
WS064,1,1,2,未记录,蓄水池,1028567658,109.15922,23.1994785,-7343.403102911918,21148.69537994684
WS064,1,1,3,未记录,蓄水池,1028567658,109.1598738,23.1993583,-7276.378071415434,21135.383935761147
WS064,1,1,4,未记录,蓄水池,1028567658,109.1599019,23.1991093,-7273.497368777483,21107.80864788924
WS064,1,1,5,未记录,蓄水池,1028567658,109.1589212,23.1989204,-7374.034916022939,21086.88908210998
WS064,1,1,6,未记录,蓄水池,1028567658,109.158697,23.1991866,-7397.019027465316,21116.369168983707
WS064,1,1,7,未记录,蓄水池,1028567658,109.1585662,23.1996587,-7410.42813440986,21168.651471812256
WS064,1,1,8,未记录,蓄水池,1028567658,109.1588745,23.1999163,-7378.8224182725835,21197.179159185074
WS065,1,1,1,未记录,蓄水池,1028567659,109.157268,23.1988003,-7543.514545986778,21073.588712337216
WS065,1,1,2,未记录,蓄水池,1028567659,109.1580619,23.1988861,-7462.127007739901,21083.090558519667
WS065,1,1,3,未记录,蓄水池,1028567659,109.1581366,23.1984655,-7454.469054462511,21036.51157828325
WS065,1,1,4,未记录,蓄水池,1028567659,109.1578564,23.1983281,-7483.1940679618365,21021.295335096132
WS065,1,1,5,未记录,蓄水池,1028567659,109.157735,23.1984054,-7495.639523488872,21029.855856190206
WS065,1,1,6,未记录,蓄水池,1028567659,109.1571933,23.1982079,-7551.172499264168,21007.983890910436
WS065,1,1,7,未记录,蓄水池,1028567659,109.1570905,23.1983281,-7561.711155180967,21021.295335096132
WS065,1,1,8,未记录,蓄水池,1028567659,109.157268,23.1988003,-7543.514545986778,21073.588712337216
WS066,1,1,1,未记录,蓄水池,1028567660,109.1585195,23.1979504,-7415.2156366595045,20979.46727795055
WS066,1,1,2,未记录,蓄水池,1028567660,109.1595469,23.1984311,-7309.890587164405,21032.701980280006
WS066,1,1,3,未记录,蓄水池,1028567660,109.160154,23.1986887,-7247.653057916107,21061.229667652824
WS066,1,1,4,未记录,蓄水池,1028567660,109.1608078,23.1986028,-7180.628026419623,21051.716747057446
WS066,1,1,5,未记录,蓄水池,1028567660,109.1611908,23.198517,-7141.364357004955,21042.214900874995
WS066,1,1,6,未记录,蓄水池,1028567660,109.1619193,23.1980706,-7066.68137223108,20992.778722136245
WS066,1,1,7,未记录,蓄水池,1028567660,109.162433,23.198019,-7014.0188474835295,20987.06432513118
WS066,1,1,8,未记录,蓄水池,1028567660,109.1632456,23.1975383,-6930.714258014754,20933.829622802114
WS066,1,1,9,未记录,蓄水池,1028567660,109.1627412,23.1974439,-6982.423382956457,20923.375377118755
WS066,1,1,10,未记录,蓄水池,1028567660,109.162377,23.1974267,-7019.759749537564,20921.47057811733
WS066,1,1,11,未记录,蓄水池,1028567660,109.1620034,23.1970404,-7058.0597675361805,20878.690121470838
WS066,1,1,12,未记录,蓄水池,1028567660,109.1615177,23.1969803,-7107.851841255984,20872.034399378186
WS066,1,1,13,未记录,蓄水池,1028567660,109.1613122,23.1968172,-7128.9189014779195,20853.972032101658
WS066,1,1,14,未记录,蓄水池,1028567660,109.1612095,23.1964738,-7139.447305783056,20815.942498546392
WS066,1,1,15,未记录,蓄水池,1028567660,109.1614336,23.1962677,-7116.473445950884,20793.11813376571
WS066,1,1,16,未记录,蓄水池,1028567660,109.1612935,23.1955895,-7130.835952699818,20718.01146615648
WS066,1,1,17,未记录,蓄水池,1028567660,109.1608359,23.1956668,-7177.747323781672,20726.57198725095
WS066,1,1,18,未记录,蓄水池,1028567660,109.1611067,23.1960359,-7149.985961698398,20767.44764489523
WS066,1,1,19,未记录,蓄水池,1028567660,109.16106,23.1963793,-7154.773463948042,20805.477178450496
WS066,1,1,20,未记录,蓄水池,1028567660,109.1608452,23.1965768,-7176.793923975825,20827.34914373027
WS066,1,1,21,未记录,蓄水池,1028567660,109.1607238,23.1964909,-7189.23937950286,20817.83622313528
WS066,1,1,22,未记录,蓄水池,1028567660,109.1606864,23.1963192,-7193.073481946658,20798.821456357844
WS066,1,1,23,未记录,蓄水池,1028567660,109.1604996,23.1962763,-7212.223490946694,20794.07053326662
WS066,1,1,24,未记录,蓄水池,1028567660,109.1604062,23.1964995,-7221.798495445984,20818.78862263619
WS066,1,1,25,未记录,蓄水池,1028567660,109.1599953,23.1958986,-7263.9223642767365,20752.24247612104
WS066,1,1,26,未记录,蓄水池,1028567660,109.1597991,23.1958127,-7284.036024692824,20742.72955552605
WS066,1,1,27,未记录,蓄水池,1028567660,109.1597151,23.1959415,-7292.647377776062,20756.99339921226
WS066,1,1,28,未记录,蓄水池,1028567660,109.1598458,23.1964995,-7279.248522443179,20818.78862263619
WS066,1,1,29,未记录,蓄水池,1028567660,109.1600233,23.196551,-7261.05191324899,20824.491945227932
WS066,1,1,30,未记录,蓄水池,1028567660,109.1602194,23.1967914,-7240.948504444564,20851.11483359893
WS066,1,1,31,未记录,蓄水池,1028567660,109.160098,23.1970833,-7253.3939599715995,20883.441044562063
WS066,1,1,32,未记录,蓄水池,1028567660,109.1598178,23.1968086,-7282.118973470925,20853.01963260075
WS066,1,1,33,未记录,蓄水池,1028567660,109.159575,23.19771,-7307.009884524997,20952.84438957955
WS066,1,1,34,未记录,蓄水池,1028567660,109.1590239,23.1975726,-7363.506511717802,20937.62814639243
WS066,1,1,35,未记录,蓄水池,1028567660,109.1586316,23.1975984,-7403.723580936859,20940.485344894765
WS066,1,1,36,未记录,蓄水池,1028567660,109.1585195,23.1979504,-7415.2156366595045,20979.46727795055
WS067,1,1,1,未记录,蓄水池,1028567684,109.1785832,23.2231813,-5358.363197921322,23773.641297094502
WS067,1,1,2,未记录,蓄水池,1028567684,109.1800549,23.2220829,-5207.490241583167,23651.99994689979
WS067,1,1,3,未记录,蓄水池,1028567684,109.1799817,23.2217317,-5214.9944206987475,23613.10660914626
WS067,1,1,4,未记录,蓄水池,1028567684,109.1798435,23.221246,-5229.162146842139,23559.31818617702
WS067,1,1,5,未记录,蓄水池,1028567684,109.1795914,23.2209023,-5255.006457702058,23521.25542938336
WS067,1,1,6,未记录,蓄水池,1028567684,109.1792337,23.2210219,-5291.676469581986,23534.500427092265
WS067,1,1,7,未记录,蓄水池,1028567684,109.1791036,23.2208724,-5305.013815249271,23517.944179956427
WS067,1,1,8,未记录,蓄水池,1028567684,109.1788271,23.2205287,-5333.359519147716,23479.881423162766
WS067,1,1,9,未记录,蓄水池,1028567684,109.1787133,23.2204839,-5345.025852254038,23474.920086228638
WS067,1,1,10,未记录,蓄水池,1028567684,109.1783474,23.2206184,-5382.536496218821,23489.81517144435
WS067,1,1,11,未记录,蓄水池,1028567684,109.1780059,23.2206258,-5417.545747146535,23490.63467799168
WS067,1,1,12,未记录,蓄水池,1028567684,109.1781767,23.2208201,-5400.035995878305,23512.152262062038
WS067,1,1,13,未记录,蓄水池,1028567684,109.1785426,23.2209621,-5362.525351912064,23527.87792823801
WS067,1,1,14,未记录,蓄水池,1028567684,109.1786076,23.2211713,-5355.861804882796,23551.045599815567
WS067,1,1,15,未记录,蓄水池,1028567684,109.1783799,23.2219111,-5379.204722705645,23632.97410570942
WS067,1,1,16,未记录,蓄水池,1028567684,109.1785832,23.2231813,-5358.363197921322,23773.641297094502
WS068,1,1,1,未记录,池塘,1198634019,109.1302038,23.2199341,-10318.030999705195,23414.032964654292
WS068,1,1,2,未记录,池塘,1198634019,109.1313089,23.2201241,-10204.740448609084,23435.074348974198
WS068,1,1,3,未记录,池塘,1198634019,109.1322517,23.2204129,-10108.088261861363,23467.057253140454
WS068,1,1,4,未记录,池塘,1198634019,109.1334471,23.2209905,-9985.540506199786,23531.023061472966
WS068,1,1,5,未记录,池塘,1198634019,109.1342051,23.2216927,-9907.833296234898,23608.787588154166
WS068,1,1,6,未记录,池塘,1198634019,109.1353143,23.2215851,-9794.122429094172,23596.87151998144
WS068,1,1,7,未记录,池塘,1198634019,109.1354313,23.2206961,-9782.12804444382,23498.41999019014
WS068,1,1,8,未记录,池塘,1198634019,109.1342421,23.220798,-9904.040200234831,23509.704816832975
WS068,1,1,9,未记录,池塘,1198634019,109.1332808,23.2200675,-10002.588934982587,23428.806231329356
WS068,1,1,10,未记录,池塘,1198634019,109.1328186,23.2201241,-10049.971880161533,23435.074348974198
WS068,1,1,11,未记录,池塘,1198634019,109.1320483,23.2196541,-10128.940038255889,23383.024608814412
WS068,1,1,12,未记录,池塘,1198634019,109.13044,23.2196767,-10293.816694965422,23385.527426107335
WS068,1,1,13,未记录,池塘,1198634019,109.1302038,23.2199341,-10318.030999705195,23414.032964654292
WS069,1,1,1,未记录,水库,1233682845,109.3697762,23.0521321,14241.99906424857,4830.946798073572
WS069,1,1,2,未记录,水库,1233682845,109.3695724,23.0520976,14221.106281410312,4827.126125657397
WS069,1,1,3,未记录,水库,1233682845,109.3694866,23.0519495,14212.310399333193,4810.724920300604
WS069,1,1,4,未记录,水库,1233682845,109.3692774,23.0519396,14190.864029511835,4809.628553433579
WS069,1,1,5,未记录,水库,1233682845,109.369272,23.0521272,14190.310442527278,4830.404151846327
WS069,1,1,6,未记录,水库,1233682845,109.369272,23.052221,14190.310442527278,4840.791951052504
WS069,1,1,7,未记录,水库,1233682845,109.3689072,23.0522259,14152.91256628057,4841.334597279749
WS069,1,1,8,未记录,水库,1233682845,109.368521,23.0522654,14113.320845320417,4845.708990335703
WS069,1,1,9,未记录,水库,1233682845,109.3684244,23.0524382,14103.417789274183,4864.8455756541825
WS069,1,1,10,未记录,水库,1233682845,109.368183,23.0524826,14078.670400771718,4869.762614937381
WS069,1,1,11,未记录,水库,1233682845,109.3678343,23.0523444,14042.923033865565,4854.457776447612
WS069,1,1,12,未记录,水库,1233682845,109.3676197,23.0521568,14020.923077061107,4833.682178034864
WS069,1,1,13,未记录,水库,1233682845,109.3674695,23.0519989,14005.52515761886,4816.195680223976
WS069,1,1,14,未记录,水库,1233682845,109.3674105,23.0521025,13999.476707239748,4827.6687718846415
WS069,1,1,15,未记录,水库,1233682845,109.3674052,23.0522457,13998.933371865394,4843.52733101419
WS069,1,1,16,未记录,水库,1233682845,109.3674695,23.0524135,14005.52515761886,4862.110195692497
WS069,1,1,17,未记录,水库,1233682845,109.3678182,23.0525616,14041.272524525013,4878.51140104929
WS069,1,1,18,未记录,水库,1233682845,109.3677646,23.0527245,14035.777661129,4896.551619500352
WS069,1,1,19,未记录,水库,1233682845,109.3674749,23.0527985,14006.078744603417,4904.746684972481
WS069,1,1,20,未记录,水库,1233682845,109.3671477,23.0527886,13972.535474022376,4903.650318105063
WS069,1,1,21,未记录,水库,1233682845,109.3668044,23.0526554,13937.341694100782,4888.899200255467
WS069,1,1,22,未记录,水库,1233682845,109.3665791,23.0525023,13914.244814937412,4871.9442742588935
WS069,1,1,23,未记录,水库,1233682845,109.3662947,23.0523839,13885.089233784725,4858.832169503567
WS069,1,1,24,未记录,水库,1233682845,109.3660319,23.0524332,13858.148000567355,4864.291855014009
WS069,1,1,25,未记录,水库,1233682845,109.3657744,23.0526405,13831.750102724336,4887.24911274827
WS069,1,1,26,未记录,水库,1233682845,109.3657744,23.052838,13831.750102724336,4909.1210780284355
WS069,1,1,27,未记录,水库,1233682845,109.3659246,23.0530552,13847.148022165124,4933.17470262972
WS069,1,1,28,未记录,水库,1233682845,109.3662947,23.0532181,13885.089233784725,4951.214921080782
WS069,1,1,29,未记录,水库,1233682845,109.3667829,23.053302,13935.13759777567,4960.506353419934
WS069,1,1,30,未记录,水库,1233682845,109.3674856,23.0533711,14007.175666959414,4968.1587726648195
WS069,1,1,31,未记录,水库,1233682845,109.3678021,23.0535735,14039.622015184459,4990.573384171836
WS069,1,1,32,未记录,水库,1233682845,109.3679845,23.0535093,14058.320953307812,4983.463611154589
WS069,1,1,33,未记录,水库,1233682845,109.3683654,23.0533809,14097.36933889507,4969.244065119307
WS069,1,1,34,未记录,水库,1233682845,109.3686712,23.0532575,14128.718764761206,4955.5782397242
WS069,1,1,35,未记录,水库,1233682845,109.3687999,23.0533316,14141.912587878342,4963.784379608865
WS069,1,1,36,未记录,水库,1233682845,109.3688375,23.0535093,14145.767193544005,4983.463611154589
WS069,1,1,37,未记录,水库,1233682845,109.3686712,23.0536228,14128.718764761206,4996.033069682278
WS069,1,1,38,未记录,水库,1233682845,109.3684244,23.0537314,14103.417789274183,5008.0598819831175
WS069,1,1,39,未记录,水库,1233682845,109.3683118,23.0538894,14091.874475499058,5025.557454206935
WS069,1,1,40,未记录,水库,1233682845,109.3680918,23.0539042,14069.32093171004,5027.196467301597
WS069,1,1,41,未记录,水库,1233682845,109.3678129,23.053761,14040.729189152116,5011.337908172048
WS069,1,1,42,未记录,水库,1233682845,109.3675232,23.0538745,14011.030272625077,5023.907366699737
WS069,1,1,43,未记录,水库,1233682845,109.3671906,23.0540325,13976.933415060936,5041.404938923948
WS069,1,1,44,未记录,水库,1233682845,109.3669277,23.0542003,13949.98193023336,5059.987803602255
WS069,1,1,45,未记录,水库,1233682845,109.3669975,23.0543731,13957.13755458013,5079.124388920341
WS069,1,1,46,未记录,水库,1233682845,109.3673032,23.0544718,13988.476728836062,5090.054834354155
WS069,1,1,47,未记录,水库,1233682845,109.3676358,23.0544767,14022.57358640166,5090.597480581006
WS069,1,1,48,未记录,水库,1233682845,109.368006,23.0543928,14060.525049631466,5081.306048241853
WS069,1,1,49,未记录,水库,1233682845,109.3682849,23.0543978,14089.116792190847,5081.859768882026
WS069,1,1,50,未记录,水库,1233682845,109.3685424,23.0543928,14115.514690033866,5081.306048241853
WS069,1,1,51,未记录,水库,1233682845,109.3688697,23.0542596,14149.06821222657,5066.554930392651
WS069,1,1,52,未记录,水库,1233682845,109.369154,23.054304,14178.213541767595,5071.4719696754555
WS069,1,1,53,未记录,水库,1233682845,109.3694383,23.0544373,14207.358871310076,5086.234161937981
WS069,1,1,54,未记录,水库,1233682845,109.3696475,23.0545804,14228.805241131435,5102.081646654601
WS069,1,1,55,未记录,水库,1233682845,109.3697226,23.0544175,14236.504200852558,5084.041428203539
WS069,1,1,56,未记录,水库,1233682845,109.3699157,23.0543385,14256.300061333364,5075.29264209163
WS069,1,1,57,未记录,水库,1233682845,109.3700015,23.0541756,14265.095943410483,5057.252423640568
WS069,1,1,58,未记录,水库,1233682845,109.3701518,23.0540621,14280.504114462934,5044.682965112485
WS069,1,1,59,未记录,水库,1233682845,109.3704307,23.054072,14309.095857020859,5045.779331979903
WS069,1,1,60,未记录,水库,1233682845,109.3706238,23.0539733,14328.891717501665,5034.848886546088
WS069,1,1,61,未记录,水库,1233682845,109.3704683,23.0528405,14312.950462686522,4909.397938348128
WS069,1,1,62,未记录,水库,1233682845,109.3703583,23.0525418,14301.673690792742,4876.318667314848
WS069,1,1,63,未记录,水库,1233682845,109.3702027,23.0523493,14285.722184365939,4855.000422674856
WS069,1,1,64,未记录,水库,1233682845,109.3699788,23.0522,14262.768827755634,4838.466324364484
WS069,1,1,65,未记录,水库,1233682845,109.3697762,23.0521321,14241.99906424857,4830.946798073572
WS070,1,1,1,六旺水库,水库,1251915953,109.0955361,23.1075975,-13872.028681608992,10973.414155219867
WS070,1,1,2,六旺水库,水库,1251915953,109.0953816,23.1063975,-13887.867420316259,10840.52120162032
WS070,1,1,3,六旺水库,水库,1251915953,109.0954846,23.1054975,-13877.308261177595,10740.851486420563
WS070,1,1,4,六旺水库,水库,1251915953,109.0964974,23.1053554,-13773.479946861238,10725.114745832056
WS070,1,1,5,六旺水库,水库,1251915953,109.0964803,23.1047396,-13775.232972311122,10656.918511809703
WS070,1,1,6,六旺水库,水库,1251915953,109.0978192,23.1047396,-13637.9741551318,10656.918511809703
WS070,1,1,7,六旺水库,水库,1251915953,109.0972528,23.1033818,-13696.039278777695,10506.550134812198
WS070,1,1,8,六旺水库,水库,1251915953,109.0981282,23.1032712,-13606.296677718721,10494.301834255131
WS070,1,1,9,六旺水库,水库,1251915953,109.0989522,23.1034607,-13521.823404618146,10515.287846511177
WS070,1,1,10,六旺水库,水库,1251915953,109.0995702,23.1033186,-13458.468449791988,10499.55110592267
WS070,1,1,11,六旺水库,水库,1251915953,109.0995702,23.1040133,-13458.468449791988,10576.485051643609
WS070,1,1,12,六旺水库,水库,1251915953,109.100274,23.1040133,-13386.31761288871,10576.485051643609
WS070,1,1,13,六旺水库,水库,1251915953,109.1003255,23.1034765,-13381.038033320106,10517.037603733559
WS070,1,1,14,六旺水库,水库,1251915953,109.1010121,23.1027818,-13310.65047347546,10440.103658012227
WS070,1,1,15,六旺水库,水库,1251915953,109.099965,23.1032712,-13417.995090301789,10494.301834255131
WS070,1,1,16,六旺水库,水库,1251915953,109.0996903,23.1028133,-13446.156265204896,10443.592098044455
WS070,1,1,17,六旺水库,水库,1251915953,109.100377,23.1017239,-13375.758453751501,10322.94744500158
WS070,1,1,18,六旺水库,水库,1251915953,109.101304,23.1012028,-13280.726021512264,10265.238679900984
WS070,1,1,19,六旺水库,水库,1251915953,109.1027459,23.1015344,-13132.908045195734,10301.961432745537
WS070,1,1,20,六旺水库,水库,1251915953,109.1032437,23.1024186,-13081.875526568328,10399.881390722912
WS070,1,1,21,六旺水库,水库,1251915953,109.1038274,23.1018975,-13022.036874250685,10342.172625622316
WS070,1,1,22,六旺水库,水库,1251915953,109.1045484,23.1008081,-12948.122760287319,10221.52797257944
WS070,1,1,23,六旺水库,水库,1251915953,109.1049604,23.1003344,-12905.886123737031,10169.068479146383
WS070,1,1,24,六旺水库,水库,1251915953,109.1045827,23.0995765,-12944.606457778804,10085.135504535525
WS070,1,1,25,六旺水库,水库,1251915953,109.1041535,23.0995765,-12988.606371389178,10085.135504535525
WS070,1,1,26,六旺水库,水库,1251915953,109.1034326,23.1011239,-13062.510233740884,10256.500968202005
WS070,1,1,27,六旺水库,水库,1251915953,109.1030377,23.1011396,-13102.993844842744,10258.239651011458
WS070,1,1,28,六旺水库,水库,1251915953,109.1030034,23.1007923,-13106.510147351259,10219.778215357059
WS070,1,1,29,六旺水库,水库,1251915953,109.1027288,23.1007291,-13134.66107064562,10212.779186467533
WS070,1,1,30,六旺水库,水库,1251915953,109.1014241,23.1003186,-13268.413836925172,10167.318721924
WS070,1,1,31,六旺水库,水库,1251915953,109.10048,23.1007923,-13365.199294612838,10219.778215357059
WS070,1,1,32,六旺水库,水库,1251915953,109.0992097,23.1015817,-13495.42550677367,10307.199630000145
WS070,1,1,33,六旺水库,水库,1251915953,109.0982999,23.1018028,-13588.69466195282,10331.685156700954
WS070,1,1,34,六旺水库,水库,1251915953,109.0977162,23.1014712,-13648.533314270464,10294.962403856009
WS070,1,1,35,六旺水库,水库,1251915953,109.0977162,23.1010291,-13648.533314270464,10246.002424867715
WS070,1,1,36,六旺水库,水库,1251915953,109.0984029,23.1002712,-13578.135502815614,10162.069450256855
WS070,1,1,37,六旺水库,水库,1251915953,109.0982141,23.1001133,-13597.49054402994,10144.582952445573
WS070,1,1,38,六旺水库,水库,1251915953,109.0976476,23.1001133,-13655.565919287495,10144.582952445573
WS070,1,1,39,六旺水库,水库,1251915953,109.0971154,23.0996238,-13710.124992035078,10090.37370178974
WS070,1,1,40,六旺水库,水库,1251915953,109.0962571,23.0996712,-13798.114567645625,10095.622973456886
WS070,1,1,41,六旺水库,水库,1251915953,109.0954331,23.1008396,-13882.587840747656,10225.016412611669
WS070,1,1,42,六旺水库,水库,1251915953,109.0940084,23.1013923,-14028.642540002638,10286.22469215703
WS070,1,1,43,六旺水库,水库,1251915953,109.0933732,23.102387,-14093.760771888887,10396.381876278148
WS070,1,1,44,六旺水库,水库,1251915953,109.0916909,23.1030502,-14266.223620600007,10469.827381967252
WS070,1,1,45,六旺水库,水库,1251915953,109.0910386,23.1027344,-14333.094877934682,10434.854386345083
WS070,1,1,46,六旺水库,水库,1251915953,109.0907983,23.1017396,-14357.729498719069,10324.686127811034
WS070,1,1,47,六旺水库,水库,1251915953,109.0908841,23.1014239,-14348.933616641949,10289.724206601793
WS070,1,1,48,六旺水库,水库,1251915953,109.090661,23.1003344,-14371.804960366248,10169.068479146383
WS070,1,1,49,六旺水库,水库,1251915953,109.0906953,23.0997817,-14368.288657857733,10107.860199601022
WS070,1,1,50,六旺水库,水库,1251915953,109.0911073,23.0991975,-14326.052021305988,10043.163480023433
WS070,1,1,51,六旺水库,水库,1251915953,109.0919656,23.099008,-14238.0624456969,10022.177467767782
WS070,1,1,52,六旺水库,水库,1251915953,109.0923776,23.0983764,-14195.825809145155,9952.231476523048
WS070,1,1,53,六旺水库,水库,1251915953,109.0922917,23.0976817,-14204.631942833936,9875.297530801716
WS070,1,1,54,六旺水库,水库,1251915953,109.0932016,23.0978554,-14111.352536044582,9894.53378583538
WS070,1,1,55,六旺水库,水库,1251915953,109.0937165,23.0983448,-14058.566991967291,9948.731962078284
WS070,1,1,56,六旺水库,水库,1251915953,109.0939912,23.0980606,-14030.405817062727,9917.258480900879
WS070,1,1,57,六旺水库,水库,1251915953,109.0933045,23.0975869,-14100.803628517579,9864.798987467426
WS070,1,1,58,六旺水库,水库,1251915953,109.0922746,23.0973027,-14206.384968283819,9833.325506290019
WS070,1,1,59,六旺水库,水库,1251915953,109.0922746,23.0970185,-14206.384968283819,9801.852025112612
WS070,1,1,60,六旺水库,水库,1251915953,109.0930986,23.0967185,-14121.911695181789,9768.628786712825
WS070,1,1,61,六旺水库,水库,1251915953,109.0927896,23.0959763,-14153.589172594868,9686.434494911418
WS070,1,1,62,六旺水库,水库,1251915953,109.0931329,23.095471,-14118.395392673274,9630.475487033204
WS070,1,1,63,六旺水库,水库,1251915953,109.093253,23.0950289,-14106.083208086182,9581.515508044515
WS070,1,1,64,六旺水库,水库,1251915953,109.0937852,23.0949657,-14051.524135338599,9574.516479154987
WS070,1,1,65,六旺水库,水库,1251915953,109.0945233,23.09495,-13975.85699592535,9572.777796345536
WS070,1,1,66,六旺水库,水库,1251915953,109.0947293,23.0946815,-13954.738677650934,9543.042997977582
WS070,1,1,67,六旺水库,水库,1251915953,109.0960855,23.0946499,-13815.70633180132,9539.543483532818
WS070,1,1,68,六旺水库,水库,1251915953,109.0972699,23.0946815,-13694.286253329266,9543.042997977582
WS070,1,1,69,六旺水库,水库,1251915953,109.0975274,23.0940815,-13667.88835548479,9476.596521178004
WS070,1,1,70,六旺水库,水库,1251915953,109.0970296,23.0937657,-13718.920874113654,9441.62352555544
WS070,1,1,71,六旺水库,水库,1251915953,109.0966691,23.0941289,-13755.877931095338,9481.84579284515
WS070,1,1,72,六旺水库,水库,1251915953,109.0958623,23.0937973,-13838.58792713728,9445.123040000204
WS070,1,1,73,六旺水库,水库,1251915953,109.0946607,23.0936867,-13961.771282667965,9432.874739443532
WS070,1,1,74,六旺水库,水库,1251915953,109.093665,23.0937973,-14063.846571535894,9445.123040000204
WS070,1,1,75,六旺水库,水库,1251915953,109.0934247,23.094271,-14088.481192320283,9497.582533433657
WS070,1,1,76,六旺水库,水库,1251915953,109.0926351,23.0939709,-14169.427911302137,9464.34822062094
WS070,1,1,77,六旺水库,水库,1251915953,109.0926351,23.0934499,-14169.427911302137,9406.650529933271
WS070,1,1,78,六旺水库,水库,1251915953,109.0921716,23.0931656,-14216.944127421028,9375.165974342935
WS070,1,1,79,六旺水库,水库,1251915953,109.0924806,23.0945236,-14185.266650007949,9525.5565001663
WS070,1,1,80,六旺水库,水库,1251915953,109.0918798,23.0957868,-14246.858327774018,9665.448482655373
WS070,1,1,81,六旺水库,水库,1251915953,109.0912446,23.0955184,-14311.976559660267,9635.724758700348
WS070,1,1,82,六旺水库,水库,1251915953,109.0907125,23.0946657,-14366.525380797644,9541.2932407552
WS070,1,1,83,六旺水库,水库,1251915953,109.0907983,23.094192,-14357.729498719069,9488.833747321747
WS070,1,1,84,六旺水库,水库,1251915953,109.0905236,23.094192,-14385.890673623633,9488.833747321747
WS070,1,1,85,六旺水库,水库,1251915953,109.0898027,23.0930393,-14459.794535975338,9361.17899097681
WS070,1,1,86,六旺水库,水库,1251915953,109.0892533,23.0924708,-14516.116885784466,9298.220954209068
WS070,1,1,87,六旺水库,水库,1251915953,109.089322,23.093213,-14509.074029155774,9380.41524601008
WS070,1,1,88,六旺水库,水库,1251915953,109.0878629,23.0928498,-14658.655282530934,9340.192978720765
WS070,1,1,89,六旺水库,水库,1251915953,109.0877771,23.0936393,-14667.45116460951,9427.625467776386
WS070,1,1,90,六旺水库,水库,1251915953,109.0890645,23.0940499,-14535.471926998793,9473.09700673324
WS070,1,1,91,六旺水库,水库,1251915953,109.0899743,23.0945868,-14442.2027718211,9532.555529055826
WS070,1,1,92,六旺水库,水库,1251915953,109.0906266,23.0951236,-14375.331514486425,9592.002976966269
WS070,1,1,93,六旺水库,水库,1251915953,109.090764,23.0962448,-14361.24580122904,9716.169293279372
WS070,1,1,94,六旺水库,水库,1251915953,109.0904893,23.0975396,-14389.406976132148,9859.56079021321
WS070,1,1,95,六旺水库,水库,1251915953,109.0900601,23.0970501,-14433.406889742524,9805.351539557376
WS070,1,1,96,六旺水库,水库,1251915953,109.0900601,23.0975869,-14433.406889742524,9864.798987467426
WS070,1,1,97,六旺水库,水库,1251915953,109.0894593,23.0975553,-14494.998567508594,9861.299473022662
WS070,1,1,98,六旺水库,水库,1251915953,109.0899057,23.098408,-14449.23537683813,9955.730990967812
WS070,1,1,99,六旺水库,水库,1251915953,109.089219,23.0992133,-14519.63318829298,10044.913237245815
WS070,1,1,100,六旺水库,水库,1251915953,109.0885667,23.0994659,-14586.504445627656,10072.887203978458
WS070,1,1,101,六旺水库,水库,1251915953,109.0881719,23.099308,-14626.977805117855,10055.40070616757
WS070,1,1,102,六旺水库,水库,1251915953,109.0877771,23.0983606,-14667.45116460951,9950.481719300666
WS070,1,1,103,六旺水库,水库,1251915953,109.0873479,23.097429,-14711.451078219885,9847.312489656537
WS070,1,1,104,六旺水库,水库,1251915953,109.0866098,23.0966553,-14787.118217631678,9761.629757822904
WS070,1,1,105,六旺水库,水库,1251915953,109.0859059,23.09675,-14859.279306146618,9772.117226744658
WS070,1,1,106,六旺水库,水库,1251915953,109.0858201,23.097208,-14868.075188223738,9822.838037368265
WS070,1,1,107,六旺水库,水库,1251915953,109.0870732,23.0978869,-14739.612253122992,9898.022225867215
WS070,1,1,108,六旺水库,水库,1251915953,109.0877771,23.0990238,-14667.45116460951,10023.927224990162
WS070,1,1,109,六旺水库,水库,1251915953,109.0873822,23.0995291,-14707.93477571137,10079.886232868379
WS070,1,1,110,六旺水库,水库,1251915953,109.0865754,23.0991975,-14790.644771751855,10043.163480023433
WS070,1,1,111,六旺水库,水库,1251915953,109.0851163,23.0993554,-14940.226025128473,10060.649977834715
WS070,1,1,112,六旺水库,水库,1251915953,109.0841722,23.0988185,-15037.011482816139,10001.191455511736
WS070,1,1,113,六旺水库,水库,1251915953,109.0835027,23.0988185,-15105.6460172109,10001.191455511736
WS070,1,1,114,六旺水库,水库,1251915953,109.083537,23.0994186,-15102.129714700928,10067.649006724243
WS070,1,1,115,六旺水库,水库,1251915953,109.0853738,23.0998133,-14913.828127283998,10111.359714045786
WS070,1,1,116,六旺水库,水库,1251915953,109.0854596,23.100287,-14905.032245206878,10163.819207479237
WS070,1,1,117,六旺水库,水库,1251915953,109.0858888,23.0997344,-14861.032331595045,10102.622002346412
WS070,1,1,118,六旺水库,水库,1251915953,109.0865583,23.0996238,-14792.39779720174,10090.37370178974
WS070,1,1,119,六旺水库,水库,1251915953,109.0870046,23.0999712,-14746.64485814148,10128.846211856673
WS070,1,1,120,六旺水库,水库,1251915953,109.0866784,23.1003186,-14780.085612614648,10167.318721924
WS070,1,1,121,六旺水库,水库,1251915953,109.0862493,23.1010765,-14824.075274613362,10251.251696534859
WS070,1,1,122,六旺水库,水库,1251915953,109.0871247,23.1004607,-14734.332673554389,10183.055462512508
WS070,1,1,123,六旺水库,水库,1251915953,109.0875882,23.1008081,-14686.816457435498,10221.52797257944
WS070,1,1,124,六旺水库,水库,1251915953,109.0873479,23.1012344,-14711.451078219885,10268.738194345748
WS070,1,1,125,六旺水库,水库,1251915953,109.0881375,23.1012344,-14630.504359238032,10268.738194345748
WS070,1,1,126,六旺水库,水库,1251915953,109.0887555,23.1015186,-14567.149404411872,10300.211675523155
WS070,1,1,127,六旺水库,水库,1251915953,109.0898198,23.1017554,-14458.041510526911,10326.435885033416
WS070,1,1,128,六旺水库,水库,1251915953,109.090043,23.1023081,-14435.159915192407,10387.644164578776
WS070,1,1,129,六旺水库,水库,1251915953,109.0901631,23.1027344,-14422.847730605316,10434.854386345083
WS070,1,1,130,六旺水库,水库,1251915953,109.0899743,23.1032396,-14442.2027718211,10490.80231981037
WS070,1,1,131,六旺水库,水库,1251915953,109.090249,23.1036502,-14414.041596916535,10536.273858767223
WS070,1,1,132,六旺水库,水库,1251915953,109.0901288,23.1042817,-14426.36403311383,10606.208775599027
WS070,1,1,133,六旺水库,水库,1251915953,109.0911416,23.1051817,-14322.535718797473,10705.878490798392
WS070,1,1,134,六旺水库,水库,1251915953,109.0919656,23.1051186,-14238.0624456969,10698.890536321795
WS070,1,1,135,六旺水库,水库,1251915953,109.0930471,23.1048344,-14127.191274750392,10667.417055144388
WS070,1,1,136,六旺水库,水库,1251915953,109.0930642,23.1054344,-14125.438249301966,10733.863531943964
WS070,1,1,137,六旺水库,水库,1251915953,109.0930642,23.1058765,-14125.438249301966,10782.823510932652
WS070,1,1,138,六旺水库,水库,1251915953,109.0933389,23.1059396,-14097.277074397402,10789.81146540925
WS070,1,1,139,六旺水库,水库,1251915953,109.093768,23.1052449,-14053.287412398688,10712.87751968792
WS070,1,1,140,六旺水库,水库,1251915953,109.0937852,23.1047396,-14051.524135338599,10656.918511809703
WS070,1,1,141,六旺水库,水库,1251915953,109.0940084,23.1039817,-14028.642540002638,10572.985537198845
WS070,1,1,142,六旺水库,水库,1251915953,109.094489,23.103887,-13979.373298435321,10562.498068277484
WS070,1,1,143,六旺水库,水库,1251915953,109.0948323,23.1046133,-13944.179518513727,10642.93152844358
WS070,1,1,144,六旺水库,水库,1251915953,109.0950212,23.104787,-13924.814225686281,10662.167783477242
WS070,1,1,145,六旺水库,水库,1251915953,109.095107,23.1052923,-13916.018343609163,10718.126791355064
WS070,1,1,146,六旺水库,水库,1251915953,109.0948152,23.1059554,-13945.932543962153,10791.561222631632
WS070,1,1,147,六旺水库,水库,1251915953,109.095004,23.1066501,-13926.57750274637,10868.495168352963
WS070,1,1,148,六旺水库,水库,1251915953,109.0955361,23.1075975,-13872.028681608992,10973.414155219867
WS071,1,1,1,未记录,池塘,1251915954,109.1387279,23.1141543,-9444.173442373012,11699.541253687164
WS071,1,1,2,未记录,池塘,1251915954,109.1399682,23.113797,-9317.022713457129,11659.972376753207
WS071,1,1,3,未记录,池塘,1251915954,109.140028,23.1135221,-9310.89225019055,11629.528815966036
WS071,1,1,4,未记录,池塘,1251915954,109.1401027,23.1129861,-9303.23429691316,11570.169963358241
WS071,1,1,5,未记录,池塘,1251915954,109.1412683,23.1132197,-9183.741521274667,11596.039791658695
WS071,1,1,6,未记录,池塘,1251915954,109.1403866,23.1128211,-9274.12997381441,11551.897182238416
WS071,1,1,7,未记录,池塘,1251915954,109.1401326,23.111804,-9300.169065279872,11439.259329649838
WS071,1,1,8,未记录,池塘,1251915954,109.1395348,23.1110756,-9361.453194720865,11358.59330681498
WS071,1,1,9,未记录,池塘,1251915954,109.1394003,23.1101134,-9375.241611264833,11252.035306853808
WS071,1,1,10,未记录,池塘,1251915954,109.1398038,23.1088214,-9333.876361634386,11108.953893478452
WS071,1,1,11,未记录,池塘,1251915954,109.1400429,23.1081617,-9309.364760179738,11035.895992237156
WS071,1,1,12,未记录,池塘,1251915954,109.1400728,23.1072682,-9306.29952854645,10936.946113869544
WS071,1,1,13,未记录,池塘,1251915954,109.1407303,23.1068009,-9238.895187449083,10885.195382855309
WS071,1,1,14,未记录,池塘,1251915954,109.1409993,23.1062786,-9211.318354361147,10827.353724801133
WS071,1,1,15,未记录,池塘,1251915954,109.1420006,23.10588,-9108.66897528825,10783.21111538046
WS071,1,1,16,未记录,池塘,1251915954,109.1414477,23.1056601,-9165.350131474936,10758.858481633622
WS071,1,1,17,未记录,池塘,1251915954,109.1405809,23.1060449,-9254.211094003866,10801.472822087748
WS071,1,1,18,未记录,池塘,1251915954,109.1396544,23.1067734,-9349.192268189166,10882.149919335536
WS071,1,1,19,未记录,池塘,1251915954,109.1383094,23.107282,-9487.076433627391,10938.474382836092
WS071,1,1,20,未记录,池塘,1251915954,109.1380853,23.1077631,-9510.050293459564,10991.753382816481
WS071,1,1,21,未记录,池塘,1251915954,109.1380404,23.1083129,-9514.653266715328,11052.640504390825
WS071,1,1,22,未记录,池塘,1251915954,109.1378312,23.1091238,-9536.099636536686,11142.442917785398
WS071,1,1,23,未记录,池塘,1251915954,109.1368748,23.10922,-9634.14604235382,11153.096502899127
WS071,1,1,24,未记录,池塘,1251915954,109.1359483,23.1097286,-9729.127216539122,11209.420966399683
WS071,1,1,25,未记录,池塘,1251915954,109.1354103,23.1092475,-9784.280882713538,11156.1419664189
WS071,1,1,26,未记录,池塘,1251915954,109.135485,23.1083266,-9776.622929436146,11054.157698944444
WS071,1,1,27,未记录,池塘,1251915954,109.1352608,23.1080242,-9799.60704087998,11020.668674637105
WS071,1,1,28,未记录,池塘,1251915954,109.1347826,23.1089589,-9848.630243789275,11124.181211078503
WS071,1,1,29,未记录,池塘,1251915954,109.134678,23.1097973,-9859.353428699955,11217.029087993244
WS071,1,1,30,未记录,池塘,1251915954,109.1342148,23.1100585,-9906.838889986775,11245.955454226796
WS071,1,1,31,未记录,池塘,1251915954,109.134424,23.1104021,-9885.392520165416,11284.007136607528
WS071,1,1,32,未记录,池塘,1251915954,109.1349769,23.110622,-9828.71136397873,11308.359770354366
WS071,1,1,33,未记录,池塘,1251915954,109.1359184,23.1103196,-9732.19244817241,11274.87074604742
WS071,1,1,34,未记录,池塘,1251915954,109.1360977,23.1113917,-9713.81130998434,11393.599525675545
WS071,1,1,35,未记录,池塘,1251915954,109.1366805,23.1122439,-9654.064922164365,11487.975671556835
WS071,1,1,36,未记录,池塘,1251915954,109.1373829,23.1128761,-9582.057607811235,11557.988109278358
WS071,1,1,37,未记录,池塘,1251915954,109.1381301,23.1126424,-9505.457571815461,11532.107206564579
WS071,1,1,38,未记录,池塘,1251915954,109.1385635,23.1128761,-9461.027090550268,11557.988109278358
WS071,1,1,39,未记录,池塘,1251915954,109.1383543,23.1131373,-9482.473460371628,11586.91447551191
WS071,1,1,40,未记录,池塘,1251915954,109.1387279,23.1141543,-9444.173442373012,11699.541253687164
WS072,1,1,1,未记录,池塘,1251915959,109.116898,23.1184042,-11682.089831293892,12170.192723272614
WS072,1,1,2,未记录,池塘,1251915959,109.1177453,23.118439,-11595.227932874324,12174.04661892679
WS072,1,1,3,未记录,池塘,1251915959,109.1169526,23.1180432,-11676.492451790005,12130.214093064596
WS072,1,1,4,未记录,池塘,1251915959,109.1160692,23.1180328,-11767.05518171488,12129.062354133714
WS072,1,1,5,未记录,池塘,1251915959,109.115435,23.1174078,-11832.070897491798,12059.847274133663
WS072,1,1,6,未记录,池塘,1251915959,109.1156615,23.1168453,-11808.850999000146,11997.553702134206
WS072,1,1,7,未记录,池塘,1251915959,109.1164203,23.1174599,-11731.061776149249,12065.617043202587
WS072,1,1,8,未记录,池塘,1251915959,109.1166128,23.1165849,-11711.327425334042,11968.715931202909
WS072,1,1,9,未记录,池塘,1251915959,109.118674,23.1174078,-11500.02122325141,12059.847274133663
WS072,1,1,10,未记录,池塘,1251915959,109.1180851,23.1169807,-11560.392959330287,12012.5484570651
WS072,1,1,11,未记录,池塘,1251915959,109.1171224,23.1161475,-11659.085216629648,11920.276449616
WS072,1,1,12,未记录,池塘,1251915959,109.1171564,23.1156787,-11655.599668953204,11868.359602409791
WS072,1,1,13,未记录,池塘,1251915959,109.1181757,23.1160641,-11551.10499993421,11911.040389340706
WS072,1,1,14,未记录,池塘,1251915959,109.1180511,23.1152308,-11563.878507006733,11818.757307478674
WS072,1,1,15,未记录,池塘,1251915959,109.1188439,23.1151788,-11482.603736479392,11812.99861282268
WS072,1,1,16,未记录,池塘,1251915959,109.1183229,23.1146163,-11536.014628817042,11750.705040823224
WS072,1,1,17,未记录,池塘,1251915959,109.1189119,23.1141996,-11475.632641126502,11704.557962685547
WS072,1,1,18,未记录,池塘,1251915959,109.1191497,23.1144809,-11451.254310613256,11735.710285891937
WS072,1,1,19,未记录,池塘,1251915959,109.1192403,23.1152621,-11441.96635121572,11822.223598685043
WS072,1,1,20,未记录,池塘,1251915959,109.1192516,23.1163037,-11440.807919194127,11937.57468240945
WS072,1,1,21,未记录,池塘,1251915959,109.1199991,23.1169078,-11364.177128364825,12004.475210134015
WS072,1,1,22,未记录,池塘,1251915959,109.121143,23.1172307,-11246.908952271851,12040.234489065122
WS072,1,1,23,未记录,池塘,1251915959,109.1203275,23.1165329,-11330.510838454044,11962.957236546914
WS072,1,1,24,未记录,池塘,1251915959,109.1196254,23.115585,-11402.487397973644,11857.98287761615
WS072,1,1,25,未记录,池塘,1251915959,109.1201803,23.114835,-11345.601209571212,11774.924781616483
WS072,1,1,26,未记录,池塘,1251915959,109.1207013,23.1148142,-11292.190317235018,11772.62130375432
WS072,1,1,27,未记录,池塘,1251915959,109.1210297,23.1156371,-11258.524027324236,11863.752646685074
WS072,1,1,28,未记录,池塘,1251915959,109.1220717,23.1162725,-11151.702242648937,11934.11946561601
WS072,1,1,29,未记录,池塘,1251915959,109.1229211,23.1163037,-11064.625060401962,11937.57468240945
WS072,1,1,30,未记录,池塘,1251915959,109.1223208,23.1159704,-11126.165480114096,11900.663664547064
WS072,1,1,31,未记录,池塘,1251915959,109.1211996,23.1151892,-11241.106540552219,11814.150351753957
WS072,1,1,32,未记录,池塘,1251915959,109.121143,23.1143455,-11246.908952271851,11720.71553096065
WS072,1,1,33,未记录,池塘,1251915959,109.1212675,23.1133663,-11234.145696809534,11612.274880823516
WS072,1,1,34,未记录,池塘,1251915959,109.122083,23.1143142,-11150.543810627343,11717.24923975428
WS072,1,1,35,未记录,池塘,1251915959,109.1225247,23.1145121,-11105.262445665632,11739.165502685377
WS072,1,1,36,未记录,池塘,1251915959,109.1235666,23.1141371,-10998.450912601995,11697.636454685738
WS072,1,1,37,未记录,池塘,1251915959,109.122604,23.1137726,-11097.132918291149,11657.270220029915
WS072,1,1,38,未记录,池塘,1251915959,109.1227738,23.1129393,-11079.725683129334,11564.987138167884
WS072,1,1,39,未记录,池塘,1251915959,109.1225473,23.112658,-11102.945581622444,11533.834814961496
WS072,1,1,40,未记录,池塘,1251915959,109.1232155,23.111731,-11034.444318167625,11431.175008305823
WS072,1,1,41,未记录,池塘,1251915959,109.1242914,23.1115226,-10924.147237427542,11408.095932030912
WS072,1,1,42,未记录,池塘,1251915959,109.123544,23.1111268,-11000.76777664664,11364.26340616872
WS072,1,1,43,未记录,池塘,1251915959,109.1242461,23.1105851,-10928.791217127038,11304.273312031426
WS072,1,1,44,未记录,池塘,1251915959,109.124484,23.109481,-10904.40263500213,11182.00072030682
WS072,1,1,45,未记录,池塘,1251915959,109.12539,23.1091476,-10811.523041034065,11145.0786280319
WS072,1,1,46,未记录,池塘,1251915959,109.1267604,23.1084393,-10671.03496644944,11066.63856216988
WS072,1,1,47,未记录,池塘,1251915959,109.1256165,23.1081581,-10788.303142540957,11035.49731337642
WS072,1,1,48,未记录,池塘,1251915959,109.1255712,23.1062935,-10792.947122240452,10829.00381230833
WS072,1,1,49,未记录,池塘,1251915959,109.1244726,23.1075643,-10905.571318633929,10969.737450170202
WS072,1,1,50,未记录,池塘,1251915959,109.1241102,23.1086893,-10942.723156221155,11094.324594169899
WS072,1,1,51,未记录,池塘,1251915959,109.1233288,23.1086476,-11022.829243116697,11089.706564032253
WS072,1,1,52,未记录,池塘,1251915959,109.1221736,23.1073768,-11141.255851231264,10948.972926170383
WS072,1,1,53,未记录,池塘,1251915959,109.1233967,23.1097831,-11015.868399374012,11215.456521375765
WS072,1,1,54,未记录,池塘,1251915959,109.1229664,23.1103143,-11059.981080703923,11274.283802168851
WS072,1,1,55,未记录,池塘,1251915959,109.1218112,23.110231,-11178.40768881849,11265.058816306488
WS072,1,1,56,未记录,池塘,1251915959,109.12257,23.1110747,-11100.618465967595,11358.493637099797
WS072,1,1,57,未记录,池塘,1251915959,109.1216639,23.1117726,-11193.508311545864,11435.781964030539
WS072,1,1,58,未记录,池塘,1251915959,109.1218225,23.1126059,-11177.249256796897,11528.06504589257
WS072,1,1,59,未记录,池塘,1251915959,109.12069,23.1125018,-11293.348749256613,11516.536582168046
WS072,1,1,60,未记录,池塘,1251915959,109.1203313,23.1131784,-11330.121277242957,11591.466059172373
WS072,1,1,61,未记录,池塘,1251915959,109.1187691,23.1132415,-11490.271941368444,11598.454013649365
WS072,1,1,62,未记录,池塘,1251915959,109.1185288,23.1127047,-11514.906562151375,11539.006565738922
WS072,1,1,63,未记录,池塘,1251915959,109.1178937,23.1127521,-11580.014542427418,11544.255837406461
WS072,1,1,64,未记录,池塘,1251915959,109.1165204,23.1128152,-11720.799913725457,11551.243791883058
WS072,1,1,65,未记录,池塘,1251915959,109.1157479,23.1124837,-11799.99360725743,11514.532113451041
WS072,1,1,66,未记录,池塘,1251915959,109.1167264,23.1116469,-11699.681595449587,11421.861427141204
WS072,1,1,67,未记录,池塘,1251915959,109.1159024,23.1116785,-11784.154868551617,11425.360941585968
WS072,1,1,68,未记录,池塘,1251915959,109.1157651,23.1107627,-11798.23033019734,11323.941469163827
WS072,1,1,69,未记录,池塘,1251915959,109.1162457,23.1097523,-11748.961088630022,11212.045602233255
WS072,1,1,70,未记录,池塘,1251915959,109.1171384,23.109326,-11657.4449588993,11164.83538046695
WS072,1,1,71,未记录,池塘,1251915959,109.1164517,23.108805,-11727.842770354151,11107.137689779282
WS072,1,1,72,未记录,池塘,1251915959,109.1163315,23.1080945,-11740.165206551446,11028.453986835568
WS072,1,1,73,未记录,池塘,1251915959,109.1155076,23.107826,-11824.628228041816,10998.719188467614
WS072,1,1,74,未记录,池塘,1251915959,109.1160054,23.1071313,-11773.595709412954,10921.785242746282
WS072,1,1,75,未记录,池塘,1251915959,109.1165547,23.1059945,-11717.283611216943,10795.891318036656
WS072,1,1,76,未记录,池塘,1251915959,109.1156449,23.1067682,-11810.552766394636,10881.574049869896
WS072,1,1,77,未记录,池塘,1251915959,109.1152329,23.1071945,-11852.78940294638,10928.78427163581
WS072,1,1,78,未记录,池塘,1251915959,109.1146321,23.1076839,-11914.38108071245,10982.982447879107
WS072,1,1,79,未记录,池塘,1251915959,109.1156277,23.1081734,-11812.316043454724,11037.191698534547
WS072,1,1,80,未记录,池塘,1251915959,109.1161084,23.1088997,-11763.036550275745,11117.625158700643
WS072,1,1,81,未记录,池塘,1251915959,109.1154561,23.1096733,-11829.90780761042,11203.296816121347
WS072,1,1,82,未记录,池塘,1251915959,109.1154217,23.1102891,-11833.434361730597,11271.493050143305
WS072,1,1,83,未记录,池塘,1251915959,109.1149926,23.1120732,-11877.424023730768,11469.071648907511
WS072,1,1,84,未记录,池塘,1251915959,109.1140999,23.1121205,-11968.940153460033,11474.309846161726
WS072,1,1,85,未记录,池塘,1251915959,109.113482,23.1115206,-12032.28485667453,11407.874443774686
WS072,1,1,86,未记录,池塘,1251915959,109.1137051,23.1128942,-12009.413512950232,11559.992577994966
WS072,1,1,87,未记录,池塘,1251915959,109.1134133,23.1125468,-12039.327713303222,11521.520067928033
WS072,1,1,88,未记录,池塘,1251915959,109.1126065,23.1122153,-12122.037709345166,11484.808389496018
WS072,1,1,89,未记录,池塘,1251915959,109.112143,23.111268,-12169.553925464057,11379.900477042043
WS072,1,1,90,未记录,池塘,1251915959,109.1115594,23.111789,-12229.382326170038,11437.598167730104
WS072,1,1,91,未记录,池塘,1251915959,109.112246,23.1123732,-12158.994766326849,11502.294887307298
WS072,1,1,92,未记录,池塘,1251915959,109.1116795,23.1125784,-12217.070141584405,11525.019582372797
WS072,1,1,93,未记录,池塘,1251915959,109.110804,23.1129258,-12306.822994253582,11563.49209243973
WS072,1,1,94,未记录,池塘,1251915959,109.1106324,23.1122153,-12324.414758409277,11484.808389496018
WS072,1,1,95,未记录,池塘,1251915959,109.1102204,23.1121995,-12366.651394959565,11483.058632273636
WS072,1,1,96,未记录,池塘,1251915959,109.1101346,23.1132257,-12375.44727703814,11596.704256426983
WS072,1,1,97,未记录,池塘,1251915959,109.1097397,23.113873,-12415.930888138544,11668.38893048117
WS072,1,1,98,未记录,池塘,1251915959,109.1107354,23.1145204,-12313.85559927207,11740.084678947891
WS072,1,1,99,未记录,池塘,1251915959,109.1115594,23.1137625,-12229.382326170038,11656.151704337033
WS072,1,1,100,未记录,池塘,1251915959,109.1119198,23.113952,-12192.435520800016,11677.137716593077
WS072,1,1,101,未记录,池塘,1251915959,109.1125722,23.1149308,-12125.554011853681,11785.534069078887
WS072,1,1,102,未记录,池塘,1251915959,109.1127438,23.1141572,-12107.962247697986,11699.862411658576
WS072,1,1,103,未记录,池塘,1251915959,109.1123833,23.113352,-12144.91930467967,11610.691239793108
WS072,1,1,104,未记录,池塘,1251915959,109.1132588,23.1135889,-12055.166452010491,11636.926523716298
WS072,1,1,105,未记录,池塘,1251915959,109.1137051,23.1143783,-12009.413512950232,11724.347938358991
WS072,1,1,106,未记录,池塘,1251915959,109.1148553,23.1154045,-11891.49948537649,11837.993562512338
WS072,1,1,107,未记录,池塘,1251915959,109.1149068,23.1159571,-11886.219905807886,11899.19076764477
WS072,1,1,108,未记录,池塘,1251915959,109.1143746,23.1169991,-11940.778978555469,12014.586149020499
WS072,1,1,109,未记录,池塘,1251915959,109.1155591,23.1185463,-11819.348648473211,12185.92946386112
WS072,1,1,110,未记录,池塘,1251915959,109.116898,23.1184042,-11682.089831293892,12170.192723272614
WS073,1,1,1,未记录,池塘,1344764504,109.1209151,23.1898376,-11270.272373315109,20081.022316315863
WS073,1,1,2,未记录,池塘,1344764504,109.1211282,23.1889412,-11248.42619067246,19981.751279976837
WS073,1,1,3,未记录,池塘,1344764504,109.1207879,23.1882652,-11283.312422270435,19906.8882494493
WS073,1,1,4,未记录,池塘,1344764504,109.1209898,23.1878997,-11262.614420037718,19866.411270665365
WS073,1,1,5,未记录,池塘,1344764504,109.1216904,23.1876694,-11190.791634679928,19840.90689798725
WS073,1,1,6,未记录,池塘,1344764504,109.1222582,23.1878836,-11132.582988482429,19864.628290204586
WS073,1,1,7,未记录,池塘,1344764504,109.1226952,23.1880677,-11087.783449229473,19885.016284169527
WS073,1,1,8,未记录,池塘,1344764504,109.123206,23.188191,-11035.41822119534,19898.671035151707
WS073,1,1,9,未记录,池塘,1344764504,109.1234662,23.1881009,-11008.743529859314,19888.6929892188
WS073,1,1,10,未记录,池塘,1344764504,109.1234965,23.1878069,-11005.637291782292,19856.1342155873
WS073,1,1,11,未记录,池塘,1344764504,109.1231531,23.1877172,-11040.841323315548,19846.20046730572
WS073,1,1,12,未记录,池塘,1344764504,109.122611,23.1874139,-11096.41530553312,19812.611773283195
WS073,1,1,13,未记录,池塘,1344764504,109.1221262,23.1870518,-11146.115114756713,19772.511324534527
WS073,1,1,14,未记录,池塘,1344764504,109.1219175,23.1869713,-11167.510226524135,19763.596422230647
WS073,1,1,15,未记录,池塘,1344764504,109.1215067,23.1869682,-11209.623843744681,19763.25311543377
WS073,1,1,16,未记录,池塘,1344764504,109.1211868,23.1867825,-11242.418746735622,19742.687930864322
WS073,1,1,17,未记录,池塘,1344764504,109.1210454,23.1869651,-11256.91452442596,19762.909808636894
WS073,1,1,18,未记录,池塘,1344764504,109.1200286,23.1881102,-11361.152903175269,19889.72290960943
WS073,1,1,19,未记录,池塘,1344764504,109.1197626,23.1888654,-11388.422187938126,19973.356875074736
WS073,1,1,20,未记录,池塘,1344764504,109.1204562,23.1894937,-11317.317015336908,20042.937410696733
WS073,1,1,21,未记录,池塘,1344764504,109.1209151,23.1898376,-11270.272373315109,20081.022316315863
WS074,1,1,1,未记录,池塘,1344764516,109.1610526,23.1917421,-7155.532083148347,20291.934508090835
WS074,1,1,2,未记录,池塘,1344764516,109.161488,23.1916415,-7110.896569667407,20280.793648814117
WS074,1,1,3,未记录,池塘,1344764516,109.1614554,23.1911299,-7114.238594793703,20224.136952929613
WS074,1,1,4,未记录,池塘,1344764516,109.1611224,23.1911492,-7148.3764588015765,20226.274314600196
WS074,1,1,5,未记录,池塘,1344764516,109.1609571,23.1912369,-7165.322371475046,20235.98657462555
WS074,1,1,6,未记录,池塘,1344764516,109.1610153,23.1913097,-7159.35593398194,20244.048747144097
WS074,1,1,7,未记录,池塘,1344764516,109.160836,23.1914531,-7177.737072170011,20259.929455099114
WS074,1,1,8,未记录,池塘,1344764516,109.1609478,23.1916907,-7166.2757712808925,20286.24225991163
WS074,1,1,9,未记录,池塘,1344764516,109.1610526,23.1917421,-7155.532083148347,20291.934508090835
WS075,1,1,1,未记录,池塘,1344764518,109.1286431,23.1939356,-10478.027889667415,20534.85175285792
WS075,1,1,2,未记录,池塘,1344764518,109.1290786,23.1935161,-10433.38212457627,20488.394591162156
WS075,1,1,3,未记录,池塘,1344764518,109.1287409,23.1929489,-10468.001814292898,20425.580521760923
WS075,1,1,4,未记录,池塘,1344764518,109.1285174,23.1931458,-10490.914164459473,20447.386040563906
WS075,1,1,5,未记录,池塘,1344764518,109.1283451,23.1936017,-10508.57768989097,20497.87428851875
WS075,1,1,6,未记录,池塘,1344764518,109.1283521,23.193805,-10507.860077134399,20520.388569741343
WS075,1,1,7,未记录,池塘,1344764518,109.1286431,23.1939356,-10478.027889667415,20534.85175285792
WS076,1,1,1,未记录,池塘,1344764519,109.1272902,23.194308,-10616.72193235988,20576.092866124938
WS076,1,1,2,未记录,池塘,1344764519,109.1275883,23.1942738,-10586.16188052612,20572.30541694755
WS076,1,1,3,未记录,池塘,1344764519,109.1276046,23.1941197,-10584.490867963701,20555.239746822863
WS076,1,1,4,未记录,池塘,1344764519,109.1274928,23.1939463,-10595.952168852818,20536.036715027596
WS076,1,1,5,未记录,池塘,1344764519,109.1275953,23.1939313,-10585.444267769548,20534.375553107468
WS076,1,1,6,未记录,池塘,1344764519,109.1276512,23.1937687,-10579.71361732426,20516.3685578948
WS076,1,1,7,未记录,池塘,1344764519,109.1275254,23.1935739,-10592.61014372798,20494.79560176058
WS076,1,1,8,未记录,池塘,1344764519,109.1273787,23.1934968,-10607.649256791212,20486.257229491574
WS076,1,1,9,未记录,池塘,1344764519,109.1265754,23.1938885,-10690.00044645414,20529.635704429173
WS076,1,1,10,未记录,池塘,1344764519,109.1272902,23.194308,-10616.72193235988,20576.092866124938
WS077,1,1,1,未记录,池塘,1344764520,109.1284848,23.1930645,-10494.256189585769,20438.382542957374
WS077,1,1,2,未记录,池塘,1344764520,109.1287153,23.1928312,-10470.626226661165,20412.545937895313
WS077,1,1,3,未记录,池塘,1344764520,109.128692,23.1927113,-10473.014851980157,20399.267716948012
WS077,1,1,4,未记录,池塘,1344764520,109.1287246,23.1926749,-10469.672826855318,20395.236630688934
WS077,1,1,5,未记录,池塘,1344764520,109.1287922,23.1927113,-10462.742737944704,20399.267716948012
WS077,1,1,6,未记录,池塘,1344764520,109.1289156,23.1926878,-10450.09225020192,20396.6652299403
WS077,1,1,7,未记录,池塘,1344764520,109.1291438,23.1925337,-10426.698074326592,20379.59955981522
WS077,1,1,8,未记录,池塘,1344764520,109.1291764,23.1922126,-10423.356049200296,20344.039620314874
WS077,1,1,9,未记录,池塘,1344764520,109.129011,23.192112,-10440.312213485427,20332.898761038155
WS077,1,1,10,未记录,池塘,1344764520,109.1283055,23.1929211,-10512.637327773838,20422.50183500236
WS077,1,1,11,未记录,池塘,1344764520,109.1284848,23.1930645,-10494.256189585769,20438.382542957374
WS078,1,1,1,未记录,池塘,1344764521,109.1288899,23.1919365,-10452.726914180392,20313.463166574125
WS078,1,1,2,未记录,池塘,1344764521,109.1296025,23.1910376,-10379.673935525203,20213.915269915407
WS078,1,1,3,未记录,池塘,1344764521,109.1295117,23.1909819,-10388.982398144604,20207.746821985747
WS078,1,1,4,未记录,池塘,1344764521,109.1291833,23.1913822,-10422.648688055386,20252.07769642386
WS078,1,1,5,未记录,池塘,1344764521,109.1285896,23.1912152,-10483.512501453222,20233.583427047808
WS078,1,1,6,未记录,池塘,1344764521,109.1286571,23.1919087,-10476.59266415427,20310.384479815562
WS078,1,1,7,未记录,池塘,1344764521,109.1288899,23.1919365,-10452.726914180392,20313.463166574125
WS079,1,1,1,未记录,池塘,1344764524,109.1259833,23.1858624,-10750.700234078504,19640.79225869212
WS079,1,1,2,未记录,池塘,1344764524,109.1260346,23.1856163,-10745.441157731766,19613.538128791228
WS079,1,1,3,未记录,池塘,1344764524,109.1260159,23.1854129,-10747.358208953665,19591.0127731561
WS079,1,1,4,未记录,池塘,1344764524,109.1258855,23.1853337,-10760.726309454478,19582.241838218724
WS079,1,1,5,未记录,池塘,1344764524,109.1257831,23.1853787,-10771.223958926086,19587.225323978713
WS079,1,1,6,未记录,池塘,1344764524,109.1256736,23.1857126,-10782.449472767386,19624.202788317492
WS079,1,1,7,未记录,池塘,1344764524,109.1256015,23.1857425,-10789.840884163432,19627.51403774482
WS079,1,1,8,未记录,池塘,1344764524,109.1255828,23.1858945,-10791.75793538533,19644.347145200743
WS079,1,1,9,未记录,池塘,1344764524,109.1257412,23.1859459,-10775.519383858229,19650.039393379946
WS079,1,1,10,未记录,池塘,1344764524,109.1259833,23.1858624,-10750.700234078504,19640.79225869212
WS080,1,1,1,未记录,一般水体,1367635403,109.0749145,23.0788282,-15986.074857073228,7787.383113562291
WS080,1,1,2,未记录,一般水体,1367635403,109.0750347,23.0788227,-15973.752420875931,7786.774020858258
WS080,1,1,3,未记录,一般水体,1367635403,109.0752992,23.0782476,-15946.636910274883,7723.085072845833
WS080,1,1,4,未记录,一般水体,1367635403,109.0753533,23.077562,-15941.090788824935,7647.15889868927
WS080,1,1,5,未记录,一般水体,1367635403,109.0750648,23.0773408,-15970.666686020777,7622.662297575926
WS080,1,1,6,未记录,一般水体,1367635403,109.0748664,23.0774016,-15991.005881874478,7629.395540558296
WS080,1,1,7,未记录,一般水体,1367635403,109.074644,23.0773353,-16013.805464322975,7622.053204871892
WS080,1,1,8,未记录,一般水体,1367635403,109.0743976,23.0771196,-16039.065433367721,7598.165696462188
WS080,1,1,9,未记录,一般水体,1367635403,109.0741692,23.077092,-16062.480112464917,7595.109158529484
WS080,1,1,10,未记录,一般水体,1367635403,109.0738206,23.0775399,-16098.217227759407,7644.711453460601
WS080,1,1,11,未记录,一般水体,1367635403,109.0739048,23.0776892,-16089.58537145576,7661.245551770579
WS080,1,1,12,未记录,一般水体,1367635403,109.0739228,23.0779214,-16087.740081508207,7686.960338292384
WS080,1,1,13,未记录,一般水体,1367635403,109.0741091,23.0782034,-16068.641330563565,7718.190182388099
WS080,1,1,14,未记录,一般水体,1367635403,109.0743616,23.0783306,-16042.756013259914,7732.276835469801
WS080,1,1,15,未记录,一般水体,1367635403,109.0744217,23.0786512,-16036.594795161265,7767.7814029062865
WS080,1,1,16,未记录,一般水体,1367635403,109.0747102,23.0784909,-16007.018897965423,7750.029119187847
WS080,1,1,17,未记录,一般水体,1367635403,109.0748544,23.0785628,-15992.236075171875,7757.991621991213
WS080,1,1,18,未记录,一般水体,1367635403,109.0749145,23.0788282,-15986.074857073228,7787.383113562291
WS081,1,1,1,未记录,一般水体,1369893922,109.0857068,23.2149545,-14879.690263276123,22862.571504867872
WS081,1,1,2,未记录,一般水体,1369893922,109.0860802,23.2146676,-14841.410748499373,22830.79901454452
WS081,1,1,3,未记录,一般水体,1369893922,109.0862218,23.2138896,-14826.894467587172,22744.640082961218
WS081,1,1,4,未记录,一般水体,1369893922,109.0859096,23.2133986,-14858.899996547194,22690.264716113412
WS081,1,1,5,未记录,一般水体,1369893922,109.0856264,23.2133808,-14887.932558370141,22688.293470634802
WS081,1,1,6,未记录,一般水体,1369893922,109.085179,23.2135494,-14933.79826514848,22706.964930615755
WS081,1,1,7,未记录,一般水体,1369893922,109.0852498,23.2137713,-14926.540124692378,22731.53905261882
WS081,1,1,8,未记录,一般水体,1369893922,109.0852498,23.2141529,-14926.540124692378,22773.79901186314
WS081,1,1,9,未记录,一般水体,1369893922,109.0850245,23.2144102,-14949.63700385429,22802.29347599756
WS081,1,1,10,未记录,一般水体,1369893922,109.0857068,23.2149545,-14879.690263276123,22862.571504867872
WS082,1,1,1,未记录,一般水体,1369893929,109.1059538,23.1920276,-12804.046621918376,20323.55195663475
WS082,1,1,2,未记录,一般水体,1369893929,109.1060337,23.1920236,-12795.855584878294,20323.108980122688
WS082,1,1,3,未记录,一般水体,1369893929,109.1060769,23.1919601,-12791.426889006207,20316.07672799477
WS082,1,1,4,未记录,一般水体,1369893929,109.1060812,23.1917378,-12790.986069741184,20291.45830834038
WS082,1,1,5,未记录,一般水体,1369893929,109.1060164,23.1916723,-12797.629113548586,20284.204567956625
WS082,1,1,6,未记录,一般水体,1369893929,109.1059192,23.1916088,-12807.593679258962,20277.172315828702
WS082,1,1,7,未记录,一般水体,1369893929,109.1051333,23.1913092,-12888.161088639936,20243.993375079845
WS082,1,1,8,未记录,一般水体,1369893929,109.1047943,23.1911405,-12922.914049297964,20225.310840686354
WS082,1,1,9,未记录,一般水体,1369893929,109.1047144,23.1911206,-12931.105086336589,20223.107032539378
WS082,1,1,10,未记录,一般水体,1369893929,109.1045892,23.1915374,-12943.94010307471,20269.26518508959
WS082,1,1,11,未记录,一般水体,1369893929,109.1046151,23.1916465,-12941.284935874373,20281.347369454288
WS082,1,1,12,未记录,一般水体,1369893929,109.1059538,23.1920276,-12804.046621918376,20323.55195663475
WS083,1,1,1,未记录,一般水体,1369893930,109.1084637,23.1906008,-12546.741442116005,20165.542234804896
WS083,1,1,2,未记录,一般水体,1369893930,109.1110616,23.188501,-12280.414844798901,19933.001714831447
WS083,1,1,3,未记录,一般水体,1369893930,109.1106945,23.1882201,-12318.048508094882,19901.89368927638
WS083,1,1,4,未记录,一般水体,1369893930,109.1097624,23.1882922,-12413.60377248515,19909.878340905216
WS083,1,1,5,未记录,一般水体,1369893930,109.1091998,23.188032,-12471.279334919958,19881.062718799774
WS083,1,1,6,未记录,一般水体,1369893930,109.1082843,23.1882111,-12565.132831915736,19900.896992124544
WS083,1,1,7,未记录,一般水体,1369893930,109.1078761,23.1884105,-12606.979907254938,19922.979371247613
WS083,1,1,8,未记录,一般水体,1369893930,109.1073719,23.188478,-12658.668528974775,19930.454599887595
WS083,1,1,9,未记录,一般水体,1369893930,109.107259,23.1886953,-12670.242597583429,19954.519298901807
WS083,1,1,10,未记录,一般水体,1369893930,109.1080012,23.1893366,-12594.155142127021,20025.5395081881
WS083,1,1,11,未记录,一般水体,1369893930,109.1084637,23.1906008,-12546.741442116005,20165.542234804896
WS084,1,1,1,未记录,一般水体,1434596088,109.1505233,23.1963706,-8234.954940507672,20804.51370453705
WS084,1,1,2,未记录,一般水体,1434596088,109.1506432,23.1963624,-8222.663259142446,20803.605602687465
WS084,1,1,3,未记录,一般水体,1434596088,109.1507275,23.1962747,-8214.021151227138,20793.893342661715
WS084,1,1,4,未记录,一般水体,1434596088,109.150752,23.1960074,-8211.509506578406,20764.291437247342
WS084,1,1,5,未记录,一般水体,1434596088,109.1498396,23.1961319,-8305.045203637445,20778.079081183492
WS084,1,1,6,未记录,一般水体,1434596088,109.1500949,23.1961829,-8278.87284123204,20783.727031711373
WS084,1,1,7,未记录,一般水体,1434596088,109.1503746,23.1962971,-8250.19908578665,20796.37401112878
WS084,1,1,8,未记录,一般水体,1434596088,109.1505233,23.1963706,-8234.954940507672,20804.51370453705
WS085,1,1,1,未记录,水库,1435033890,109.4400753,23.1459954,21448.789201463394,15225.756107733849
WS085,1,1,2,未记录,水库,1435033890,109.4401131,23.1464633,21452.664310350923,15277.573285224871
WS085,1,1,3,未记录,水库,1435033890,109.4395947,23.1473154,21399.51995989462,15371.938356693232
WS085,1,1,4,未记录,水库,1435033890,109.4396429,23.1479585,21404.461236306073,15443.157905409891
WS085,1,1,5,未记录,水库,1435033890,109.4398953,23.148443,21430.33630199952,15496.813435425553
WS085,1,1,6,未记录,水库,1435033890,109.4400735,23.148492,21448.604672468056,15502.2398976976
WS085,1,1,7,未记录,水库,1435033890,109.4400827,23.1486998,21449.547820663698,15525.25252749572
WS085,1,1,8,未记录,水库,1435033890,109.4398601,23.148801,21426.727734993336,15536.459833249228
WS085,1,1,9,未记录,水库,1435033890,109.4399525,23.1496607,21436.200223384752,15631.666560090385
WS085,1,1,10,未记录,水库,1435033890,109.4401818,23.150069,21459.707166979617,15676.883387552618
WS085,1,1,11,未记录,水库,1435033890,109.4402855,23.1495175,21470.338087392625,15615.80800096123
WS085,1,1,12,未记录,水库,1435033890,109.4409738,23.1490816,21540.899924619494,15567.534635565898
WS085,1,1,13,未记录,水库,1435033890,109.4415618,23.1484777,21601.17939620216,15500.656256667191
WS085,1,1,14,未记录,水库,1435033890,109.441543,23.1480877,21599.2520933686,15457.466046747428
WS085,1,1,15,未记录,水库,1435033890,109.4410213,23.1478274,21545.7694397566,15428.63935022906
WS085,1,1,16,未记录,水库,1435033890,109.4409864,23.1476166,21542.191627582488,15405.294488046598
WS085,1,1,17,未记录,水库,1435033890,109.4413495,23.1472574,21579.41522644552,15365.515197269344
WS085,1,1,18,未记录,水库,1435033890,109.4409086,23.1469626,21534.215874369816,15332.8678283348
WS085,1,1,19,未记录,水库,1435033890,109.4408846,23.1466546,21531.755487775023,15298.758636911285
WS085,1,1,20,未记录,水库,1435033890,109.4413792,23.1456915,21582.45995485694,15192.100967234928
WS085,1,1,21,未记录,水库,1435033890,109.440948,23.1451664,21538.255009030818,15133.949225622271
WS085,1,1,22,未记录,水库,1435033890,109.4404286,23.1450666,21485.00814246664,15122.896961647808
WS085,1,1,23,未记录,水库,1435033890,109.4400753,23.1459954,21448.789201463394,15225.756107733849
WS086,1,1,1,未记录,池塘,1435033891,109.4398535,23.1495947,21426.05112867904,15624.35744764277
WS086,1,1,2,未记录,池塘,1435033891,109.4397749,23.148872,21417.99336258036,15544.322666337412
WS086,1,1,3,未记录,池塘,1435033891,109.4392673,23.1492014,21365.956186091713,15580.80178210027
WS086,1,1,4,未记录,池塘,1435033891,109.4392837,23.149541,21367.637450265793,15618.410487968942
WS086,1,1,5,未记录,池塘,1435033891,109.4398535,23.1495947,21426.05112867904,15624.35744764277
WS087,1,1,1,未记录,一般水体,1435268277,109.3929806,22.8702732,16620.823843797232,-15308.858501384446
WS087,1,1,2,未记录,一般水体,1435268277,109.3936422,22.8697368,16688.648500937754,-15368.261651643565
WS087,1,1,3,未记录,一般水体,1435268277,109.3938799,22.8693242,16713.016579840794,-15413.95467885586
WS087,1,1,4,未记录,一般水体,1435268277,109.3935498,22.8680765,16679.176012546337,-15552.130127360946
WS087,1,1,5,未记录,一般水体,1435268277,109.3942508,22.867602,16751.0398043464,-15604.678216096652
WS087,1,1,6,未记录,一般水体,1435268277,109.3944225,22.8670748,16768.64182011376,-15663.062520378073
WS087,1,1,7,未记录,一般水体,1435268277,109.3942794,22.8666661,16753.971765039747,-15708.32364549163
WS087,1,1,8,未记录,一般水体,1435268277,109.3940076,22.8666134,16726.1078868486,-15714.159861037342
WS087,1,1,9,未记录,一般水体,1435268277,109.3940243,22.8663078,16727.81990585475,-15748.0032665537
WS087,1,1,10,未记录,一般水体,1435268277,109.3946451,22.8659489,16791.461905784123,-15787.749334092954
WS087,1,1,11,未记录,一般水体,1435268277,109.3948799,22.8653176,16815.532687973748,-15857.6621020989
WS087,1,1,12,未记录,一般水体,1435268277,109.3954381,22.8649922,16872.757179533328,-15893.698241350094
WS087,1,1,13,未记录,一般水体,1435268277,109.3952378,22.8646626,16852.223203074085,-15930.199505938812
WS087,1,1,14,未记录,一般水体,1435268277,109.3946943,22.8645835,16796.505698303452,-15938.95936646365
WS087,1,1,15,未记录,一般水体,1435268277,109.3942079,22.8648867,16746.641863307843,-15905.381746854056
WS087,1,1,16,未记录,一般水体,1435268277,109.3945655,22.8639245,16783.30162357611,-16011.939746815227
WS087,1,1,17,未记录,一般水体,1435268277,109.3950662,22.8637795,16834.63143891839,-16027.997645375146
WS087,1,1,18,未记录,一般水体,1435268277,109.3955096,22.8639509,16880.087081263777,-16009.016101836103
WS087,1,1,19,未记录,一般水体,1435268277,109.3964109,22.8637136,16972.484849524542,-16035.295683410224
WS087,1,1,20,未记录,一般水体,1435268277,109.3964252,22.8631204,16973.95082986976,-16100.989100139654
WS087,1,1,21,未记录,一般水体,1435268277,109.3961248,22.8625405,16943.154990986724,-16165.209619966394
WS087,1,1,22,未记录,一般水体,1435268277,109.395338,22.8620396,16862.49531710808,-16220.681353681619
WS087,1,1,23,未记录,一般水体,1435268277,109.39502743434922,22.8615453,16830.657335270647,-16275.422176151767
WS087,1,1,24,未记录,一般水体,1435268277,109.3932227638088,22.8615453,16645.64953500516,-16275.422176151767
WS087,1,1,25,未记录,一般水体,1435268277,109.3931922,22.8619209,16642.51625227807,-16233.826681674947
WS087,1,1,26,未记录,一般水体,1435268277,109.393464,22.8623032,16670.38013046776,-16191.489201540908
WS087,1,1,27,未记录,一般水体,1435268277,109.3925628,22.8620923,16577.992613818653,-16214.845138135905
WS087,1,1,28,未记录,一般水体,1435268277,109.392105,22.8622109,16531.06073951639,-16201.710884555112
WS087,1,1,29,未记录,一般水体,1435268277,109.3909177,22.8628832,16409.34336433092,-16127.257607301239
WS087,1,1,30,未记录,一般水体,1435268277,109.3906316,22.8633445,16380.013505794559,-16076.171341054898
WS087,1,1,31,未记录,一般水体,1435268277,109.3900308,22.8634895,16318.42182802849,-16060.11344249498
WS087,1,1,32,未记录,一般水体,1435268277,109.3901196,22.8641933,16327.525258430685,-15982.17172520888
WS087,1,1,33,未记录,一般水体,1435268277,109.3908141,22.8641241,16398.722695528115,-15989.8352188663
WS087,1,1,34,未记录,一般水体,1435268277,109.3910699,22.8641767,16424.946315988916,-15984.010077733516
WS087,1,1,35,未记录,一般水体,1435268277,109.3911609,22.8645308,16434.275281828726,-15944.79558200897
WS087,1,1,36,未记录,一般水体,1435268277,109.3909892,22.864979,16416.673266062826,-15895.16006383946
WS087,1,1,37,未记录,一般水体,1435268277,109.3904599,22.8650317,16362.411490027203,-15889.32384829414
WS087,1,1,38,未记录,一般水体,1435268277,109.3901166,22.8653085,16327.217710105608,-15858.66987366367
WS087,1,1,39,未记录,一般水体,1435268277,109.389573,22.8654535,16271.48995372477,-15842.611975103753
WS087,1,1,40,未记录,一般水体,1435268277,109.3893441,22.8652031,16248.024016573638,-15870.342304755097
WS087,1,1,41,未记录,一般水体,1435268277,109.3881282,22.8653744,16123.374680694824,-15851.37183562859
WS087,1,1,42,未记录,一般水体,1435268277,109.3875417,22.8645967,16063.248983275425,-15937.49754397389
WS087,1,1,43,未记录,一般水体,1435268277,109.3872556,22.8646231,16033.919124739063,-15934.573898994766
WS087,1,1,44,未记录,一般水体,1435268277,109.3870305,22.8644661,16010.842748797559,-15951.96072709047
WS087,1,1,45,未记录,一般水体,1435268277,109.3865833,22.8639113,15964.997545241087,-16013.401569304593
WS087,1,1,46,未记录,一般水体,1435268277,109.3851098,22.8644913,15813.940059907594,-15949.169975064924
WS087,1,1,47,未记录,一般水体,1435268277,109.3850097,22.8649394,15803.678197483803,-15899.545531308342
WS087,1,1,48,未记录,一般水体,1435268277,109.3853816,22.8652294,15841.803938098743,-15867.429734188509
WS087,1,1,49,未记录,一般水体,1435268277,109.3854531,22.8656776,15849.133839830645,-15817.794216018996
WS087,1,1,50,未记录,一般水体,1435268277,109.3862542,22.8658226,15931.259494054504,-15801.73631745908
WS087,1,1,51,未记录,一般水体,1435268277,109.3866405,22.8656908,15970.86146662632,-15816.33239352963
WS087,1,1,52,未记录,一般水体,1435268277,109.3869123,22.8659412,15998.725344817467,-15788.602063878287
WS087,1,1,53,未记录,一般水体,1435268277,109.3870664,22.8665445,16014.523077079546,-15721.790131456368
WS087,1,1,54,未记录,一般水体,1435268277,109.3874702,22.8666266,16055.919081543521,-15712.698038547584
WS087,1,1,55,未记录,一般水体,1435268277,109.3878564,22.8664289,16095.510802505132,-15734.592152653215
WS087,1,1,56,未记录,一般水体,1435268277,109.3881997,22.8667057,16130.704582426728,-15703.938178022745
WS087,1,1,57,未记录,一般水体,1435268277,109.3881997,22.8670352,16130.704582426728,-15667.447987846956
WS087,1,1,58,未记录,一般水体,1435268277,109.3884708,22.8672744,16158.496699340616,-15640.957992429538
WS087,1,1,59,未记录,一般水体,1435268277,109.3889293,22.8674043,16205.500334920138,-15626.572330202283
WS087,1,1,60,未记录,一般水体,1435268277,109.3893215,22.8673483,16245.707152528992,-15632.774001370339
WS087,1,1,61,未记录,一般水体,1435268277,109.3895873,22.8675493,16272.95593407144,-15610.514431642367
WS087,1,1,62,未记录,一般水体,1435268277,109.3910608,22.868261,16424.013419404935,-15531.697835745073
WS087,1,1,63,未记录,一般水体,1435268277,109.3913898,22.8692628,16457.741218979856,-15420.754368315018
WS087,1,1,64,未记录,一般水体,1435268277,109.3929806,22.8702732,16620.823843797232,-15308.858501384446
WS088,1,1,1,未记录,一般水体,1446673885,109.3982278,23.0801997,17158.746366389834,7939.26868511381
WS088,1,1,2,未记录,一般水体,1446673885,109.3983188,23.0803467,17168.075332229648,7955.54807192956
WS088,1,1,3,未记录,一般水体,1446673885,109.3982589,23.0804529,17161.934617352865,7967.309098323241
WS088,1,1,4,未记录,一般水体,1446673885,109.3981257,23.0808531,17148.27947174884,8011.628898348425
WS088,1,1,5,未记录,一般水体,1446673885,109.3979792,23.0810288,17133.260861907474,8031.086641637922
WS088,1,1,6,未记录,一般水体,1446673885,109.3976862,23.08109,17103.223642224744,8037.864182271615
WS088,1,1,7,未记录,一般水体,1446673885,109.3974842,23.0812943,17082.515388381824,8060.489207621929
WS088,1,1,8,未记录,一般水体,1446673885,109.3974642,23.0813964,17080.465066219982,8071.7961830906215
WS088,1,1,9,未记录,一般水体,1446673885,109.3975019,23.0814923,17084.32992349585,8082.416544965955
WS088,1,1,10,未记录,一般水体,1446673885,109.3978083,23.0815781,17115.740859027585,8091.918391148405
WS088,1,1,11,未记录,一般水体,1446673885,109.3978527,23.08167,17120.29257422941,8102.095776511285
WS088,1,1,12,未记录,一般水体,1446673885,109.3980258,23.0816782,17138.038112546914,8103.003878360871
WS088,1,1,13,未记录,一般水体,1446673885,109.3981079,23.0818456,17146.45468502461,8121.542445388246
WS088,1,1,14,未记录,一般水体,1446673885,109.3981435,23.0820948,17150.104258474526,8149.139882085618
WS088,1,1,15,未记录,一般水体,1446673885,109.3983299,23.0821315,17169.213261029374,8153.204191583091
WS088,1,1,16,未记录,一般水体,1446673885,109.3983921,23.0819927,17175.58976295543,8137.832906616926
WS088,1,1,17,未记录,一般水体,1446673885,109.3983788,23.0816904,17174.22629871809,8104.354956722516
WS088,1,1,18,未记录,一般水体,1446673885,109.3984742,23.0815985,17184.006335433125,8094.177571359243
WS088,1,1,19,未记录,一般水体,1446673885,109.3986252,23.081572,17199.486267761382,8091.242851967582
WS088,1,1,20,未记录,一般水体,1446673885,109.3988582,23.0816067,17223.372520957124,8095.085673208829
WS088,1,1,21,未记录,一般水体,1446673885,109.3988405,23.0813759,17221.5579858431,8069.525928466855
WS088,1,1,22,未记录,一般水体,1446673885,109.3986385,23.081135,17200.849732000177,8042.8476680316035
WS088,1,1,23,未记录,一般水体,1446673885,109.3987561,23.0808879,17212.90562631613,8015.482794002994
WS088,1,1,24,未记录,一般水体,1446673885,109.398876,23.0808123,17225.197307681356,8007.110537926356
WS088,1,1,25,未记录,一般水体,1446673885,109.3989315,23.0807061,17230.88695168291,7995.349511532674
WS088,1,1,26,未记录,一般水体,1446673885,109.3991024,23.0805958,17248.4069545628,7983.134434214397
WS088,1,1,27,未记录,一般水体,1446673885,109.3993599,23.0806591,17274.80485240582,7990.144537516459
WS088,1,1,28,未记录,一般水体,1446673885,109.4001014,23.0807429,17350.820546586423,7999.424895443077
WS088,1,1,29,未记录,一般水体,1446673885,109.4002301,23.0802956,17364.01436970356,7949.889046988749
WS088,1,1,30,未记录,一般水体,1446673885,109.3999859,23.0798668,17338.979936097883,7902.40196490275
WS088,1,1,31,未记录,一般水体,1446673885,109.3997107,23.0793644,17310.76750313938,7846.764114995552
WS088,1,1,32,未记录,一般水体,1446673885,109.3996041,23.0789539,17299.839286012953,7801.303650451627
WS088,1,1,33,未记录,一般水体,1446673885,109.3996996,23.0786251,17309.629574339655,7764.890981165556
WS088,1,1,34,未记录,一般水体,1446673885,109.3996419,23.0784781,17303.714394900486,7748.611594349805
WS088,1,1,35,未记录,一般水体,1446673885,109.3990336,23.0780227,17241.353846322447,7698.178718458429
WS088,1,1,36,未记录,一般水体,1446673885,109.398856,23.0779594,17223.146985518055,7691.168615156365
WS088,1,1,37,未记录,一般水体,1446673885,109.398654,23.0787334,17202.438731675134,7776.8845702280005
WS088,1,1,38,未记录,一般水体,1446673885,109.3986651,23.0788661,17203.57666047632,7791.580316013343
WS088,1,1,39,未记录,一般水体,1446673885,109.3984076,23.0796095,17177.178762631844,7873.907500768328
WS088,1,1,40,未记录,一般水体,1446673885,109.3983499,23.0796646,17171.263583192675,7880.009502221198
WS088,1,1,41,未记录,一般水体,1446673885,109.3982278,23.0801997,17158.746366389834,7939.26868511381
WS089,1,1,1,未记录,一般水体,1446673886,109.4017409,23.0799875,17518.89570586919,7915.768781152305
WS089,1,1,2,未记录,一般水体,1446673886,109.4018068,23.0799105,17525.651517396127,7907.2414832962295
WS089,1,1,3,未记录,一般水体,1446673886,109.4019488,23.0793389,17540.208804750604,7843.9401397316105
WS089,1,1,4,未记录,一般水体,1446673886,109.4019818,23.0789703,17543.591836319174,7803.119854151191
WS089,1,1,5,未记录,一般水体,1446673886,109.401642,23.0789633,17508.75686277514,7802.344645255184
WS089,1,1,6,未记录,一般水体,1446673886,109.4008711,23.078912,17429.72719501664,7796.663471488515
WS089,1,1,7,未记录,一般水体,1446673886,109.4008077,23.0788327,17423.227673760844,7787.881462138212
WS089,1,1,8,未记录,一般水体,1446673886,109.4007722,23.0786811,17419.58835192259,7771.092652333611
WS089,1,1,9,未记录,一般水体,1446673886,109.4006125,23.0785854,17403.216529452628,7760.494439284136
WS089,1,1,10,未记录,一般水体,1446673886,109.3998492,23.0785317,17324.9659841163,7754.54747961031
WS089,1,1,11,未记录,一般水体,1446673886,109.3998416,23.0789633,17324.186861694132,7802.344645255184
WS089,1,1,12,未记录,一般水体,1446673886,109.3999709,23.0793249,17337.442194475407,7842.389721939597
WS089,1,1,13,未记录,一般水体,1446673886,109.40044,23.0794532,17385.53250080072,7856.598193561948
WS089,1,1,14,未记录,一般水体,1446673886,109.4017409,23.0799875,17518.89570586919,7915.768781152305
WS090,1,1,1,未记录,一般水体,1446673887,109.4018195,23.0800225,17526.953471969326,7919.644825631945
WS090,1,1,2,未记录,一般水体,1446673887,109.4020604,23.0801671,17551.649602417856,7935.658426540933
WS090,1,1,3,未记录,一般水体,1446673887,109.4031483,23.0804774,17663.176876455338,7970.022329459069
WS090,1,1,4,未记录,一般水体,1446673887,109.4044187,23.0799175,17793.413340226376,7908.016692192236
WS090,1,1,5,未记录,一般水体,1446673887,109.4043655,23.0795815,17787.959483274095,7870.8066651843
WS090,1,1,6,未记录,一般水体,1446673887,109.4039648,23.0793039,17746.8812787454,7840.064095251577
WS090,1,1,7,未记录,一般水体,1446673887,109.4038355,23.0790613,17733.625945964126,7813.197569798887
WS090,1,1,8,未记录,一般水体,1446673887,109.4037113,23.079017,17720.893445333877,7808.291604928618
WS090,1,1,9,未记录,一般水体,1446673887,109.4031204,23.079045,17660.316677039253,7811.392440512645
WS090,1,1,10,未记录,一般水体,1446673887,109.4022861,23.0788537,17574.7874880235,7790.2070888262315
WS090,1,1,11,未记录,一般水体,1446673887,109.4021061,23.078933,17556.334588559628,7798.989098176536
WS090,1,1,12,未记录,一般水体,1446673887,109.4020604,23.0790053,17551.649602417856,7806.995898630832
WS090,1,1,13,未记录,一般水体,1446673887,109.4019869,23.0795955,17544.114668470203,7872.357082976314
WS090,1,1,14,未记录,一般水体,1446673887,109.4019488,23.0797402,17540.208804750604,7888.381758297836
WS090,1,1,15,未记录,一般水体,1446673887,109.4018195,23.0800225,17526.953471969326,7919.644825631945
WS091,1,1,1,未记录,一般水体,1446676786,109.3399095,23.1407725,11180.181217488784,14647.350601605018
WS091,1,1,2,未记录,一般水体,1446676786,109.3401702,23.1405062,11206.907166878746,14617.859440318756
WS091,1,1,3,未记录,一般水体,1446676786,109.3403006,23.1405541,11220.275267379558,14623.164084049762
WS091,1,1,4,未记录,一般水体,1446676786,109.340512,23.1403091,11241.94717263853,14596.031772689916
WS091,1,1,5,未记录,一般水体,1446676786,109.340063,23.1399441,11195.917440086721,14555.61016597023
WS091,1,1,6,未记录,一般水体,1446676786,109.3395474,23.1405115,11143.060134733629,14618.446384196932
WS091,1,1,7,未记录,一般水体,1446676786,109.3399095,23.1407725,11180.181217488784,14647.350601605018
WS092,1,1,1,未记录,一般水体,1461438100,109.2612216,23.1942312,3113.403952371751,20567.58771709472
WS092,1,1,2,未记录,一般水体,1461438100,109.261519,23.1941618,3143.892242931165,20559.90207461144
WS092,1,1,3,未记录,一般水体,1461438100,109.2617787,23.1938843,3170.5156762117977,20529.170579091646
WS092,1,1,4,未记录,一般水体,1461438100,109.261721,23.193766,3164.600496772629,20516.06954874925
WS092,1,1,5,未记录,一般水体,1461438100,109.2609752,23.194072,3088.1439833284603,20549.95725191693
WS092,1,1,6,未记录,一般水体,1461438100,109.2609951,23.1941333,3090.184053880099,20556.745866963553
WS092,1,1,7,未记录,一般水体,1461438100,109.2612216,23.1942312,3113.403952371751,20567.58771709472
WS093,1,1,1,未记录,一般水体,1461438102,109.2728833,23.1939808,4308.916050580588,20539.857387443375
WS093,1,1,2,未记录,一般水体,1461438102,109.2733657,23.1938535,4358.369821143243,20525.759659949137
WS093,1,1,3,未记录,一般水体,1461438102,109.2735563,23.1938548,4377.909391352908,20525.903627315645
WS093,1,1,4,未记录,一般水体,1461438102,109.2736948,23.193744,4392.107872329828,20513.633177933116
WS093,1,1,5,未记录,一般水体,1461438102,109.2739093,23.1936933,4414.097577524082,20508.018450643627
WS093,1,1,6,未记录,一般水体,1461438102,109.2741356,23.1935359,4437.296972793868,20490.587324896598
WS093,1,1,7,未记录,一般水体,1461438102,109.2741773,23.1933977,4441.571894504144,20475.28248640683
WS093,1,1,8,未记录,一般水体,1461438102,109.2743247,23.193347,4456.6827688417225,20469.667759117343
WS093,1,1,9,未记录,一般水体,1461438102,109.2744096,23.1932799,4465.38638642263,20462.236828128684
WS093,1,1,10,未记录,一般水体,1461438102,109.2744647,23.1931527,4471.035023980452,20448.150175046983
WS093,1,1,11,未记录,一般水体,1461438102,109.2745719,23.1931034,4482.024750772477,20442.69048953654
WS093,1,1,12,未记录,一般水体,1461438102,109.2746136,23.1930158,4486.299672481297,20432.989303924114
WS093,1,1,13,未记录,一般水体,1461438102,109.2746434,23.1928378,4489.354652504381,20413.27684914
WS093,1,1,14,未记录,一般水体,1461438102,109.2745064,23.1929186,4475.309945690729,20422.224974682274
WS093,1,1,15,未记录,一般水体,1461438102,109.2744483,23.1930692,4469.353759807828,20438.903040359153
WS093,1,1,16,未记录,一般水体,1461438102,109.2742339,23.1932444,4447.374306223778,20458.30541158479
WS093,1,1,17,未记录,一般水体,1461438102,109.2741341,23.1932827,4437.143198632058,20462.546911687168
WS093,1,1,18,未记录,一般水体,1461438102,109.274012,23.1934976,4424.625981829219,20486.34582479422
WS093,1,1,19,未记录,一般水体,1461438102,109.2739227,23.1935811,4415.471293373085,20495.59295948205
WS093,1,1,20,未记录,一般水体,1461438102,109.2737723,23.1936208,4400.05287071043,20499.989501363867
WS093,1,1,21,未记录,一般水体,1461438102,109.2733494,23.1938138,4356.698808580823,20521.36311806772
WS093,1,1,22,未记录,一般水体,1461438102,109.2729756,23.1938918,4318.378287360342,20530.001160051514
WS093,1,1,23,未记录,一般水体,1461438102,109.2728833,23.1939808,4308.916050580588,20539.857387443375
WS094,1,1,1,未记录,水库,1536111712,109.3111278,22.9445512,8229.593348051603,-7083.006161833723
WS094,1,1,2,未记录,水库,1536111712,109.31113,22.9447392,8229.818883490674,-7062.186265769651
WS094,1,1,3,未记录,水库,1536111712,109.310948,22.944858,8211.160951809596,-7049.029863363394
WS094,1,1,4,未记录,水库,1536111712,109.3107583,22.9449837,8191.713646097601,-7035.109326473665
WS094,1,1,5,未记录,水库,1536111712,109.3108797,22.9450466,8204.159101624637,-7028.143520822532
WS094,1,1,6,未记录,水库,1536111712,109.3109555,22.9450955,8211.929822621561,-7022.728132963413
WS094,1,1,7,未记录,水库,1536111712,109.3110162,22.9451793,8218.152550384351,-7013.44777503719
WS094,1,1,8,未记录,水库,1536111712,109.3110769,22.9452702,8224.375278148598,-7003.38113380203
WS094,1,1,9,未记录,水库,1536111712,109.3110845,22.945361,8225.15440057077,-6993.325566979799
WS094,1,1,10,未记录,水库,1536111712,109.3110845,22.9454518,8225.15440057077,-6983.270000157176
WS094,1,1,11,未记录,水库,1536111712,109.3110542,22.9455356,8222.048162493747,-6973.989642230952
WS094,1,1,12,未记录,水库,1536111712,109.3110011,22.9456125,8216.604557151672,-6965.473418787806
WS094,1,1,13,未记录,水库,1536111712,109.3108493,22.9456893,8201.042611937411,-6956.968269757195
WS094,1,1,14,未记录,水库,1536111712,109.3107128,22.9457522,8187.049163177695,-6950.002464106063
WS094,1,1,15,未记录,水库,1536111712,109.3105231,22.9458221,8167.601857464243,-6942.261449558924
WS094,1,1,16,未记录,水库,1536111712,109.3104245,22.945864,8157.493769202262,-6937.621270595812
WS094,1,1,17,未记录,水库,1536111712,109.3100983,22.9459269,8124.053014730551,-6930.65546494468
WS094,1,1,18,未记录,水库,1536111712,109.3099541,22.9459269,8109.270191937004,-6930.65546494468
WS094,1,1,19,未记录,水库,1536111712,109.3097645,22.9459269,8089.833137835212,-6930.65546494468
WS094,1,1,20,未记录,水库,1536111712,109.3096203,22.9458989,8075.050315043121,-6933.7563005287075
WS094,1,1,21,未记录,水库,1536111712,109.3094534,22.94585,8057.9403765947245,-6939.171688387826
WS094,1,1,22,未记录,水库,1536111712,109.3090893,22.9458011,8020.614261623821,-6944.587076246944
WS094,1,1,23,未记录,水库,1536111712,109.3089907,22.9457592,8010.50617336184,-6949.227255210057
WS094,1,1,24,未记录,水库,1536111712,109.308892,22.9456684,8000.387833489655,-6959.28282203268
WS094,1,1,25,未记录,水库,1536111712,109.3088086,22.9455636,7991.837990072016,-6970.888806646924
WS094,1,1,26,未记录,水库,1536111712,109.3087403,22.9454658,7984.836139885599,-6981.719582365162
WS094,1,1,27,未记录,水库,1536111712,109.3087024,22.945354,7980.950779387865,-6994.100775875806
WS094,1,1,28,未记录,水库,1536111712,109.3086417,22.9452492,7974.728051623618,-7005.70676049005
WS094,1,1,29,未记录,水库,1536111712,109.3086189,22.9451374,7972.390684358563,-7018.087954000302
WS094,1,1,30,未记录,水库,1536111712,109.3085886,22.9450326,7969.284446281542,-7029.693938614546
WS094,1,1,31,未记录,水库,1536111712,109.3085355,22.9449278,7963.840840940924,-7041.299923229183
WS094,1,1,32,未记录,水库,1536111712,109.3084596,22.944844,7956.059868333793,-7050.580281155407
WS094,1,1,33,未记录,水库,1536111712,109.3084748,22.9449418,7957.618113176677,-7039.749505437169
WS094,1,1,34,未记录,水库,1536111712,109.3084672,22.9450326,7956.838990754507,-7029.693938614546
WS094,1,1,35,未记录,水库,1536111712,109.3084217,22.9452073,7952.174507834601,-7010.346939453162
WS094,1,1,36,未记录,水库,1536111712,109.3084065,22.9453191,7950.616262991717,-6997.965745942911
WS094,1,1,37,未记录,水库,1536111712,109.3083686,22.9454308,7946.730902492526,-6985.595626845196
WS094,1,1,38,未记录,水库,1536111712,109.3083382,22.9455496,7943.6144128053,-6972.439224438938
WS094,1,1,39,未记录,水库,1536111712,109.3083079,22.9456544,7940.508174729736,-6960.833239824694
WS094,1,1,40,未记录,水库,1536111712,109.3082775,22.9457522,7937.391685042511,-6950.002464106063
WS094,1,1,41,未记录,水库,1536111712,109.3082093,22.945843,7930.4000864677555,-6939.946897283832
WS094,1,1,42,未记录,水库,1536111712,109.3080727,22.9460177,7916.396386096379,-6920.599898122449
WS094,1,1,43,未记录,水库,1536111712,109.3079817,22.9461225,7907.067420256569,-6908.993913507811
WS094,1,1,44,未记录,水库,1536111712,109.3079058,22.9461784,7899.286447649438,-6902.8033167526855
WS094,1,1,45,未记录,水库,1536111712,109.3077844,22.9462412,7886.840992122402,-6895.848585514483
WS094,1,1,46,未记录,水库,1536111712,109.3076706,22.9463111,7875.17465901608,-6888.107570967343
WS094,1,1,47,未记录,水库,1536111712,109.3075872,22.94636,7866.62481559844,-6882.6921831082245
WS094,1,1,48,未记录,水库,1536111712,109.3074961,22.9464089,7857.285598146969,-6877.276795248713
WS094,1,1,49,未记录,水库,1536111712,109.3073899,22.9464788,7846.3983874642745,-6869.5357807015735
WS094,1,1,50,未记录,水库,1536111712,109.3072989,22.9465067,7837.069421624464,-6866.4460195304755
WS094,1,1,51,未记录,水库,1536111712,109.3071927,22.9465067,7826.182210940313,-6866.4460195304755
WS094,1,1,52,未记录,水库,1536111712,109.3071016,22.9465347,7816.842993488841,-6863.345183946448
WS094,1,1,53,未记录,水库,1536111712,109.3071016,22.9466255,7816.842993488841,-6853.289617124217
WS094,1,1,54,未记录,水库,1536111712,109.3071016,22.9467233,7816.842993488841,-6842.45884140598
WS094,1,1,55,未记录,水库,1536111712,109.3070865,22.9468141,7815.295000256161,-6832.4032745833565
WS094,1,1,56,未记录,水库,1536111712,109.3070485,22.9469189,7811.399388146765,-6820.797289969112
WS094,1,1,57,未记录,水库,1536111712,109.3069954,22.9470097,7805.955782806146,-6810.741723146882
WS094,1,1,58,未记录,水库,1536111712,109.3069347,22.9470796,7799.7330550419,-6803.000708599742
WS094,1,1,59,未记录,水库,1536111712,109.3068665,22.9471494,7792.741456467144,-6795.270768465139
WS094,1,1,60,未记录,水库,1536111712,109.3067982,22.9472193,7785.7396062821845,-6787.529753917999
WS094,1,1,61,未记录,水库,1536111712,109.3068892,22.9471983,7795.068572121995,-6789.85538060602
WS094,1,1,62,未记录,水库,1536111712,109.3069803,22.9471704,7804.407789573466,-6792.945141777118
WS094,1,1,63,未记录,水库,1536111712,109.307094,22.9471145,7816.063871068127,-6799.1357385322435
WS094,1,1,64,未记录,水库,1536111712,109.3071775,22.9470446,7824.623966095972,-6806.876753079383
WS094,1,1,65,未记录,水库,1536111712,109.3072154,22.9469678,7828.509326595163,-6815.3819021099935
WS094,1,1,66,未记录,水库,1536111712,109.3072913,22.9468909,7836.290299202294,-6823.89812555314
WS094,1,1,67,未记录,水库,1536111712,109.307352,22.9468211,7842.513026965083,-6831.62806568735
WS094,1,1,68,未记录,水库,1536111712,109.3074354,22.9467372,7851.062870384179,-6840.919498026502
WS094,1,1,69,未记录,水库,1536111712,109.3075265,22.9466674,7860.402087834194,-6848.6494381611055
WS094,1,1,70,未记录,水库,1536111712,109.3076403,22.9466325,7872.068420940516,-6852.51440822821
WS094,1,1,71,未记录,水库,1536111712,109.3077465,22.9465836,7882.955631623211,-6857.929796087329
WS094,1,1,72,未记录,水库,1536111712,109.3078603,22.9465277,7894.621964729533,-6864.120392842455
WS094,1,1,73,未记录,水库,1536111712,109.3079589,22.9465277,7904.730052991514,-6864.120392842455
WS094,1,1,74,未记录,水库,1536111712,109.3080803,22.9464857,7917.17550851855,-6868.771646218496
WS094,1,1,75,未记录,水库,1536111712,109.3082775,22.9463879,7937.391685042511,-6879.602421936734
WS094,1,1,76,未记录,水库,1536111712,109.308581,22.94636,7968.505323860829,-6882.6921831082245
WS094,1,1,77,未记录,水库,1536111712,109.3086796,22.94636,7978.61341212281,-6882.6921831082245
WS094,1,1,78,未记录,水库,1536111712,109.3088086,22.946381,7991.837990072016,-6880.366556420205
WS094,1,1,79,未记录,水库,1536111712,109.3088996,22.9463949,8001.166955911826,-6878.827213040727
WS094,1,1,80,未记录,水库,1536111712,109.3089982,22.9464159,8011.275044173807,-6876.501586352706
WS094,1,1,81,未记录,水库,1536111712,109.3091348,22.9464718,8025.278744543727,-6870.31098959758
WS094,1,1,82,未记录,水库,1536111712,109.3092183,22.9465486,8033.838839573028,-6861.805840567364
WS094,1,1,83,未记录,水库,1536111712,109.3093093,22.9465905,8043.167805412838,-6857.165661604252
WS094,1,1,84,未记录,水库,1536111712,109.3093852,22.9466953,8050.948778019969,-6845.559676990008
WS094,1,1,85,未记录,水库,1536111712,109.3094231,22.946849,8054.83413851916,-6828.538304516252
WS094,1,1,86,未记录,水库,1536111712,109.3094155,22.9469329,8054.05501609699,-6819.246872177098
WS094,1,1,87,未记录,水库,1536111712,109.3093624,22.9470307,8048.611410754914,-6808.416096458861
WS094,1,1,88,未记录,水库,1536111712,109.3092334,22.9471774,8035.386832805708,-6792.169932881111
WS094,1,1,89,未记录,水库,1536111712,109.3091576,22.9472612,8027.616111810238,-6782.889574954887
WS094,1,1,90,未记录,水库,1536111712,109.3090665,22.947359,8018.276894358767,-6772.05879923665
WS094,1,1,91,未记录,水库,1536111712,109.3089831,22.9474778,8009.727050941127,-6758.902396829999
WS094,1,1,92,未记录,水库,1536111712,109.3090286,22.9475616,8014.391533861032,-6749.622038903775
WS094,1,1,93,未记录,水库,1536111712,109.3091045,22.9476245,8022.172506468163,-6742.656233252643
WS094,1,1,94,未记录,水库,1536111712,109.3091348,22.9477153,8025.278744543727,-6732.600666430412
WS094,1,1,95,未记录,水库,1536111712,109.3091879,22.9477852,8030.722349885803,-6724.859651883273
WS094,1,1,96,未记录,水库,1536111712,109.3092941,22.947848,8041.609560569954,-6717.904920644677
WS094,1,1,97,未记录,水库,1536111712,109.3093169,22.9479528,8043.946927835009,-6706.298936030433
WS094,1,1,98,未记录,水库,1536111712,109.3093017,22.9480436,8042.388682992125,-6696.243369208202
WS094,1,1,99,未记录,水库,1536111712,109.3092714,22.9481554,8039.282444915104,-6683.862175697557
WS094,1,1,100,未记录,水库,1536111712,109.3092638,22.9482602,8038.503322492933,-6672.256191083313
WS094,1,1,101,未记录,水库,1536111712,109.3092638,22.948351,8038.503322492933,-6662.200624261082
WS094,1,1,102,未记录,水库,1536111712,109.3092334,22.9484418,8035.386832805708,-6652.145057438459
WS094,1,1,103,未记录,水库,1536111712,109.3092258,22.9485536,8034.607710383537,-6639.763863928208
WS094,1,1,104,未记录,水库,1536111712,109.3092031,22.9486514,8032.280594730144,-6628.93308820997
WS094,1,1,105,未记录,水库,1536111712,109.3091424,22.9487632,8026.057866965897,-6616.551894699719
WS094,1,1,106,未记录,水库,1536111712,109.3090513,22.9488191,8016.718649514426,-6610.3612979442005
WS094,1,1,107,未记录,水库,1536111712,109.3089603,22.948882,8007.389683674615,-6603.395492293068
WS094,1,1,108,未记录,水库,1536111712,109.3089982,22.9489658,8011.275044173807,-6594.115134366844
WS094,1,1,109,未记录,水库,1536111712,109.3090513,22.9490496,8016.718649514426,-6584.834776440621
WS094,1,1,110,未记录,水库,1536111712,109.3090665,22.9491754,8018.276894358767,-6570.903165137963
WS094,1,1,111,未记录,水库,1536111712,109.3090438,22.9492662,8015.949778703916,-6560.847598315732
WS094,1,1,112,未记录,水库,1536111712,109.3090286,22.949364,8014.391533861032,-6550.016822597495
WS094,1,1,113,未记录,水库,1536111712,109.3090286,22.9495037,8014.391533861032,-6534.545867915752
WS094,1,1,114,未记录,水库,1536111712,109.3090286,22.9496085,8014.391533861032,-6522.9398833015075
WS094,1,1,115,未记录,水库,1536111712,109.3090286,22.9497133,8014.391533861032,-6511.333898687263
WS094,1,1,116,未记录,水库,1536111712,109.3090286,22.9498251,8014.391533861032,-6498.952705176619
WS094,1,1,117,未记录,水库,1536111712,109.3090741,22.9500207,8019.056016780937,-6477.291153740144
WS094,1,1,118,未记录,水库,1536111712,109.3090817,22.9504468,8019.835139201651,-6430.103080799303
WS094,1,1,119,未记录,水库,1536111712,109.3090969,22.9506005,8021.393384045992,-6413.08170832594
WS094,1,1,120,未记录,水库,1536111712,109.309112,22.9507402,8022.941377278672,-6397.610753644591
WS094,1,1,121,未记录,水库,1536111712,109.309112,22.9508939,8022.941377278672,-6380.589381170835
WS094,1,1,122,未记录,水库,1536111712,109.3090969,22.9510197,8021.393384045992,-6366.65776986857
WS094,1,1,123,未记录,水库,1536111712,109.3090362,22.9511175,8015.170656281746,-6355.826994150332
WS094,1,1,124,未记录,水库,1536111712,109.3090058,22.9512083,8012.05416659452,-6345.771427327709
WS094,1,1,125,未记录,水库,1536111712,109.3089527,22.9512991,8006.610561253901,-6335.715860505478
WS094,1,1,126,未记录,水库,1536111712,109.3088996,22.9514039,8001.166955911826,-6324.109875891234
WS094,1,1,127,未记录,水库,1536111712,109.308892,22.9514947,8000.387833489655,-6314.05430906861
WS094,1,1,128,未记录,水库,1536111712,109.308892,22.9515855,8000.387833489655,-6303.998742246379
WS094,1,1,129,未记录,水库,1536111712,109.3089072,22.9516973,8001.946078332539,-6291.617548736128
WS094,1,1,130,未记录,水库,1536111712,109.3089376,22.95183,8005.062568019765,-6276.921802950393
WS094,1,1,131,未记录,水库,1536111712,109.3089679,22.9519697,8008.168806096786,-6261.4508482690435
WS094,1,1,132,未记录,水库,1536111712,109.3089831,22.9521025,8009.727050941127,-6246.7440280707715
WS094,1,1,133,未记录,水库,1536111712,109.3089907,22.9522003,8010.50617336184,-6235.913252352141
WS094,1,1,134,未记录,水库,1536111712,109.3090058,22.952312,8012.05416659452,-6223.543133254819
WS094,1,1,135,未记录,水库,1536111712,109.3090134,22.9523959,8012.833289016691,-6214.251700915666
WS094,1,1,136,未记录,水库,1536111712,109.309021,22.9525076,8013.612411438861,-6201.881581817951
WS094,1,1,137,未记录,水库,1536111712,109.3090058,22.9525915,8012.05416659452,-6192.590149478798
WS094,1,1,138,未记录,水库,1536111712,109.3088769,22.9529687,7998.839840256976,-6150.817464397469
WS094,1,1,139,未记录,水库,1536111712,109.3086569,22.9532481,7976.286296467959,-6119.875555034377
WS094,1,1,140,未记录,水库,1536111712,109.3086038,22.9533529,7970.842691125884,-6108.269570420132
WS094,1,1,141,未记录,水库,1536111712,109.308581,22.9534647,7968.505323860829,-6095.888376909488
WS094,1,1,142,未记录,水库,1536111712,109.3085051,22.9535206,7960.724351253698,-6089.697780154363
WS094,1,1,143,未记录,水库,1536111712,109.3084293,22.9535835,7952.953630256772,-6082.73197450323
WS094,1,1,144,未记录,水库,1536111712,109.3083382,22.9536184,7943.6144128053,-6078.867004436125
WS094,1,1,145,未记录,水库,1536111712,109.3081865,22.9536463,7928.0627192027005,-6075.777243265027
WS094,1,1,146,未记录,水库,1536111712,109.3080499,22.9536673,7914.059018831324,-6073.4516165770065
WS094,1,1,147,未记录,水库,1536111712,109.3079134,22.9536952,7900.065570071609,-6070.3618554059085
WS094,1,1,148,未记录,水库,1536111712,109.3077844,22.9537022,7886.840992122402,-6069.586646509902
WS094,1,1,149,未记录,水库,1536111712,109.307663,22.9536673,7874.395536595366,-6073.4516165770065
WS094,1,1,150,未记录,水库,1536111712,109.3075265,22.9536114,7860.402087834194,-6079.642213332132
WS094,1,1,151,未记录,水库,1536111712,109.307443,22.9535415,7851.84199280635,-6087.3832278792715
WS094,1,1,152,未记录,水库,1536111712,109.3073368,22.9534577,7840.954782122199,-6096.663585805495
WS094,1,1,153,未记录,水库,1536111712,109.3072534,22.9533879,7832.404938703102,-6104.393525940099
WS094,1,1,154,未记录,水库,1536111712,109.3071472,22.9533529,7821.517728020408,-6108.269570420132
WS094,1,1,155,未记录,水库,1536111712,109.3070485,22.9533739,7811.399388146765,-6105.9439437321125
WS094,1,1,156,未记录,水库,1536111712,109.307003,22.9534507,7806.73490522686,-6097.438794701502
WS094,1,1,157,未记录,水库,1536111712,109.3070106,22.9535415,7807.514027649031,-6087.3832278792715
WS094,1,1,158,未记录,水库,1536111712,109.3070789,22.9536254,7814.515877833991,-6078.091795540118
WS094,1,1,159,未记录,水库,1536111712,109.3071851,22.9536813,7825.403088518142,-6071.901198784993
WS094,1,1,160,未记录,水库,1536111712,109.3072685,22.9537162,7833.952931937239,-6068.036228717888
WS094,1,1,161,未记录,水库,1536111712,109.307352,22.9537791,7842.513026965083,-6061.070423066755
WS094,1,1,162,未记录,水库,1536111712,109.307443,22.9538559,7851.84199280635,-6052.565274036146
WS094,1,1,163,未记录,水库,1536111712,109.3075568,22.9538769,7863.508325911215,-6050.239647348125
WS094,1,1,164,未记录,水库,1536111712,109.3076554,22.9538838,7873.616414173196,-6049.475512865048
WS094,1,1,165,未记录,水库,1536111712,109.3077541,22.9539048,7883.734754045381,-6047.149886177027
WS094,1,1,166,未记录,水库,1536111712,109.3078527,22.9538978,7893.842842307362,-6047.925095073034
WS094,1,1,167,未记录,水库,1536111712,109.3079817,22.9538769,7907.067420256569,-6050.239647348125
WS094,1,1,168,未记录,水库,1536111712,109.3080727,22.9538629,7916.396386096379,-6051.790065140139
WS094,1,1,169,未记录,水库,1536111712,109.3082168,22.953828,7931.168957278264,-6055.655035207244
WS094,1,1,170,未记录,水库,1536111712,109.3083079,22.953814,7940.508174729736,-6057.205452999257
WS094,1,1,171,未记录,水库,1536111712,109.3084065,22.9537791,7950.616262991717,-6061.070423066755
WS094,1,1,172,未记录,水库,1536111712,109.3085127,22.9537581,7961.503473674412,-6063.396049754383
WS094,1,1,173,未记录,水库,1536111712,109.3086113,22.9537511,7971.611561936393,-6064.17125865039
WS094,1,1,174,未记录,水库,1536111712,109.3087251,22.9537511,7983.277895042715,-6064.17125865039
WS094,1,1,175,未记录,水库,1536111712,109.3088313,22.9537651,7994.165105725409,-6062.620840858769
WS094,1,1,176,未记录,水库,1536111712,109.3089224,22.953814,8003.5043231768805,-6057.205452999257
WS094,1,1,177,未记录,水库,1536111712,109.3089603,22.9538908,8007.389683674615,-6048.700303969041
WS094,1,1,178,未记录,水库,1536111712,109.309021,22.9539816,8013.612411438861,-6038.64473714681
WS094,1,1,179,未记录,水库,1536111712,109.3090741,22.9540655,8019.056016780937,-6029.353304807657
WS094,1,1,180,未记录,水库,1536111712,109.3091045,22.9541633,8022.172506468163,-6018.522529089026
WS094,1,1,181,未记录,水库,1536111712,109.3091651,22.9542541,8028.384982620748,-6008.466962266795
WS094,1,1,182,未记录,水库,1536111712,109.3092334,22.95431,8035.386832805708,-6002.27636551167
WS094,1,1,183,未记录,水库,1536111712,109.3093017,22.9543868,8042.388682992125,-5993.77121648106
WS094,1,1,184,未记录,水库,1536111712,109.3093852,22.9544497,8050.948778019969,-5986.8054108299275
WS094,1,1,185,未记录,水库,1536111712,109.3094534,22.9545195,8057.9403765947245,-5979.075470695718
WS094,1,1,186,未记录,水库,1536111712,109.3095293,22.9545684,8065.7213492018545,-5973.660082836599
WS094,1,1,187,未记录,水库,1536111712,109.30959,22.9546453,8071.944076966101,-5965.143859393453
WS094,1,1,188,未记录,水库,1536111712,109.3096431,22.9547221,8077.387682308176,-5956.638710362842
WS094,1,1,189,未记录,水库,1536111712,109.3097114,22.954778,8084.389532493136,-5950.448113607717
WS094,1,1,190,未记录,水库,1536111712,109.3097872,22.9548688,8092.160253490063,-5940.392546785486
WS094,1,1,191,未记录,水库,1536111712,109.3098403,22.9549736,8097.603858832138,-5928.786562171243
WS094,1,1,192,未记录,水库,1536111712,109.3098859,22.9550644,8102.278593362248,-5918.730995348618
WS094,1,1,193,未记录,水库,1536111712,109.3099465,22.9551762,8108.491069514833,-5906.349801838367
WS094,1,1,194,未记录,水库,1536111712,109.3100603,22.9551622,8120.157402621155,-5907.900219630381
WS094,1,1,195,未记录,水库,1536111712,109.3101741,22.9550994,8131.82373572602,-5914.854950868584
WS094,1,1,196,未记录,水库,1536111712,109.3101817,22.9549806,8132.6028581481905,-5928.011353275236
WS094,1,1,197,未记录,水库,1536111712,109.3100679,22.9549038,8120.936525043326,-5936.516502305452
WS094,1,1,198,未记录,水库,1536111712,109.3099693,22.9548269,8110.828436781345,-5945.032725748598
WS094,1,1,199,未记录,水库,1536111712,109.3099162,22.9547501,8105.384831439269,-5953.537874779208
WS094,1,1,200,未记录,水库,1536111712,109.309901,22.9546662,8103.826586594928,-5962.829307118362
WS094,1,1,201,未记录,水库,1536111712,109.3098783,22.9545545,8101.499470940077,-5975.199426215683
WS094,1,1,202,未记录,水库,1536111712,109.30981,22.9544776,8094.497620755117,-5983.7156496588295
WS094,1,1,203,未记录,水库,1536111712,109.3097114,22.9544078,8084.389532493136,-5991.445589793433
WS094,1,1,204,未记录,水库,1536111712,109.30959,22.9543239,8071.944076966101,-6000.7370221325855
WS094,1,1,205,未记录,水库,1536111712,109.3095369,22.9542471,8066.5004716240255,-6009.242171162802
WS094,1,1,206,未记录,水库,1536111712,109.3094458,22.9541423,8057.1612541740105,-6020.8481557770465
WS094,1,1,207,未记录,水库,1536111712,109.3093169,22.9540445,8043.946927835009,-6031.678931495678
WS094,1,1,208,未记录,水库,1536111712,109.3092486,22.9539607,8036.945077650049,-6040.959289421901
WS094,1,1,209,未记录,水库,1536111712,109.3091651,22.9538838,8028.384982620748,-6049.475512865048
WS094,1,1,210,未记录,水库,1536111712,109.3089148,22.9535625,8002.72520075471,-6085.057601191251
WS094,1,1,211,未记录,水库,1536111712,109.3088693,22.953297,7998.0607178348055,-6114.460167175258
WS094,1,1,212,未记录,水库,1536111712,109.30893,22.9532272,8004.283445599051,-6122.190107309468
WS094,1,1,213,未记录,水库,1536111712,109.3090134,22.9531573,8012.833289016691,-6129.931121856607
WS094,1,1,214,未记录,水库,1536111712,109.3090893,22.9530875,8020.614261623821,-6137.661061991211
WS094,1,1,215,未记录,水库,1536111712,109.3091424,22.9530036,8026.057866965897,-6146.952494330364
WS094,1,1,216,未记录,水库,1536111712,109.3091955,22.9529058,8031.501472307973,-6157.7832700486015
WS094,1,1,217,未记录,水库,1536111712,109.3092258,22.952815,8034.607710383537,-6167.838836870832
WS094,1,1,218,未记录,水库,1536111712,109.3092562,22.9527102,8037.724200070763,-6179.444821485469
WS094,1,1,219,未记录,水库,1536111712,109.309332,22.9526404,8045.494921067689,-6187.174761619679
WS094,1,1,220,未记录,水库,1536111712,109.3094231,22.9525286,8054.83413851916,-6199.55595512993
WS094,1,1,221,未记录,水库,1536111712,109.3095293,22.9524867,8065.7213492018545,-6204.196134093042
WS094,1,1,222,未记录,水库,1536111712,109.3096659,22.9524727,8079.725049573231,-6205.746551885056
WS094,1,1,223,未记录,水库,1536111712,109.3097645,22.9524797,8089.833137835212,-6204.971342989049
WS094,1,1,224,未记录,水库,1536111712,109.3098859,22.9525076,8102.278593362248,-6201.881581817951
WS094,1,1,225,未记录,水库,1536111712,109.3099997,22.9525356,8113.94492646857,-6198.780746233923
WS094,1,1,226,未记录,水库,1536111712,109.3100755,22.9525845,8121.715647464039,-6193.365358374805
WS094,1,1,227,未记录,水库,1536111712,109.3101666,22.9526753,8131.054864915511,-6183.309791552574
WS094,1,1,228,未记录,水库,1536111712,109.3102804,22.9527242,8142.721198020376,-6177.894403693455
WS094,1,1,229,未记录,水库,1536111712,109.3103183,22.9526474,8146.606558519567,-6186.399552723672
WS094,1,1,230,未记录,水库,1536111712,109.3103031,22.9525565,8145.048313675226,-6196.466193958832
WS094,1,1,231,未记录,水库,1536111712,109.3103031,22.9524518,8145.048313675226,-6208.061104160541
WS094,1,1,232,未记录,水库,1536111712,109.310379,22.9523959,8152.829286282356,-6214.251700915666
WS094,1,1,233,未记录,水库,1536111712,109.310341,22.952312,8148.933674172961,-6223.543133254819
WS094,1,1,234,未记录,水库,1536111712,109.3102272,22.952312,8137.267341068095,-6223.543133254819
WS094,1,1,235,未记录,水库,1536111712,109.3101286,22.9523051,8127.159252806115,-6224.307267737897
WS094,1,1,236,未记录,水库,1536111712,109.3100148,22.9522911,8115.49291970125,-6225.857685529911
WS094,1,1,237,未记录,水库,1536111712,109.309939,22.9522422,8107.722198704324,-6231.273073389029
WS094,1,1,238,未记录,水库,1536111712,109.3098328,22.9522073,8096.834988020172,-6235.138043456134
WS094,1,1,239,未记录,水库,1536111712,109.309719,22.9521723,8085.168654915307,-6239.014087936168
WS094,1,1,240,未记录,水库,1536111712,109.3096203,22.9521374,8075.050315043121,-6242.879058003273
WS094,1,1,241,未记录,水库,1536111712,109.3095065,22.9521095,8063.3839819367995,-6245.968819174765
WS094,1,1,242,未记录,水库,1536111712,109.3094307,22.9520606,8055.613260939874,-6251.384207033883
WS094,1,1,243,未记录,水库,1536111712,109.3093624,22.9519907,8048.611410754914,-6259.125221581023
WS094,1,1,244,未记录,水库,1536111712,109.3093017,22.9519069,8042.388682992125,-6268.405579507246
WS094,1,1,245,未记录,水库,1536111712,109.3092486,22.9517392,8036.945077650049,-6286.977369773016
WS094,1,1,246,未记录,水库,1536111712,109.309332,22.9513899,8045.494921067689,-6325.660293683248
WS094,1,1,247,未记录,水库,1536111712,109.3093776,22.9512991,8050.169655599255,-6335.715860505478
WS094,1,1,248,未记录,水库,1536111712,109.3094458,22.9512013,8057.1612541740105,-6346.546636223716
WS094,1,1,249,未记录,水库,1536111712,109.3094458,22.9511175,8057.1612541740105,-6355.826994150332
WS094,1,1,250,未记录,水库,1536111712,109.3094458,22.9509638,8057.1612541740105,-6372.848366623695
WS094,1,1,251,未记录,水库,1536111712,109.3094155,22.950873,8054.05501609699,-6382.903933445926
WS094,1,1,252,未记录,水库,1536111712,109.3093852,22.9507821,8050.948778019969,-6392.970574681086
WS094,1,1,253,未记录,水库,1536111712,109.30937,22.9506983,8049.390533177085,-6402.250932607702
WS094,1,1,254,未记录,水库,1536111712,109.3093624,22.9506075,8048.611410754914,-6412.306499429933
WS094,1,1,255,未记录,水库,1536111712,109.3093624,22.9504748,8048.611410754914,-6427.002245215669
WS094,1,1,256,未记录,水库,1536111712,109.3093624,22.950356,8048.611410754914,-6440.158647621927
WS094,1,1,257,未记录,水库,1536111712,109.3093624,22.9502233,8048.611410754914,-6454.8543934072695
WS094,1,1,258,未记录,水库,1536111712,109.30937,22.9501394,8049.390533177085,-6464.145825746422
WS094,1,1,259,未记录,水库,1536111712,109.3093852,22.9500486,8050.948778019969,-6474.201392569046
WS094,1,1,260,未记录,水库,1536111712,109.3093852,22.9499578,8050.948778019969,-6484.256959391277
WS094,1,1,261,未记录,水库,1536111712,109.3093852,22.949867,8050.948778019969,-6494.312526213507
WS094,1,1,262,未记录,水库,1536111712,109.3093776,22.9497412,8050.169655599255,-6508.244137516165
WS094,1,1,263,未记录,水库,1536111712,109.3094231,22.9496225,8054.83413851916,-6521.389465509494
WS094,1,1,264,未记录,水库,1536111712,109.3094383,22.9495177,8056.392383362045,-6532.995450123738
WS094,1,1,265,未记录,水库,1536111712,109.3094383,22.9493989,8056.392383362045,-6546.15185253039
WS094,1,1,266,未记录,水库,1536111712,109.3094989,22.9492732,8062.604859514629,-6560.072389419725
WS094,1,1,267,未记录,水库,1536111712,109.3096203,22.9492243,8075.050315043121,-6565.487777278844
WS094,1,1,268,未记录,水库,1536111712,109.309719,22.9491893,8085.168654915307,-6569.363821758878
WS094,1,1,269,未记录,水库,1536111712,109.3098555,22.9491265,8099.162103675023,-6576.318552997474
WS094,1,1,270,未记录,水库,1536111712,109.3099997,22.9491265,8113.94492646857,-6576.318552997474
WS094,1,1,271,未记录,水库,1536111712,109.3101059,22.9491404,8124.832137151265,-6574.7792096179965
WS094,1,1,272,未记录,水库,1536111712,109.310159,22.9492173,8130.275742493341,-6566.262986174851
WS094,1,1,273,未记录,水库,1536111712,109.3102121,22.9493221,8135.719347835416,-6554.657001560607
WS094,1,1,274,未记录,水库,1536111712,109.3103031,22.9493919,8145.048313675226,-6546.927061426396
WS094,1,1,275,未记录,水库,1536111712,109.3104321,22.9494897,8158.272891624432,-6536.096285707766
WS094,1,1,276,未记录,水库,1536111712,109.3104928,22.9495875,8164.495619388679,-6525.265509989528
WS094,1,1,277,未记录,水库,1536111712,109.3105155,22.9496993,8166.822735042072,-6512.884316479277
WS094,1,1,278,未记录,水库,1536111712,109.3105459,22.9497832,8169.939224729298,-6503.592884140125
WS094,1,1,279,未记录,水库,1536111712,109.3106217,22.9499159,8177.709945726224,-6488.8971383543885
WS094,1,1,280,未记录,水库,1536111712,109.3106521,22.9499997,8180.826435413449,-6479.616780428165
WS094,1,1,281,未记录,水库,1536111712,109.31069,22.9500766,8184.711795911184,-6471.100556985019
WS094,1,1,282,未记录,水库,1536111712,109.3107431,22.9501464,8190.15540125326,-6463.370616850415
WS094,1,1,283,未记录,水库,1536111712,109.3108038,22.9502512,8196.378129017505,-6451.764632236172
WS094,1,1,284,未记录,水库,1536111712,109.3108721,22.9503211,8203.379979202466,-6444.023617689032
WS094,1,1,285,未记录,水库,1536111712,109.3109555,22.9503909,8211.929822621561,-6436.293677554822
WS094,1,1,286,未记录,水库,1536111712,109.3110618,22.9504468,8222.827284915918,-6430.103080799303
WS094,1,1,287,未记录,水库,1536111712,109.3111452,22.9504887,8231.377128333557,-6425.462901836191
WS094,1,1,288,未记录,水库,1536111712,109.3112514,22.9505306,8242.264339017709,-6420.822722873079
WS094,1,1,289,未记录,水库,1536111712,109.3113728,22.9505795,8254.709794544744,-6415.407335013961
WS094,1,1,290,未记录,水库,1536111712,109.3114562,22.9506215,8263.259637962385,-6410.756081637919
WS094,1,1,291,未记录,水库,1536111712,109.3115473,22.9506843,8272.598855413857,-6403.801350399716
WS094,1,1,292,未记录,水库,1536111712,109.3116156,22.9507821,8279.600705598816,-6392.970574681086
WS094,1,1,293,未记录,水库,1536111712,109.3116838,22.950845,8286.592304173571,-6386.004769029953
WS094,1,1,294,未记录,水库,1536111712,109.3117976,22.9508171,8298.258637279894,-6389.094530201444
WS094,1,1,295,未记录,水库,1536111712,109.3117976,22.9507332,8298.258637279894,-6398.385962540598
WS094,1,1,296,未记录,水库,1536111712,109.3118963,22.9506215,8308.376977152078,-6410.756081637919
WS094,1,1,297,未记录,水库,1536111712,109.3119873,22.9506494,8317.70594299189,-6407.666320466821
WS094,1,1,298,未记录,水库,1536111712,109.3121163,22.9507123,8330.930520941096,-6400.700514815689
WS094,1,1,299,未记录,水库,1536111712,109.3122301,22.9507752,8342.59685404596,-6393.734709164557
WS094,1,1,300,未记录,水库,1536111712,109.3123135,22.9508171,8351.146697465058,-6389.094530201444
WS094,1,1,301,未记录,水库,1536111712,109.3124577,22.950866,8365.929520257148,-6383.679142341933
WS094,1,1,302,未记录,水库,1536111712,109.3125563,22.9508939,8376.03760851913,-6380.589381170835
WS094,1,1,303,未记录,水库,1536111712,109.3126853,22.950859,8389.262186468335,-6384.45435123794
WS094,1,1,304,未记录,水库,1536111712,109.3126321,22.9507752,8383.808329516054,-6393.734709164557
WS094,1,1,305,未记录,水库,1536111712,109.3125411,22.9507123,8374.479363676244,-6400.700514815689
WS094,1,1,306,未记录,水库,1536111712,109.312397,22.9506913,8359.706792494359,-6403.026141503709
WS094,1,1,307,未记录,水库,1536111712,109.3122377,22.9506494,8343.37597646813,-6407.666320466821
WS094,1,1,308,未记录,水库,1536111712,109.3121163,22.9505935,8330.930520941096,-6413.856917221947
WS094,1,1,309,未记录,水库,1536111712,109.3120328,22.9505376,8322.370425911795,-6420.047513977072
WS094,1,1,310,未记录,水库,1536111712,109.3119342,22.9504748,8312.262337649814,-6427.002245215669
WS094,1,1,311,未记录,水库,1536111712,109.3118204,22.9504259,8300.596004544948,-6432.417633074788
WS094,1,1,312,未记录,水库,1536111712,109.3117218,22.9503839,8290.487916282967,-6437.068886450828
WS094,1,1,313,未记录,水库,1536111712,109.3116307,22.950349,8281.148698831495,-6440.933856517934
WS094,1,1,314,未记录,水库,1536111712,109.3115018,22.9503071,8267.934372493952,-6445.574035481046
WS094,1,1,315,未记录,水库,1536111712,109.3114031,22.9502652,8257.816032621766,-6450.214214444158
WS094,1,1,316,未记录,水库,1536111712,109.3112666,22.9502233,8243.822583860594,-6454.8543934072695
WS094,1,1,317,未记录,水库,1536111712,109.311168,22.9501953,8233.714495598613,-6457.955228991296
WS094,1,1,318,未记录,水库,1536111712,109.3110845,22.9501534,8225.15440057077,-6462.595407954408
WS094,1,1,319,未记录,水库,1536111712,109.3109859,22.9501045,8215.046312308788,-6468.010795813921
WS094,1,1,320,未记录,水库,1536111712,109.31091,22.9500416,8207.265339701657,-6474.976601465053
WS094,1,1,321,未记录,水库,1536111712,109.3108342,22.9499648,8199.494618704732,-6483.48175049527
WS094,1,1,322,未记录,水库,1536111712,109.3107735,22.9498879,8193.271890940485,-6491.997973938416
WS094,1,1,323,未记录,水库,1536111712,109.3107659,22.9498041,8192.49276851977,-6501.27833186464
WS094,1,1,324,未记录,水库,1536111712,109.3107659,22.9497063,8192.49276851977,-6512.10910758327
WS094,1,1,325,未记录,水库,1536111712,109.3107659,22.9496085,8192.49276851977,-6522.9398833015075
WS094,1,1,326,未记录,水库,1536111712,109.3107355,22.9495247,8189.376278832546,-6532.220241227731
WS094,1,1,327,未记录,水库,1536111712,109.31069,22.9494269,8184.711795911184,-6543.051016946362
WS094,1,1,328,未记录,水库,1536111712,109.3106369,22.94935,8179.268190570565,-6551.567240389509
WS094,1,1,329,未记录,水库,1536111712,109.3105686,22.9492662,8172.266340384148,-6560.847598315732
WS094,1,1,330,未记录,水库,1536111712,109.3105155,22.9491893,8166.822735042072,-6569.363821758878
WS094,1,1,331,未记录,水库,1536111712,109.3105004,22.9490985,8165.274741809392,-6579.419388581108
WS094,1,1,332,未记录,水库,1536111712,109.3105004,22.9490147,8165.274741809392,-6588.699746507726
WS094,1,1,333,未记录,水库,1536111712,109.3105079,22.9489309,8166.043612621358,-6597.980104433949
WS094,1,1,334,未记录,水库,1536111712,109.3105004,22.94884,8165.274741809392,-6608.046745669109
WS094,1,1,335,未记录,水库,1536111712,109.3104169,22.9487911,8156.714646781548,-6613.462133528228
WS094,1,1,336,未记录,水库,1536111712,109.3103031,22.9487492,8145.048313675226,-6618.10231249134
WS094,1,1,337,未记录,水库,1536111712,109.3101969,22.9487283,8134.161102991075,-6620.416864766824
WS094,1,1,338,未记录,水库,1536111712,109.31003,22.9487283,8117.051164544134,-6620.416864766824
WS094,1,1,339,未记录,水库,1536111712,109.309939,22.9487213,8107.722198704324,-6621.192073662831
WS094,1,1,340,未记录,水库,1536111712,109.3098479,22.9486724,8098.382981252852,-6626.6074615219495
WS094,1,1,341,未记录,水库,1536111712,109.3096583,22.9484768,8078.945927151061,-6648.269012958424
WS094,1,1,342,未记录,水库,1536111712,109.3095748,22.948344,8070.385832121759,-6662.975833157089
WS094,1,1,343,未记录,水库,1536111712,109.3096052,22.9482393,8073.5023218089855,-6674.570743358405
WS094,1,1,344,未记录,水库,1536111712,109.309681,22.9481834,8081.273042805911,-6680.76134011353
WS094,1,1,345,未记录,水库,1536111712,109.3097493,22.9480856,8088.274892990871,-6691.592115832161
WS094,1,1,346,未记录,水库,1536111712,109.3097948,22.9480087,8092.939375912233,-6700.108339275307
WS094,1,1,347,未记录,水库,1536111712,109.3097948,22.9479179,8092.939375912233,-6710.163906097538
WS094,1,1,348,未记录,水库,1536111712,109.3097948,22.9478201,8092.939375912233,-6720.994681815775
WS094,1,1,349,未记录,水库,1536111712,109.3097569,22.9477432,8089.054015413042,-6729.5109052589205
WS094,1,1,350,未记录,水库,1536111712,109.3097645,22.9476454,8089.833137835212,-6740.341680977552
WS094,1,1,351,未记录,水库,1536111712,109.3098403,22.9475965,8097.603858832138,-6745.75706883667
WS094,1,1,352,未记录,水库,1536111712,109.3099541,22.9475686,8109.270191937004,-6748.846830007768
WS094,1,1,353,未记录,水库,1536111712,109.3100755,22.9475616,8121.715647464039,-6749.622038903775
WS094,1,1,354,未记录,水库,1536111712,109.3101817,22.9475686,8132.6028581481905,-6748.846830007768
WS094,1,1,355,未记录,水库,1536111712,109.3103107,22.9475686,8145.8274360973965,-6748.846830007768
WS094,1,1,356,未记录,水库,1536111712,109.3104093,22.9475337,8155.935524359377,-6752.711800074873
WS094,1,1,357,未记录,水库,1536111712,109.3104245,22.9474359,8157.493769202262,-6763.5425757935045
WS094,1,1,358,未记录,水库,1536111712,109.3103714,22.9473311,8152.050163860186,-6775.148560407749
WS094,1,1,359,未记录,水库,1536111712,109.3103107,22.9472542,8145.8274360973965,-6783.664783850894
WS094,1,1,360,未记录,水库,1536111712,109.3102576,22.9471634,8140.3838307553215,-6793.720350673125
WS094,1,1,361,未记录,水库,1536111712,109.3102272,22.9470796,8137.267341068095,-6803.000708599742
WS094,1,1,362,未记录,水库,1536111712,109.3102197,22.9469748,8136.498470257587,-6814.606693213987
WS094,1,1,363,未记录,水库,1536111712,109.3102576,22.946863,8140.3838307553215,-6826.987886724238
WS094,1,1,364,未记录,水库,1536111712,109.3103562,22.9468001,8150.491919017302,-6833.95369237537
WS094,1,1,365,未记录,水库,1536111712,109.3104624,22.9467652,8161.379129701453,-6837.818662442475
WS094,1,1,366,未记录,水库,1536111712,109.3105535,22.9467163,8170.718347151468,-6843.234050301987
WS094,1,1,367,未记录,水库,1536111712,109.3106369,22.9466744,8179.268190570565,-6847.874229265099
WS094,1,1,368,未记录,水库,1536111712,109.3106976,22.9466115,8185.490918333354,-6854.840034916231
WS094,1,1,369,未记录,水库,1536111712,109.3107659,22.9465416,8192.49276851977,-6862.581049463371
WS094,1,1,370,未记录,水库,1536111712,109.3108493,22.9464299,8201.042611937411,-6874.951168561086
WS094,1,1,371,未记录,水库,1536111712,109.3109631,22.9464089,8212.708945042275,-6877.276795248713
WS094,1,1,372,未记录,水库,1536111712,109.3110693,22.9464089,8223.596155726427,-6877.276795248713
WS094,1,1,373,未记录,水库,1536111712,109.3111907,22.9464299,8236.041611253462,-6874.951168561086
WS094,1,1,374,未记录,水库,1536111712,109.3112969,22.9464508,8246.928821937614,-6872.636616285601
WS094,1,1,375,未记录,水库,1536111712,109.3114183,22.9464857,8259.37427746465,-6868.771646218496
WS094,1,1,376,未记录,水库,1536111712,109.3114562,22.9465766,8263.259637962385,-6858.705004983336
WS094,1,1,377,未记录,水库,1536111712,109.3115321,22.9466674,8271.040610569515,-6848.6494381611055
WS094,1,1,378,未记录,水库,1536111712,109.3115625,22.9467512,8274.15710025674,-6839.369080234489
WS094,1,1,379,未记录,水库,1536111712,109.3115928,22.9468351,8277.263338333762,-6830.077647895336
WS094,1,1,380,未记录,水库,1536111712,109.3116535,22.9469398,8283.486066098008,-6818.482737694021
WS094,1,1,381,未记录,水库,1536111712,109.3117218,22.9470097,8290.487916282967,-6810.741723146882
WS094,1,1,382,未记录,水库,1536111712,109.3117825,22.9470866,8296.710644047214,-6802.225499703735
WS094,1,1,383,未记录,水库,1536111712,109.3118507,22.9471634,8303.702242620513,-6793.720350673125
WS094,1,1,384,未记录,水库,1536111712,109.3119038,22.9472682,8309.145847962589,-6782.1143660588805
WS094,1,1,385,未记录,水库,1536111712,109.3119494,22.947373,8313.820582494154,-6770.508381444637
WS094,1,1,386,未记录,水库,1536111712,109.3120404,22.9475197,8323.149548333966,-6754.262217866887
WS094,1,1,387,未记录,水库,1536111712,109.3121845,22.9475406,8337.922119515852,-6751.947665591796
WS094,1,1,388,未记录,水库,1536111712,109.3121845,22.9474428,8337.922119515852,-6762.7784413100335
WS094,1,1,389,未记录,水库,1536111712,109.312177,22.947359,8337.153248705343,-6772.05879923665
WS094,1,1,390,未记录,水库,1536111712,109.3121542,22.9472682,8334.81588143883,-6782.1143660588805
WS094,1,1,391,未记录,水库,1536111712,109.3121239,22.9471564,8331.709643363267,-6794.495559569132
WS094,1,1,392,未记录,水库,1536111712,109.3120935,22.9470726,8328.59315367604,-6803.775917495749
WS094,1,1,393,未记录,水库,1536111712,109.3120328,22.9469608,8322.370425911795,-6816.157111006
WS094,1,1,394,未记录,水库,1536111712,109.3120328,22.9468141,8322.370425911795,-6832.4032745833565
WS094,1,1,395,未记录,水库,1536111712,109.3120556,22.9467233,8324.707793176849,-6842.45884140598
WS094,1,1,396,未记录,水库,1536111712,109.3120707,22.9466325,8326.255786410986,-6852.51440822821
WS094,1,1,397,未记录,水库,1536111712,109.3120252,22.9465137,8321.591303489624,-6865.670810634469
WS094,1,1,398,未记录,水库,1536111712,109.3119494,22.9464508,8313.820582494154,-6872.636616285601
WS094,1,1,399,未记录,水库,1536111712,109.3118811,22.9463949,8306.818732307738,-6878.827213040727
WS094,1,1,400,未记录,水库,1536111712,109.3118507,22.9463111,8303.702242620513,-6888.107570967343
WS094,1,1,401,未记录,水库,1536111712,109.3118963,22.9462063,8308.376977152078,-6899.713555581588
WS094,1,1,402,未记录,水库,1536111712,109.3119645,22.9461295,8315.368575726834,-6908.218704611804
WS094,1,1,403,未记录,水库,1536111712,109.3120859,22.9460596,8327.81403125387,-6915.959719158944
WS094,1,1,404,未记录,水库,1536111712,109.312177,22.9460316,8337.153248705343,-6919.060554742971
WS094,1,1,405,未记录,水库,1536111712,109.3123059,22.9460177,8350.367575042887,-6920.599898122449
WS094,1,1,406,未记录,水库,1536111712,109.3124121,22.9460037,8361.254785727038,-6922.150315914463
WS094,1,1,407,未记录,水库,1536111712,109.3125183,22.9459758,8372.141996409733,-6925.240077085561
WS094,1,1,408,未记录,水库,1536111712,109.3126094,22.9459548,8381.481213861205,-6927.565703773582
WS094,1,1,409,未记录,水库,1536111712,109.3126928,22.9459129,8390.031057278844,-6932.205882736694
WS094,1,1,410,未记录,水库,1536111712,109.3127839,22.945871,8399.370274730316,-6936.846061699805
WS094,1,1,411,未记录,水库,1536111712,109.3129053,22.9458291,8411.81573025735,-6941.486240662917
WS094,1,1,412,未记录,水库,1536111712,109.3130039,22.9458081,8421.923818519332,-6943.811867350938
WS094,1,1,413,未记录,水库,1536111712,109.3130494,22.9457243,8426.588301439237,-6953.0922252775545
WS094,1,1,414,未记录,水库,1536111712,109.3129508,22.9457382,8416.480213177256,-6951.5528818980765
WS094,1,1,415,未记录,水库,1536111712,109.3128218,22.9457592,8403.25563522805,-6949.227255210057
WS094,1,1,416,未记录,水库,1536111712,109.3126701,22.9457871,8387.70394162545,-6946.137494038958
WS094,1,1,417,未记录,水库,1536111712,109.3125032,22.9458011,8370.594003177053,-6944.587076246944
WS094,1,1,418,未记录,水库,1536111712,109.3123666,22.9458011,8356.590302807133,-6944.587076246944
WS094,1,1,419,未记录,水库,1536111712,109.3122377,22.9458011,8343.37597646813,-6944.587076246944
WS094,1,1,420,未记录,水库,1536111712,109.3120935,22.9457941,8328.59315367604,-6945.362285142951
WS094,1,1,421,未记录,水库,1536111712,109.3119494,22.9457592,8313.820582494154,-6949.227255210057
WS094,1,1,422,未记录,水库,1536111712,109.3118432,22.9456893,8302.933371810004,-6956.968269757195
WS094,1,1,423,未记录,水库,1536111712,109.3117901,22.9456195,8297.489766467928,-6964.698209891799
WS094,1,1,424,未记录,水库,1536111712,109.3117218,22.9455286,8290.487916282967,-6974.764851126959
WS094,1,1,425,未记录,水库,1536111712,109.3116687,22.9454099,8285.044310940892,-6987.9101791202875
WS094,1,1,426,未记录,水库,1536111712,109.3116611,22.9453191,8284.26518851872,-6997.965745942911
WS094,1,1,427,未记录,水库,1536111712,109.3116687,22.9452003,8285.044310940892,-7011.122148349169
WS094,1,1,428,未记录,水库,1536111712,109.3116687,22.9451025,8285.044310940892,-7021.9529240674065
WS094,1,1,429,未记录,水库,1536111712,109.3117749,22.9447182,8295.931521625043,-7064.511892457672
WS094,1,1,430,未记录,水库,1536111712,109.3117339,22.9444866,8291.72836119057,-7090.160232502294
WS094,1,1,431,未记录,水库,1536111712,109.3111278,22.9445512,8229.593348051603,-7083.006161833723
WS095,1,1,1,六蓝水库,水库,7169504,109.2454344,22.967778,1494.9616500623683,-4510.774449613741
WS095,1,1,2,六蓝水库,水库,7169504,109.2452842,22.9682818,1479.563730621579,-4454.981557927499
WS095,1,1,3,六蓝水库,水库,7169504,109.2476231,22.9691313,1719.338655932396,-4360.904421191763
WS095,1,1,4,六蓝水库,水库,7169504,109.2486101,22.9693289,1820.522054658621,-4339.021381499061
WS095,1,1,5,六蓝水库,水库,7169504,109.2495972,22.9693486,1921.7157049965076,-4336.8397221775485
WS095,1,1,6,六蓝水库,水库,7169504,109.2500263,22.9691708,1965.7053669966783,-4356.530028135808
WS095,1,1,7,六蓝水库,水库,7169504,109.251464,22.9683015,2113.092775658389,-4452.7998986059865
WS095,1,1,8,六蓝水库,水库,7169504,109.2517,22.9679459,2137.2865771777547,-4492.180510522506
WS095,1,1,9,六蓝水库,水库,7169504,109.2521721,22.9667013,2185.68443182669,-4630.012652230716
WS095,1,1,10,六蓝水库,水库,7169504,109.2520863,22.965832,2176.8885497495703,-4726.282522700896
WS095,1,1,11,六蓝水库,水库,7169504,109.2512494,22.9642712,2091.09281885393,-4899.131957682601
WS095,1,1,12,六蓝水库,水库,7169504,109.2512494,22.9634018,2091.09281885393,-4995.412902565316
WS095,1,1,13,六蓝水库,水库,7169504,109.2516357,22.9631648,2130.694791424289,-5021.659260901042
WS095,1,1,14,六蓝水库,水库,7169504,109.2521077,22.9632833,2179.0823944630197,-5008.536081733178
WS095,1,1,15,六蓝水库,水库,7169504,109.2533094,22.9641329,2302.2760016068223,-4914.447870584906
WS095,1,1,16,六蓝水库,水库,7169504,109.2536098,22.9644687,2333.0718404898575,-4877.259992402435
WS095,1,1,17,六蓝水库,水库,7169504,109.2539316,22.9651997,2366.0615240863417,-4796.3060348349545
WS095,1,1,18,六蓝水库,水库,7169504,109.2543179,22.9655159,2405.663496658158,-4761.2887415614605
WS095,1,1,19,六蓝水库,水库,7169504,109.2552406,22.9653183,2500.2551096309176,-4783.171781254162
WS095,1,1,20,六蓝水库,水库,7169504,109.2556912,22.9651405,2546.4488679561987,-4802.862087212422
WS095,1,1,21,六蓝水库,水库,7169504,109.2556912,22.9647453,2546.4488679561987,-4846.628166597825
WS095,1,1,22,六蓝水库,水库,7169504,109.2554981,22.9643699,2526.653007475393,-4888.201512248786
WS095,1,1,23,六蓝水库,水库,7169504,109.2542321,22.9642514,2396.8676145795816,-4901.324691417042
WS095,1,1,24,六蓝水库,水库,7169504,109.2538673,22.9640341,2359.469738332876,-4925.389390431256
WS095,1,1,25,六蓝水库,水库,7169504,109.252966,22.9628882,2267.071970073566,-5052.2910867060455
WS095,1,1,26,六蓝水库,水库,7169504,109.2529446,22.962493,2264.878125360117,-5096.057166091448
WS095,1,1,27,六蓝水库,水库,7169504,109.2533523,22.9615644,2306.673942645382,-5198.894163351631
WS095,1,1,28,六蓝水库,水库,7169504,109.2539746,22.9604382,2370.469716736563,-5323.614200304907
WS095,1,1,29,六蓝水库,水库,7169504,109.2543393,22.9601616,2407.8573413716067,-5354.2460261095175
WS095,1,1,30,六蓝水库,水库,7169504,109.2550474,22.9607346,2480.448997539907,-5290.789640765855
WS095,1,1,31,六蓝水库,水库,7169504,109.2554766,22.9608729,2524.4489111502826,-5275.47372786355
WS095,1,1,32,六蓝水库,水库,7169504,109.2563993,22.9608136,2619.040524124499,-5282.040854653553
WS095,1,1,33,六蓝水库,水库,7169504,109.2557985,22.9597072,2557.4488463584285,-5404.568157872388
WS095,1,1,34,六蓝水库,水库,7169504,109.2554981,22.9594306,2526.653007475393,-5435.199983676998
WS095,1,1,35,六蓝水库,水库,7169504,109.2550904,22.9592528,2484.857190190128,-5454.890289635257
WS095,1,1,36,六蓝水库,水库,7169504,109.25376,22.9589761,2348.469759930647,-5485.5331898527975
WS095,1,1,37,六蓝水库,水库,7169504,109.2546827,22.957929,2443.061372904863,-5601.4933662812355
WS095,1,1,38,六蓝水库,水库,7169504,109.25479,22.9575141,2454.061351307093,-5647.441104988151
WS095,1,1,39,六蓝水库,水库,7169504,109.254511,22.9572177,2425.4593571375067,-5680.265664527204
WS095,1,1,40,六蓝水库,水库,7169504,109.2536742,22.9570794,2339.6738778535278,-5695.581577429509
WS095,1,1,41,六蓝水库,水库,7169504,109.2530948,22.9567929,2280.276044800906,-5727.309770101537
WS095,1,1,42,六蓝水库,水库,7169504,109.252891,22.9564372,2259.3832619641043,-5766.701456430986
WS095,1,1,43,六蓝水库,水库,7169504,109.2529016,22.9559038,2260.4699327098956,-5825.772374305764
WS095,1,1,44,六蓝水库,水库,7169504,109.2532772,22.955064,2298.9749829242587,-5918.775292999942
WS095,1,1,45,六蓝水库,水库,7169504,109.2535454,22.9546096,2326.469803124731,-5969.097424762812
WS095,1,1,46,六蓝水库,水库,7169504,109.254055,22.9542737,2378.712011829125,-6006.296377357819
WS095,1,1,47,六蓝水库,水库,7169504,109.2543125,22.9545997,2405.1099096736007,-5970.19379163023
WS095,1,1,48,六蓝水库,水库,7169504,109.2544091,22.9541058,2415.012965719834,-6024.890316449055
WS095,1,1,49,六蓝水库,水库,7169504,109.2550474,22.9541453,2480.448997539907,-6020.5159233931
WS095,1,1,50,六蓝水库,水库,7169504,109.2557019,22.9541255,2547.5457903136517,-6022.708657127542
WS095,1,1,51,六蓝水库,水库,7169504,109.2558414,22.954333,2561.846787396988,-5999.729250567816
WS095,1,1,52,六蓝水库,水库,7169504,109.2554981,22.9546096,2526.653007475393,-5969.097424762812
WS095,1,1,53,六蓝水库,水库,7169504,109.2553693,22.954985,2513.448932748053,-5927.524079111851
WS095,1,1,54,六蓝水库,水库,7169504,109.2555195,22.9554394,2528.846852190299,-5877.201947348981
WS095,1,1,55,六蓝水库,水库,7169504,109.2560989,22.9560717,2588.2446852414637,-5807.1784352149225
WS095,1,1,56,六蓝水库,水库,7169504,109.2564851,22.9563286,2627.836406203075,-5778.728268731825
WS095,1,1,57,六蓝水库,水库,7169504,109.257279,22.9556963,2709.2239444484944,-5848.751780865883
WS095,1,1,58,六蓝水库,水库,7169504,109.2581803,22.9558346,2801.621712709262,-5833.435867963578
WS095,1,1,59,六蓝水库,水库,7169504,109.2591244,22.9557358,2898.407170396927,-5844.377387809929
WS095,1,1,60,六蓝水库,水库,7169504,109.2600471,22.9554592,2992.998783369687,-5875.0092136145395
WS095,1,1,61,六蓝水库,水库,7169504,109.2608196,22.9549455,3072.192476903114,-5931.898472167805
WS095,1,1,62,六蓝水库,水库,7169504,109.2612702,22.954906,3118.3862352269384,-5936.27286522376
WS095,1,1,63,六蓝水库,水库,7169504,109.2617208,22.9549455,3164.57999355222,-5931.898472167805
WS095,1,1,64,六蓝水库,水库,7169504,109.2620641,22.9552616,3199.773773473815,-5896.892253307241
WS095,1,1,65,六蓝水库,水库,7169504,109.2619568,22.9556568,3188.773795070128,-5853.126173921838
WS095,1,1,66,六蓝水库,水库,7169504,109.2616779,22.9560124,3160.1820525122034,-5813.745562005319
WS095,1,1,67,六蓝水库,水库,7169504,109.2619139,22.9563878,3184.3758540315685,-5772.172216353964
WS095,1,1,68,六蓝水库,水库,7169504,109.2625147,22.9557753,3245.9675317976394,-5840.002994753974
WS095,1,1,69,六蓝水库,水库,7169504,109.2627722,22.9553802,3272.365429642115,-5883.757999726448
WS095,1,1,70,六蓝水库,水库,7169504,109.2632657,22.9553011,3322.9571290059557,-5892.517860251286
WS095,1,1,71,六蓝水库,水库,7169504,109.2638665,22.9559729,3384.5488067720266,-5818.119955061273
WS095,1,1,72,六蓝水库,水库,7169504,109.2636412,22.9545503,3361.4519276086576,-5975.664551553209
WS095,1,1,73,六蓝水库,水库,7169504,109.2639899,22.9538292,3397.1992945148095,-6055.522142253665
WS095,1,1,74,六蓝水库,水库,7169504,109.2638504,22.9534043,3382.898297430016,-6102.577322240927
WS095,1,1,75,六蓝水库,水库,7169504,109.2640811,22.9531277,3406.5487635764857,-6133.209148045537
WS095,1,1,76,六蓝水库,水库,7169504,109.2639524,22.9528313,3393.35494045935,-6166.03370758459
WS095,1,1,77,六蓝水库,水库,7169504,109.2645103,22.9520706,3450.5486771868614,-6250.27676575393
WS095,1,1,78,六蓝水库,水库,7169504,109.2647678,22.9519422,3476.946575031337,-6264.496311788817
WS095,1,1,79,六蓝水库,水库,7169504,109.2648965,22.9523966,3490.1403981484727,-6214.174180025947
WS095,1,1,80,六蓝水库,水库,7169504,109.2647034,22.9530684,3470.344537667667,-6139.776274835934
WS095,1,1,81,六蓝水库,水库,7169504,109.2646819,22.9534636,3468.140441342556,-6096.010195450531
WS095,1,1,82,六蓝水库,水库,7169504,109.2650574,22.9537105,3506.6352399467146,-6068.6674702473865
WS095,1,1,83,六蓝水库,水库,7169504,109.2650521,22.9540761,3506.091904573819,-6028.179417050521
WS095,1,1,84,六蓝水库,水库,7169504,109.2647463,22.9541947,3474.7424787062264,-6015.045163470121
WS095,1,1,85,六蓝水库,水库,7169504,109.2642635,22.954738,3425.2477016998387,-5954.877878727925
WS095,1,1,86,六蓝水库,水库,7169504,109.2651755,22.9545898,3518.742392316602,-5971.290158497254
WS095,1,1,87,六蓝水库,水库,7169504,109.2655617,22.9547677,3558.3341132782134,-5951.588778126065
WS095,1,1,88,六蓝水库,水库,7169504,109.2657548,22.9551431,3578.129973757562,-5910.015432475104
WS095,1,1,89,六蓝水库,水库,7169504,109.2659372,22.9556765,3596.828911880915,-5850.944514600325
WS095,1,1,90,六蓝水库,水库,7169504,109.2661142,22.9557556,3614.974263021167,-5842.184654075487
WS095,1,1,91,六蓝水库,水库,7169504,109.2664575,22.9556469,3650.168042942762,-5854.222540788862
WS095,1,1,92,六蓝水库,水库,7169504,109.2667901,22.955726,3684.264900506904,-5845.462680264417
WS095,1,1,93,六蓝水库,水库,7169504,109.2671978,22.9566349,3726.060717793626,-5744.8073423253545
WS095,1,1,94,六蓝水库,水库,7169504,109.2679167,22.957198,3799.7595479295833,-5682.447323848716
WS095,1,1,95,六蓝水库,水库,7169504,109.2678845,22.9574548,3796.45852924702,-5654.008231778548
WS095,1,1,96,六蓝水库,水库,7169504,109.2680561,22.9578994,3814.050293402715,-5604.771392470166
WS095,1,1,97,六蓝水库,水库,7169504,109.2683995,22.9575635,3849.2543249359715,-5641.970345065172
WS095,1,1,98,六蓝水库,水库,7169504,109.2685175,22.9573165,3861.351225695654,-5669.324144680853
WS095,1,1,99,六蓝水库,水库,7169504,109.2688393,22.9568818,3894.3409092921383,-5717.46461712221
WS095,1,1,100,六蓝水库,水库,7169504,109.2682814,22.9570597,3837.147172566084,-5697.763236751415
WS095,1,1,101,六蓝水库,水库,7169504,109.2675197,22.9566151,3759.0606530003147,-5747.000076059797
WS095,1,1,102,六蓝水库,水库,7169504,109.2671335,22.9559433,3719.4689320401603,-5821.39798124981
WS095,1,1,103,六蓝水库,水库,7169504,109.266876,22.9555185,3693.071034195684,-5868.442086824143
WS095,1,1,104,六蓝水库,水库,7169504,109.2668223,22.9551431,3687.5659191894674,-5910.015432475104
WS095,1,1,105,六蓝水库,水库,7169504,109.2665058,22.954985,3655.1195709658787,-5927.524079111851
WS095,1,1,106,六蓝水库,水库,7169504,109.2662806,22.9547676,3632.032943414171,-5951.599852538995
WS095,1,1,107,六蓝水库,水库,7169504,109.2661679,22.9541552,3620.479378027384,-6019.419556526076
WS095,1,1,108,六蓝水库,水库,7169504,109.2657655,22.9541947,3579.226896115015,-6015.045163470121
WS095,1,1,109,六蓝水库,水库,7169504,109.2656958,22.9536316,3572.081523378449,-6077.405181946367
WS095,1,1,110,六蓝水库,水库,7169504,109.266066,22.9526041,3610.0329866082548,-6191.194773466222
WS095,1,1,111,六蓝水库,水库,7169504,109.2655939,22.9522978,3561.63513195932,-6225.115699872298
WS095,1,1,112,六蓝水库,水库,7169504,109.2654115,22.9520014,3542.936193835967,-6257.940259411351
WS095,1,1,113,六蓝水库,水库,7169504,109.2654973,22.9516063,3551.732075914543,-6301.695264383824
WS095,1,1,114,六蓝水库,水库,7169504,109.2657548,22.9512704,3578.129973757562,-6338.894216979224
WS095,1,1,115,六蓝水库,水库,7169504,109.2662269,22.9511123,3626.527828407954,-6356.402863615971
WS095,1,1,116,六蓝水库,水库,7169504,109.2671496,22.9514087,3721.1194413807134,-6323.5783040765255
WS095,1,1,117,六蓝水库,水库,7169504,109.2675144,22.9511518,3758.517317627419,-6352.028470559623
WS095,1,1,118,六蓝水库,水库,7169504,109.2673856,22.9506381,3745.313242900079,-6408.917729113283
WS095,1,1,119,六蓝水库,水库,7169504,109.2681152,22.9511716,3820.1089953934893,-6349.835736825575
WS095,1,1,120,六蓝水库,水库,7169504,109.2685443,22.9513691,3864.0986573936602,-6327.963771545409
WS095,1,1,121,六蓝水库,水库,7169504,109.2690378,22.9513889,3914.6903567575014,-6325.771037810968
WS095,1,1,122,六蓝水库,水库,7169504,109.2694885,22.9513099,3960.89436669153,-6334.5198239232695
WS095,1,1,123,六蓝水库,水库,7169504,109.2696816,22.9509344,3980.690227172336,-6376.104243986767
WS095,1,1,124,六蓝水库,水库,7169504,109.2688233,22.9508357,3892.7006515617895,-6387.034689420581
WS095,1,1,125,六蓝水库,水库,7169504,109.2686516,22.9504602,3875.09863579589,-6428.619109484472
WS095,1,1,126,六蓝水库,水库,7169504,109.2690593,22.9502034,3916.894453081155,-6457.058201554641
WS095,1,1,127,六蓝水库,水库,7169504,109.2695314,22.9500453,3965.2923077315468,-6474.566848191387
WS095,1,1,128,六蓝水库,水库,7169504,109.2700034,22.9500255,4013.6799107688203,-6476.7595819258295
WS095,1,1,129,六蓝水库,水库,7169504,109.270218,22.9496699,4035.6798675747364,-6516.140193842349
WS095,1,1,130,六蓝水库,水库,7169504,109.2698103,22.9494723,3993.8840502894714,-6538.02323353505
WS095,1,1,131,六蓝水库,水库,7169504,109.2693812,22.9495118,3949.894388289301,-6533.648840479096
WS095,1,1,132,六蓝水库,水库,7169504,109.2686945,22.9499662,3879.4965768344496,-6483.326708716226
WS095,1,1,133,六蓝水库,水库,7169504,109.2682654,22.9498675,3835.5069148357356,-6494.257154149647
WS095,1,1,134,六蓝水库,水库,7169504,109.2683512,22.9494723,3844.302796912855,-6538.02323353505
WS095,1,1,135,六蓝水库,水库,7169504,109.2686731,22.9491561,3877.3027321210006,-6573.040526808544
WS095,1,1,136,六蓝水库,水库,7169504,109.2688018,22.9483262,3890.496555238136,-6664.947078635305
WS095,1,1,137,六蓝水库,水库,7169504,109.2689949,22.9478915,3910.292415717485,-6713.087551076662
WS095,1,1,138,六蓝水库,水库,7169504,109.2692953,22.9475556,3941.08825460052,-6750.2865036716685
WS095,1,1,139,六蓝水库,水库,7169504,109.2696601,22.9473185,3978.4861308472255,-6776.543936420325
WS095,1,1,140,六蓝水库,水库,7169504,109.2701322,22.9473382,4026.8839854976172,-6774.362277098812
WS095,1,1,141,六蓝水库,水库,7169504,109.271248,22.9479706,4141.2714589511825,-6704.327690551824
WS095,1,1,142,六蓝水库,水库,7169504,109.2721707,22.9479706,4235.863071925399,-6704.327690551824
WS095,1,1,143,六蓝水库,水库,7169504,109.2729861,22.9475161,4319.454706495929,-6754.660896727623
WS095,1,1,144,六蓝水库,水库,7169504,109.2734367,22.9476742,4365.64846482121,-6737.152250090876
WS095,1,1,145,六蓝水库,水库,7169504,109.2744023,22.9491364,4464.638018833986,-6575.222186130057
WS095,1,1,146,六蓝水库,水库,7169504,109.2746598,22.9487609,4491.035916677005,-6616.806606193947
WS095,1,1,147,六蓝水库,水库,7169504,109.2747241,22.9483262,4497.627702430471,-6664.947078635305
WS095,1,1,148,六蓝水库,水库,7169504,109.2745739,22.9475161,4482.2297829882245,-6754.660896727623
WS095,1,1,149,六蓝水库,水库,7169504,109.2745954,22.9470814,4484.433879313335,-6802.801369169374
WS095,1,1,150,六蓝水库,水库,7169504,109.2750031,22.9468047,4526.229696600057,-6833.44426938652
WS095,1,1,151,六蓝水库,水库,7169504,109.2753464,22.9471011,4561.4234765216515,-6800.619709847469
WS095,1,1,152,六蓝水库,水库,7169504,109.2757756,22.9478915,4605.423390132028,-6713.087551076662
WS095,1,1,153,六蓝水库,水库,7169504,109.276076,22.9487807,4636.219229015062,-6614.613872459506
WS095,1,1,154,六蓝水库,水库,7169504,109.2761189,22.9496896,4640.617170053622,-6513.958534520836
WS095,1,1,155,六蓝水库,水库,7169504,109.2762905,22.9501046,4658.208934209317,-6467.999721400991
WS095,1,1,156,六蓝水库,水库,7169504,109.2764837,22.9497489,4678.015046300327,-6507.39140773044
WS095,1,1,157,六蓝水库,水库,7169504,109.2766982,22.9488795,4700.004751494582,-6603.6723526131545
WS095,1,1,158,六蓝水库,水库,7169504,109.2767626,22.9480496,4706.606788858252,-6695.578904439915
WS095,1,1,159,六蓝水库,水库,7169504,109.2764622,22.9472197,4675.810949975217,-6787.485456266675
WS095,1,1,160,六蓝水库,水库,7169504,109.2761833,22.9469035,4647.219207417292,-6822.50274954017
WS095,1,1,161,六蓝水库,水库,7169504,109.275797,22.9466862,4607.617234845477,-6846.567448554777
WS095,1,1,162,六蓝水库,水库,7169504,109.2755824,22.9462712,4585.617278041017,-6892.526261674228
WS095,1,1,163,六蓝水库,水库,7169504,109.2758185,22.9458958,4609.821331170587,-6934.099607325583
WS095,1,1,164,六蓝水库,水库,7169504,109.2766982,22.9460144,4700.004751494582,-6920.96535374479
WS095,1,1,165,六蓝水库,水库,7169504,109.2770845,22.9461922,4739.606724066398,-6901.275047786531
WS095,1,1,166,六蓝水库,水库,7169504,109.2773634,22.9465479,4768.1984666243225,-6861.883361457082
WS095,1,1,167,六蓝水库,水库,7169504,109.2776424,22.9473975,4796.800460793909,-6767.795150308416
WS095,1,1,168,六蓝水库,水库,7169504,109.2780715,22.9475754,4840.790122792623,-6748.093769937227
WS095,1,1,169,六蓝水库,水库,7169504,109.2780286,22.9467455,4836.392181754063,-6840.000321764381
WS095,1,1,170,六蓝水库,水库,7169504,109.2782432,22.9463898,4858.39213855998,-6879.39200809383
WS095,1,1,171,六蓝水库,水库,7169504,109.2783934,22.9467652,4873.790058000769,-6837.818662442475
WS095,1,1,172,六蓝水库,水库,7169504,109.2783719,22.9481089,4871.585961675659,-6689.011777649519
WS095,1,1,173,六蓝水库,水库,7169504,109.2782432,22.9490968,4858.39213855998,-6579.6076535989405
WS095,1,1,174,六蓝水库,水库,7169504,109.2778784,22.9499662,4820.994262313275,-6483.326708716226
WS095,1,1,175,六蓝水库,水库,7169504,109.2778569,22.950401,4818.790165988164,-6435.175161861939
WS095,1,1,176,六蓝水库,水库,7169504,109.2780715,22.95212,4840.790122792623,-6244.806005830557
WS095,1,1,177,六蓝水库,水库,7169504,109.2781574,22.9525152,4849.5962564814035,-6201.039926445154
WS095,1,1,178,六蓝水库,水库,7169504,109.2785651,22.953266,4891.392073766669,-6117.893235143232
WS095,1,1,179,六蓝水库,水库,7169504,109.2789513,22.9534636,4930.98379472828,-6096.010195450531
WS095,1,1,180,六蓝水库,水库,7169504,109.2794019,22.9534043,4977.1775530521045,-6102.577322240927
WS095,1,1,181,六蓝水库,水库,7169504,109.2790586,22.9531079,4941.98377313051,-6135.40188177998
WS095,1,1,182,六蓝水库,水库,7169504,109.2788869,22.9527523,4924.38175736461,-6174.782493696499
WS095,1,1,183,六蓝水库,水库,7169504,109.2788225,22.9514877,4917.77972000094,-6314.829517964617
WS095,1,1,184,六蓝水库,水库,7169504,109.2791444,22.9498082,4950.779655209086,-6500.8242809400435
WS095,1,1,185,六蓝水库,水库,7169504,109.2795736,22.9490573,4994.779568819461,-6583.982046654895
WS095,1,1,186,六蓝水库,水库,7169504,109.2803413,22.9482305,5073.481185032472,-6675.545291684779
WS095,1,1,187,六蓝水库,水库,7169504,109.2808396,22.9476939,5124.564961713815,-6734.970590769363
WS095,1,1,188,六蓝水库,水库,7169504,109.2812687,22.947437,5168.554623713986,-6763.420757252462
WS095,1,1,189,六蓝水库,水库,7169504,109.2821485,22.9469431,5258.748295649643,-6818.117282071679
WS095,1,1,190,六蓝水库,水库,7169504,109.283157,22.9468838,5362.135790700979,-6824.6844088620755
WS095,1,1,191,六蓝水库,水库,7169504,109.2836076,22.946785,5408.329549024803,-6835.625928708427
WS095,1,1,192,六蓝水库,水库,7169504,109.2828566,22.9463503,5331.339951817943,-6883.766401149784
WS095,1,1,193,六蓝水库,水库,7169504,109.2806035,22.9462317,5100.360908584245,-6896.900654730576
WS095,1,1,194,六蓝水库,水库,7169504,109.2802388,22.9460341,5062.973283949202,-6918.783694423278
WS095,1,1,195,六蓝水库,水库,7169504,109.2801315,22.945224,5051.973305545515,-7008.497512515596
WS095,1,1,196,六蓝水库,水库,7169504,109.2794019,22.9445719,4977.1775530521045,-7080.713758384098
WS095,1,1,197,六蓝水库,水库,7169504,109.2789513,22.9444138,4930.98379472828,-7098.222405020844
WS095,1,1,198,六蓝水库,水库,7169504,109.278093,22.944315,4842.994219117733,-7109.163924867195
WS095,1,1,199,六蓝水库,水库,7169504,109.2776638,22.9441372,4798.994305507358,-7128.854230825455
WS095,1,1,200,六蓝水库,水库,7169504,109.2773205,22.9438803,4763.800525585763,-7157.304397308552
WS095,1,1,201,六蓝水库,水库,7169504,109.2768914,22.9438408,4719.810863585592,-7161.678790364507
WS095,1,1,202,六蓝水库,水库,7169504,109.2761189,22.9441569,4640.617170053622,-7126.672571503942
WS095,1,1,203,六蓝水库,水库,7169504,109.2756468,22.9440581,4592.219315404687,-7137.614091350293
WS095,1,1,204,六蓝水库,水库,7169504,109.2754322,22.9437222,4570.219358598771,-7174.8130439453
WS095,1,1,205,六蓝水库,水库,7169504,109.2750245,22.9436036,4528.423541313506,-7187.947297526092
WS095,1,1,206,六蓝水库,水库,7169504,109.2746598,22.9438803,4491.035916677005,-7157.304397308552
WS095,1,1,207,六蓝水库,水库,7169504,109.2745739,22.944315,4482.2297829882245,-7109.163924867195
WS095,1,1,208,六蓝水库,水库,7169504,109.2742306,22.9445719,4447.03600306663,-7080.713758384098
WS095,1,1,209,六蓝水库,水库,7169504,109.2738444,22.9447892,4407.444282106475,-7056.649059369884
WS095,1,1,210,六蓝水库,水库,7169504,109.2733938,22.944809,4361.250523781194,-7054.456325635441
WS095,1,1,211,六蓝水库,水库,7169504,109.273029,22.9445521,4323.852647534489,-7082.906492118539
WS095,1,1,212,六蓝水库,水库,7169504,109.2729646,22.9441569,4317.250610170819,-7126.672571503942
WS095,1,1,213,六蓝水库,水库,7169504,109.2735654,22.9435048,4378.842287936889,-7198.888817372443
WS095,1,1,214,六蓝水库,水库,7169504,109.2736083,22.9430899,4383.240228976905,-7244.836556079359
WS095,1,1,215,六蓝水库,水库,7169504,109.2727715,22.943406,4297.454749691469,-7209.830337218794
WS095,1,1,216,六蓝水库,水库,7169504,109.2723638,22.9433072,4255.658932404748,-7220.771857065145
WS095,1,1,217,六蓝水库,水库,7169504,109.2721492,22.9436629,4233.658975600289,-7181.380170735696
WS095,1,1,218,六蓝水库,水库,7169504,109.2722994,22.9440384,4249.056895041078,-7139.795750671806
WS095,1,1,219,六蓝水库,水库,7169504,109.2719561,22.9443348,4213.863115119483,-7106.971191132753
WS095,1,1,220,六蓝水库,水库,7169504,109.271012,22.9443348,4117.077657431817,-7106.971191132753
WS095,1,1,221,六蓝水库,水库,7169504,109.2706043,22.9442755,4075.2818401465524,-7113.538317923149
WS095,1,1,222,六蓝水库,水库,7169504,109.2702609,22.9440581,4040.077808613296,-7137.614091350293
WS095,1,1,223,六蓝水库,水库,7169504,109.2701107,22.943248,4024.679889172507,-7227.327909442612
WS095,1,1,224,六蓝水库,水库,7169504,109.2697245,22.9430306,3985.0881682108957,-7251.403682869755
WS095,1,1,225,六蓝水库,水库,7169504,109.2687911,22.9428626,3889.399632880683,-7270.008696373527
WS095,1,1,226,六蓝水库,水库,7169504,109.2677987,22.9428133,3787.662647169901,-7275.468381883969
WS095,1,1,227,六蓝水库,水库,7169504,109.2669565,22.9424575,3701.3235809013645,-7314.871142626347
WS095,1,1,228,六蓝水库,水库,7169504,109.2667848,22.9420228,3683.721565134008,-7363.011615067704
WS095,1,1,229,六蓝水库,水库,7169504,109.2674928,22.9418252,3756.3029696921035,-7384.8946547604055
WS095,1,1,230,六蓝水库,水库,7169504,109.2682385,22.9422896,3832.749231526068,-7333.4650817175825
WS095,1,1,231,六蓝水库,水库,7169504,109.268716,22.9421019,3881.70067315956,-7354.251754542866
WS095,1,1,232,六蓝水库,水库,7169504,109.269408,22.94226,3952.641819987307,-7336.743107906119
WS095,1,1,233,六蓝水库,水库,7169504,109.2699498,22.9422204,4008.1850473742647,-7341.128575375003
WS095,1,1,234,六蓝水库,水库,7169504,109.2703253,22.9425168,4046.679845976966,-7308.304015835951
WS095,1,1,235,六蓝水库,水库,7169504,109.2710764,22.9426551,4123.679694795487,-7292.988102933646
WS095,1,1,236,六蓝水库,水库,7169504,109.2716128,22.9421809,4178.669335197888,-7345.5029684309575
WS095,1,1,237,六蓝水库,水库,7169504,109.2724925,22.9418055,4268.852755521883,-7387.076314081918
WS095,1,1,238,六蓝水库,水库,7169504,109.2735869,22.9408965,4381.046384261999,-7487.742726433517
WS095,1,1,239,六蓝水库,水库,7169504,109.2742092,22.9404914,4444.842158353181,-7532.605172686338
WS095,1,1,240,六蓝水库,水库,7169504,109.2746704,22.940274,4492.122587424254,-7556.680946113481
WS095,1,1,241,六蓝水库,水库,7169504,109.2759258,22.9405408,4620.821309572816,-7527.134412762965
WS095,1,1,242,六蓝水库,水库,7169504,109.2762905,22.9403037,4658.208934209317,-7553.391845511622
WS095,1,1,243,六蓝水库,水库,7169504,109.2748636,22.9400171,4511.928699515263,-7585.1311125965785
WS095,1,1,244,六蓝水库,水库,7169504,109.274134,22.9401159,4437.132947021853,-7574.189592750228
WS095,1,1,245,六蓝水库,水库,7169504,109.2738354,22.9402458,4406.521637132699,-7559.803930522974
WS095,1,1,246,六蓝水库,水库,7169504,109.2737478,22.9402839,4397.541226060242,-7555.584579246063
WS095,1,1,247,六蓝水库,水库,7169504,109.2728573,22.9408174,4306.250631768588,-7496.502586958355
WS095,1,1,248,六蓝水库,水库,7169504,109.2719346,22.9407384,4211.659018794372,-7505.251373070264
WS095,1,1,249,六蓝水库,水库,7169504,109.2712266,22.9405605,4139.0776142377335,-7524.952753441453
WS095,1,1,250,六蓝水库,水库,7169504,109.2698747,22.9410348,4000.4860876531416,-7472.426813531212
WS095,1,1,251,六蓝水库,水库,7169504,109.2696387,22.9408174,3976.2922861337765,-7496.502586958355
WS095,1,1,252,六蓝水库,水库,7169504,109.2698962,22.9404815,4002.690183978252,-7533.701539553362
WS095,1,1,253,六蓝水库,水库,7169504,109.2713338,22.9393551,4150.067341028302,-7658.443725332104
WS095,1,1,254,六蓝水库,水库,7169504,109.2719775,22.9387228,4216.056959834389,-7728.467237466163
WS095,1,1,255,六蓝水库,水库,7169504,109.2727715,22.9375964,4297.454749691469,-7853.209423244905
WS095,1,1,256,六蓝水库,水库,7169504,109.2729431,22.937221,4315.0465138471645,-7894.782768895866
WS095,1,1,257,六蓝水库,水库,7169504,109.273029,22.9363712,4323.852647534489,-7988.893128869998
WS095,1,1,258,六蓝水库,水库,7169504,109.2729646,22.9350275,4317.250610170819,-8137.700013662954
WS095,1,1,259,六蓝水库,水库,7169504,109.2726642,22.9342568,4286.454771287783,-8223.050513112248
WS095,1,1,260,六蓝水库,水库,7169504,109.2723638,22.9339406,4255.658932404748,-8258.067806385741
WS095,1,1,261,六蓝水库,水库,7169504,109.2690808,22.9352251,3919.0985494062656,-8115.816973970253
WS095,1,1,262,六蓝水库,水库,7169504,109.2685658,22.9358574,3866.302753718771,-8045.793461836193
WS095,1,1,263,六蓝水库,水库,7169504,109.2667794,22.9360156,3683.167978150908,-8028.273740786517
WS095,1,1,264,六蓝水库,水库,7169504,109.2666078,22.9357488,3665.5762139952126,-8057.820274137032
WS095,1,1,265,六蓝水库,水库,7169504,109.2660231,22.9358476,3605.635045569695,-8046.878754290682
WS095,1,1,266,六蓝水库,水库,7169504,109.265905,22.9361736,3593.527893199808,-8010.776168562699
WS095,1,1,267,六蓝水库,水库,7169504,109.2658245,22.9368258,3585.275346494128,-7938.548848281269
WS095,1,1,268,六蓝水库,水库,7169504,109.265551,22.9370827,3557.2371909207604,-7910.098681798171
WS095,1,1,269,六蓝水库,水库,7169504,109.2655081,22.9375865,3552.839249882201,-7854.305790112323
WS095,1,1,270,六蓝水库,水库,7169504,109.2644942,22.9375471,3448.898167846308,-7858.669108755348
WS095,1,1,271,六蓝水库,水库,7169504,109.2643654,22.9376656,3435.694093118968,-7845.545929587484
WS095,1,1,272,六蓝水库,水库,7169504,109.2651325,22.9380114,3514.3341996678378,-7807.25061012506
WS095,1,1,273,六蓝水库,水库,7169504,109.2639094,22.9386537,3388.946747810586,-7736.119656711047
WS095,1,1,274,六蓝水库,水库,7169504,109.263652,22.9388809,3362.559101576315,-7710.958590829416
WS095,1,1,275,六蓝水库,水库,7169504,109.2624718,22.9394935,3241.56959075908,-7643.11673801687
WS095,1,1,276,六蓝水库,水库,7169504,109.2619354,22.9401456,3186.579950356679,-7570.900492148368
WS095,1,1,277,六蓝水库,水库,7169504,109.2616296,22.9404321,3155.2305244905433,-7539.172299476734
WS095,1,1,278,六蓝水库,水库,7169504,109.2616779,22.9409162,3160.1820525122034,-7485.561067112005
WS095,1,1,279,六蓝水库,水库,7169504,109.2604977,22.9414695,3039.192541694968,-7424.286341089854
WS095,1,1,280,六蓝水库,水库,7169504,109.2608678,22.9417956,3077.1337533145693,-7388.172680949336
WS095,1,1,281,六蓝水库,水库,7169504,109.2605889,22.9420229,3048.5420107566442,-7363.000540654775
WS095,1,1,282,六蓝水库,水库,7169504,109.2608464,22.9422303,3074.9399086011204,-7340.032208507979
WS095,1,1,283,六蓝水库,水库,7169504,109.2602724,22.9427441,3016.095662533056,-7283.131875541783
WS095,1,1,284,六蓝水库,水库,7169504,109.2597574,22.9432085,2963.2998668441046,-7231.702302498566
WS095,1,1,285,六蓝水库,水库,7169504,109.2587811,22.9434159,2863.2133904738753,-7208.733970351376
WS095,1,1,286,六蓝水库,水库,7169504,109.2586523,22.9436827,2850.0093157465353,-7179.187437001254
WS095,1,1,287,六蓝水库,水库,7169504,109.2591244,22.9437024,2898.407170396927,-7177.005777679741
WS095,1,1,288,六蓝水库,水库,7169504,109.2597788,22.9435444,2965.49371155901,-7194.503349903559
WS095,1,1,289,六蓝水库,水库,7169504,109.2602241,22.9431196,3011.1441345099392,-7241.547455477892
WS095,1,1,290,六蓝水库,水库,7169504,109.2610771,22.942833,3098.590374746133,-7273.286722562457
WS095,1,1,291,六蓝水库,水库,7169504,109.2611736,22.9433566,3108.4831791821616,-7215.3010971417725
WS095,1,1,292,六蓝水库,水库,7169504,109.2610717,22.9437618,3098.0367877630324,-7170.427576476416
WS095,1,1,293,六蓝水库,水库,7169504,109.2605835,22.9439791,3047.988423772087,-7146.362877462202
WS095,1,1,294,六蓝水库,水库,7169504,109.2607981,22.9443545,3069.988380578003,-7104.7895318112405
WS095,1,1,295,六蓝水库,水库,7169504,109.2612273,22.9445126,3113.988294188379,-7087.280885174494
WS095,1,1,296,六蓝水库,水库,7169504,109.2612273,22.9449276,3113.988294188379,-7041.322072054649
WS095,1,1,297,六蓝水库,水库,7169504,109.2612004,22.9460045,3111.230610880168,-6922.061720611815
WS095,1,1,298,六蓝水库,水库,7169504,109.2608196,22.9465676,3072.192476903114,-6859.701702135177
WS095,1,1,299,六蓝水库,水库,7169504,109.2606908,22.9469628,3058.988402175774,-6815.935622749774
WS095,1,1,300,六蓝水库,水库,7169504,109.2604119,22.9473185,3030.3966596163923,-6776.543936420325
WS095,1,1,301,六蓝水库,水库,7169504,109.2600471,22.9475556,2992.998783369687,-6750.2865036716685
WS095,1,1,302,六蓝水库,水库,7169504,109.259575,22.9476149,2944.6009287207517,-6743.719376881272
WS095,1,1,303,六蓝水库,水库,7169504,109.2587167,22.9475161,2856.6113531102055,-6754.660896727623
WS095,1,1,304,六蓝水库,水库,7169504,109.2577082,22.9475161,2753.2238580588696,-6754.660896727623
WS095,1,1,305,六蓝水库,水库,7169504,109.2573863,22.9478125,2720.223922850724,-6721.836337188571
WS095,1,1,306,六蓝水库,水库,7169504,109.2578155,22.9479706,2764.2238364625564,-6704.327690551824
WS095,1,1,307,六蓝水库,水库,7169504,109.2588025,22.9479706,2865.407235188781,-6704.327690551824
WS095,1,1,308,六蓝水库,水库,7169504,109.2597252,22.9480891,2959.9988481629975,-6691.20451138396
WS095,1,1,309,六蓝水库,水库,7169504,109.2601329,22.9483657,3001.7946654482625,-6660.57268557935
WS095,1,1,310,六蓝水库,水库,7169504,109.2581588,22.9493537,2799.417616384151,-6551.157487115843
WS095,1,1,311,六蓝水库,水库,7169504,109.2577511,22.949413,2757.621799097429,-6544.590360325446
WS095,1,1,312,六蓝水库,水库,7169504,109.256013,22.9493537,2579.4385515526833,-6551.157487115843
WS095,1,1,313,六蓝水库,水库,7169504,109.254747,22.9491956,2449.6531586568717,-6568.66613375259
WS095,1,1,314,六蓝水库,水库,7169504,109.2538244,22.9491956,2355.0717972943166,-6568.66613375259
WS095,1,1,315,六蓝水库,水库,7169504,109.2533523,22.9493142,2306.673942645382,-6555.531880171798
WS095,1,1,316,六蓝水库,水库,7169504,109.2519361,22.9502429,2161.4906303073244,-6452.683808498686
WS095,1,1,317,六蓝水库,水库,7169504,109.2517859,22.9506776,2146.092710866535,-6404.543336057329
WS095,1,1,318,六蓝水库,水库,7169504,109.2515498,22.9510332,2121.8886577369653,-6365.162724140416
WS095,1,1,319,六蓝水库,水库,7169504,109.2506915,22.9510332,2033.899082126419,-6365.162724140416
WS095,1,1,320,六蓝水库,水库,7169504,109.2503193,22.9508633,1995.7425866794092,-6383.978151487485
WS095,1,1,321,六蓝水库,水库,7169504,109.2503268,22.9512506,1996.5114574899183,-6341.086950713273
WS095,1,1,322,六蓝水库,水库,7169504,109.2499083,22.9514087,1953.6084662369958,-6323.5783040765255
WS095,1,1,323,六蓝水库,水库,7169504,109.2499191,22.9520311,1954.7156402046533,-6254.651158809884
WS095,1,1,324,六蓝水库,水库,7169504,109.2496133,22.9521793,1923.366214337061,-6238.238879040161
WS095,1,1,325,六蓝水库,水库,7169504,109.2491305,22.9518829,1873.8714373321297,-6271.063438579214
WS095,1,1,326,六蓝水库,水库,7169504,109.2490017,22.9519718,1860.6673626033328,-6261.218285600281
WS095,1,1,327,六蓝水库,水库,7169504,109.2489856,22.9523077,1859.0168532627795,-6224.019333005273
WS095,1,1,328,六蓝水库,水库,7169504,109.2491627,22.9524954,1877.1724560132363,-6203.232660179597
WS095,1,1,329,六蓝水库,水库,7169504,109.2491895,22.9528708,1879.9198877112426,-6161.659314528635
WS095,1,1,330,六蓝水库,水库,7169504,109.2488891,22.953187,1849.1240488282074,-6126.642021255141
WS095,1,1,331,六蓝水库,水库,7169504,109.248299,22.9530881,1788.6292934195897,-6137.594615514421
WS095,1,1,332,六蓝水库,水库,7169504,109.2481381,22.9528115,1772.1344516213474,-6168.226441319031
WS095,1,1,333,六蓝水库,水库,7169504,109.247666,22.9528115,1723.7365969709556,-6168.226441319031
WS095,1,1,334,六蓝水库,水库,7169504,109.2472798,22.9525547,1684.1448760108012,-6196.6655333892
WS095,1,1,335,六蓝水库,水库,7169504,109.2471296,22.9521793,1668.746956568555,-6238.238879040161
WS095,1,1,336,六蓝水库,水库,7169504,109.246679,22.9521793,1622.5531982447305,-6238.238879040161
WS095,1,1,337,六蓝水库,水库,7169504,109.2463142,22.9523769,1585.155321998025,-6216.35583934746
WS095,1,1,338,六蓝水库,水库,7169504,109.2457563,22.9530091,1527.9615852705142,-6146.34340162633
WS095,1,1,339,六蓝水库,水库,7169504,109.2453915,22.953187,1490.5637090238088,-6126.642021255141
WS095,1,1,340,六蓝水库,水库,7169504,109.2445546,22.9534043,1404.7679781281684,-6102.577322240927
WS095,1,1,341,六蓝水库,水库,7169504,109.2443401,22.95376,1382.7782729339137,-6063.185635911479
WS095,1,1,342,六蓝水库,水库,7169504,109.2447478,22.953918,1424.5740902191785,-6045.6880636872675
WS095,1,1,343,六蓝水库,水库,7169504,109.2452627,22.953918,1477.3596342964686,-6045.6880636872675
WS095,1,1,344,六蓝水库,水库,7169504,109.2457563,22.95376,1527.9615852705142,-6063.185635911479
WS095,1,1,345,六蓝水库,水库,7169504,109.2460996,22.9534043,1563.155365192109,-6102.577322240927
WS095,1,1,346,六蓝水库,水库,7169504,109.2465287,22.9532462,1607.14502719228,-6120.0859688776745
WS095,1,1,347,六蓝水库,水库,7169504,109.2474943,22.9532858,1706.1345812050558,-6115.700501408791
WS095,1,1,348,六蓝水库,水库,7169504,109.2480737,22.9539576,1765.5324142576774,-6041.302596218778
WS095,1,1,349,六蓝水库,水库,7169504,109.2485458,22.9540761,1813.9302689066124,-6028.179417050521
WS095,1,1,350,六蓝水库,水库,7169504,109.2486531,22.9544713,1824.9302473088421,-5984.413337665117
WS095,1,1,351,六蓝水库,水库,7169504,109.2474514,22.9549652,1701.7366401664963,-5929.716812846293
WS095,1,1,352,六蓝水库,水库,7169504,109.2465717,22.9551628,1611.553219842501,-5907.833773153591
WS095,1,1,353,六蓝水库,水库,7169504,109.2456919,22.9551826,1521.359547906844,-5905.64103941915
WS095,1,1,354,六蓝水库,水库,7169504,109.2451555,22.9558346,1466.3699075044435,-5833.435867963578
WS095,1,1,355,六蓝水库,水库,7169504,109.2447478,22.9565261,1424.5740902191785,-5756.856303451659
WS095,1,1,356,六蓝水库,水库,7169504,109.2434174,22.9567237,1288.1866599596972,-5734.973263758958
WS095,1,1,357,六蓝水库,水库,7169504,109.2437178,22.9570596,1318.9824988427324,-5697.774311163951
WS095,1,1,358,六蓝水库,水库,7169504,109.2447048,22.9572374,1420.1658975689575,-5678.084005205691
WS095,1,1,359,六蓝水库,水库,7169504,109.2451769,22.9572374,1468.5637522193495,-5678.084005205691
WS095,1,1,360,六蓝水库,水库,7169504,109.2451984,22.9576326,1470.7678485444599,-5634.317925820288
WS095,1,1,361,六蓝水库,水库,7169504,109.24537,22.958008,1488.3596126986981,-5592.744580169327
WS095,1,1,362,六蓝水库,水库,7169504,109.2458421,22.9586995,1536.7574673490901,-5516.165015657408
WS095,1,1,363,六蓝水库,水库,7169504,109.2462927,22.9587193,1582.9512256729147,-5513.972281923359
WS095,1,1,364,六蓝水库,水库,7169504,109.2468077,22.9586007,1635.747021361866,-5527.106535503758
WS095,1,1,365,六蓝水库,水库,7169504,109.2472583,22.9587391,1681.9407796856906,-5511.779548188917
WS095,1,1,366,六蓝水库,水库,7169504,109.2482668,22.9597665,1785.3282747370263,-5398.001031081992
WS095,1,1,367,六蓝水库,水库,7169504,109.250434,22.9606753,2007.5011842819433,-5297.356767556252
WS095,1,1,368,六蓝水库,水库,7169504,109.2497259,22.9611297,1934.909528113643,-5247.034635792988
WS095,1,1,369,六蓝水库,水库,7169504,109.249168,22.9617422,1877.715791386132,-5179.2038573933705
WS095,1,1,370,六蓝水库,水库,7169504,109.2486047,22.9620732,1819.9684676755207,-5142.547551025608
WS095,1,1,371,六蓝水库,水库,7169504,109.2482454,22.9624337,1783.1344300235771,-5102.624292881845
WS095,1,1,372,六蓝水库,水库,7169504,109.2481863,22.9627647,1777.0757280328028,-5065.9679865136895
WS095,1,1,373,六蓝水库,水库,7169504,109.2477894,22.9631648,1736.3870847151954,-5021.659260901042
WS095,1,1,374,六蓝水库,水库,7169504,109.2473871,22.9630017,1695.1448544130308,-5039.721628177963
WS095,1,1,375,六蓝水库,水库,7169504,109.246974,22.9630364,1652.7954501432087,-5035.878806936323
WS095,1,1,376,六蓝水库,水库,7169504,109.2467701,22.9634858,1631.8924156962023,-4986.1103958132335
WS095,1,1,377,六蓝水库,水库,7169504,109.2466038,22.9636241,1614.843986913403,-4970.794482910927
WS095,1,1,378,六蓝水库,水库,7169504,109.2461693,22.9636686,1570.3007379301316,-4965.866369215193
WS095,1,1,379,六蓝水库,水库,7169504,109.2459923,22.9635006,1552.1553867898795,-4984.471382718964
WS095,1,1,380,六蓝水库,水库,7169504,109.2460996,22.9631055,1563.155365192109,-5028.2263876914385
WS095,1,1,381,六蓝水库,水库,7169504,109.2464429,22.9627351,1598.3491451151608,-5069.24601270262
WS095,1,1,382,六蓝水库,水库,7169504,109.2468667,22.9625374,1641.7954717409789,-5091.14012680825
WS095,1,1,383,六蓝水库,水库,7169504,109.2468721,22.9623794,1642.3490587255362,-5108.637699032068
WS095,1,1,384,六蓝水库,水库,7169504,109.2466843,22.9622164,1623.0965336176264,-5126.688991896059
WS095,1,1,385,六蓝水库,水库,7169504,109.2463571,22.9621522,1589.5532630365847,-5133.798764913699
WS095,1,1,386,六蓝水库,水库,7169504,109.2458475,22.9623399,1537.3110543321905,-5113.012092088023
WS095,1,1,387,六蓝水库,水库,7169504,109.2453808,22.9623893,1489.4667866678126,-5107.54133216465
WS095,1,1,388,六蓝水库,水库,7169504,109.2452842,22.9624338,1479.563730621579,-5102.613218468916
WS095,1,1,389,六蓝水库,水库,7169504,109.246062,22.9624881,1559.300759526445,-5096.5998123183
WS095,1,1,390,六蓝水库,水库,7169504,109.2460352,22.9626313,1556.553327828439,-5080.74125318875
WS095,1,1,391,六蓝水库,水库,7169504,109.2457777,22.9629672,1530.15542998542,-5043.542300593744
WS095,1,1,392,六蓝水库,水库,7169504,109.2458045,22.9634858,1532.9028616834262,-4986.1103958132335
WS095,1,1,393,六蓝水库,水库,7169504,109.2455471,22.9638069,1506.5152154491552,-4950.550456312495
WS095,1,1,394,六蓝水库,水库,7169504,109.245252,22.9638415,1476.2627119390156,-4946.718709483785
WS095,1,1,395,六蓝水库,水库,7169504,109.2454559,22.9641971,1497.1657463874787,-4907.338097567265
WS095,1,1,396,六蓝水库,水库,7169504,109.2454452,22.9646614,1496.0688240314828,-4855.919598936977
WS095,1,1,397,六蓝水库,水库,7169504,109.2455632,22.9650319,1508.1657247911653,-4814.888899513261
WS095,1,1,398,六蓝水库,水库,7169504,109.2459065,22.9651997,1543.35950471276,-4796.3060348349545
WS095,1,1,399,六蓝水库,水库,7169504,109.2464215,22.9651207,1596.1553004002549,-4805.054820946863
WS095,1,1,400,六蓝水库,水库,7169504,109.2466897,22.9652294,1623.6501206021835,-4793.016934233488
WS095,1,1,401,六蓝水库,水库,7169504,109.2468077,22.9649528,1635.747021361866,-4823.648760038099
WS095,1,1,402,六蓝水库,水库,7169504,109.2470491,22.9648194,1660.4944098643316,-4838.4220267131595
WS095,1,1,403,六蓝水库,水库,7169504,109.2471939,22.96437,1675.3387423220206,-4888.19043783625
WS095,1,1,404,六蓝水库,水库,7169504,109.247151,22.9638958,1670.940801283461,-4940.7053033335615
WS095,1,1,405,六蓝水库,水库,7169504,109.2474407,22.9635352,1700.6397178090433,-4980.639635890255
WS095,1,1,406,六蓝水库,水库,7169504,109.2480093,22.963718,1758.9303768940074,-4960.3956092918215
WS095,1,1,407,六蓝水库,水库,7169504,109.2484009,22.9635254,1799.075684837262,-4981.724928344349
WS095,1,1,408,六蓝水库,水库,7169504,109.2488408,22.9640637,1844.1725208050905,-4922.111364242326
WS095,1,1,409,六蓝水库,水库,7169504,109.248932,22.9646465,1853.521989866767,-4857.569686444175
WS095,1,1,410,六蓝水库,水库,7169504,109.2489964,22.9650614,1860.124027230437,-4811.62194773726
WS095,1,1,411,六蓝水库,水库,7169504,109.2488033,22.9658715,1840.3281667510882,-4721.908129644941
WS095,1,1,412,六蓝水库,水库,7169504,109.2483312,22.9666222,1791.9303121006963,-4638.772512755555
WS095,1,1,413,六蓝水库,水库,7169504,109.2480093,22.9669186,1758.9303768940074,-4605.947953216502
WS095,1,1,414,六蓝水库,水库,7169504,109.2476714,22.9672495,1724.2901839555127,-4569.302721261276
WS095,1,1,415,六蓝水库,水库,7169504,109.2471939,22.9668593,1675.3387423220206,-4612.515080006899
WS095,1,1,416,六蓝水库,水库,7169504,109.2467594,22.9665334,1630.7954933387493,-4648.606591321952
WS095,1,1,417,六蓝水库,水库,7169504,109.246046,22.9662913,1557.6605017975533,-4675.417744710388
WS095,1,1,418,六蓝水库,水库,7169504,109.2451072,22.965748,1461.4183794827836,-4735.585029452584
WS095,1,1,419,六蓝水库,水库,7169504,109.2444634,22.9657875,1395.4185090664919,-4731.21063639663
WS095,1,1,420,六蓝水库,水库,7169504,109.2435944,22.9660789,1306.3320110999496,-4698.939797497752
WS095,1,1,421,六蓝水库,水库,7169504,109.2429131,22.9659603,1236.4877866281988,-4712.0740510785445
WS095,1,1,422,六蓝水库,水库,7169504,109.2426449,22.9660888,1208.992966427727,-4697.843430630333
WS095,1,1,423,六蓝水库,水库,7169504,109.2419583,22.9666025,1138.6054065830804,-4640.954172077068
WS095,1,1,424,六蓝水库,水库,7169504,109.2414647,22.9673137,1088.0034556090347,-4562.192948244029
WS095,1,1,425,六蓝水库,水库,7169504,109.2408425,22.9680447,1024.2179331295151,-4481.2389906761555
WS095,1,1,426,六蓝水库,水库,7169504,109.2401558,22.9686572,953.8201216746639,-4413.4082122765385
WS095,1,1,427,六蓝水库,水库,7169504,109.2393619,22.9696845,872.4325834292445,-4299.640769582542
WS095,1,1,428,六蓝水库,水库,7169504,109.2391902,22.9700401,854.8305676618879,-4260.260157666023
WS095,1,1,429,六蓝水库,水库,7169504,109.2391688,22.971265,852.6367229484389,-4124.609675279325
WS095,1,1,430,六蓝水库,水库,7169504,109.2388898,22.9715811,824.0347287788526,-4089.603456418366
WS095,1,1,431,六蓝水库,水库,7169504,109.2381656,22.9718676,749.792563269999,-4057.8752637467314
WS095,1,1,432,六蓝水库,水库,7169504,109.237833,22.9718133,715.6957057044003,-4063.8886698969545
WS095,1,1,433,六蓝水库,水库,7169504,109.2375594,22.9714675,687.6472985193712,-4102.183989359379
WS095,1,1,434,六蓝水库,水库,7169504,109.2372644,22.9713292,657.4050466208931,-4117.499902261684
WS095,1,1,435,六蓝水库,水库,7169504,109.237023,22.9708847,632.6576581169708,-4166.72566715753
WS095,1,1,436,六蓝水库,水库,7169504,109.2365456,22.9707612,583.7164680951399,-4180.402566965567
WS095,1,1,437,六蓝水库,水库,7169504,109.2359984,22.9706723,527.6196537250819,-4190.247719944499
WS095,1,1,438,六蓝水库,水库,7169504,109.2356819,22.9703513,495.17330550149325,-4225.796585032308
WS095,1,1,439,六蓝水库,水库,7169504,109.2355424,22.9700352,480.87230841670015,-4260.802803892873
WS095,1,1,440,六蓝水库,水库,7169504,109.2350918,22.9697586,434.67855009287564,-4291.434629697877
WS095,1,1,441,六蓝水库,水库,7169504,109.234727,22.9696549,397.28067384617026,-4302.918795771472
WS095,1,1,442,六蓝水库,水库,7169504,109.2347109,22.9697734,395.63016450416006,-4289.795616603215
WS095,1,1,443,六蓝水库,水库,7169504,109.2353064,22.9702624,456.67850689733496,-4235.6417380116345
WS095,1,1,444,六蓝水库,水库,7169504,109.2351615,22.9704007,441.82392282944147,-4220.325825109329
WS095,1,1,445,六蓝水库,水库,7169504,109.2343247,22.9705291,356.03844354400564,-4206.106279074049
WS095,1,1,446,六蓝水库,水库,7169504,109.2337829,22.9702575,300.49521615704793,-4236.184384238879
WS095,1,1,447,六蓝水库,水库,7169504,109.2337561,22.9703711,297.74778445904167,-4223.603851297867
WS095,1,1,448,六蓝水库,水库,7169504,109.233858,22.9705637,308.19417587817094,-4202.274532245338
WS095,1,1,449,六蓝水库,水库,7169504,109.2337078,22.9709341,292.7962564373817,-4161.254907234157
WS095,1,1,450,六蓝水库,水库,7169504,109.2340028,22.9711218,323.03850833585983,-4140.468234408873
WS095,1,1,451,六蓝水库,水库,7169504,109.2342335,22.9718972,346.6889744823293,-4054.5972375578012
WS095,1,1,452,六蓝水库,水库,7169504,109.2344427,22.9721294,368.13534430368827,-4028.8824510363897
WS095,1,1,453,六蓝水库,水库,7169504,109.2342281,22.9725689,346.1353874977721,-3980.210406780717
WS095,1,1,454,六蓝水库,水库,7169504,109.233638,22.9728109,285.64063208915445,-3953.4103278048174
WS095,1,1,455,六蓝水库,水库,7169504,109.2330426,22.9728011,224.60254130764105,-3954.495620258912
WS095,1,1,456,六蓝水库,水库,7169504,109.2322326,22.9725936,141.56449372021152,-3977.4750268190314
WS095,1,1,457,六蓝水库,水库,7169504,109.231385,22.9725492,54.67184046711813,-3982.39206610223
WS095,1,1,458,六蓝水库,水库,7169504,109.2307198,22.9723961,-13.521874662622551,-3999.3469920988036
WS095,1,1,459,六蓝水库,水库,7169504,109.2301297,22.9721738,-74.0166300712402,-4023.965411753191
WS095,1,1,460,六蓝水库,水库,7169504,109.229899,22.9720405,-97.66709621770967,-4038.727604015716
WS095,1,1,461,六蓝水库,水库,7169504,109.2295933,22.9720898,-129.0062704736407,-4033.2679185052734
WS095,1,1,462,六蓝水库,水库,7169504,109.2284238,22.9721689,-248.8988589348799,-4024.5080579804353
WS095,1,1,463,六蓝水库,水库,7169504,109.2274153,22.9725195,-352.28635398621543,-3985.681166703696
WS095,1,1,464,六蓝水库,水库,7169504,109.2269325,22.9729443,-401.78113099260344,-3938.637061129363
WS095,1,1,465,六蓝水库,水库,7169504,109.2265838,22.973616,-437.5284978987555,-3864.250230352279
WS095,1,1,466,六蓝水库,水库,7169504,109.2268199,22.9741395,-413.3244447691857,-3806.275679344524
WS095,1,1,467,六蓝水库,水库,7169504,109.2274368,22.9746532,-350.0822576611049,-3749.386420791258
WS095,1,1,468,六蓝水库,水库,7169504,109.2274958,22.9749001,-344.03380728199204,-3722.0436955881137
WS095,1,1,469,六蓝水库,水库,7169504,109.2267233,22.9758286,-423.22750081396237,-3619.217772740468
WS095,1,1,470,六蓝水库,水库,7169504,109.2259884,22.9763176,-498.5665886802689,-3565.063894148494
WS095,1,1,471,六蓝水库,水库,7169504,109.2274851,22.9756903,-345.130729639445,-3634.533685642773
WS095,1,1,472,六蓝水库,水库,7169504,109.2278874,22.975152,-303.8884993372804,-3694.1472497447958
WS095,1,1,473,六蓝水库,水库,7169504,109.2276192,22.9743766,-331.38331953775224,-3780.0182465958683
WS095,1,1,474,六蓝水库,水库,7169504,109.2272061,22.974016,-373.7327238075744,-3819.952579152561
WS095,1,1,475,六蓝水库,水库,7169504,109.2270237,22.9735765,-392.4316619309271,-3868.624623408233
WS095,1,1,476,六蓝水库,水库,7169504,109.2270237,22.9733345,-392.4316619309271,-3895.4247023841335
WS095,1,1,477,六蓝水库,水库,7169504,109.2276353,22.9727566,-329.73281019719894,-3959.42373395504
WS095,1,1,478,六蓝水库,水库,7169504,109.2286009,22.9725047,-230.74325618442293,-3987.3201797979646
WS095,1,1,479,六蓝水库,水库,7169504,109.2299098,22.9724948,-96.5599222500521,-3988.416546665382
WS095,1,1,480,六蓝水库,水库,7169504,109.230575,22.9727319,-28.36620712031141,-3962.1591139167263
WS095,1,1,481,六蓝水库,水库,7169504,109.2312294,22.9730529,38.7203340417717,-3926.610248828917
WS095,1,1,482,六蓝水库,水库,7169504,109.2316639,22.9730678,83.2635830250429,-3924.9601613217196
WS095,1,1,483,六蓝水库,水库,7169504,109.2322648,22.9729887,144.86551240131814,-3933.7200218465578
WS095,1,1,484,六蓝水库,水库,7169504,109.2326403,22.9730875,183.36031100547646,-3922.778502000207
WS095,1,1,485,六蓝水库,水库,7169504,109.2334449,22.9735271,265.8447716083488,-3874.0953833316053
WS095,1,1,486,六蓝水库,水库,7169504,109.2339599,22.9734678,318.64056729730027,-3880.662510121608
WS095,1,1,487,六蓝水库,水库,7169504,109.2341798,22.9737691,341.18385947611216,-3847.2953043557054
WS095,1,1,488,六蓝水库,水库,7169504,109.2341638,22.9732604,339.54360174576345,-3903.630842268798
WS095,1,1,489,六蓝水库,水库,7169504,109.2345768,22.9728455,381.88275440392414,-3949.578580976107
WS095,1,1,490,六蓝水库,水库,7169504,109.2349201,22.972559,417.07653432551905,-3981.3067736477415
WS095,1,1,491,六蓝水库,水库,7169504,109.2349791,22.9720602,423.12498470608875,-4036.5459446938103
WS095,1,1,492,六蓝水库,水库,7169504,109.2346573,22.971507,390.1353011081476,-4097.809596303424
WS095,1,1,493,六蓝水库,水库,7169504,109.2347056,22.9713243,395.0868291312643,-4118.042548488928
WS095,1,1,494,六蓝水库,水库,7169504,109.2351776,22.9712305,443.47443216999477,-4128.430347695105
WS095,1,1,495,六蓝水库,水库,7169504,109.2356658,22.9710675,493.52279616093995,-4146.481640559096
WS095,1,1,496,六蓝水库,水库,7169504,109.2362183,22.97127,550.1629459038937,-4124.0559546391505
WS095,1,1,497,六蓝水库,水库,7169504,109.2375594,22.9723318,687.6472985193712,-4006.467839529373
WS095,1,1,498,六蓝水库,水库,7169504,109.2383212,22.9726282,765.7440696953455,-3973.643279990321
WS095,1,1,499,六蓝水库,水库,7169504,109.2392707,22.9724602,863.0831143675681,-3992.248293494092
WS095,1,1,500,六蓝水库,水库,7169504,109.2405152,22.9718873,990.6644109382689,-4055.693604425219
WS095,1,1,501,六蓝水库,水库,7169504,109.2410516,22.971176,1045.6540513406694,-4134.465902671187
WS095,1,1,502,六蓝水库,水库,7169504,109.2413574,22.9709834,1077.003477206805,-4155.795221723714
WS095,1,1,503,六蓝水库,水库,7169504,109.2414433,22.9704995,1085.8096108955856,-4209.384305262979
WS095,1,1,504,六蓝水库,水库,7169504,109.2421621,22.9695265,1159.4981894213388,-4317.13834180636
WS095,1,1,505,六蓝水库,水库,7169504,109.2422051,22.9688202,1163.9063820715598,-4395.3569194125475
WS095,1,1,506,六蓝水库,水库,7169504,109.2431062,22.9679509,1256.2836471090043,-4491.626789882333
WS095,1,1,507,六蓝水库,水库,7169504,109.2439485,22.9676595,1342.632964989202,-4523.897628781605
WS095,1,1,508,六蓝水库,水库,7169504,109.2446834,22.9676298,1417.9720528555085,-4527.186729383071
WS095,1,1,509,六蓝水库,水库,7169504,109.2454344,22.967778,1494.9616500623683,-4510.774449613741
WS095,2,1,1,六蓝水库,水库,7169504,109.2473012,22.9568571,1686.3387207242502,-5720.199997083896
WS095,2,1,2,六蓝水库,水库,7169504,109.2481488,22.9585563,1773.2313739773435,-5532.023574786957
WS095,2,1,3,六蓝水库,水库,7169504,109.2491144,22.9590601,1872.2209279901197,-5476.230683101108
WS095,2,1,4,六蓝水库,水库,7169504,109.2503267,22.9593861,1996.5012058797138,-5440.128097373126
WS095,2,1,5,六蓝水库,水库,7169504,109.2524725,22.9596232,2216.480270709725,-5413.87066462447
WS095,2,1,6,六蓝水库,水库,7169504,109.2529017,22.9593466,2260.4801843201003,-5444.50249042908
WS095,2,1,7,六蓝水库,水库,7169504,109.2536527,22.9583192,2337.469781528417,-5558.281007536007
WS095,2,1,8,六蓝水库,水库,7169504,109.2536527,22.9578845,2337.469781528417,-5606.421479977364
WS095,2,1,9,六蓝水库,水库,7169504,109.2534596,22.9573116,2317.6739210476117,-5669.866790908097
WS095,2,1,10,六蓝水库,水库,7169504,109.2529178,22.9571288,2262.1306936621104,-5690.11081750653
WS095,2,1,11,六蓝水库,水库,7169504,109.2521399,22.9572818,2182.383413145583,-5673.166965922493
WS095,2,1,12,六蓝水库,水库,7169504,109.2519575,22.957272,2163.6844750222303,-5674.2522583769805
WS095,2,1,13,六蓝水库,水库,7169504,109.251979,22.9556321,2165.888571347341,-5855.861553883524
WS095,2,1,14,六蓝水库,水库,7169504,109.2502677,22.955726,1990.452755499144,-5845.462680264417
WS095,2,1,15,六蓝水库,水库,7169504,109.249447,22.9557111,1906.3177855557183,-5847.112767771615
WS095,2,1,16,六蓝水库,水库,7169504,109.2490983,22.9562199,1870.5704186495661,-5790.7661554452
WS095,2,1,17,六蓝水库,水库,7169504,109.2482883,22.9565212,1787.5323710621367,-5757.398949678903
WS095,2,1,18,六蓝水库,水库,7169504,109.2473012,22.9568571,1686.3387207242502,-5720.199997083896
WS095,3,1,1,六蓝水库,水库,7169504,109.2499835,22.9532906,1961.3176775683235,-6115.168929594476
WS095,3,1,2,六蓝水库,水库,7169504,109.2503589,22.9533303,1999.8022245608204,-6110.772387712663
WS095,3,1,3,六蓝水库,水库,7169504,109.2508847,22.9530734,2053.7051942174294,-6139.2225541957605
WS095,3,1,4,六蓝水库,水库,7169504,109.2510563,22.952767,2071.2969583731247,-6173.154555014767
WS095,3,1,5,六蓝水库,水库,7169504,109.2507559,22.9525596,2040.5011194900892,-6196.122887161956
WS095,3,1,6,六蓝水库,水库,7169504,109.250375,22.9527819,2001.4527339028305,-6171.504467507569
WS095,3,1,7,六蓝水库,水库,7169504,109.2500371,22.952935,1966.812540964336,-6154.549541510995
WS095,3,1,8,六蓝水库,水库,7169504,109.2498761,22.9530832,1950.3074475544324,-6138.1372617416655
WS095,3,1,9,六蓝水库,水库,7169504,109.2499835,22.9532906,1961.3176775683235,-6115.168929594476
WS095,4,1,1,六蓝水库,水库,7169504,109.2560989,22.9547232,2588.2446852414637,-5956.516891822193
WS095,4,1,2,六蓝水库,水库,7169504,109.2559701,22.9551776,2575.0406105141233,-5906.194760059323
WS095,4,1,3,六蓝水库,水库,7169504,109.256292,22.955474,2608.040545722269,-5873.370200520271
WS095,4,1,4,六蓝水库,水库,7169504,109.2566568,22.9552369,2645.4384219689746,-5899.627633268927
WS095,4,1,5,六蓝水库,水库,7169504,109.2567426,22.954822,2654.2343040460937,-5945.575371975842
WS095,4,1,6,六蓝水库,水库,7169504,109.2560989,22.9547232,2588.2446852414637,-5956.516891822193
WS095,5,1,1,六蓝水库,水库,7169504,109.2605299,22.9513148,3042.4935603760746,-6333.977177696025
WS095,5,1,2,六蓝水库,水库,7169504,109.261018,22.9512012,3092.531672756815,-6346.5577106366445
WS095,5,1,3,六蓝水库,水库,7169504,109.2617905,22.9507962,3171.7253662887856,-6391.409082476536
WS095,5,1,4,六蓝水库,水库,7169504,109.2619139,22.9506331,3184.3758540315685,-6409.471449753063
WS095,5,1,5,六蓝水库,水库,7169504,109.2618012,22.9503417,3172.8222886447816,-6441.742288652335
WS095,5,1,6,六蓝水库,水库,7169504,109.2615491,22.9501589,3146.977977784863,-6461.986315250375
WS095,5,1,7,六蓝水库,水库,7169504,109.2611092,22.9503565,3101.881141818492,-6440.103275557673
WS095,5,1,8,六蓝水库,水库,7169504,109.2608249,22.9508061,3072.7358122760097,-6390.312715609119
WS095,5,1,9,六蓝水库,水库,7169504,109.2605835,22.9509789,3047.988423772087,-6371.176130291032
WS095,5,1,10,六蓝水库,水库,7169504,109.2605299,22.9513148,3042.4935603760746,-6333.977177696025
WS095,6,1,1,六蓝水库,水库,7169504,109.2655832,22.9493686,3560.538209601867,-6549.507399608645
WS095,6,1,2,六蓝水库,水库,7169504,109.2657655,22.9494476,3579.226896115015,-6540.758613496736
WS095,6,1,3,六蓝水库,水库,7169504,109.2659909,22.9491611,3602.3340268885886,-6572.486806168371
WS095,6,1,4,六蓝水库,水库,7169504,109.2662269,22.9484497,3626.527828407954,-6651.270178827268
WS095,6,1,5,六蓝水库,水库,7169504,109.2658192,22.9483015,3584.732011121232,-6667.682458596991
WS095,6,1,6,六蓝水库,水库,7169504,109.2654544,22.9490326,3547.3341348745266,-6586.717426616581
WS095,6,1,7,六蓝水库,水库,7169504,109.2655832,22.9493686,3560.538209601867,-6549.507399608645
