transport_flight_id,time_s,mode,hover_site_id,direct_margin_db,access_margin_db,communication_ok
Q3-T-001,360,direct,,55.9251752525,,True
Q3-T-001,362,direct,,59.0232144522,,True
Q3-T-001,364,direct,,63.8839754259,,True
Q3-T-001,366,direct,,75.9251752525,,True
Q3-T-001,368,direct,,69.9045753392,,True
Q3-T-001,370,direct,,61.9457751658,,True
Q3-T-001,372,direct,,57.8633755126,,True
Q3-T-001,374,direct,,55.0973215493,,True
Q3-T-001,376,direct,,53.0026145389,,True
Q3-T-001,378,direct,,51.3161968249,,True
Q3-T-001,380,direct,,49.9045753392,,True
Q3-T-001,382,direct,,48.6906185321,,True
Q3-T-001,384,direct,,47.6257082931,,True
Q3-T-001,386,direct,,46.6772152945,,True
Q3-T-001,388,direct,,45.8221756861,,True
Q3-T-001,390,direct,,45.0438143655,,True
Q3-T-001,392,direct,,44.3295033202,,True
Q3-T-001,394,direct,,43.6694981181,,True
Q3-T-001,396,direct,,43.0561217228,,True
Q3-T-001,398,direct,,42.4832180938,,True
Q3-T-001,400,direct,,41.9457751658,,True
Q3-T-001,402,direct,,41.4396578605,,True
Q3-T-001,404,direct,,40.9614147124,,True
Q3-T-001,406,direct,,40.5081350196,,True
Q3-T-001,408,direct,,40.0773414625,,True
Q3-T-001,410,direct,,39.6669081196,,True
Q3-T-001,412,direct,,39.2749969984,,True
Q3-T-001,414,direct,,38.9000082781,,True
Q3-T-001,416,direct,,38.5405408579,,True
Q3-T-001,418,direct,,38.195360749,,True
Q3-T-001,420,direct,,37.8633755126,,True
Q3-T-001,422,direct,,37.543613405,,True
Q3-T-001,424,direct,,37.2352062276,,True
Q3-T-001,426,direct,,36.9373751196,,True
Q3-T-001,428,direct,,36.6494187056,,True
Q3-T-001,430,direct,,36.3707031467,,True
Q3-T-001,432,direct,,36.1006537386,,True
Q3-T-001,434,direct,,35.8387477768,,True
Q3-T-001,436,direct,,35.5845084665,,True
Q3-T-001,438,direct,,35.3374996988,,True
Q3-T-001,440,direct,,35.0973215493,,True
Q3-T-001,442,direct,,34.8636063828,,True
Q3-T-001,444,direct,,34.6360154679,,True
Q3-T-001,446,direct,,34.4142360246,,True
Q3-T-001,448,direct,,34.197978639,,True
Q3-T-001,450,direct,,33.9869749923,,True
Q3-T-001,452,direct,,33.7809758595,,True
Q3-T-001,454,direct,,33.5797493394,,True
Q3-T-001,456,direct,,33.3830792852,,True
Q3-T-001,458,direct,,33.1907639094,,True
Q3-T-001,460,direct,,33.0026145389,,True
Q3-T-001,462,direct,,32.8184545032,,True
Q3-T-001,464,direct,,32.6381181368,,True
Q3-T-001,466,direct,,32.4614498842,,True
Q3-T-001,468,direct,,32.2883034936,,True
Q3-T-001,470,direct,,32.1185412891,,True
Q3-T-001,472,direct,,31.9520335134,,True
Q3-T-001,474,direct,,31.7886577319,,True
Q3-T-001,476,direct,,31.6282982915,,True
Q3-T-001,478,direct,,31.4708458295,,True
Q3-T-001,480,direct,,31.3161968249,,True
Q3-T-001,482,direct,,31.1642531899,,True
Q3-T-001,484,direct,,31.0149218962,,True
Q3-T-001,486,direct,,30.8681146329,,True
Q3-T-001,488,direct,,30.7237474928,,True
Q3-T-001,488.091058333,direct,,30.7173070509,,True
Q3-T-001,490,direct,,30.7001586922,,True
Q3-T-001,492,direct,,30.645889264,,True
Q3-T-001,494,direct,,30.5557691424,,True
Q3-T-001,496,direct,,30.4320900109,,True
Q3-T-001,498,direct,,30.2775511955,,True
Q3-T-001,500,direct,,30.0956178974,,True
Q3-T-001,502,direct,,29.8896205117,,True
Q3-T-001,504,direct,,29.6633909135,,True
Q3-T-001,506,direct,,29.4201779672,,True
Q3-T-001,508,direct,,29.1635576937,,True
Q3-T-001,510,direct,,28.8962558521,,True
Q3-T-001,512,direct,,28.6212712827,,True
Q3-T-001,514,direct,,28.3406484897,,True
Q3-T-001,516,direct,,28.0567340762,,True
Q3-T-001,518,direct,,27.7709201602,,True
Q3-T-001,520,direct,,27.484964557,,True
Q3-T-001,522,direct,,27.1997204712,,True
Q3-T-001,524,direct,,26.9164718811,,True
Q3-T-001,526,direct,,26.6356641553,,True
Q3-T-001,528,direct,,26.358224693,,True
Q3-T-001,530,direct,,26.0843076837,,True
Q3-T-001,532,direct,,25.8144871602,,True
Q3-T-001,534,direct,,25.5490059916,,True
Q3-T-001,536,direct,,25.2879726238,,True
Q3-T-001,538,direct,,25.0315853023,,True
Q3-T-001,540,direct,,24.7798402196,,True
Q3-T-001,542,direct,,24.5328398267,,True
Q3-T-001,544,direct,,24.2905081096,,True
Q3-T-001,546,direct,,24.0528849379,,True
Q3-T-001,548,direct,,23.8198005546,,True
Q3-T-001,550,direct,,23.5914022979,,True
Q3-T-001,552,direct,,23.3673490494,,True
Q3-T-001,554,direct,,23.1478071535,,True
Q3-T-001,556,direct,,22.9324294974,,True
Q3-T-001,558,direct,,22.7213610122,,True
Q3-T-001,560,direct,,22.5142564739,,True
Q3-T-001,562,direct,,22.31124659,,True
Q3-T-001,564,direct,,22.11199298,,True
Q3-T-001,566,direct,,21.9166169601,,True
Q3-T-001,568,direct,,21.7247899776,,True
Q3-T-001,570,direct,,21.5366271833,,True
Q3-T-001,572,direct,,21.3518115201,,True
Q3-T-001,574,direct,,21.1703897058,,True
Q3-T-001,576,direct,,20.9922501804,,True
Q3-T-001,578,direct,,20.8172460842,,True
Q3-T-001,580,direct,,20.6453359844,,True
Q3-T-001,582,direct,,20.4763802062,,True
Q3-T-001,584,direct,,20.3103410325,,True
Q3-T-001,586,direct,,20.1470860157,,True
Q3-T-001,588,direct,,19.9865812903,,True
Q3-T-001,590,direct,,19.828701484,,True
Q3-T-001,592,direct,,19.6734165536,,True
Q3-T-001,594,direct,,19.5206079323,,True
Q3-T-001,596,direct,,19.3702492676,,True
Q3-T-001,598,direct,,19.2222284607,,True
Q3-T-001,600,direct,,19.0765226577,,True
Q3-T-001,602,direct,,18.9330258576,,True
Q3-T-001,604,direct,,18.7917184804,,True
Q3-T-001,606,direct,,18.6525002413,,True
Q3-T-001,608,direct,,18.5153545959,,True
Q3-T-001,610,direct,,18.3801865976,,True
Q3-T-001,612,direct,,18.2469824974,,True
Q3-T-001,614,direct,,18.1156523208,,True
Q3-T-001,616,direct,,17.9861848803,,True
Q3-T-001,618,direct,,17.8584948254,,True
Q3-T-001,620,direct,,17.7325284999,,True
Q3-T-001,622,direct,,17.6083392696,,True
Q3-T-001,624,direct,,17.4857423772,,True
Q3-T-001,626,direct,,17.3648364106,,True
Q3-T-001,628,direct,,17.2454432528,,True
Q3-T-001,630,direct,,17.1276606055,,True
Q3-T-001,632,direct,,17.011316582,,True
Q3-T-001,634,direct,,16.8965079566,,True
Q3-T-001,636,direct,,16.7830686929,,True
Q3-T-001,638,direct,,16.6710946014,,True
Q3-T-001,640,direct,,16.5604251444,,True
Q3-T-001,642,direct,,16.4511320233,,True
Q3-T-001,644,direct,,16.3431292196,,True
Q3-T-001,646,direct,,16.2364186134,,True
Q3-T-001,648,direct,,16.1309405437,,True
Q3-T-001,650,direct,,16.0266980017,,True
Q3-T-001,652,direct,,15.9236338187,,True
Q3-T-001,654,direct,,15.8217519879,,True
Q3-T-001,656,direct,,15.7209976663,,True
Q3-T-001,658,direct,,15.6213757503,,True
Q3-T-001,660,direct,,15.5228335693,,True
Q3-T-001,662,direct,,15.4253768334,,True
Q3-T-001,664,direct,,15.3289549039,,True
Q3-T-001,666,direct,,15.2335402313,,True
Q3-T-001,668,direct,,15.1391860542,,True
Q3-T-001,670,direct,,15.0457642133,,True
Q3-T-001,672,direct,,14.9533616029,,True
Q3-T-001,674,direct,,14.861853453,,True
Q3-T-001,676,direct,,14.7713255897,,True
Q3-T-001,678,direct,,14.6816564619,,True
Q3-T-001,680,direct,,14.5929308331,,True
Q3-T-001,682,direct,,14.505030212,,True
Q3-T-001,684,direct,,14.4180383077,,True
Q3-T-001,686,direct,,14.3318395404,,True
Q3-T-001,688,direct,,14.2465165739,,True
Q3-T-001,690,direct,,14.1619566021,,True
Q3-T-001,692,direct,,14.0782412542,,True
Q3-T-001,694,direct,,13.9952603688,,True
Q3-T-001,696,direct,,13.9130945521,,True
Q3-T-001,698,direct,,13.8316361669,,True
Q3-T-001,700,direct,,13.7509648095,,True
Q3-T-001,702,direct,,13.6709752538,,True
Q3-T-001,704,direct,,13.5917460994,,True
Q3-T-001,706,direct,,13.5131744263,,True
Q3-T-001,708,direct,,13.4353378512,,True
Q3-T-001,710,direct,,13.3581356609,,True
Q3-T-001,712,direct,,13.2816172113,,True
Q3-T-001,714,direct,,13.2057657816,,True
Q3-T-001,716,direct,,13.1305483581,,True
Q3-T-001,718,direct,,13.0559761528,,True
Q3-T-001,720,direct,,12.9820170476,,True
Q3-T-001,722,direct,,12.9086823955,,True
Q3-T-001,724,direct,,12.8359409299,,True
Q3-T-001,726,direct,,12.7638041255,,True
Q3-T-001,728,direct,,12.6922415258,,True
Q3-T-001,730,direct,,12.62126471,,True
Q3-T-001,732,direct,,12.5508439928,,True
Q3-T-001,734,direct,,12.4809910422,,True
Q3-T-001,736,direct,,12.4116622195,,True
Q3-T-001,738,direct,,12.3429133328,,True
Q3-T-001,740,direct,,12.2746576056,,True
Q3-T-001,742,direct,,12.2069649158,,True
Q3-T-001,744,direct,,12.1397500561,,True
Q3-T-001,746,direct,,12.073082068,,True
Q3-T-001,748,direct,,12.0068772563,,True
Q3-T-001,750,direct,,11.9412038412,,True
Q3-T-001,752,direct,,11.8759795866,,True
Q3-T-001,754,direct,,11.8112488031,,True
Q3-T-001,756,direct,,11.7469999725,,True
Q3-T-001,758,direct,,11.6832076381,,True
Q3-T-001,760,direct,,11.6198837437,,True
Q3-T-001,762,direct,,11.5570033817,,True
Q3-T-001,764,direct,,11.494578503,,True
Q3-T-001,766,direct,,11.4325847268,,True
Q3-T-001,768,direct,,11.3710340038,,True
Q3-T-001,770,direct,,11.3099024587,,True
Q3-T-001,772,direct,,11.2492020357,,True
Q3-T-001,774,direct,,11.1889093446,,True
Q3-T-001,776,direct,,11.1290363172,,True
Q3-T-001,778,direct,,11.0695600297,,True
Q3-T-001,780,direct,,11.010492396,,True
Q3-T-001,782,direct,,10.9518109405,,True
Q3-T-001,784,direct,,10.8935275542,,True
Q3-T-001,786,direct,,10.8356201933,,True
Q3-T-001,788,direct,,10.7781007214,,True
Q3-T-001,790,direct,,10.7209475099,,True
Q3-T-001,792,direct,,10.6641723912,,True
Q3-T-001,794,direct,,10.6077541367,,True
Q3-T-001,796,direct,,10.5517045439,,True
Q3-T-001,798,direct,,10.49600277,,True
Q3-T-001,800,direct,,10.4406408085,,True
Q3-T-001,802,direct,,10.3856574852,,True
Q3-T-001,804,direct,,10.3309857016,,True
Q3-T-001,806,direct,,10.2766836707,,True
Q3-T-001,808,direct,,0.222685226681,,True
Q3-T-001,810,direct,,10.1690479646,,True
Q3-T-001,812,direct,,10.1157066252,,True
Q3-T-001,814,direct,,10.0627181967,,True
Q3-T-001,816,direct,,10.0100183015,,True
Q3-T-001,818,relay,H161,-0.0423366674554,11.6754470729,True
Q3-T-001,820,direct,,9.90558976951,,True
Q3-T-001,822,direct,,9.85385342097,,True
Q3-T-001,824,relay,H161,-0.197608398812,11.81099215,True
Q3-T-001,826,relay,H161,-0.248740454972,11.8532009125,True
Q3-T-001,828,relay,H161,-0.299604620881,11.8938973195,True
Q3-T-001,830,relay,H161,-0.350156950366,11.9330040766,True
Q3-T-001,832,relay,H161,-0.400426349061,11.9703964001,True
Q3-T-001,834,relay,H161,-0.450401478177,12.0061605071,True
Q3-T-001,836,relay,H161,-0.500100113461,12.0401177025,True
Q3-T-001,838,relay,H161,-0.549510973228,12.0723601349,True
Q3-T-001,840,relay,H161,-0.598651562436,12.1027087044,True
Q3-T-001,842,relay,H161,-0.647510657532,12.1312620074,True
Q3-T-001,844,relay,H161,-0.696105500918,12.1578413638,True
Q3-T-001,846,relay,H161,-0.744442192212,12.18253267,True
Q3-T-001,848,relay,H161,-0.792485926696,12.2052173749,True
Q3-T-001,850,relay,H161,-0.840294468095,12.2259281243,True
Q3-T-001,852,relay,H161,-0.887816064786,12.2445732105,True
Q3-T-001,854,relay,H161,-0.935107792467,12.2611861079,True
Q3-T-001,856,relay,H161,-0.982118400011,12.2756847825,True
Q3-T-001,858,relay,H161,-1.02890429163,12.2881038412,True
Q3-T-001,860,relay,H161,-1.07541470788,12.2983715577,True
Q3-T-001,862,relay,H161,-1.12170539745,12.3065239054,True
Q3-T-001,864,relay,H161,-1.16772608392,12.3124999756,True
Q3-T-001,865.984172917,relay,H161,-1.21315652908,12.3163193394,True
Q3-T-001,866,relay,H161,-1.2131504143,12.3162923546,True
Q3-T-001,868,relay,H161,-1.21239128765,12.3128731556,True
Q3-T-001,870,relay,H161,-1.21164252403,12.3093626487,True
Q3-T-001,872,relay,H161,-1.21090412881,12.3057610572,True
Q3-T-001,874,relay,H161,-1.21017610732,12.30206861,True
Q3-T-001,876,relay,H161,-1.20945846478,12.2982855411,True
Q3-T-001,878,relay,H161,-1.20875120637,12.2944120899,True
Q3-T-001,880,relay,H161,-1.20805433718,12.290448501,True
Q3-T-001,882,relay,H161,-1.20736786222,12.2863950242,True
Q3-T-001,884,relay,H161,-1.20669178645,12.2822519143,True
Q3-T-001,886,relay,H161,-1.20602611474,12.2780194312,True
Q3-T-001,888,relay,H161,-1.2053708519,12.2736978399,True
Q3-T-001,890,relay,H161,-1.20472600263,12.2692874103,True
Q3-T-001,892,relay,H161,-1.20409157162,12.264788417,True
Q3-T-001,894,relay,H161,-1.20346756342,12.2602011399,True
Q3-T-001,896,relay,H161,-1.20285398255,12.2555258632,True
Q3-T-001,898,relay,H161,-1.20225083345,12.2507628762,True
Q3-T-001,900,relay,H161,-1.20165812046,12.2459124726,True
Q3-T-001,902,relay,H161,-1.20107584788,12.2409749509,True
Q3-T-001,904,relay,H161,-1.20050401992,12.2359506141,True
Q3-T-001,906,relay,H161,-1.19994264071,12.2308397697,True
Q3-T-001,908,relay,H161,-1.19939171431,12.2256427295,True
Q3-T-001,910,relay,H161,-1.19885124471,12.2203598101,True
Q3-T-001,912,relay,H161,-1.19832123583,12.2149913318,True
Q3-T-001,914,relay,H161,-1.19780169151,12.2095376198,True
Q3-T-001,916,relay,H161,-1.1972926155,12.2039990029,True
Q3-T-001,918,relay,H161,-1.19679401149,12.1983758145,True
Q3-T-001,920,relay,H161,-1.19630588311,12.1926683918,True
Q3-T-001,922,relay,H161,-1.19582823389,12.186877076,True
Q3-T-001,924,relay,H161,-1.19536106728,12.1810022125,True
Q3-T-001,926,relay,H161,-1.1949043867,12.1750441502,True
Q3-T-001,928,relay,H161,-1.19445819543,12.1690032422,True
Q3-T-001,930,relay,H161,-1.19402249673,12.1628798449,True
Q3-T-001,931.373442917,relay,H161,-1.19372967689,12.1586316776,True
Q3-T-001,932,relay,H161,-1.19372967689,12.1586316776,True
Q3-T-001,934,relay,H161,-1.19372967689,12.1586316776,True
Q3-T-001,936,relay,H161,-1.19372967689,12.1586316776,True
Q3-T-001,938,relay,H161,-1.19372967689,12.1586316776,True
Q3-T-001,940,relay,H161,-1.19372967689,12.1586316776,True
Q3-T-001,942,relay,H161,-1.19372967689,12.1586316776,True
Q3-T-001,944,relay,H161,-1.19372967689,12.1586316776,True
Q3-T-001,946,relay,H161,-1.19372967689,12.1586316776,True
Q3-T-001,948,relay,H161,-1.19372967689,12.1586316776,True
Q3-T-001,950,relay,H161,-1.19372967689,12.1586316776,True
Q3-T-001,952,relay,H161,-1.19372967689,12.1586316776,True
Q3-T-001,954,relay,H161,-1.19372967689,12.1586316776,True
Q3-T-001,956,relay,H161,-1.19372967689,12.1586316776,True
Q3-T-001,958,relay,H161,-1.19372967689,12.1586316776,True
Q3-T-001,960,relay,H161,-1.19372967689,12.1586316776,True
Q3-T-001,962,relay,H161,-1.19372967689,12.1586316776,True
Q3-T-001,964,relay,H161,-1.19372967689,12.1586316776,True
Q3-T-001,966,relay,H161,-1.19372967689,12.1586316776,True
Q3-T-001,968,relay,H161,-1.19372967689,12.1586316776,True
Q3-T-001,970,relay,H161,-1.19372967689,12.1586316776,True
Q3-T-001,972,relay,H161,-1.19372967689,12.1586316776,True
Q3-T-001,974,relay,H161,-1.19372967689,12.1586316776,True
Q3-T-001,976,relay,H161,-1.19372967689,12.1586316776,True
Q3-T-001,978,relay,H161,-1.19372967689,12.1586316776,True
Q3-T-001,980,relay,H161,-1.19372967689,12.1586316776,True
Q3-T-001,982,relay,H161,-1.19372967689,12.1586316776,True
Q3-T-001,984,relay,H161,-1.19372967689,12.1586316776,True
Q3-T-001,986,relay,H161,-1.19372967689,12.1586316776,True
Q3-T-001,988,relay,H161,-1.19372967689,12.1586316776,True
Q3-T-001,990,relay,H161,-1.19372967689,12.1586316776,True
Q3-T-001,992,relay,H161,-1.19372967689,12.1586316776,True
Q3-T-001,994,relay,H161,-1.19372967689,12.1586316776,True
Q3-T-001,996,relay,H161,-1.19372967689,12.1586316776,True
Q3-T-001,998,relay,H161,-1.19372967689,12.1586316776,True
Q3-T-001,1000,relay,H161,-1.19372967689,12.1586316776,True
Q3-T-001,1002,relay,H161,-1.19372967689,12.1586316776,True
Q3-T-001,1004,relay,H161,-1.19372967689,12.1586316776,True
Q3-T-001,1006,relay,H161,-1.19372967689,12.1586316776,True
Q3-T-001,1008,relay,H161,-1.19372967689,12.1586316776,True
Q3-T-001,1010,relay,H161,-1.19372967689,12.1586316776,True
Q3-T-001,1012,relay,H161,-1.19372967689,12.1586316776,True
Q3-T-001,1014,relay,H161,-1.19372967689,12.1586316776,True
Q3-T-001,1016,relay,H161,-1.19372967689,12.1586316776,True
Q3-T-001,1018,relay,H161,-1.19372967689,12.1586316776,True
Q3-T-001,1020,relay,H161,-1.19372967689,12.1586316776,True
Q3-T-001,1022,relay,H161,-1.19372967689,12.1586316776,True
Q3-T-001,1024,relay,H161,-1.19372967689,12.1586316776,True
Q3-T-001,1026,relay,H161,-1.19372967689,12.1586316776,True
Q3-T-001,1028,relay,H161,-1.19372967689,12.1586316776,True
Q3-T-001,1030,relay,H161,-1.19372967689,12.1586316776,True
Q3-T-001,1032,relay,H161,-1.19372967689,12.1586316776,True
Q3-T-001,1034,relay,H161,-1.19372967689,12.1586316776,True
Q3-T-001,1036,relay,H161,-1.19372967689,12.1586316776,True
Q3-T-001,1038,relay,H161,-1.19372967689,12.1586316776,True
Q3-T-001,1040,relay,H161,-1.19372967689,12.1586316776,True
Q3-T-001,1042,relay,H161,-1.19372967689,12.1586316776,True
Q3-T-001,1044,relay,H161,-1.19372967689,12.1586316776,True
Q3-T-001,1046,relay,H161,-1.19372967689,12.1586316776,True
Q3-T-001,1048,relay,H161,-1.19372967689,12.1586316776,True
Q3-T-001,1050,relay,H161,-1.19372967689,12.1586316776,True
Q3-T-001,1052,relay,H161,-1.19372967689,12.1586316776,True
Q3-T-001,1054,relay,H161,-1.19372967689,12.1586316776,True
Q3-T-001,1056,relay,H161,-1.19372967689,12.1586316776,True
Q3-T-001,1058,relay,H161,-1.19372967689,12.1586316776,True
Q3-T-001,1060,relay,H161,-1.19372967689,12.1586316776,True
Q3-T-001,1062,relay,H161,-1.19372967689,12.1586316776,True
Q3-T-001,1064,relay,H161,-1.19372967689,12.1586316776,True
Q3-T-001,1066,relay,H161,-1.19372967689,12.1586316776,True
Q3-T-001,1068,relay,H161,-1.19372967689,12.1586316776,True
Q3-T-001,1070,relay,H161,-1.19372967689,12.1586316776,True
Q3-T-001,1072,relay,H161,-1.19372967689,12.1586316776,True
Q3-T-001,1074,relay,H161,-1.19372967689,12.1586316776,True
Q3-T-001,1076,relay,H161,-1.19372967689,12.1586316776,True
Q3-T-001,1078,relay,H161,-1.19372967689,12.1586316776,True
Q3-T-001,1080,relay,H161,-1.19372967689,12.1586316776,True
Q3-T-001,1082,relay,H161,-1.19372967689,12.1586316776,True
Q3-T-001,1084,relay,H161,-1.19372967689,12.1586316776,True
Q3-T-001,1086,relay,H161,-1.19372967689,12.1586316776,True
Q3-T-001,1088,relay,H161,-1.19372967689,12.1586316776,True
Q3-T-001,1090,relay,H161,-1.19372967689,12.1586316776,True
Q3-T-001,1092,relay,H161,-1.19372967689,12.1586316776,True
Q3-T-001,1094,relay,H161,-1.19372967689,12.1586316776,True
Q3-T-001,1096,relay,H161,-1.19372967689,12.1586316776,True
Q3-T-001,1098,relay,H161,-1.19372967689,12.1586316776,True
Q3-T-001,1100,relay,H161,-1.19372967689,12.1586316776,True
Q3-T-001,1102,relay,H161,-1.19372967689,12.1586316776,True
Q3-T-001,1104,relay,H161,-1.19372967689,12.1586316776,True
Q3-T-001,1106,relay,H161,-1.19372967689,12.1586316776,True
Q3-T-001,1108,relay,H161,-1.19372967689,12.1586316776,True
Q3-T-001,1110,relay,H161,-1.19372967689,12.1586316776,True
Q3-T-001,1112,relay,H161,-1.19372967689,12.1586316776,True
Q3-T-001,1114,relay,H161,-1.19372967689,12.1586316776,True
Q3-T-001,1116,relay,H161,-1.19372967689,12.1586316776,True
Q3-T-001,1118,relay,H161,-1.19372967689,12.1586316776,True
Q3-T-001,1120,relay,H161,-1.19372967689,12.1586316776,True
Q3-T-001,1122,relay,H161,-1.19372967689,12.1586316776,True
Q3-T-001,1124,relay,H161,-1.19372967689,12.1586316776,True
Q3-T-001,1126,relay,H161,-1.19372967689,12.1586316776,True
Q3-T-001,1128,relay,H161,-1.19372967689,12.1586316776,True
Q3-T-001,1130,relay,H161,-1.19372967689,12.1586316776,True
Q3-T-001,1132,relay,H161,-1.19372967689,12.1586316776,True
Q3-T-001,1134,relay,H161,-1.19372967689,12.1586316776,True
Q3-T-001,1136,relay,H161,-1.19372967689,12.1586316776,True
Q3-T-001,1138,relay,H161,-1.19372967689,12.1586316776,True
Q3-T-001,1140,relay,H161,-1.19372967689,12.1586316776,True
Q3-T-001,1141.37344292,relay,H161,-1.19372967689,12.1586316776,True
Q3-T-001,1142,relay,H161,-1.19388956115,12.1609648986,True
Q3-T-001,1144,relay,H161,-1.19440975491,12.1683336998,True
Q3-T-001,1146,relay,H161,-1.19494505846,12.1755837736,True
Q3-T-001,1148,relay,H161,-1.19549546621,12.1827145037,True
Q3-T-001,1150,relay,H161,-1.19606097241,12.1897252815,True
Q3-T-001,1152,relay,H161,-1.19664157116,12.1966155064,True
Q3-T-001,1154,relay,H161,-1.19723725639,12.2033845859,True
Q3-T-001,1156,relay,H161,-1.19784802187,12.2100319356,True
Q3-T-001,1158,relay,H161,-1.19847386125,12.2165569798,True
Q3-T-001,1160,relay,H161,-1.19911476799,12.2229591512,True
Q3-T-001,1162,relay,H161,-1.19977073541,12.2292378912,True
Q3-T-001,1164,relay,H161,-1.20044175666,12.2353926501,True
Q3-T-001,1166,relay,H161,-1.20112782477,12.2414228875,True
Q3-T-001,1168,relay,H161,-1.20182893258,12.2473280717,True
Q3-T-001,1170,relay,H161,-1.20254507278,12.2531076809,True
Q3-T-001,1172,relay,H161,-1.20327623794,12.2587612023,True
Q3-T-001,1174,relay,H161,-1.20402242044,12.2642881329,True
Q3-T-001,1176,relay,H161,-1.20478361251,12.2696879797,True
Q3-T-001,1178,relay,H161,-1.20555980625,12.2749602593,True
Q3-T-001,1180,relay,H161,-1.20635099359,12.2801044985,True
Q3-T-001,1182,relay,H161,-1.20715716631,12.2851202343,True
Q3-T-001,1184,relay,H161,-1.20797831604,12.290007014,True
Q3-T-001,1186,relay,H161,-1.20881443426,12.2947643953,True
Q3-T-001,1188,relay,H161,-1.2096655123,12.2993919466,True
Q3-T-001,1190,relay,H161,-1.21053154132,12.3038892469,True
Q3-T-001,1192,relay,H161,-1.21141251236,12.3082558862,True
Q3-T-001,1194,relay,H161,-1.21230841628,12.3124914654,True
Q3-T-001,1195.86450125,relay,H161,-1.21315652908,12.3163193394,True
Q3-T-001,1196,relay,H161,-1.21007490374,12.3161062584,True
Q3-T-001,1198,relay,H161,-1.16425094833,12.3121051412,True
Q3-T-001,1200,relay,H161,-1.11821191832,12.3059659014,True
Q3-T-001,1202,relay,H161,-1.07190268122,12.2976511074,True
Q3-T-001,1204,relay,H161,-1.02537353156,12.2872220846,True
Q3-T-001,1206,relay,H161,-0.978568696125,12.2746429145,True
Q3-T-001,1208,relay,H161,-0.931522053998,12.2600087139,True
Q3-T-001,1210,relay,H161,-0.884227872304,12.2432159522,True
Q3-T-001,1212,relay,H161,-0.83666964142,12.2244372937,True
Q3-T-001,1214,relay,H161,-0.788858407952,12.2035524673,True
Q3-T-001,1216,relay,H161,-0.740777422067,12.1807369377,True
Q3-T-001,1218,relay,H161,-0.692437790812,12.1558781173,True
Q3-T-001,1220,relay,H161,-0.643822516928,12.1291534995,True
Q3-T-001,1222,relay,H161,-0.594942767233,12.1004578311,True
Q3-T-001,1224,relay,H161,-0.545781289494,12.0699698227,True
Q3-T-001,1226,relay,H161,-0.496349309521,12.0375911309,True
Q3-T-001,1228,relay,H161,-0.446629312224,12.0035008547,True
Q3-T-001,1230,relay,H161,-0.396632581507,11.9676070793,True
Q3-T-001,1232,relay,H161,-0.346341331169,11.9300884681,True
Q3-T-001,1234,relay,H161,-0.295766902182,11.890859018,True
Q3-T-001,1236,relay,H161,-0.2448912286,11.8500961557,True
Q3-T-001,1238,relay,H161,-0.193725707293,11.8077192552,True
Q3-T-001,1240,direct,,9.85774801647,,True
Q3-T-001,1242,direct,,9.90951849125,,True
Q3-T-001,1244,direct,,9.96160437003,,True
Q3-T-001,1246,direct,,10.0139941483,,True
Q3-T-001,1248,direct,,10.0667067872,,True
Q3-T-001,1250,direct,,10.1197307309,,True
Q3-T-001,1252,direct,,10.173085259,,True
Q3-T-001,1254,direct,,10.2267780555,,True
Q3-T-001,1256,direct,,10.2807708619,,True
Q3-T-001,1258,direct,,10.3351294222,,True
Q3-T-001,1260,direct,,10.3897958101,,True
Q3-T-001,1262,direct,,10.44483669,,True
Q3-T-001,1264,direct,,10.5001935113,,True
Q3-T-001,1266,direct,,10.5559338855,,True
Q3-T-001,1268,direct,,10.6119986257,,True
Q3-T-001,1270,direct,,10.6684563186,,True
Q3-T-001,1272,direct,,10.7252471287,,True
Q3-T-001,1274,direct,,10.782440647,,True
Q3-T-001,1276,direct,,10.8399763773,,True
Q3-T-001,1278,direct,,10.8979249453,,True
Q3-T-001,1280,direct,,10.9562251812,,True
Q3-T-001,1282,direct,,11.0149487775,,True
Q3-T-001,1284,direct,,11.0740338779,,True
Q3-T-001,1286,direct,,11.1335532751,,True
Q3-T-001,1288,direct,,11.1934572028,,True
Q3-T-001,1290,direct,,11.2537812196,,True
Q3-T-001,1292,direct,,11.314513393,,True
Q3-T-001,1294,direct,,11.3756771311,,True
Q3-T-001,1296,direct,,11.4372604894,,True
Q3-T-001,1298,direct,,11.4992873621,,True
Q3-T-001,1300,direct,,11.5617682554,,True
Q3-T-001,1302,direct,,11.624660198,,True
Q3-T-001,1304,direct,,11.6880413929,,True
Q3-T-001,1306,direct,,11.7518459646,,True
Q3-T-001,1308,direct,,11.8161534322,,True
Q3-T-001,1310,direct,,11.880897143,,True
Q3-T-001,1312,direct,,11.9461579777,,True
Q3-T-001,1314,direct,,12.0118684919,,True
Q3-T-001,1316,direct,,12.0781109762,,True
Q3-T-001,1318,direct,,12.1448171796,,True
Q3-T-001,1320,direct,,12.2120708533,,True
Q3-T-001,1322,direct,,12.2798029246,,True
Q3-T-001,1324,direct,,12.3480986592,,True
Q3-T-001,1326,direct,,12.416888147,,True
Q3-T-001,1328,direct,,12.4862582252,,True
Q3-T-001,1330,direct,,12.5561381309,,True
Q3-T-001,1332,direct,,12.6266163323,,True
Q3-T-001,1334,direct,,12.6976211983,,True
Q3-T-001,1336,direct,,12.7692428916,,True
Q3-T-001,1338,direct,,12.8414088973,,True
Q3-T-001,1340,direct,,12.9142111394,,True
Q3-T-001,1342,direct,,12.9876026039,,True
Q3-T-001,1344,direct,,13.0615978463,,True
Q3-T-001,1346,direct,,13.1362285859,,True
Q3-T-001,1348,direct,,13.2114835431,,True
Q3-T-001,1350,direct,,13.287395312,,True
Q3-T-001,1352,direct,,13.3639527649,,True
Q3-T-001,1354,direct,,13.4411894167,,True
Q3-T-001,1356,direct,,13.5190943137,,True
Q3-T-001,1358,direct,,13.5977019412,,True
Q3-T-001,1360,direct,,13.6770015435,,True
Q3-T-001,1362,direct,,13.7570286291,,True
Q3-T-001,1364,direct,,13.8377726673,,True
Q3-T-001,1366,direct,,13.9192702468,,True
Q3-T-001,1368,direct,,14.0015110912,,True
Q3-T-001,1370,direct,,14.0845329304,,True
Q3-T-001,1372,direct,,14.168325775,,True
Q3-T-001,1374,direct,,14.2529285621,,True
Q3-T-001,1376,direct,,14.3383316246,,True
Q3-T-001,1378,direct,,14.4245751785,,True
Q3-T-001,1380,direct,,14.5116499179,,True
Q3-T-001,1382,direct,,14.5996162179,,True
Q3-T-001,1384,direct,,14.6884087671,,True
Q3-T-001,1386,direct,,14.7781461698,,True
Q3-T-001,1388,direct,,14.8687762541,,True
Q3-T-001,1390,direct,,14.960322795,,True
Q3-T-001,1392,direct,,15.0528311323,,True
Q3-T-001,1394,direct,,15.1462935957,,True
Q3-T-001,1396,direct,,15.2407572028,,True
Q3-T-001,1398,direct,,15.336214877,,True
Q3-T-001,1400,direct,,15.4327154242,,True
Q3-T-001,1402,direct,,15.5302524285,,True
Q3-T-001,1404,direct,,15.628876603,,True
Q3-T-001,1406,direct,,15.728582267,,True
Q3-T-001,1408,direct,,15.8294221708,,True
Q3-T-001,1410,direct,,15.9313914501,,True
Q3-T-001,1412,direct,,16.0345450334,,True
Q3-T-001,1414,direct,,16.1388789633,,True
Q3-T-001,1416,direct,,16.2444504999,,True
Q3-T-001,1418,direct,,16.3512566917,,True
Q3-T-001,1420,direct,,16.4593572978,,True
Q3-T-001,1422,direct,,16.5687504821,,True
Q3-T-001,1424,direct,,16.6794986841,,True
Q3-T-001,1426,direct,,16.7916013039,,True
Q3-T-001,1428,direct,,16.9051236591,,True
Q3-T-001,1430,direct,,17.0200665187,,True
Q3-T-001,1432,direct,,17.1364982936,,True
Q3-T-001,1434,direct,,17.2544637911,,True
Q3-T-001,1436,direct,,17.3739071767,,True
Q3-T-001,1438,direct,,17.4950036392,,True
Q3-T-001,1440,direct,,17.6176549945,,True
Q3-T-001,1442,direct,,17.7420428786,,True
Q3-T-001,1444,direct,,17.868068246,,True
Q3-T-001,1446,direct,,17.9959196063,,True
Q3-T-001,1448,direct,,18.1254971023,,True
Q3-T-001,1450,direct,,18.2569965762,,True
Q3-T-001,1452,direct,,18.3903174125,,True
Q3-T-001,1454,direct,,18.5256632776,,True
Q3-T-001,1456,direct,,18.6629328526,,True
Q3-T-001,1458,direct,,18.8023381522,,True
Q3-T-001,1460,direct,,18.943777207,,True
Q3-T-001,1462,direct,,19.0874709348,,True
Q3-T-001,1464,direct,,19.2333167607,,True
Q3-T-001,1466,direct,,19.3815450862,,True
Q3-T-001,1468,direct,,19.5320527596,,True
Q3-T-001,1470,direct,,19.6850802643,,True
Q3-T-001,1472,direct,,19.8405238708,,True
Q3-T-001,1474,direct,,19.9986347474,,True
Q3-T-001,1476,direct,,20.1593430182,,True
Q3-T-001,1478,direct,,20.3228076732,,True
Q3-T-001,1480,direct,,20.4891228037,,True
Q3-T-001,1482,direct,,20.6582408885,,True
Q3-T-001,1484,direct,,20.8304422494,,True
Q3-T-001,1486,direct,,21.005620096,,True
Q3-T-001,1488,direct,,21.1840671448,,True
Q3-T-001,1490,direct,,21.3656748338,,True
Q3-T-001,1492,direct,,21.5507483994,,True
Q3-T-001,1494,direct,,21.7391765992,,True
Q3-T-001,1496,direct,,21.931276944,,True
Q3-T-001,1498,direct,,22.1269340942,,True
Q3-T-001,1500,direct,,22.3264770115,,True
Q3-T-001,1502,direct,,22.5297840913,,True
Q3-T-001,1504,direct,,22.7371940374,,True
Q3-T-001,1506,direct,,22.9485757043,,True
Q3-T-001,1508,direct,,23.1642744926,,True
Q3-T-001,1510,direct,,23.38414481,,True
Q3-T-001,1512,direct,,23.6085337077,,True
Q3-T-001,1514,direct,,23.8372738486,,True
Q3-T-001,1516,direct,,24.0707059175,,True
Q3-T-001,1518,direct,,24.3086300371,,True
Q3-T-001,1520,direct,,24.5513681305,,True
Q3-T-001,1522,direct,,24.7987613674,,True
Q3-T-001,1524,direct,,25.0508257292,,True
Q3-T-001,1526,direct,,25.3076025155,,True
Q3-T-001,1528,direct,,25.5689426954,,True
Q3-T-001,1530,direct,,25.8347956407,,True
Q3-T-001,1532,direct,,26.1048929886,,True
Q3-T-001,1534,direct,,26.3790436218,,True
Q3-T-001,1536,direct,,26.6568026054,,True
Q3-T-001,1538,direct,,26.9377703135,,True
Q3-T-001,1540,direct,,27.2212467443,,True
Q3-T-001,1542,direct,,27.5065323301,,True
Q3-T-001,1544,direct,,27.7925698975,,True
Q3-T-001,1546,direct,,28.0782451741,,True
Q3-T-001,1548,direct,,28.3620227567,,True
Q3-T-001,1550,direct,,28.6422466298,,True
Q3-T-001,1552,direct,,28.916784033,,True
Q3-T-001,1554,direct,,29.1833314316,,True
Q3-T-001,1556,direct,,29.4390916543,,True
Q3-T-001,1558,direct,,29.6810979387,,True
Q3-T-001,1560,direct,,29.9059618991,,True
Q3-T-001,1562,direct,,30.1102312099,,True
Q3-T-001,1564,direct,,30.2902475381,,True
Q3-T-001,1566,direct,,30.4425378782,,True
Q3-T-001,1568,direct,,30.5638325933,,True
Q3-T-001,1570,direct,,30.6512717678,,True
Q3-T-001,1572,direct,,30.7027769724,,True
Q3-T-001,1573.75761583,direct,,30.7173070509,,True
Q3-T-001,1574,direct,,30.7316256347,,True
Q3-T-001,1576,direct,,30.85187411,,True
Q3-T-001,1578,direct,,30.9738107174,,True
Q3-T-001,1580,direct,,31.0974835308,,True
Q3-T-001,1582,direct,,31.2229427077,,True
Q3-T-001,1584,direct,,31.3502406106,,True
Q3-T-001,1586,direct,,31.4794319389,,True
Q3-T-001,1588,direct,,31.6105738696,,True
Q3-T-001,1590,direct,,31.7437262094,,True
Q3-T-001,1592,direct,,31.8789515585,,True
Q3-T-001,1594,direct,,32.0163154872,,True
Q3-T-001,1596,direct,,32.1558867269,,True
Q3-T-001,1598,direct,,32.2977373767,,True
Q3-T-001,1600,direct,,32.4419431267,,True
Q3-T-001,1602,direct,,32.5885835012,,True
Q3-T-001,1604,direct,,32.7377421214,,True
Q3-T-001,1606,direct,,32.8895069922,,True
Q3-T-001,1608,direct,,33.0439708138,,True
Q3-T-001,1610,direct,,33.201231322,,True
Q3-T-001,1612,direct,,33.3613916593,,True
Q3-T-001,1614,direct,,33.5245607819,,True
Q3-T-001,1616,direct,,33.6908539042,,True
Q3-T-001,1618,direct,,33.8603929877,,True
Q3-T-001,1620,direct,,34.0333072787,,True
Q3-T-001,1622,direct,,34.2097338998,,True
Q3-T-001,1624,direct,,34.3898185035,,True
Q3-T-001,1626,direct,,34.5737159946,,True
Q3-T-001,1628,direct,,34.7615913305,,True
Q3-T-001,1630,direct,,34.9536204108,,True
Q3-T-001,1632,direct,,35.1499910668,,True
Q3-T-001,1634,direct,,35.3509041655,,True
Q3-T-001,1636,direct,,35.5565748448,,True
Q3-T-001,1638,direct,,35.7672338979,,True
Q3-T-001,1640,direct,,35.9831293302,,True
Q3-T-001,1642,direct,,36.2045281147,,True
Q3-T-001,1644,direct,,36.4317181768,,True
Q3-T-001,1646,direct,,36.6650106459,,True
Q3-T-001,1648,direct,,36.9047424176,,True
Q3-T-001,1650,direct,,37.15127908,,True
Q3-T-001,1652,direct,,37.4050182672,,True
Q3-T-001,1654,direct,,37.6663935175,,True
Q3-T-001,1656,direct,,37.935878731,,True
Q3-T-001,1658,direct,,38.2139933403,,True
Q3-T-001,1660,direct,,38.5013083372,,True
Q3-T-001,1662,direct,,38.7984533305,,True
Q3-T-001,1664,direct,,39.1061248547,,True
Q3-T-001,1666,direct,,39.4250962047,,True
Q3-T-001,1668,direct,,39.7562291466,,True
Q3-T-001,1670,direct,,40.10048795,,True
Q3-T-001,1672,direct,,40.4589563185,,True
Q3-T-001,1674,direct,,40.8328579659,,True
Q3-T-001,1676,direct,,41.2235818246,,True
Q3-T-001,1678,direct,,41.6327131951,,True
Q3-T-001,1680,direct,,42.0620726017,,True
Q3-T-001,1682,direct,,42.5137647612,,True
Q3-T-001,1684,direct,,42.9902409965,,True
Q3-T-001,1686,direct,,43.4943797861,,True
Q3-T-001,1688,direct,,44.0295921624,,True
Q3-T-001,1690,direct,,44.5999617687,,True
Q3-T-001,1692,direct,,45.2104342179,,True
Q3-T-001,1694,direct,,45.8670781685,,True
Q3-T-001,1696,direct,,46.5774534014,,True
Q3-T-001,1698,direct,,47.35114326,,True
Q3-T-001,1700,direct,,48.2005482409,,True
Q3-T-001,1702,direct,,49.1421113273,,True
Q3-T-001,1704,direct,,50.1982917243,,True
Q3-T-001,1706,direct,,51.400912838,,True
Q3-T-001,1708,direct,,52.7972213068,,True
Q3-T-001,1710,direct,,54.4618100072,,True
Q3-T-001,1712,direct,,56.5228888068,,True
Q3-T-001,1714,direct,,59.2304048744,,True
Q3-T-001,1716,direct,,63.1853932162,,True
Q3-T-001,1718,direct,,70.6524538807,,True
Q3-T-001,1720,direct,,79.4687423464,,True
Q3-T-001,1722,direct,,65.9177009654,,True
Q3-T-001,1724,direct,,60.8611769685,,True
Q3-T-001,1726,direct,,57.686051471,,True
Q3-T-001,1727.46688583,direct,,55.9251752525,,True
Q3-T-002,365.409454083,direct,,55.9251752525,,True
Q3-T-002,367.409454083,direct,,59.0232144522,,True
Q3-T-002,369.409454083,direct,,63.8839754259,,True
Q3-T-002,371.409454083,direct,,75.9251752525,,True
Q3-T-002,373.409454083,direct,,69.9045753392,,True
Q3-T-002,375.409454083,direct,,61.9457751658,,True
Q3-T-002,377.409454083,direct,,57.8633755126,,True
Q3-T-002,379.409454083,direct,,55.0973215493,,True
Q3-T-002,381.409454083,direct,,53.0026145389,,True
Q3-T-002,383.409454083,direct,,51.3161968249,,True
Q3-T-002,385.409454083,direct,,49.9045753392,,True
Q3-T-002,387.409454083,direct,,48.6906185321,,True
Q3-T-002,389.409454083,direct,,47.6257082931,,True
Q3-T-002,391.409454083,direct,,46.6772152945,,True
Q3-T-002,393.409454083,direct,,45.8221756861,,True
Q3-T-002,395.409454083,direct,,45.0438143655,,True
Q3-T-002,397.409454083,direct,,44.3295033202,,True
Q3-T-002,399.409454083,direct,,43.6694981181,,True
Q3-T-002,401.409454083,direct,,43.0561217228,,True
Q3-T-002,403.409454083,direct,,42.4832180938,,True
Q3-T-002,405.409454083,direct,,41.9457751658,,True
Q3-T-002,407.409454083,direct,,41.4396578605,,True
Q3-T-002,409.409454083,direct,,40.9614147124,,True
Q3-T-002,411.409454083,direct,,40.5081350196,,True
Q3-T-002,413.409454083,direct,,40.0773414625,,True
Q3-T-002,415.409454083,direct,,39.6669081196,,True
Q3-T-002,417.409454083,direct,,39.2749969984,,True
Q3-T-002,419.409454083,direct,,38.9000082781,,True
Q3-T-002,421.409454083,direct,,38.5405408579,,True
Q3-T-002,423.409454083,direct,,38.195360749,,True
Q3-T-002,425.409454083,direct,,37.8633755126,,True
Q3-T-002,427.409454083,direct,,37.543613405,,True
Q3-T-002,429.409454083,direct,,37.2352062276,,True
Q3-T-002,431.409454083,direct,,36.9373751196,,True
Q3-T-002,433.409454083,direct,,36.6494187056,,True
Q3-T-002,435.409454083,direct,,36.3707031467,,True
Q3-T-002,437.409454083,direct,,36.1006537386,,True
Q3-T-002,439.409454083,direct,,35.8387477768,,True
Q3-T-002,441.409454083,direct,,35.5845084665,,True
Q3-T-002,443.409454083,direct,,35.3374996988,,True
Q3-T-002,445.409454083,direct,,35.0973215493,,True
Q3-T-002,447.409454083,direct,,34.8636063828,,True
Q3-T-002,449.409454083,direct,,34.6360154679,,True
Q3-T-002,451.409454083,direct,,34.4142360246,,True
Q3-T-002,453.409454083,direct,,34.197978639,,True
Q3-T-002,455.409454083,direct,,33.9869749923,,True
Q3-T-002,457.409454083,direct,,33.7809758595,,True
Q3-T-002,459.409454083,direct,,33.5797493394,,True
Q3-T-002,461.409454083,direct,,33.3830792852,,True
Q3-T-002,463.409454083,direct,,33.1907639094,,True
Q3-T-002,465.409454083,direct,,33.0026145389,,True
Q3-T-002,467.409454083,direct,,32.8184545032,,True
Q3-T-002,469.409454083,direct,,32.6381181368,,True
Q3-T-002,471.409454083,direct,,32.4614498842,,True
Q3-T-002,473.409454083,direct,,32.2883034936,,True
Q3-T-002,475.409454083,direct,,32.1185412891,,True
Q3-T-002,477.409454083,direct,,31.9520335134,,True
Q3-T-002,479.409454083,direct,,31.7886577319,,True
Q3-T-002,481.409454083,direct,,31.6282982915,,True
Q3-T-002,483.409454083,direct,,31.4708458295,,True
Q3-T-002,485.409454083,direct,,31.3161968249,,True
Q3-T-002,487.409454083,direct,,31.1642531899,,True
Q3-T-002,489.409454083,direct,,31.0149218962,,True
Q3-T-002,491.409454083,direct,,30.8681146329,,True
Q3-T-002,493.409454083,direct,,30.7237474928,,True
Q3-T-002,495.409454083,direct,,30.5817406844,,True
Q3-T-002,497.409454083,direct,,30.4420182672,,True
Q3-T-002,499.409454083,direct,,30.3045079075,,True
Q3-T-002,501.409454083,direct,,30.1691406539,,True
Q3-T-002,503.409454083,direct,,30.0358507293,,True
Q3-T-002,505.409454083,direct,,29.9045753392,,True
Q3-T-002,507.409454083,direct,,29.7752544942,,True
Q3-T-002,509.409454083,direct,,29.6478308451,,True
Q3-T-002,511.409454083,direct,,29.5222495303,,True
Q3-T-002,513.409454083,direct,,29.3984580339,,True
Q3-T-002,515.409454083,direct,,29.2764060542,,True
Q3-T-002,517.409454083,direct,,29.1560453804,,True
Q3-T-002,519.409454083,direct,,29.0373297788,,True
Q3-T-002,520.158583316,direct,,28.9932264362,,True
Q3-T-002,521.409454083,direct,,28.9882687967,,True
Q3-T-002,523.409454083,direct,,28.9598696038,,True
Q3-T-002,525.409454083,direct,,28.9067169379,,True
Q3-T-002,527.409454083,direct,,28.8297516492,,True
Q3-T-002,529.409454083,direct,,28.7301649007,,True
Q3-T-002,531.409454083,direct,,28.6095905195,,True
Q3-T-002,533.409454083,direct,,28.4696885481,,True
Q3-T-002,535.409454083,direct,,28.3124867955,,True
Q3-T-002,537.409454083,direct,,28.1398333141,,True
Q3-T-002,539.409454083,direct,,27.9538536877,,True
Q3-T-002,541.409454083,direct,,27.7563267442,,True
Q3-T-002,543.409454083,direct,,27.5491756227,,True
Q3-T-002,545.409454083,direct,,27.3342003163,,True
Q3-T-002,547.409454083,direct,,27.1128073368,,True
Q3-T-002,549.409454083,direct,,26.8866090449,,True
Q3-T-002,551.409454083,direct,,26.6566935811,,True
Q3-T-002,553.409454083,direct,,26.424384614,,True
Q3-T-002,555.409454083,direct,,26.1904600421,,True
Q3-T-002,557.409454083,direct,,25.9559718454,,True
Q3-T-002,559.409454083,direct,,25.7214550586,,True
Q3-T-002,561.409454083,direct,,25.4877246914,,True
Q3-T-002,563.409454083,direct,,25.2551089576,,True
Q3-T-002,565.409454083,direct,,25.0242435956,,True
Q3-T-002,567.409454083,direct,,24.7952840183,,True
Q3-T-002,569.409454083,direct,,24.5686276665,,True
Q3-T-002,571.409454083,direct,,24.3446046199,,True
Q3-T-002,573.409454083,direct,,24.1232168942,,True
Q3-T-002,575.409454083,direct,,23.9047947264,,True
Q3-T-002,577.409454083,direct,,23.6892729356,,True
Q3-T-002,579.409454083,direct,,23.4768985645,,True
Q3-T-002,581.409454083,direct,,23.2675554181,,True
Q3-T-002,583.409454083,direct,,23.0614501825,,True
Q3-T-002,585.409454083,direct,,22.8584260075,,True
Q3-T-002,587.409454083,direct,,22.6586510949,,True
Q3-T-002,589.409454083,direct,,22.4619516876,,True
Q3-T-002,591.409454083,direct,,22.2684568337,,True
Q3-T-002,593.409454083,direct,,22.0779793128,,True
Q3-T-002,595.409454083,direct,,21.8905614967,,True
Q3-T-002,597.409454083,direct,,21.7062351887,,True
Q3-T-002,599.409454083,direct,,21.5247985624,,True
Q3-T-002,601.409454083,direct,,21.3463555505,,True
Q3-T-002,603.409454083,direct,,21.1706932969,,True
Q3-T-002,605.409454083,direct,,20.9979066432,,True
Q3-T-002,607.409454083,direct,,20.8277943695,,True
Q3-T-002,609.409454083,direct,,20.6604396183,,True
Q3-T-002,611.409454083,direct,,20.4956445485,,True
Q3-T-002,613.409454083,direct,,20.3334920094,,True
Q3-T-002,615.409454083,direct,,20.1737795914,,True
Q3-T-002,617.409454083,direct,,20.016586719,,True
Q3-T-002,619.409454083,direct,,19.8617253689,,True
Q3-T-002,621.409454083,direct,,19.7092049083,,True
Q3-T-002,623.409454083,direct,,19.5590317506,,True
Q3-T-002,625.409454083,direct,,19.4110306251,,True
Q3-T-002,627.409454083,direct,,19.2652628757,,True
Q3-T-002,629.409454083,direct,,19.1215592244,,True
Q3-T-002,631.409454083,direct,,18.9799881134,,True
Q3-T-002,633.409454083,direct,,18.8403819933,,True
Q3-T-002,635.409454083,direct,,18.7028122076,,True
Q3-T-002,637.409454083,direct,,18.5671092928,,True
Q3-T-002,639.409454083,direct,,18.4333438991,,True
Q3-T-002,641.409454083,direct,,18.3013599513,,True
Q3-T-002,643.409454083,direct,,18.1712235845,,True
Q3-T-002,645.409454083,direct,,18.0427841848,,True
Q3-T-002,647.409454083,direct,,17.9160585591,,True
Q3-T-002,649.409454083,direct,,17.791051188,,True
Q3-T-002,651.409454083,direct,,17.6676228193,,True
Q3-T-002,653.409454083,direct,,17.5458383206,,True
Q3-T-002,655.409454083,direct,,17.4255597524,,True
Q3-T-002,657.409454083,direct,,17.3068515236,,True
Q3-T-002,659.409454083,direct,,17.1895836312,,True
Q3-T-002,661.409454083,direct,,17.073813443,,True
Q3-T-002,663.409454083,direct,,16.9594154303,,True
Q3-T-002,665.409454083,direct,,16.8464530914,,True
Q3-T-002,667.409454083,direct,,16.7348017931,,True
Q3-T-002,669.409454083,direct,,16.6245245679,,True
Q3-T-002,671.409454083,direct,,16.5155038225,,True
Q3-T-002,673.409454083,direct,,16.4077514622,,True
Q3-T-002,675.409454083,direct,,16.3012872967,,True
Q3-T-002,677.409454083,direct,,16.1959963003,,True
Q3-T-002,679.409454083,direct,,16.0919402868,,True
Q3-T-002,681.409454083,direct,,15.9890077324,,True
Q3-T-002,683.409454083,direct,,15.8872627835,,True
Q3-T-002,685.409454083,direct,,15.7865915205,,True
Q3-T-002,687.409454083,direct,,15.6870575978,,True
Q3-T-002,689.409454083,direct,,15.588555967,,True
Q3-T-002,691.409454083,direct,,15.4911468717,,True
Q3-T-002,693.409454083,direct,,15.3947282574,,True
Q3-T-002,695.409454083,direct,,15.2993624878,,True
Q3-T-002,697.409454083,direct,,15.2049449931,,True
Q3-T-002,699.409454083,direct,,15.11153761,,True
Q3-T-002,701.409454083,direct,,15.0190438318,,True
Q3-T-002,703.409454083,direct,,14.9274843749,,True
Q3-T-002,705.409454083,direct,,14.8368788955,,True
Q3-T-002,707.409454083,direct,,14.7471372058,,True
Q3-T-002,709.409454083,direct,,14.6583119899,,True
Q3-T-002,711.409454083,direct,,14.5703154734,,True
Q3-T-002,713.409454083,direct,,14.4832048071,,True
Q3-T-002,715.409454083,direct,,14.3968919588,,True
Q3-T-002,717.409454083,direct,,14.3114358918,,True
Q3-T-002,719.409454083,direct,,14.2267459413,,True
Q3-T-002,721.409454083,direct,,14.1428805144,,True
Q3-T-002,723.409454083,direct,,14.0597558197,,True
Q3-T-002,725.409454083,direct,,13.9774272719,,True
Q3-T-002,727.409454083,direct,,13.895813057,,True
Q3-T-002,729.409454083,direct,,13.8149368079,,True
Q3-T-002,731.409454083,direct,,13.7348144519,,True
Q3-T-002,733.409454083,direct,,13.6553692608,,True
Q3-T-002,735.409454083,direct,,13.5766552058,,True
Q3-T-002,737.409454083,direct,,13.4985950447,,True
Q3-T-002,739.409454083,direct,,13.4212421756,,True
Q3-T-002,741.409454083,direct,,13.3445231948,,True
Q3-T-002,743.409454083,direct,,13.2684866209,,True
Q3-T-002,745.409454083,direct,,13.1930606906,,True
Q3-T-002,747.409454083,direct,,13.1182976669,,True
Q3-T-002,749.409454083,direct,,13.0441251772,,True
Q3-T-002,751.409454083,direct,,12.9705949236,,True
Q3-T-002,753.409454083,direct,,12.8976380669,,True
Q3-T-002,755.409454083,direct,,12.8252716984,,True
Q3-T-002,757.409454083,direct,,12.7535182975,,True
Q3-T-002,759.409454083,direct,,12.6823091119,,True
Q3-T-002,761.409454083,direct,,12.6116944646,,True
Q3-T-002,763.409454083,direct,,12.5416069532,,True
Q3-T-002,765.409454083,direct,,12.472098305,,True
Q3-T-002,767.409454083,direct,,12.4030985094,,True
Q3-T-002,769.409454083,direct,,12.3346587738,,True
Q3-T-002,771.409454083,direct,,12.2667142435,,True
Q3-T-002,773.409454083,direct,,12.1993136364,,True
Q3-T-002,775.409454083,direct,,12.1323933012,,True
Q3-T-002,777.409454083,direct,,12.0660032925,,True
Q3-T-002,779.409454083,direct,,12.0000773872,,True
Q3-T-002,781.409454083,direct,,11.93463804,,True
Q3-T-002,783.409454083,direct,,11.8697051738,,True
Q3-T-002,785.409454083,direct,,11.8052179589,,True
Q3-T-002,787.409454083,direct,,1.74122331667,,True
Q3-T-002,789.409454083,direct,,11.6776632562,,True
Q3-T-002,791.409454083,direct,,1.61458063096,,True
Q3-T-002,793.409454083,direct,,1.55191848587,,True
Q3-T-002,795.409454083,direct,,1.48972275482,,True
Q3-T-002,797.409454083,direct,,1.4279356796,,True
Q3-T-002,799.409454083,direct,,1.36660271094,,True
Q3-T-002,801.409454083,direct,,1.30566875207,,True
Q3-T-002,803.409454083,direct,,1.24517535462,,True
Q3-T-002,805.409454083,direct,,1.18506835785,,True
Q3-T-002,807.409454083,direct,,1.1253675377,,True
Q3-T-002,809.409454083,direct,,1.06609210085,,True
Q3-T-002,811.409454083,direct,,1.00718914897,,True
Q3-T-002,813.409454083,direct,,0.948699189448,,True
Q3-T-002,815.409454083,direct,,0.890570187127,,True
Q3-T-002,817.409454083,direct,,0.832845507655,,True
Q3-T-002,819.409454083,direct,,0.775472281368,,True
Q3-T-002,821.409454083,direct,,0.718493430115,,True
Q3-T-002,823.409454083,direct,,0.661858470352,,True
Q3-T-002,825.409454083,direct,,0.605606705425,,True
Q3-T-002,827.409454083,direct,,0.549688438087,,True
Q3-T-002,829.409454083,direct,,0.49414572354,,True
Q3-T-002,831.409454083,direct,,0.438928021495,,True
Q3-T-002,833.409454083,direct,,0.384054227447,,True
Q3-T-002,835.409454083,direct,,0.329544269188,,True
Q3-T-002,837.409454083,direct,,0.275345631192,,True
Q3-T-002,839.409454083,direct,,0.221500860377,,True
Q3-T-002,841.409454083,relay,H170,0.167961204277,6.28422753771,True
Q3-T-002,843.409454083,relay,H170,0.114767266978,6.31463361484,True
Q3-T-002,845.409454083,relay,H170,0.0618709756409,6.34472002094,True
Q3-T-002,847.409454083,relay,H170,0.00931400724428,6.37447497772,True
Q3-T-002,849.409454083,relay,H170,-0.0429540042993,6.40386802251,True
Q3-T-002,851.409454083,relay,H170,-0.0948917664126,6.43288763195,True
Q3-T-002,853.409454083,relay,H170,-0.146546048937,6.46155290242,True
Q3-T-002,855.409454083,relay,H170,-0.197877427546,6.48982780929,True
Q3-T-002,857.409454083,relay,H170,-0.248932047171,6.51773082456,True
Q3-T-002,859.409454083,relay,H170,-0.299690479235,6.5452659398,True
Q3-T-002,861.409454083,relay,H170,-0.350138001493,6.57235905933,True
Q3-T-002,863.409454083,relay,H170,-0.400318422762,6.5990538175,True
Q3-T-002,865.409454083,relay,H170,-0.450193258732,6.62531566051,True
Q3-T-002,867.409454083,relay,H170,-0.499807163983,6.6511614834,True
Q3-T-002,869.409454083,relay,H170,-0.549122019601,6.67655742087,True
Q3-T-002,871.409454083,relay,H170,-0.598180536906,6.70154708733,True
Q3-T-002,873.409454083,relay,H170,-0.646947712572,6.72604283245,True
Q3-T-002,875.409454083,relay,H170,-0.695465695828,6.75008746538,True
Q3-T-002,877.409454083,relay,H170,-0.743697080931,6.77364867815,True
Q3-T-002,879.409454083,relay,H170,-0.791684858677,6.79674147172,True
Q3-T-002,881.409454083,relay,H170,-0.839391971316,6.81933440972,True
Q3-T-002,883.409454083,relay,H170,-0.886859552983,6.84147021974,True
Q3-T-002,885.409454083,relay,H170,-0.934073126078,6.86307269719,True
Q3-T-002,887.409454083,relay,H170,-0.981014590643,6.88415126378,True
Q3-T-002,889.409454083,relay,H170,-1.02772564454,6.90471936862,True
Q3-T-002,891.409454083,relay,H170,-1.07417007578,6.92474803124,True
Q3-T-002,893.409454083,relay,H170,-1.12038779215,6.94427921111,True
Q3-T-002,895.409454083,relay,H170,-1.16634550701,6.96322692822,True
Q3-T-002,897.409454083,relay,H170,-1.21208263798,6.98163239346,True
Q3-T-002,899.409454083,relay,H170,-1.25756362555,6.99946887711,True
Q3-T-002,901.409454083,relay,H170,-1.30282871711,7.01674802763,True
Q3-T-002,903.409454083,relay,H170,-1.34784267165,7.03344433474,True
Q3-T-002,905.409454083,relay,H170,-1.39264402041,7.04959880843,True
Q3-T-002,907.409454083,relay,H170,-1.43720035273,7.06512745865,True
Q3-T-002,909.409454083,relay,H170,-1.48154974322,7.0800705955,True
Q3-T-002,911.409454083,relay,H170,-1.5256575728,7.09440532848,True
Q3-T-002,913.409454083,relay,H170,-1.56956273783,7.10814159365,True
Q3-T-002,915.409454083,relay,H170,-1.61324903535,7.1212653134,True
Q3-T-002,917.409454083,relay,H170,-1.65669937633,7.13379426506,True
Q3-T-002,919.409454083,relay,H170,-1.69995445776,7.14567638693,True
Q3-T-002,921.409454083,relay,H170,-1.74297918678,7.15692291389,True
Q3-T-002,923.409454083,relay,H170,-1.78581140258,7.16754242722,True
Q3-T-002,925.409454083,relay,H170,-1.82841752833,7.17751715438,True
Q3-T-002,927.409454083,relay,H170,-1.87083499664,7.18685515204,True
Q3-T-002,929.409454083,relay,H170,-1.91302933517,7.19557141023,True
Q3-T-002,931.409454083,relay,H170,-1.95503995024,7.20361116383,True
Q3-T-002,933.409454083,relay,H170,-1.99683264677,7.21099093408,True
Q3-T-002,935.409454083,relay,H170,-2.03844407039,7.21771775365,True
Q3-T-002,937.409454083,relay,H170,-2.07984149328,7.22377868236,True
Q3-T-002,939.409454083,relay,H170,-2.12106118008,7.22918025123,True
Q3-T-002,941.409454083,relay,H170,-2.16208653985,7.23394675556,True
Q3-T-002,943.409454083,relay,H170,-2.20290473238,7.23800919389,True
Q3-T-002,945.409454083,relay,H170,-2.24355031063,7.24140488201,True
Q3-T-002,947.409454083,relay,H170,-2.28399122494,7.24412512732,True
Q3-T-002,949.409454083,relay,H170,-2.32426282197,7.24617522546,True
Q3-T-002,951.409454083,relay,H170,-2.36433331612,7.2475482186,True
Q3-T-002,953.409454083,relay,H170,-2.40423658167,7.24828071121,True
Q3-T-002,955.409454083,relay,H170,-2.44394333491,7.24830391155,True
Q3-T-002,957.409454083,relay,H170,-2.48348709814,7.2476539082,True
Q3-T-002,959.409454083,relay,H170,-2.52283660209,7.2463272421,True
Q3-T-002,961.409454083,relay,H170,-2.5620261526,7.24432773174,True
Q3-T-002,963.409454083,relay,H170,-2.6010247328,7.24165367015,True
Q3-T-002,965.409454083,relay,H170,-2.6398652267,7.23834021761,True
Q3-T-002,967.409454083,relay,H170,-2.6785350853,7.23432405757,True
Q3-T-002,969.409454083,relay,H170,-2.71701874973,7.22963884169,True
Q3-T-002,971.409454083,relay,H170,-2.75534970505,7.22428712907,True
Q3-T-002,971.786608316,relay,H170,-2.76254846438,7.22322102923,True
Q3-T-002,973.409454083,relay,H170,-2.76202102479,7.22267347335,True
Q3-T-002,975.409454083,relay,H170,-2.7613780359,7.2219728444,True
Q3-T-002,977.409454083,relay,H170,-2.76074229868,7.22124320101,True
Q3-T-002,979.409454083,relay,H170,-2.76011381634,7.22048455781,True
Q3-T-002,981.409454083,relay,H170,-2.75949259202,7.21969693002,True
Q3-T-002,983.409454083,relay,H170,-2.75887862886,7.21888033343,True
Q3-T-002,985.409454083,relay,H170,-2.75827192995,7.21803478441,True
Q3-T-002,987.409454083,relay,H170,-2.75767249836,7.2171602999,True
Q3-T-002,989.409454083,relay,H170,-2.75708033709,7.2162568974,True
Q3-T-002,991.409454083,relay,H170,-2.75649544914,7.21532459499,True
Q3-T-002,993.409454083,relay,H170,-2.75591783745,7.21436341133,True
Q3-T-002,995.409454083,relay,H170,-2.75534750494,7.21337336563,True
Q3-T-002,997.409454083,relay,H170,-2.75478445449,7.21235447767,True
Q3-T-002,999.409454083,relay,H170,-2.75422868894,7.2113067678,True
Q3-T-002,1001.40945408,relay,H170,-2.7536802111,7.21023025694,True
Q3-T-002,1003.40945408,relay,H170,-2.75313902373,7.20912496655,True
Q3-T-002,1005.40945408,relay,H170,-2.75260512957,7.20799091868,True
Q3-T-002,1007.40945408,relay,H170,-2.75207853132,7.20682813593,True
Q3-T-002,1009.40945408,relay,H170,-2.75155923164,7.20563664144,True
Q3-T-002,1011.40945408,relay,H170,-2.75104723317,7.20441645892,True
Q3-T-002,1013.40945408,relay,H170,-2.75054253847,7.20316761266,True
Q3-T-002,1015.40945408,relay,H170,-2.75004515012,7.20189012745,True
Q3-T-002,1017.40945408,relay,H170,-2.74955507063,7.20058402869,True
Q3-T-002,1019.40945408,relay,H170,-2.74907230247,7.19924934228,True
Q3-T-002,1021.40945408,relay,H170,-2.7485968481,7.1978860947,True
Q3-T-002,1023.40945408,relay,H170,-2.74812870992,7.19649431296,True
Q3-T-002,1025.40945408,relay,H170,-2.74766789031,7.19507402464,True
Q3-T-002,1027.40945408,relay,H170,-2.74721439159,7.19362525783,True
Q3-T-002,1029.40945408,relay,H170,-2.74676821607,7.19214804118,True
Q3-T-002,1031.40945408,relay,H170,-2.74632936601,7.19064240388,True
Q3-T-002,1033.40945408,relay,H170,-2.74589784364,7.18910837565,True
Q3-T-002,1035.40945408,relay,H170,-2.74547365114,7.18754598676,True
Q3-T-002,1037.40945408,relay,H170,-2.74505679067,7.185955268,True
Q3-T-002,1039.40945408,relay,H170,-2.74464726433,7.18433625069,True
Q3-T-002,1041.40945408,relay,H170,-2.74424507422,7.18268896668,True
Q3-T-002,1043.40945408,relay,H170,-2.74385022237,7.18101344837,True
Q3-T-002,1045.40945408,relay,H170,-2.74346271079,7.17930972866,True
Q3-T-002,1047.40945408,relay,H170,-2.74308254144,7.17757784099,True
Q3-T-002,1049.40945408,relay,H170,-2.74270971626,7.1758178193,True
Q3-T-002,1051.40945408,relay,H170,-2.74234423714,7.17402969807,True
Q3-T-002,1053.40945408,relay,H170,-2.74198610594,7.17221351229,True
Q3-T-002,1055.40945408,relay,H170,-2.74163532448,7.17036929746,True
Q3-T-002,1057.40945408,relay,H170,-2.74129189454,7.16849708961,True
Q3-T-002,1059.40945408,relay,H170,-2.74095581787,7.16659692525,True
Q3-T-002,1061.40945408,relay,H170,-2.74062709617,7.16466884143,True
Q3-T-002,1063.40945408,relay,H170,-2.74030573113,7.16271287567,True
Q3-T-002,1065.40945408,relay,H170,-2.73999172437,7.16072906603,True
Q3-T-002,1067.40945408,relay,H170,-2.7396850775,7.15871745105,True
Q3-T-002,1068.1655634,relay,H170,-2.73957108213,7.15794982696,True
Q3-T-002,1069.40945408,relay,H170,-2.73957108213,7.15794982696,True
Q3-T-002,1071.40945408,relay,H170,-2.73957108213,7.15794982696,True
Q3-T-002,1073.40945408,relay,H170,-2.73957108213,7.15794982696,True
Q3-T-002,1075.40945408,relay,H170,-2.73957108213,7.15794982696,True
Q3-T-002,1077.40945408,relay,H170,-2.73957108213,7.15794982696,True
Q3-T-002,1079.40945408,relay,H170,-2.73957108213,7.15794982696,True
Q3-T-002,1081.40945408,relay,H170,-2.73957108213,7.15794982696,True
Q3-T-002,1083.40945408,relay,H170,-2.73957108213,7.15794982696,True
Q3-T-002,1085.40945408,relay,H170,-2.73957108213,7.15794982696,True
Q3-T-002,1087.40945408,relay,H170,-2.73957108213,7.15794982696,True
Q3-T-002,1089.40945408,relay,H170,-2.73957108213,7.15794982696,True
Q3-T-002,1091.40945408,relay,H170,-2.73957108213,7.15794982696,True
Q3-T-002,1093.40945408,relay,H170,-2.73957108213,7.15794982696,True
Q3-T-002,1095.40945408,relay,H170,-2.73957108213,7.15794982696,True
Q3-T-002,1097.40945408,relay,H170,-2.73957108213,7.15794982696,True
Q3-T-002,1099.40945408,relay,H170,-2.73957108213,7.15794982696,True
Q3-T-002,1101.40945408,relay,H170,-2.73957108213,7.15794982696,True
Q3-T-002,1103.40945408,relay,H170,-2.73957108213,7.15794982696,True
Q3-T-002,1105.40945408,relay,H170,-2.73957108213,7.15794982696,True
Q3-T-002,1107.40945408,relay,H170,-2.73957108213,7.15794982696,True
Q3-T-002,1109.40945408,relay,H170,-2.73957108213,7.15794982696,True
Q3-T-002,1111.40945408,relay,H170,-2.73957108213,7.15794982696,True
Q3-T-002,1113.40945408,relay,H170,-2.73957108213,7.15794982696,True
Q3-T-002,1115.40945408,relay,H170,-2.73957108213,7.15794982696,True
Q3-T-002,1117.40945408,relay,H170,-2.73957108213,7.15794982696,True
Q3-T-002,1119.40945408,relay,H170,-2.73957108213,7.15794982696,True
Q3-T-002,1121.40945408,relay,H170,-2.73957108213,7.15794982696,True
Q3-T-002,1123.40945408,relay,H170,-2.73957108213,7.15794982696,True
Q3-T-002,1125.40945408,relay,H170,-2.73957108213,7.15794982696,True
Q3-T-002,1127.40945408,relay,H170,-2.73957108213,7.15794982696,True
Q3-T-002,1129.40945408,relay,H170,-2.73957108213,7.15794982696,True
Q3-T-002,1131.40945408,relay,H170,-2.73957108213,7.15794982696,True
Q3-T-002,1133.40945408,relay,H170,-2.73957108213,7.15794982696,True
Q3-T-002,1135.40945408,relay,H170,-2.73957108213,7.15794982696,True
Q3-T-002,1137.40945408,relay,H170,-2.73957108213,7.15794982696,True
Q3-T-002,1139.40945408,relay,H170,-2.73957108213,7.15794982696,True
Q3-T-002,1141.40945408,relay,H170,-2.73957108213,7.15794982696,True
Q3-T-002,1143.40945408,relay,H170,-2.73957108213,7.15794982696,True
Q3-T-002,1145.40945408,relay,H170,-2.73957108213,7.15794982696,True
Q3-T-002,1147.40945408,relay,H170,-2.73957108213,7.15794982696,True
Q3-T-002,1149.40945408,relay,H170,-2.73957108213,7.15794982696,True
Q3-T-002,1151.40945408,relay,H170,-2.73957108213,7.15794982696,True
Q3-T-002,1153.40945408,relay,H170,-2.73957108213,7.15794982696,True
Q3-T-002,1155.40945408,relay,H170,-2.73957108213,7.15794982696,True
Q3-T-002,1157.40945408,relay,H170,-2.73957108213,7.15794982696,True
Q3-T-002,1159.40945408,relay,H170,-2.73957108213,7.15794982696,True
Q3-T-002,1161.40945408,relay,H170,-2.73957108213,7.15794982696,True
Q3-T-002,1163.40945408,relay,H170,-2.73957108213,7.15794982696,True
Q3-T-002,1165.40945408,relay,H170,-2.73957108213,7.15794982696,True
Q3-T-002,1167.40945408,relay,H170,-2.73957108213,7.15794982696,True
Q3-T-002,1169.40945408,relay,H170,-2.73957108213,7.15794982696,True
Q3-T-002,1171.40945408,relay,H170,-2.73957108213,7.15794982696,True
Q3-T-002,1173.40945408,relay,H170,-2.73957108213,7.15794982696,True
Q3-T-002,1175.40945408,relay,H170,-2.73957108213,7.15794982696,True
Q3-T-002,1177.40945408,relay,H170,-2.73957108213,7.15794982696,True
Q3-T-002,1179.40945408,relay,H170,-2.73957108213,7.15794982696,True
Q3-T-002,1181.40945408,relay,H170,-2.73957108213,7.15794982696,True
Q3-T-002,1183.40945408,relay,H170,-2.73957108213,7.15794982696,True
Q3-T-002,1185.40945408,relay,H170,-2.73957108213,7.15794982696,True
Q3-T-002,1187.40945408,relay,H170,-2.73957108213,7.15794982696,True
Q3-T-002,1189.40945408,relay,H170,-2.73957108213,7.15794982696,True
Q3-T-002,1191.40945408,relay,H170,-2.73957108213,7.15794982696,True
Q3-T-002,1193.40945408,relay,H170,-2.73957108213,7.15794982696,True
Q3-T-002,1195.40945408,relay,H170,-2.73957108213,7.15794982696,True
Q3-T-002,1197.40945408,relay,H170,-2.73957108213,7.15794982696,True
Q3-T-002,1199.40945408,relay,H170,-2.73957108213,7.15794982696,True
Q3-T-002,1201.40945408,relay,H170,-2.73957108213,7.15794982696,True
Q3-T-002,1203.40945408,relay,H170,-2.73957108213,7.15794982696,True
Q3-T-002,1205.40945408,relay,H170,-2.73957108213,7.15794982696,True
Q3-T-002,1207.40945408,relay,H170,-2.73957108213,7.15794982696,True
Q3-T-002,1209.40945408,relay,H170,-2.73957108213,7.15794982696,True
Q3-T-002,1211.40945408,relay,H170,-2.73957108213,7.15794982696,True
Q3-T-002,1213.40945408,relay,H170,-2.73957108213,7.15794982696,True
Q3-T-002,1215.40945408,relay,H170,-2.73957108213,7.15794982696,True
Q3-T-002,1217.40945408,relay,H170,-2.73957108213,7.15794982696,True
Q3-T-002,1219.40945408,relay,H170,-2.73957108213,7.15794982696,True
Q3-T-002,1221.40945408,relay,H170,-2.73957108213,7.15794982696,True
Q3-T-002,1223.40945408,relay,H170,-2.73957108213,7.15794982696,True
Q3-T-002,1225.40945408,relay,H170,-2.73957108213,7.15794982696,True
Q3-T-002,1227.40945408,relay,H170,-2.73957108213,7.15794982696,True
Q3-T-002,1229.40945408,relay,H170,-2.73957108213,7.15794982696,True
Q3-T-002,1231.40945408,relay,H170,-2.73957108213,7.15794982696,True
Q3-T-002,1233.40945408,relay,H170,-2.73957108213,7.15794982696,True
Q3-T-002,1235.40945408,relay,H170,-2.73957108213,7.15794982696,True
Q3-T-002,1237.40945408,relay,H170,-2.73957108213,7.15794982696,True
Q3-T-002,1239.40945408,relay,H170,-2.73957108213,7.15794982696,True
Q3-T-002,1241.40945408,relay,H170,-2.73957108213,7.15794982696,True
Q3-T-002,1243.40945408,relay,H170,-2.73957108213,7.15794982696,True
Q3-T-002,1245.40945408,relay,H170,-2.73957108213,7.15794982696,True
Q3-T-002,1247.40945408,relay,H170,-2.73957108213,7.15794982696,True
Q3-T-002,1249.40945408,relay,H170,-2.73957108213,7.15794982696,True
Q3-T-002,1251.40945408,relay,H170,-2.73957108213,7.15794982696,True
Q3-T-002,1253.40945408,relay,H170,-2.73957108213,7.15794982696,True
Q3-T-002,1255.40945408,relay,H170,-2.73957108213,7.15794982696,True
Q3-T-002,1257.40945408,relay,H170,-2.73957108213,7.15794982696,True
Q3-T-002,1259.40945408,relay,H170,-2.73957108213,7.15794982696,True
Q3-T-002,1261.40945408,relay,H170,-2.73957108213,7.15794982696,True
Q3-T-002,1263.40945408,relay,H170,-2.73957108213,7.15794982696,True
Q3-T-002,1265.40945408,relay,H170,-2.73957108213,7.15794982696,True
Q3-T-002,1267.40945408,relay,H170,-2.73957108213,7.15794982696,True
Q3-T-002,1269.40945408,relay,H170,-2.73957108213,7.15794982696,True
Q3-T-002,1271.40945408,relay,H170,-2.73957108213,7.15794982696,True
Q3-T-002,1273.40945408,relay,H170,-2.73957108213,7.15794982696,True
Q3-T-002,1275.40945408,relay,H170,-2.73957108213,7.15794982696,True
Q3-T-002,1277.40945408,relay,H170,-2.73957108213,7.15794982696,True
Q3-T-002,1278.1655634,relay,H170,-2.73957108213,7.15794982696,True
Q3-T-002,1279.40945408,relay,H170,-2.73979706759,7.15946095633,True
Q3-T-002,1281.40945408,relay,H170,-2.74016917734,7.16185928377,True
Q3-T-002,1283.40945408,relay,H170,-2.74055188403,7.16421753993,True
Q3-T-002,1285.40945408,relay,H170,-2.74094518485,7.16653565879,True
Q3-T-002,1287.40945408,relay,H170,-2.74134907691,7.16881357535,True
Q3-T-002,1289.40945408,relay,H170,-2.74176355725,7.1710512257,True
Q3-T-002,1291.40945408,relay,H170,-2.74218862285,7.17324854693,True
Q3-T-002,1293.40945408,relay,H170,-2.74262427059,7.17540547723,True
Q3-T-002,1295.40945408,relay,H170,-2.74307049728,7.17752195585,True
Q3-T-002,1297.40945408,relay,H170,-2.74352729965,7.17959792309,True
Q3-T-002,1299.40945408,relay,H170,-2.74399467437,7.18163332035,True
Q3-T-002,1301.40945408,relay,H170,-2.74447261802,7.1836280901,True
Q3-T-002,1303.40945408,relay,H170,-2.7449611271,7.18558217588,True
Q3-T-002,1305.40945408,relay,H170,-2.74546019803,7.18749552237,True
Q3-T-002,1307.40945408,relay,H170,-2.74596982719,7.1893680753,True
Q3-T-002,1309.40945408,relay,H170,-2.74649001083,7.19119978152,True
Q3-T-002,1311.40945408,relay,H170,-2.74702074517,7.19299058899,True
Q3-T-002,1313.40945408,relay,H170,-2.74756202632,7.19474044679,True
Q3-T-002,1315.40945408,relay,H170,-2.74811385033,7.1964493051,True
Q3-T-002,1317.40945408,relay,H170,-2.74867621319,7.19811711523,True
Q3-T-002,1319.40945408,relay,H170,-2.74924911078,7.19974382961,True
Q3-T-002,1321.40945408,relay,H170,-2.74983253893,7.20132940182,True
Q3-T-002,1323.40945408,relay,H170,-2.75042649338,7.20287378656,True
Q3-T-002,1325.40945408,relay,H170,-2.7510309698,7.20437693966,True
Q3-T-002,1327.40945408,relay,H170,-2.7516459638,7.20583881811,True
Q3-T-002,1329.40945408,relay,H170,-2.75227147088,7.20725938005,True
Q3-T-002,1331.40945408,relay,H170,-2.7529074865,7.20863858476,True
Q3-T-002,1333.40945408,relay,H170,-2.75355400603,7.20997639268,True
Q3-T-002,1335.40945408,relay,H170,-2.75421102476,7.21127276541,True
Q3-T-002,1337.40945408,relay,H170,-2.75487853792,7.21252766571,True
Q3-T-002,1339.40945408,relay,H170,-2.75555654064,7.21374105752,True
Q3-T-002,1341.40945408,relay,H170,-2.75624502801,7.21491290592,True
Q3-T-002,1343.40945408,relay,H170,-2.75694399501,7.2160431772,True
Q3-T-002,1345.40945408,relay,H170,-2.75765343658,7.21713183881,True
Q3-T-002,1347.40945408,relay,H170,-2.75837334756,7.21817885936,True
Q3-T-002,1349.40945408,relay,H170,-2.75910372272,7.21918420868,True
Q3-T-002,1351.40945408,relay,H170,-2.75984455677,7.22014785775,True
Q3-T-002,1353.40945408,relay,H170,-2.76059584434,7.22106977877,True
Q3-T-002,1355.40945408,relay,H170,-2.76135757998,7.22194994512,True
Q3-T-002,1357.40945408,relay,H170,-2.76212975816,7.22278833135,True
Q3-T-002,1358.4813593,relay,H170,-2.76254846438,7.22322102923,True
Q3-T-002,1359.40945408,relay,H170,-2.74480306144,7.22583969995,True
Q3-T-002,1361.40945408,relay,H170,-2.70642574914,7.23100789105,True
Q3-T-002,1363.40945408,relay,H170,-2.66789642596,7.23547719994,True
Q3-T-002,1365.40945408,relay,H170,-2.62917939713,7.23930865492,True
Q3-T-002,1367.40945408,relay,H170,-2.5903064221,7.24246976774,True
Q3-T-002,1369.40945408,relay,H170,-2.55124364727,7.24495740093,True
Q3-T-002,1371.40945408,relay,H170,-2.51202199902,7.24677262794,True
Q3-T-002,1373.40945408,relay,H170,-2.47260729298,7.24791181039,True
Q3-T-002,1375.40945408,relay,H170,-2.43303182122,7.24834595804,True
Q3-T-002,1377.40945408,relay,H170,-2.39325883763,7.24813458567,True
Q3-T-002,1379.40945408,relay,H170,-2.35332088408,7.24725044033,True
Q3-T-002,1381.40945408,relay,H170,-2.31318309442,7.24568889531,True
Q3-T-002,1383.40945408,relay,H170,-2.27287715956,7.24345627678,True
Q3-T-002,1385.40945408,relay,H170,-2.23236786192,7.24054746697,True
Q3-T-002,1387.40945408,relay,H170,-2.19167134611,7.23693514088,True
Q3-T-002,1389.40945408,relay,H170,-2.15080061389,7.23268829466,True
Q3-T-002,1391.40945408,relay,H170,-2.10972104732,7.22776941056,True
Q3-T-002,1393.40945408,relay,H170,-2.06846500148,7.22218913324,True
Q3-T-002,1395.40945408,relay,H170,-2.02699634775,7.21594111206,True
Q3-T-002,1397.40945408,relay,H170,-1.98534771406,7.20903768192,True
Q3-T-002,1399.40945408,relay,H170,-1.94348377254,7.20144074532,True
Q3-T-002,1401.40945408,relay,H170,-1.9014350763,7.19322687014,True
Q3-T-002,1403.40945408,relay,H170,-1.85916590563,7.18435737999,True
Q3-T-002,1405.40945408,relay,H170,-1.81670944696,7.17484789649,True
Q3-T-002,1407.40945408,relay,H170,-1.77402841277,7.16469055084,True
Q3-T-002,1409.40945408,relay,H170,-1.73115748299,7.15387173735,True
Q3-T-002,1411.40945408,relay,H170,-1.68805655725,7.14244479343,True
Q3-T-002,1413.40945408,relay,H170,-1.64474255245,7.13039032685,True
Q3-T-002,1415.40945408,relay,H170,-1.60123150763,7.11772111868,True
Q3-T-002,1417.40945408,relay,H170,-1.55748510983,7.10442797905,True
Q3-T-002,1419.40945408,relay,H170,-1.51353756564,7.09053188245,True
Q3-T-002,1421.40945408,relay,H170,-1.46935137996,7.0759929362,True
Q3-T-002,1423.40945408,relay,H170,-1.4249585789,7.06089396814,True
Q3-T-002,1425.40945408,relay,H170,-1.38032122482,7.04519440998,True
Q3-T-002,1427.40945408,relay,H170,-1.33547413296,7.02891801309,True
Q3-T-002,1429.40945408,relay,H170,-1.29037768112,7.01205391831,True
Q3-T-002,1431.40945408,relay,H170,-1.24506699619,6.99462717913,True
Q3-T-002,1433.40945408,relay,H170,-1.19950328222,6.97659699113,True
Q3-T-002,1435.40945408,relay,H170,-1.15371942298,6.95804852779,True
Q3-T-002,1437.40945408,relay,H170,-1.10767614804,6.93894025712,True
Q3-T-002,1439.40945408,relay,H170,-1.06138993361,6.9192893799,True
Q3-T-002,1441.40945408,relay,H170,-1.01487762068,6.89911409642,True
Q3-T-002,1443.40945408,relay,H170,-0.968097939066,6.87840148303,True
Q3-T-002,1445.40945408,relay,H170,-0.921088471108,6.85715219909,True
Q3-T-002,1447.40945408,relay,H170,-0.873804807659,6.8354098043,True
Q3-T-002,1449.40945408,relay,H170,-0.826284858929,6.81317582228,True
Q3-T-002,1451.40945408,relay,H170,-0.778486348615,6.79043610226,True
Q3-T-002,1453.40945408,relay,H170,-0.73044620978,6.7672217494,True
Q3-T-002,1455.40945408,relay,H170,-0.682121644033,6.7435179897,True
Q3-T-002,1457.40945408,relay,H170,-0.633551299108,6.71932934579,True
Q3-T-002,1459.40945408,relay,H170,-0.584689111397,6.69469554183,True
Q3-T-002,1461.40945408,relay,H170,-0.535574072699,6.66962176177,True
Q3-T-002,1463.40945408,relay,H170,-0.486162299955,6.64409197271,True
Q3-T-002,1465.40945408,relay,H170,-0.436491781168,6.61813977596,True
Q3-T-002,1467.40945408,relay,H170,-0.38651806962,6.59174850583,True
Q3-T-002,1469.40945408,relay,H170,-0.336259982878,6.56491298686,True
Q3-T-002,1471.40945408,relay,H170,-0.285732520616,6.53770814184,True
Q3-T-002,1473.40945408,relay,H170,-0.234891770087,6.51008975639,True
Q3-T-002,1475.40945408,relay,H170,-0.183776638659,6.48209309692,True
Q3-T-002,1477.40945408,relay,H170,-0.132341203614,6.45369991877,True
Q3-T-002,1479.40945408,relay,H170,-0.0806247506778,6.42494605487,True
Q3-T-002,1481.40945408,relay,H170,-0.0285822046168,6.39578731715,True
Q3-T-002,1483.40945408,relay,H170,0.0237496879918,6.36631087228,True
Q3-T-002,1485.40945408,relay,H170,0.0764166469834,6.33647172548,True
Q3-T-002,1487.40945408,relay,H170,0.129378611153,6.30630668257,True
Q3-T-002,1489.40945408,relay,H170,0.182683411858,6.27579563852,True
Q3-T-002,1491.40945408,direct,,0.236289079523,,True
Q3-T-002,1493.40945408,direct,,0.290247130947,,True
Q3-T-002,1495.40945408,direct,,0.344537836741,,True
Q3-T-002,1497.40945408,direct,,0.399142488479,,True
Q3-T-002,1499.40945408,direct,,0.454110636073,,True
Q3-T-002,1501.40945408,direct,,0.509400798904,,True
Q3-T-002,1503.40945408,direct,,0.565061681481,,True
Q3-T-002,1505.40945408,direct,,0.621054509652,,True
Q3-T-002,1507.40945408,direct,,0.677428742629,,True
Q3-T-002,1509.40945408,direct,,0.734142051889,,True
Q3-T-002,1511.40945408,direct,,0.791246222888,,True
Q3-T-002,1513.40945408,direct,,0.84869849282,,True
Q3-T-002,1515.40945408,direct,,0.906549808139,,True
Q3-T-002,1517.40945408,direct,,0.964760214842,,True
Q3-T-002,1519.40945408,direct,,1.02338148633,,True
Q3-T-002,1521.40945408,direct,,1.08239458036,,True
Q3-T-002,1523.40945408,direct,,1.1417799022,,True
Q3-T-002,1525.40945408,direct,,1.2015921189,,True
Q3-T-002,1527.40945408,direct,,1.26178519498,,True
Q3-T-002,1529.40945408,direct,,1.32241806438,,True
Q3-T-002,1531.40945408,direct,,1.38344423705,,True
Q3-T-002,1533.40945408,direct,,1.44492017719,,True
Q3-T-002,1535.40945408,direct,,1.50680060728,,True
Q3-T-002,1537.40945408,direct,,1.56914293561,,True
Q3-T-002,1539.40945408,direct,,1.63189963433,,True
Q3-T-002,1541.40945408,direct,,11.6951326152,,True
Q3-T-002,1543.40945408,direct,,11.7587938753,,True
Q3-T-002,1545.40945408,direct,,11.8229428097,,True
Q3-T-002,1547.40945408,direct,,11.8875596333,,True
Q3-T-002,1549.40945408,direct,,11.9526239217,,True
Q3-T-002,1551.40945408,direct,,12.018194805,,True
Q3-T-002,1553.40945408,direct,,12.0842284707,,True
Q3-T-002,1555.40945408,direct,,12.1507851658,,True
Q3-T-002,1557.40945408,direct,,12.2178168818,,True
Q3-T-002,1559.40945408,direct,,12.285386845,,True
Q3-T-002,1561.40945408,direct,,12.3534465274,,True
Q3-T-002,1563.40945408,direct,,12.4220584079,,True
Q3-T-002,1565.40945408,direct,,12.4911772866,,True
Q3-T-002,1567.40945408,direct,,12.5608668897,,True
Q3-T-002,1569.40945408,direct,,12.6310776301,,True
Q3-T-002,1571.40945408,direct,,12.7018764341,,True
Q3-T-002,1573.40945408,direct,,12.7732409447,,True
Q3-T-002,1575.40945408,direct,,12.8451540828,,True
Q3-T-002,1577.40945408,direct,,12.9176827942,,True
Q3-T-002,1579.40945408,direct,,12.9907761326,,True
Q3-T-002,1581.40945408,direct,,13.0645044525,,True
Q3-T-002,1583.40945408,direct,,13.1388162539,,True
Q3-T-002,1585.40945408,direct,,13.2137812469,,True
Q3-T-002,1587.40945408,direct,,13.2893515837,,True
Q3-T-002,1589.40945408,direct,,13.365598524,,True
Q3-T-002,1591.40945408,direct,,13.4424694447,,True
Q3-T-002,1593.40945408,direct,,13.5200392998,,True
Q3-T-002,1595.40945408,direct,,13.598254898,,True
Q3-T-002,1597.40945408,direct,,13.6771906327,,True
Q3-T-002,1599.40945408,direct,,13.7568304238,,True
Q3-T-002,1601.40945408,direct,,13.8371506784,,True
Q3-T-002,1603.40945408,direct,,13.9182306567,,True
Q3-T-002,1605.40945408,direct,,14.0000157318,,True
Q3-T-002,1607.40945408,direct,,14.0825870234,,True
Q3-T-002,1609.40945408,direct,,14.1658869745,,True
Q3-T-002,1611.40945408,direct,,14.2500033312,,True
Q3-T-002,1613.40945408,direct,,14.3348779793,,True
Q3-T-002,1615.40945408,direct,,14.4205960194,,True
Q3-T-002,1617.40945408,direct,,14.5071010881,,True
Q3-T-002,1619.40945408,direct,,14.5944804196,,True
Q3-T-002,1621.40945408,direct,,14.6826745814,,True
Q3-T-002,1623.40945408,direct,,14.771778001,,True
Q3-T-002,1625.40945408,direct,,14.8617682839,,True
Q3-T-002,1627.40945408,direct,,14.9526244783,,True
Q3-T-002,1629.40945408,direct,,15.0444396189,,True
Q3-T-002,1631.40945408,direct,,15.1371553307,,True
Q3-T-002,1633.40945408,direct,,15.2308645282,,True
Q3-T-002,1635.40945408,direct,,15.325513536,,True
Q3-T-002,1637.40945408,direct,,15.4211979501,,True
Q3-T-002,1639.40945408,direct,,15.5178582731,,True
Q3-T-002,1641.40945408,direct,,15.6155955122,,True
Q3-T-002,1643.40945408,direct,,15.7143496205,,True
Q3-T-002,1645.40945408,direct,,15.814221723,,True
Q3-T-002,1647.40945408,direct,,15.9151568436,,True
Q3-T-002,1649.40945408,direct,,16.0172592324,,True
Q3-T-002,1651.40945408,direct,,16.120510932,,True
Q3-T-002,1653.40945408,direct,,16.2248927705,,True
Q3-T-002,1655.40945408,direct,,16.3305167435,,True
Q3-T-002,1657.40945408,direct,,16.437317949,,True
Q3-T-002,1659.40945408,direct,,16.545417912,,True
Q3-T-002,1661.40945408,direct,,16.6547512695,,True
Q3-T-002,1663.40945408,direct,,16.7654372629,,True
Q3-T-002,1665.40945408,direct,,16.8774130313,,True
Q3-T-002,1667.40945408,direct,,16.9907985315,,True
Q3-T-002,1669.40945408,direct,,17.1055368023,,True
Q3-T-002,1671.40945408,direct,,17.2217519706,,True
Q3-T-002,1673.40945408,direct,,17.339380246,,True
Q3-T-002,1675.40945408,direct,,17.4585532728,,True
Q3-T-002,1677.40945408,direct,,17.5792572985,,True
Q3-T-002,1679.40945408,direct,,17.7014736136,,True
Q3-T-002,1681.40945408,direct,,17.8253476872,,True
Q3-T-002,1683.40945408,direct,,17.9508111748,,True
Q3-T-002,1685.40945408,direct,,18.0780076051,,True
Q3-T-002,1687.40945408,direct,,18.2068715661,,True
Q3-T-002,1689.40945408,direct,,18.3375517466,,True
Q3-T-002,1691.40945408,direct,,18.4699784675,,True
Q3-T-002,1693.40945408,direct,,18.6043132434,,True
Q3-T-002,1695.40945408,direct,,18.7404858585,,True
Q3-T-002,1697.40945408,direct,,18.8786559751,,True
Q3-T-002,1699.40945408,direct,,19.0187563777,,True
Q3-T-002,1701.40945408,direct,,19.1609524929,,True
Q3-T-002,1703.40945408,direct,,19.3051721625,,True
Q3-T-002,1705.40945408,direct,,19.4515948071,,True
Q3-T-002,1707.40945408,direct,,19.6002094572,,True
Q3-T-002,1709.40945408,direct,,19.7510066699,,True
Q3-T-002,1711.40945408,direct,,19.9041666545,,True
Q3-T-002,1713.40945408,direct,,20.0596178748,,True
Q3-T-002,1715.40945408,direct,,20.2175418563,,True
Q3-T-002,1717.40945408,direct,,20.3778736553,,True
Q3-T-002,1719.40945408,direct,,20.5408003218,,True
Q3-T-002,1721.40945408,direct,,20.7062449248,,True
Q3-T-002,1723.40945408,direct,,20.8744037679,,True
Q3-T-002,1725.40945408,direct,,21.0451956338,,True
Q3-T-002,1727.40945408,direct,,21.2188157705,,True
Q3-T-002,1729.40945408,direct,,21.3951868022,,True
Q3-T-002,1731.40945408,direct,,21.5745063877,,True
Q3-T-002,1733.40945408,direct,,21.7567556028,,True
Q3-T-002,1735.40945408,direct,,21.9419079075,,True
Q3-T-002,1737.40945408,direct,,22.1301647258,,True
Q3-T-002,1739.40945408,direct,,22.3214069409,,True
Q3-T-002,1741.40945408,direct,,22.5158413263,,True
Q3-T-002,1743.40945408,direct,,22.7133306272,,True
Q3-T-002,1745.40945408,direct,,22.9140598656,,True
Q3-T-002,1747.40945408,direct,,23.11787206,,True
Q3-T-002,1749.40945408,direct,,23.3249275215,,True
Q3-T-002,1751.40945408,direct,,23.5350465457,,True
Q3-T-002,1753.40945408,direct,,23.7483598292,,True
Q3-T-002,1755.40945408,direct,,23.9646291116,,True
Q3-T-002,1757.40945408,direct,,24.1839463327,,True
Q3-T-002,1759.40945408,direct,,24.4061024031,,True
Q3-T-002,1761.40945408,direct,,24.6308397183,,True
Q3-T-002,1763.40945408,direct,,24.8581567106,,True
Q3-T-002,1765.40945408,direct,,25.0876059888,,True
Q3-T-002,1767.40945408,direct,,25.3190666778,,True
Q3-T-002,1769.40945408,direct,,25.5519663397,,True
Q3-T-002,1771.40945408,direct,,25.7860397979,,True
Q3-T-002,1773.40945408,direct,,26.0205378157,,True
Q3-T-002,1775.40945408,direct,,26.255019194,,True
Q3-T-002,1777.40945408,direct,,26.488520529,,True
Q3-T-002,1779.40945408,direct,,26.7203490408,,True
Q3-T-002,1781.40945408,direct,,26.9492900638,,True
Q3-T-002,1783.40945408,direct,,27.1743667359,,True
Q3-T-002,1785.40945408,direct,,27.3941584233,,True
Q3-T-002,1787.40945408,direct,,27.6071189601,,True
Q3-T-002,1789.40945408,direct,,27.8117994849,,True
Q3-T-002,1791.40945408,direct,,28.0062747017,,True
Q3-T-002,1793.40945408,direct,,28.1888357401,,True
Q3-T-002,1795.40945408,direct,,28.3573800447,,True
Q3-T-002,1797.40945408,direct,,28.5100558904,,True
Q3-T-002,1799.40945408,direct,,28.6447794878,,True
Q3-T-002,1801.40945408,direct,,28.7597805521,,True
Q3-T-002,1803.40945408,direct,,28.8532499333,,True
Q3-T-002,1805.40945408,direct,,28.9237907138,,True
Q3-T-002,1807.40945408,direct,,28.9701824136,,True
Q3-T-002,1809.40945408,direct,,28.9916742475,,True
Q3-T-002,1810.1093843,direct,,28.9932264362,,True
Q3-T-002,1811.40945408,direct,,29.0570033764,,True
Q3-T-002,1813.40945408,direct,,29.1560453804,,True
Q3-T-002,1815.40945408,direct,,29.2562297626,,True
Q3-T-002,1817.40945408,direct,,29.3575831837,,True
Q3-T-002,1819.40945408,direct,,29.4601332491,,True
Q3-T-002,1821.40945408,direct,,29.5639085532,,True
Q3-T-002,1823.40945408,direct,,29.6689387282,,True
Q3-T-002,1825.40945408,direct,,29.7752544942,,True
Q3-T-002,1827.40945408,direct,,29.8828877134,,True
Q3-T-002,1829.40945408,direct,,29.9918714473,,True
Q3-T-002,1831.40945408,direct,,30.1022400179,,True
Q3-T-002,1833.40945408,direct,,30.2140290723,,True
Q3-T-002,1835.40945408,direct,,30.3272756523,,True
Q3-T-002,1837.40945408,direct,,30.4420182672,,True
Q3-T-002,1839.40945408,direct,,30.5582969735,,True
Q3-T-002,1841.40945408,direct,,30.6761534579,,True
Q3-T-002,1843.40945408,direct,,30.7956311277,,True
Q3-T-002,1845.40945408,direct,,30.9167752063,,True
Q3-T-002,1847.40945408,direct,,31.0396328365,,True
Q3-T-002,1849.40945408,direct,,31.1642531899,,True
Q3-T-002,1851.40945408,direct,,31.2906875859,,True
Q3-T-002,1853.40945408,direct,,31.418989618,,True
Q3-T-002,1855.40945408,direct,,31.5492152903,,True
Q3-T-002,1857.40945408,direct,,31.6814231644,,True
Q3-T-002,1859.40945408,direct,,31.8156745177,,True
Q3-T-002,1861.40945408,direct,,31.9520335134,,True
Q3-T-002,1863.40945408,direct,,32.0905673852,,True
Q3-T-002,1865.40945408,direct,,32.2313466361,,True
Q3-T-002,1867.40945408,direct,,32.3744452539,,True
Q3-T-002,1869.40945408,direct,,32.5199409446,,True
Q3-T-002,1871.40945408,direct,,32.667915386,,True
Q3-T-002,1873.40945408,direct,,32.8184545032,,True
Q3-T-002,1875.40945408,direct,,32.9716487677,,True
Q3-T-002,1877.40945408,direct,,33.1275935245,,True
Q3-T-002,1879.40945408,direct,,33.2863893483,,True
Q3-T-002,1881.40945408,direct,,33.4481424331,,True
Q3-T-002,1883.40945408,direct,,33.612965019,,True
Q3-T-002,1885.40945408,direct,,33.7809758595,,True
Q3-T-002,1887.40945408,direct,,33.9523007361,,True
Q3-T-002,1889.40945408,direct,,34.1270730237,,True
Q3-T-002,1891.40945408,direct,,34.3054343143,,True
Q3-T-002,1893.40945408,direct,,34.4875351064,,True
Q3-T-002,1895.40945408,direct,,34.6735355679,,True
Q3-T-002,1897.40945408,direct,,34.8636063828,,True
Q3-T-002,1899.40945408,direct,,35.0579296921,,True
Q3-T-002,1901.40945408,direct,,35.2567001427,,True
Q3-T-002,1903.40945408,direct,,35.4601260598,,True
Q3-T-002,1905.40945408,direct,,35.6684307584,,True
Q3-T-002,1907.40945408,direct,,35.8818540174,,True
Q3-T-002,1909.40945408,direct,,36.1006537386,,True
Q3-T-002,1911.40945408,direct,,36.3251078208,,True
Q3-T-002,1913.40945408,direct,,36.5555162814,,True
Q3-T-002,1915.40945408,direct,,36.7922036684,,True
Q3-T-002,1917.40945408,direct,,37.0355218095,,True
Q3-T-002,1919.40945408,direct,,37.2858529579,,True
Q3-T-002,1921.40945408,direct,,37.543613405,,True
Q3-T-002,1923.40945408,direct,,37.8092576451,,True
Q3-T-002,1925.40945408,direct,,38.0832831987,,True
Q3-T-002,1927.40945408,direct,,38.3662362199,,True
Q3-T-002,1929.40945408,direct,,38.6587180501,,True
Q3-T-002,1931.40945408,direct,,38.9613929127,,True
Q3-T-002,1933.40945408,direct,,39.2749969984,,True
Q3-T-002,1935.40945408,direct,,39.6003492527,,True
Q3-T-002,1937.40945408,direct,,39.9383642634,,True
Q3-T-002,1939.40945408,direct,,40.2900677594,,True
Q3-T-002,1941.40945408,direct,,40.6566153812,,True
Q3-T-002,1943.40945408,direct,,41.03931559,,True
Q3-T-002,1945.40945408,direct,,41.4396578605,,True
Q3-T-002,1947.40945408,direct,,41.8593476901,,True
Q3-T-002,1949.40945408,direct,,42.300350505,,True
Q3-T-002,1951.40945408,direct,,42.7649473193,,True
Q3-T-002,1953.40945408,direct,,43.2558061409,,True
Q3-T-002,1955.40945408,direct,,43.7760747882,,True
Q3-T-002,1957.40945408,direct,,44.3295033202,,True
Q3-T-002,1959.40945408,direct,,44.9206081914,,True
Q3-T-002,1961.40945408,direct,,45.5548964549,,True
Q3-T-002,1963.40945408,direct,,46.2391784656,,True
Q3-T-002,1965.40945408,direct,,46.9820146256,,True
Q3-T-002,1967.40945408,direct,,47.7943716438,,True
Q3-T-002,1969.40945408,direct,,48.6906185321,,True
Q3-T-002,1971.40945408,direct,,49.6900980314,,True
Q3-T-002,1973.40945408,direct,,50.8197251504,,True
Q3-T-002,1975.40945408,direct,,52.1185412891,,True
Q3-T-002,1977.40945408,direct,,53.6463082064,,True
Q3-T-002,1979.40945408,direct,,55.5013892711,,True
Q3-T-002,1981.40945408,direct,,57.8633755126,,True
Q3-T-002,1983.40945408,direct,,61.1179214626,,True
Q3-T-002,1985.40945408,direct,,66.3827501581,,True
Q3-T-002,1987.40945408,direct,,81.9457751658,,True
Q3-T-002,1989.40945408,direct,,69.9045753392,,True
Q3-T-002,1991.40945408,direct,,62.860924977,,True
Q3-T-002,1993.40945408,direct,,59.0232144522,,True
Q3-T-002,1995.40945408,direct,,56.3707031467,,True
Q3-T-002,1995.80833938,direct,,55.9251752525,,True
Q3-T-003,365.409454083,direct,,55.9251752525,,True
Q3-T-003,367.409454083,direct,,59.0232144522,,True
Q3-T-003,369.409454083,direct,,63.8839754259,,True
Q3-T-003,371.409454083,direct,,75.9251752525,,True
Q3-T-003,373.409454083,direct,,69.9045753392,,True
Q3-T-003,375.409454083,direct,,61.9457751658,,True
Q3-T-003,377.409454083,direct,,57.8633755126,,True
Q3-T-003,379.409454083,direct,,55.0973215493,,True
Q3-T-003,381.409454083,direct,,53.0026145389,,True
Q3-T-003,383.409454083,direct,,51.3161968249,,True
Q3-T-003,385.409454083,direct,,49.9045753392,,True
Q3-T-003,387.409454083,direct,,48.6906185321,,True
Q3-T-003,389.409454083,direct,,47.6257082931,,True
Q3-T-003,391.409454083,direct,,46.6772152945,,True
Q3-T-003,393.409454083,direct,,45.8221756861,,True
Q3-T-003,395.409454083,direct,,45.0438143655,,True
Q3-T-003,397.409454083,direct,,44.3295033202,,True
Q3-T-003,399.409454083,direct,,43.6694981181,,True
Q3-T-003,401.409454083,direct,,43.0561217228,,True
Q3-T-003,403.409454083,direct,,42.4832180938,,True
Q3-T-003,405.409454083,direct,,41.9457751658,,True
Q3-T-003,407.409454083,direct,,41.4396578605,,True
Q3-T-003,409.409454083,direct,,40.9614147124,,True
Q3-T-003,411.409454083,direct,,40.5081350196,,True
Q3-T-003,413.409454083,direct,,40.0773414625,,True
Q3-T-003,415.409454083,direct,,39.6669081196,,True
Q3-T-003,417.409454083,direct,,39.2749969984,,True
Q3-T-003,419.409454083,direct,,38.9000082781,,True
Q3-T-003,421.409454083,direct,,38.5405408579,,True
Q3-T-003,423.409454083,direct,,38.195360749,,True
Q3-T-003,425.409454083,direct,,37.8633755126,,True
Q3-T-003,425.827538816,direct,,37.7957806996,,True
Q3-T-003,427.409454083,direct,,37.7360383466,,True
Q3-T-003,429.409454083,direct,,37.497692619,,True
Q3-T-003,431.409454083,direct,,37.1045007652,,True
Q3-T-003,433.409454083,direct,,36.5954299101,,True
Q3-T-003,435.409454083,direct,,36.0103216675,,True
Q3-T-003,437.409454083,direct,,35.3830151648,,True
Q3-T-003,439.409454083,direct,,34.7386541873,,True
Q3-T-003,441.409454083,direct,,34.0951406265,,True
Q3-T-003,443.409454083,direct,,33.4629673,,True
Q3-T-003,445.409454083,direct,,32.8492701236,,True
Q3-T-003,447.409454083,direct,,32.2574744025,,True
Q3-T-003,449.409454083,direct,,31.6893912956,,True
Q3-T-003,451.409454083,direct,,31.1452023991,,True
Q3-T-003,453.409454083,direct,,30.6247929771,,True
Q3-T-003,455.409454083,direct,,30.1269925874,,True
Q3-T-003,457.409454083,direct,,29.650761085,,True
Q3-T-003,459.409454083,direct,,29.1950561899,,True
Q3-T-003,461.409454083,direct,,28.7585096416,,True
Q3-T-003,463.409454083,direct,,28.340058533,,True
Q3-T-003,465.409454083,direct,,27.9384148882,,True
Q3-T-003,467.409454083,direct,,27.5527614851,,True
Q3-T-003,469.409454083,direct,,27.1816570833,,True
Q3-T-003,471.409454083,direct,,26.8243659981,,True
Q3-T-003,473.409454083,direct,,26.4800625044,,True
Q3-T-003,475.409454083,direct,,26.1478242297,,True
Q3-T-003,477.409454083,direct,,25.8270080909,,True
Q3-T-003,479.409454083,direct,,25.5169384214,,True
Q3-T-003,481.409454083,direct,,25.2168393688,,True
Q3-T-003,483.409454083,direct,,24.9261497123,,True
Q3-T-003,485.409454083,direct,,24.6444210881,,True
Q3-T-003,487.409454083,direct,,24.3710638092,,True
Q3-T-003,489.409454083,direct,,24.1056616586,,True
Q3-T-003,491.409454083,direct,,23.8478278881,,True
Q3-T-003,493.409454083,direct,,23.5971795631,,True
Q3-T-003,495.409454083,direct,,23.3532368919,,True
Q3-T-003,497.409454083,direct,,23.1156789748,,True
Q3-T-003,499.409454083,direct,,22.8842648078,,True
Q3-T-003,501.409454083,direct,,22.6586254672,,True
Q3-T-003,503.409454083,direct,,22.4385580316,,True
Q3-T-003,505.409454083,direct,,22.2237355561,,True
Q3-T-003,507.409454083,direct,,22.0140335035,,True
Q3-T-003,509.409454083,direct,,21.8090983822,,True
Q3-T-003,511.409454083,direct,,21.6087362106,,True
Q3-T-003,513.409454083,direct,,21.4128138344,,True
Q3-T-003,515.409454083,direct,,21.2210835767,,True
Q3-T-003,517.409454083,direct,,21.0334326785,,True
Q3-T-003,519.409454083,direct,,20.849707486,,True
Q3-T-003,521.409454083,direct,,20.6696710605,,True
Q3-T-003,523.409454083,direct,,20.4931919372,,True
Q3-T-003,525.409454083,direct,,20.3201618471,,True
Q3-T-003,527.409454083,direct,,20.1504778922,,True
Q3-T-003,529.409454083,direct,,19.9839632186,,True
Q3-T-003,531.409454083,direct,,19.8205548871,,True
Q3-T-003,533.409454083,direct,,19.6601518913,,True
Q3-T-003,535.409454083,direct,,19.5025776814,,True
Q3-T-003,537.409454083,direct,,19.3477452356,,True
Q3-T-003,539.409454083,direct,,19.1956099442,,True
Q3-T-003,541.409454083,direct,,19.0460338137,,True
Q3-T-003,543.409454083,direct,,18.8989562623,,True
Q3-T-003,545.409454083,direct,,18.7543744001,,True
Q3-T-003,547.409454083,direct,,18.6120535589,,True
Q3-T-003,549.409454083,direct,,18.4720217331,,True
Q3-T-003,551.409454083,direct,,18.3341639983,,True
Q3-T-003,553.409454083,direct,,18.1984573398,,True
Q3-T-003,555.409454083,direct,,18.0647943735,,True
Q3-T-003,557.409454083,direct,,17.9331565455,,True
Q3-T-003,559.409454083,direct,,17.803492788,,True
Q3-T-003,561.409454083,direct,,17.6756683718,,True
Q3-T-003,563.409454083,direct,,17.5496998277,,True
Q3-T-003,565.409454083,direct,,17.425495453,,True
Q3-T-003,567.409454083,direct,,17.3030455441,,True
Q3-T-003,569.409454083,direct,,17.1822636378,,True
Q3-T-003,571.409454083,direct,,17.0631428339,,True
Q3-T-003,573.409454083,direct,,16.9456463551,,True
Q3-T-003,575.409454083,direct,,16.8296793157,,True
Q3-T-003,577.409454083,direct,,16.7152098733,,True
Q3-T-003,579.409454083,direct,,16.6022178452,,True
Q3-T-003,581.409454083,direct,,16.4906835647,,True
Q3-T-003,583.409454083,direct,,16.3805354521,,True
Q3-T-003,585.409454083,direct,,16.2718156347,,True
Q3-T-003,587.409454083,direct,,16.1643722858,,True
Q3-T-003,589.409454083,direct,,16.0582496437,,True
Q3-T-003,591.409454083,direct,,15.9533827737,,True
Q3-T-003,593.409454083,direct,,15.8497751994,,True
Q3-T-003,595.409454083,direct,,15.7473649163,,True
Q3-T-003,597.409454083,direct,,15.646140629,,True
Q3-T-003,599.409454083,direct,,15.5461295192,,True
Q3-T-003,601.409454083,direct,,15.4471965558,,True
Q3-T-003,603.409454083,direct,,15.3493868427,,True
Q3-T-003,605.409454083,direct,,15.2526447625,,True
Q3-T-003,607.409454083,direct,,15.1569776104,,True
Q3-T-003,609.409454083,direct,,15.0623320036,,True
Q3-T-003,611.409454083,direct,,14.9687518906,,True
Q3-T-003,613.409454083,direct,,14.8761139103,,True
Q3-T-003,615.409454083,direct,,14.7844485638,,True
Q3-T-003,617.409454083,direct,,14.6937501464,,True
Q3-T-003,619.409454083,direct,,14.6039702049,,True
Q3-T-003,621.409454083,direct,,4.51511850174,,True
Q3-T-003,623.409454083,direct,,4.42714832894,,True
Q3-T-003,625.409454083,direct,,4.34010332886,,True
Q3-T-003,627.409454083,direct,,4.25387140161,,True
Q3-T-003,629.409454083,direct,,4.16849699368,,True
Q3-T-003,631.409454083,direct,,4.08393655903,,True
Q3-T-003,633.409454083,direct,,4.00018797134,,True
Q3-T-003,635.409454083,direct,,3.91724903338,,True
Q3-T-003,637.409454083,direct,,3.83507831989,,True
Q3-T-003,639.409454083,direct,,3.75371871903,,True
Q3-T-003,641.409454083,direct,,3.67306746729,,True
Q3-T-003,643.409454083,direct,,3.59316804487,,True
Q3-T-003,645.409454083,direct,,3.51398156832,,True
Q3-T-003,647.409454083,direct,,3.43552030725,,True
Q3-T-003,649.409454083,direct,,3.35774654133,,True
Q3-T-003,651.409454083,direct,,3.28069005103,,True
Q3-T-003,653.409454083,direct,,3.20429164158,,True
Q3-T-003,655.409454083,direct,,3.1285450133,,True
Q3-T-003,657.409454083,direct,,3.05346294957,,True
Q3-T-003,659.409454083,direct,,2.9790103657,,True
Q3-T-003,661.409454083,direct,,2.90520020234,,True
Q3-T-003,663.409454083,direct,,2.83199833247,,True
Q3-T-003,665.409454083,direct,,2.75944564946,,True
Q3-T-003,667.409454083,direct,,2.68745306792,,True
Q3-T-003,669.409454083,direct,,2.61605047555,,True
Q3-T-003,671.409454083,direct,,2.54523956918,,True
Q3-T-003,673.409454083,direct,,2.4749884077,,True
Q3-T-003,675.409454083,direct,,2.40531031204,,True
Q3-T-003,677.409454083,direct,,2.33620064066,,True
Q3-T-003,679.409454083,direct,,2.26761957562,,True
Q3-T-003,681.409454083,direct,,2.19956344793,,True
Q3-T-003,683.409454083,direct,,2.13204570042,,True
Q3-T-003,685.409454083,direct,,2.0650366791,,True
Q3-T-003,687.409454083,direct,,1.9985392928,,True
Q3-T-003,689.409454083,direct,,1.93255630254,,True
Q3-T-003,691.409454083,direct,,1.86708419127,,True
Q3-T-003,693.409454083,direct,,1.80208607312,,True
Q3-T-003,695.409454083,direct,,1.73755926683,,True
Q3-T-003,697.409454083,direct,,1.67351730564,,True
Q3-T-003,699.409454083,direct,,1.60993282664,,True
Q3-T-003,701.409454083,direct,,1.54681936586,,True
Q3-T-003,703.409454083,direct,,1.48415015187,,True
Q3-T-003,705.409454083,direct,,1.42195267702,,True
Q3-T-003,707.409454083,direct,,1.36018254028,,True
Q3-T-003,709.409454083,direct,,1.29883784076,,True
Q3-T-003,711.409454083,direct,,1.23793208619,,True
Q3-T-003,713.409454083,direct,,1.17743987773,,True
Q3-T-003,715.409454083,direct,,1.11737469967,,True
Q3-T-003,717.409454083,direct,,1.0577345446,,True
Q3-T-003,719.409454083,direct,,0.998486950167,,True
Q3-T-003,721.409454083,direct,,0.93963055641,,True
Q3-T-003,723.409454083,direct,,0.881169483058,,True
Q3-T-003,725.409454083,direct,,0.823107704505,,True
Q3-T-003,727.409454083,direct,,0.765421522212,,True
Q3-T-003,729.409454083,direct,,0.708124295601,,True
Q3-T-003,731.409454083,direct,,0.651214607534,,True
Q3-T-003,733.409454083,direct,,0.594661956376,,True
Q3-T-003,735.409454083,direct,,0.538465496137,,True
Q3-T-003,737.409454083,direct,,0.482629606706,,True
Q3-T-003,739.409454083,direct,,0.427158526886,,True
Q3-T-003,741.409454083,direct,,0.37203004323,,True
Q3-T-003,743.409454083,direct,,0.317278354384,,True
Q3-T-003,745.409454083,direct,,0.262839476521,,True
Q3-T-003,747.409454083,direct,,0.208747683903,,True
Q3-T-003,749.409454083,relay,H170,0.154981529869,3.68368148235,True
Q3-T-003,751.409454083,relay,H170,0.101554081587,3.68799757672,True
Q3-T-003,753.409454083,relay,H170,0.0484442559809,3.69204026012,True
Q3-T-003,755.409454083,relay,H170,-0.00434334227987,3.69578860794,True
Q3-T-003,757.409454083,relay,H170,-0.056784112526,3.69922867333,True
Q3-T-003,759.409454083,relay,H170,-0.108938996781,3.70238626425,True
Q3-T-003,761.409454083,relay,H170,-0.160774833703,3.70522748605,True
Q3-T-003,763.409454083,relay,H170,-0.212311850311,3.70779161556,True
Q3-T-003,765.409454083,relay,H170,-0.263537203784,3.71003833558,True
Q3-T-003,767.409454083,relay,H170,-0.314470798242,3.7120068998,True
Q3-T-003,769.409454083,relay,H170,-0.365099858579,3.71365726211,True
Q3-T-003,771.409454083,relay,H170,-0.415424658931,3.71503627542,True
Q3-T-003,773.409454083,relay,H170,-0.46547920591,3.71610870692,True
Q3-T-003,775.409454083,relay,H170,-0.515239458032,3.71686221656,True
Q3-T-003,777.409454083,relay,H170,-0.564724556711,3.71733595622,True
Q3-T-003,779.409454083,relay,H170,-0.613921901093,3.71749061027,True
Q3-T-003,781.409454083,relay,H170,-0.662850343998,3.71736527157,True
Q3-T-003,783.409454083,relay,H170,-0.711478684835,3.7169292638,True
Q3-T-003,785.409454083,relay,H170,-0.759862942391,3.71620506969,True
Q3-T-003,787.409454083,relay,H170,-0.807971883386,3.71516222123,True
Q3-T-003,789.409454083,relay,H170,-0.855823809574,3.713839661,True
Q3-T-003,791.409454083,relay,H170,-0.903413911918,3.71221827121,True
Q3-T-003,793.409454083,relay,H170,-0.950737501448,3.7102792129,True
Q3-T-003,795.409454083,relay,H170,-0.997812487873,3.70806128693,True
Q3-T-003,797.409454083,relay,H170,-1.04460862667,3.70553577293,True
Q3-T-003,799.409454083,relay,H170,-1.0911796106,3.70272325219,True
Q3-T-003,801.409454083,relay,H170,-1.13749517178,3.69959525058,True
Q3-T-003,803.409454083,relay,H170,-1.18357272339,3.69619034053,True
Q3-T-003,805.409454083,relay,H170,-1.22940013793,3.69247141192,True
Q3-T-003,807.409454083,relay,H170,-1.27499459079,3.68847690578,True
Q3-T-003,809.409454083,relay,H170,-1.32033384097,3.6841985149,True
Q3-T-003,811.409454083,relay,H170,-1.36544807665,3.67959910042,True
Q3-T-003,813.409454083,relay,H170,-1.4103366292,3.6747265316,True
Q3-T-003,815.409454083,relay,H170,-1.45498755632,3.66954464143,True
Q3-T-003,817.409454083,relay,H170,-1.49941746737,3.66409149213,True
Q3-T-003,819.409454083,relay,H170,-1.5436144942,3.65833130548,True
Q3-T-003,821.409454083,relay,H170,-1.58759503037,3.65230197189,True
Q3-T-003,823.409454083,relay,H170,-1.63133048465,3.64597856765,True
Q3-T-003,825.409454083,relay,H170,-1.67487071874,3.63937797726,True
Q3-T-003,827.409454083,relay,H170,-1.71819402887,3.63249361447,True
Q3-T-003,829.409454083,relay,H170,-1.76129569924,3.62530888319,True
Q3-T-003,831.409454083,relay,H170,-1.80419160861,3.6178611942,True
Q3-T-003,833.409454083,relay,H170,-1.84687014734,3.61011617147,True
Q3-T-003,835.409454083,relay,H170,-1.88934699746,3.60211101397,True
Q3-T-003,837.409454083,relay,H170,-1.93159439573,3.59382287528,True
Q3-T-003,839.409454083,relay,H170,-1.97366036486,3.58526658262,True
Q3-T-003,841.409454083,relay,H170,-2.01551713563,3.57641961204,True
Q3-T-003,843.409454083,relay,H170,-2.05718001152,3.56731870558,True
Q3-T-003,845.409454083,relay,H170,-2.09864420519,3.55794804167,True
Q3-T-003,847.409454083,relay,H170,-2.13990502897,3.54829217422,True
Q3-T-003,849.409454083,relay,H170,-2.18096174635,3.53839911601,True
Q3-T-003,851.409454083,relay,H170,-2.22183468602,3.52821315871,True
Q3-T-003,853.409454083,relay,H170,-2.26252286118,3.5177819701,True
Q3-T-003,855.409454083,relay,H170,-2.30301506198,3.50707346391,True
Q3-T-003,857.409454083,relay,H170,-2.34332597303,3.49612347908,True
Q3-T-003,859.409454083,relay,H170,-2.38344445599,3.48490035164,True
Q3-T-003,861.409454083,relay,H170,-2.42338502809,3.47343963941,True
Q3-T-003,863.409454083,relay,H170,-2.46312768914,3.46173882978,True
Q3-T-003,865.409454083,relay,H170,-2.50269839611,3.4497592784,True
Q3-T-003,867.409454083,relay,H170,-2.54209608779,3.4375482264,True
Q3-T-003,869.409454083,relay,H170,-2.58130980258,3.42507506751,True
Q3-T-003,871.409454083,relay,H170,-2.6203536561,3.4123746149,True
Q3-T-003,873.409454083,relay,H170,-2.65921675663,3.39941668522,True
Q3-T-003,875.409454083,relay,H170,-2.6978982075,3.38624840748,True
Q3-T-003,877.409454083,relay,H170,-2.73641696813,3.37281482862,True
Q3-T-003,879.409454083,relay,H170,-2.77477192479,3.35916268655,True
Q3-T-003,881.409454083,relay,H170,-2.81295840617,3.34527833824,True
Q3-T-003,883.409454083,relay,H170,-2.85097182898,3.33114853899,True
Q3-T-003,885.409454083,relay,H170,-2.88882578384,3.31680696681,True
Q3-T-003,887.409454083,relay,H170,-2.92650961967,3.30222491082,True
Q3-T-003,889.409454083,relay,H170,-2.96402237435,3.28744878322,True
Q3-T-003,891.409454083,relay,H170,-3.00138234635,3.2724241963,True
Q3-T-003,893.409454083,relay,H170,-3.03858837166,3.25719715268,True
Q3-T-003,895.409454083,relay,H170,-3.07562993382,3.24173977373,True
Q3-T-003,897.409454083,relay,H170,-3.11252020467,3.22608468944,True
Q3-T-003,899.409454083,relay,H170,-3.14925458556,3.21021926742,True
Q3-T-003,901.409454083,relay,H170,-3.18582856065,3.19413127451,True
Q3-T-003,903.409454083,relay,H170,-3.22224111395,3.17786625758,True
Q3-T-003,905.409454083,relay,H170,-3.25850992908,3.1613704889,True
Q3-T-003,907.409454083,relay,H170,-3.29463380181,3.14468909222,True
Q3-T-003,909.409454083,relay,H170,-3.33060244594,3.12779562179,True
Q3-T-003,911.409454083,relay,H170,-3.36642857743,3.1107214128,True
Q3-T-003,913.409454083,relay,H170,-3.40210197462,3.09344042233,True
Q3-T-003,915.409454083,relay,H170,-3.43762158316,3.07599735155,True
Q3-T-003,917.409454083,relay,H170,-3.47301023022,3.05835305875,True
Q3-T-003,919.409454083,relay,H170,-3.50824977154,3.04050995242,True
Q3-T-003,921.409454083,relay,H170,-3.54335261704,3.02249840499,True
Q3-T-003,923.409454083,relay,H170,-3.57830870391,3.00429336592,True
Q3-T-003,925.409454083,relay,H170,-3.61313032387,2.98592481541,True
Q3-T-003,927.409454083,relay,H170,-3.64780747665,2.96736809364,True
Q3-T-003,929.409454083,relay,H170,-3.68233907094,2.94866681173,True
Q3-T-003,931.409454083,relay,H170,-3.7167417552,2.92976867899,True
Q3-T-003,933.409454083,relay,H170,-3.7510142717,2.91071687157,True
Q3-T-003,935.409454083,relay,H170,-3.78515218212,2.89150057194,True
Q3-T-003,937.409454083,relay,H170,-3.81915112159,2.87210934818,True
Q3-T-003,939.409454083,relay,H170,-3.85302298603,2.85257178368,True
Q3-T-003,941.409454083,relay,H170,-3.8867450308,2.83287877761,True
Q3-T-003,943.409454083,relay,H170,-3.92035501116,2.81303009443,True
Q3-T-003,945.409454083,relay,H170,-3.95383019206,2.79301697657,True
Q3-T-003,947.409454083,relay,H170,-3.98718225492,2.77286719737,True
Q3-T-003,949.409454083,relay,H170,-4.02040153332,2.7525581763,True
Q3-T-003,951.409454083,relay,H170,-4.05349960438,2.7321172797,True
Q3-T-003,953.409454083,relay,H170,-4.08647211382,2.71153449206,True
Q3-T-003,955.409454083,relay,H170,-4.11930215997,2.69081457214,True
Q3-T-003,957.409454083,relay,H170,-4.15202644791,2.66995549388,True
Q3-T-003,959.409454083,relay,H170,-4.18462279288,2.64894995917,True
Q3-T-003,961.409454083,relay,H170,-4.21710251962,2.62782431423,True
Q3-T-003,963.409454083,relay,H170,-4.24945616531,2.60655723658,True
Q3-T-003,965.409454083,relay,H170,-4.28169495689,2.5851746642,True
Q3-T-003,967.409454083,relay,H170,-4.31380948846,2.56365562445,True
Q3-T-003,969.409454083,relay,H170,-4.34579859875,2.54204017918,True
Q3-T-003,971.409454083,relay,H170,-4.3776826477,2.52029000087,True
Q3-T-003,973.409454083,relay,H170,-4.40944509388,2.49841068453,True
Q3-T-003,975.409454083,relay,H170,-4.44109692728,2.47642715033,True
Q3-T-003,977.409454083,relay,H170,-4.47262888192,2.4543192812,True
Q3-T-003,979.409454083,relay,H170,-4.50405185585,2.43211159202,True
Q3-T-003,981.409454083,relay,H170,-4.53534461116,2.40979890798,True
Q3-T-003,983.409454083,relay,H170,-4.5665420526,2.38737613461,True
Q3-T-003,985.409454083,relay,H170,-4.59762295332,2.36483841692,True
Q3-T-003,987.409454083,relay,H170,-4.62859803229,2.34220946413,True
Q3-T-003,989.409454083,relay,H170,-4.65946310506,2.31948067348,True
Q3-T-003,991.409454083,relay,H170,-4.69021404909,2.29664378415,True
Q3-T-003,993.409454083,relay,H170,-4.72086145296,2.2737219063,True
Q3-T-003,995.409454083,relay,H170,-4.75138456243,2.25071105259,True
Q3-T-003,997.409454083,relay,H170,-4.78181738534,2.22760462517,True
Q3-T-003,999.409454083,relay,H170,-4.81213917879,2.20439894713,True
Q3-T-003,1001.40945408,relay,H170,-4.8423603626,2.18111633864,True
Q3-T-003,1003.40945408,relay,H170,-4.87247201896,2.15773878071,True
Q3-T-003,1005.40945408,relay,H170,-4.90248448536,2.13428820265,True
Q3-T-003,1007.40945408,relay,H170,-4.93238217179,2.11077129535,True
Q3-T-003,1009.40945408,relay,H170,-4.96218405573,2.08715106142,True
Q3-T-003,1011.40945408,relay,H170,-4.99188882427,2.06346352019,True
Q3-T-003,1013.40945408,relay,H170,-5.02148768767,2.03969141166,True
Q3-T-003,1015.40945408,relay,H170,-5.05099078344,2.01585570191,True
Q3-T-003,1017.40945408,relay,H170,-5.08038937225,1.99193942723,True
Q3-T-003,1019.40945408,relay,H170,-5.10969351381,1.96796317437,True
Q3-T-003,1021.40945408,relay,H170,-5.1388832986,1.94392492601,True
Q3-T-003,1023.40945408,relay,H170,-5.16799118744,1.91981557987,True
Q3-T-003,1025.40945408,relay,H170,-5.19700190552,1.89564239007,True
Q3-T-003,1027.40945408,relay,H170,-5.22591149137,1.87139825864,True
Q3-T-003,1029.40945408,relay,H170,-5.25472981561,1.84710284047,True
Q3-T-003,1031.40945408,relay,H170,-5.28344831132,1.8227401765,True
Q3-T-003,1033.40945408,relay,H170,-5.31206577683,1.79834417149,True
Q3-T-003,1035.40945408,relay,H170,-5.34059572681,1.7738699044,True
Q3-T-003,1037.40945408,relay,H170,-5.36903685085,1.7493509262,True
Q3-T-003,1039.40945408,relay,H170,-5.39738067792,1.72477182969,True
Q3-T-003,1041.40945408,relay,H170,-5.4256368612,1.70015118472,True
Q3-T-003,1043.40945408,relay,H170,-5.4538014654,1.67548212049,True
Q3-T-003,1043.45535665,relay,H170,-5.4544475579,1.67491272173,True
Q3-T-003,1045.40945408,relay,H170,-5.45432506925,1.67427998982,True
Q3-T-003,1047.40945408,relay,H170,-5.45420346904,1.67362377227,True
Q3-T-003,1049.40945408,relay,H170,-5.45408581699,1.67295953541,True
Q3-T-003,1051.40945408,relay,H170,-5.45397211341,1.67228728293,True
Q3-T-003,1053.40945408,relay,H170,-5.45386235861,1.67160701857,True
Q3-T-003,1055.40945408,relay,H170,-5.4537565529,1.67091874611,True
Q3-T-003,1057.40945408,relay,H170,-5.45365469656,1.67022246937,True
Q3-T-003,1059.40945408,relay,H170,-5.45355678987,1.66951819223,True
Q3-T-003,1061.40945408,relay,H170,-5.4534628331,1.66880591859,True
Q3-T-003,1063.40945408,relay,H170,-5.45337282651,1.6680856524,True
Q3-T-003,1065.40945408,relay,H170,-5.45328677034,1.66735739766,True
Q3-T-003,1067.40945408,relay,H170,-5.45320466482,1.66662115841,True
Q3-T-003,1069.40945408,relay,H170,-5.45312651017,1.66587693873,True
Q3-T-003,1071.40945408,relay,H170,-5.45305230663,1.66512474274,True
Q3-T-003,1073.40945408,relay,H170,-5.45298205437,1.66436457461,True
Q3-T-003,1075.40945408,relay,H170,-5.45291575361,1.66359643854,True
Q3-T-003,1077.40945408,relay,H170,-5.45285340451,1.66282033879,True
Q3-T-003,1079.23705831,relay,H170,-5.45279987409,1.66210402145,True
Q3-T-003,1079.40945408,relay,H170,-5.45279987409,1.66210402145,True
Q3-T-003,1081.40945408,relay,H170,-5.45279987409,1.66210402145,True
Q3-T-003,1083.40945408,relay,H170,-5.45279987409,1.66210402145,True
Q3-T-003,1085.40945408,relay,H170,-5.45279987409,1.66210402145,True
Q3-T-003,1087.40945408,relay,H170,-5.45279987409,1.66210402145,True
Q3-T-003,1089.40945408,relay,H170,-5.45279987409,1.66210402145,True
Q3-T-003,1091.40945408,relay,H170,-5.45279987409,1.66210402145,True
Q3-T-003,1093.40945408,relay,H170,-5.45279987409,1.66210402145,True
Q3-T-003,1095.40945408,relay,H170,-5.45279987409,1.66210402145,True
Q3-T-003,1097.40945408,relay,H170,-5.45279987409,1.66210402145,True
Q3-T-003,1099.40945408,relay,H170,-5.45279987409,1.66210402145,True
Q3-T-003,1101.40945408,relay,H170,-5.45279987409,1.66210402145,True
Q3-T-003,1103.40945408,relay,H170,-5.45279987409,1.66210402145,True
Q3-T-003,1105.40945408,relay,H170,-5.45279987409,1.66210402145,True
Q3-T-003,1107.40945408,relay,H170,-5.45279987409,1.66210402145,True
Q3-T-003,1109.40945408,relay,H170,-5.45279987409,1.66210402145,True
Q3-T-003,1111.40945408,relay,H170,-5.45279987409,1.66210402145,True
Q3-T-003,1113.40945408,relay,H170,-5.45279987409,1.66210402145,True
Q3-T-003,1115.40945408,relay,H170,-5.45279987409,1.66210402145,True
Q3-T-003,1117.40945408,relay,H170,-5.45279987409,1.66210402145,True
Q3-T-003,1119.40945408,relay,H170,-5.45279987409,1.66210402145,True
Q3-T-003,1121.40945408,relay,H170,-5.45279987409,1.66210402145,True
Q3-T-003,1123.40945408,relay,H170,-5.45279987409,1.66210402145,True
Q3-T-003,1125.40945408,relay,H170,-5.45279987409,1.66210402145,True
Q3-T-003,1127.40945408,relay,H170,-5.45279987409,1.66210402145,True
Q3-T-003,1129.40945408,relay,H170,-5.45279987409,1.66210402145,True
Q3-T-003,1131.40945408,relay,H170,-5.45279987409,1.66210402145,True
Q3-T-003,1133.40945408,relay,H170,-5.45279987409,1.66210402145,True
Q3-T-003,1135.40945408,relay,H170,-5.45279987409,1.66210402145,True
Q3-T-003,1137.40945408,relay,H170,-5.45279987409,1.66210402145,True
Q3-T-003,1139.40945408,relay,H170,-5.45279987409,1.66210402145,True
Q3-T-003,1141.40945408,relay,H170,-5.45279987409,1.66210402145,True
Q3-T-003,1143.40945408,relay,H170,-5.45279987409,1.66210402145,True
Q3-T-003,1145.40945408,relay,H170,-5.45279987409,1.66210402145,True
Q3-T-003,1147.40945408,relay,H170,-5.45279987409,1.66210402145,True
Q3-T-003,1149.40945408,relay,H170,-5.45279987409,1.66210402145,True
Q3-T-003,1151.40945408,relay,H170,-5.45279987409,1.66210402145,True
Q3-T-003,1153.40945408,relay,H170,-5.45279987409,1.66210402145,True
Q3-T-003,1155.40945408,relay,H170,-5.45279987409,1.66210402145,True
Q3-T-003,1157.40945408,relay,H170,-5.45279987409,1.66210402145,True
Q3-T-003,1159.40945408,relay,H170,-5.45279987409,1.66210402145,True
Q3-T-003,1161.40945408,relay,H170,-5.45279987409,1.66210402145,True
Q3-T-003,1163.40945408,relay,H170,-5.45279987409,1.66210402145,True
Q3-T-003,1165.40945408,relay,H170,-5.45279987409,1.66210402145,True
Q3-T-003,1167.40945408,relay,H170,-5.45279987409,1.66210402145,True
Q3-T-003,1169.40945408,relay,H170,-5.45279987409,1.66210402145,True
Q3-T-003,1171.40945408,relay,H170,-5.45279987409,1.66210402145,True
Q3-T-003,1173.40945408,relay,H170,-5.45279987409,1.66210402145,True
Q3-T-003,1175.40945408,relay,H170,-5.45279987409,1.66210402145,True
Q3-T-003,1177.40945408,relay,H170,-5.45279987409,1.66210402145,True
Q3-T-003,1179.40945408,relay,H170,-5.45279987409,1.66210402145,True
Q3-T-003,1181.40945408,relay,H170,-5.45279987409,1.66210402145,True
Q3-T-003,1183.40945408,relay,H170,-5.45279987409,1.66210402145,True
Q3-T-003,1185.40945408,relay,H170,-5.45279987409,1.66210402145,True
Q3-T-003,1187.40945408,relay,H170,-5.45279987409,1.66210402145,True
Q3-T-003,1189.40945408,relay,H170,-5.45279987409,1.66210402145,True
Q3-T-003,1191.40945408,relay,H170,-5.45279987409,1.66210402145,True
Q3-T-003,1193.40945408,relay,H170,-5.45279987409,1.66210402145,True
Q3-T-003,1195.40945408,relay,H170,-5.45279987409,1.66210402145,True
Q3-T-003,1197.40945408,relay,H170,-5.45279987409,1.66210402145,True
Q3-T-003,1199.40945408,relay,H170,-5.45279987409,1.66210402145,True
Q3-T-003,1201.40945408,relay,H170,-5.45279987409,1.66210402145,True
Q3-T-003,1203.40945408,relay,H170,-5.45279987409,1.66210402145,True
Q3-T-003,1205.40945408,relay,H170,-5.45279987409,1.66210402145,True
Q3-T-003,1207.40945408,relay,H170,-5.45279987409,1.66210402145,True
Q3-T-003,1209.40945408,relay,H170,-5.45279987409,1.66210402145,True
Q3-T-003,1211.40945408,relay,H170,-5.45279987409,1.66210402145,True
Q3-T-003,1213.40945408,relay,H170,-5.45279987409,1.66210402145,True
Q3-T-003,1215.40945408,relay,H170,-5.45279987409,1.66210402145,True
Q3-T-003,1217.40945408,relay,H170,-5.45279987409,1.66210402145,True
Q3-T-003,1219.40945408,relay,H170,-5.45279987409,1.66210402145,True
Q3-T-003,1221.40945408,relay,H170,-5.45279987409,1.66210402145,True
Q3-T-003,1223.40945408,relay,H170,-5.45279987409,1.66210402145,True
Q3-T-003,1225.40945408,relay,H170,-5.45279987409,1.66210402145,True
Q3-T-003,1227.40945408,relay,H170,-5.45279987409,1.66210402145,True
Q3-T-003,1229.40945408,relay,H170,-5.45279987409,1.66210402145,True
Q3-T-003,1231.40945408,relay,H170,-5.45279987409,1.66210402145,True
Q3-T-003,1233.40945408,relay,H170,-5.45279987409,1.66210402145,True
Q3-T-003,1235.40945408,relay,H170,-5.45279987409,1.66210402145,True
Q3-T-003,1237.40945408,relay,H170,-5.45279987409,1.66210402145,True
Q3-T-003,1239.40945408,relay,H170,-5.45279987409,1.66210402145,True
Q3-T-003,1241.40945408,relay,H170,-5.45279987409,1.66210402145,True
Q3-T-003,1243.40945408,relay,H170,-5.45279987409,1.66210402145,True
Q3-T-003,1245.40945408,relay,H170,-5.45279987409,1.66210402145,True
Q3-T-003,1247.40945408,relay,H170,-5.45279987409,1.66210402145,True
Q3-T-003,1249.40945408,relay,H170,-5.45279987409,1.66210402145,True
Q3-T-003,1251.40945408,relay,H170,-5.45279987409,1.66210402145,True
Q3-T-003,1253.40945408,relay,H170,-5.45279987409,1.66210402145,True
Q3-T-003,1255.40945408,relay,H170,-5.45279987409,1.66210402145,True
Q3-T-003,1257.40945408,relay,H170,-5.45279987409,1.66210402145,True
Q3-T-003,1259.40945408,relay,H170,-5.45279987409,1.66210402145,True
Q3-T-003,1261.40945408,relay,H170,-5.45279987409,1.66210402145,True
Q3-T-003,1263.40945408,relay,H170,-5.45279987409,1.66210402145,True
Q3-T-003,1265.40945408,relay,H170,-5.45279987409,1.66210402145,True
Q3-T-003,1267.40945408,relay,H170,-5.45279987409,1.66210402145,True
Q3-T-003,1269.40945408,relay,H170,-5.45279987409,1.66210402145,True
Q3-T-003,1271.40945408,relay,H170,-5.45279987409,1.66210402145,True
Q3-T-003,1273.40945408,relay,H170,-5.45279987409,1.66210402145,True
Q3-T-003,1275.40945408,relay,H170,-5.45279987409,1.66210402145,True
Q3-T-003,1277.40945408,relay,H170,-5.45279987409,1.66210402145,True
Q3-T-003,1279.40945408,relay,H170,-5.45279987409,1.66210402145,True
Q3-T-003,1281.40945408,relay,H170,-5.45279987409,1.66210402145,True
Q3-T-003,1283.40945408,relay,H170,-5.45279987409,1.66210402145,True
Q3-T-003,1285.40945408,relay,H170,-5.45279987409,1.66210402145,True
Q3-T-003,1287.40945408,relay,H170,-5.45279987409,1.66210402145,True
Q3-T-003,1289.23705831,relay,H170,-5.45279987409,1.66210402145,True
Q3-T-003,1289.40945408,relay,H170,-5.45280579863,1.66218586317,True
Q3-T-003,1291.40945408,relay,H170,-5.4528772506,1.6631239647,True
Q3-T-003,1293.40945408,relay,H170,-5.45295439312,1.6640506023,True
Q3-T-003,1295.40945408,relay,H170,-5.45303722589,1.66496576858,True
Q3-T-003,1297.40945408,relay,H170,-5.45312574858,1.66586945625,True
Q3-T-003,1299.40945408,relay,H170,-5.45321996085,1.66676165809,True
Q3-T-003,1301.40945408,relay,H170,-5.45331986233,1.66764236699,True
Q3-T-003,1303.40945408,relay,H170,-5.45342545261,1.66851157593,True
Q3-T-003,1305.40945408,relay,H170,-5.4535367313,1.66936927794,True
Q3-T-003,1307.40945408,relay,H170,-5.45365369794,1.6702154662,True
Q3-T-003,1309.40945408,relay,H170,-5.45377635209,1.67105013392,True
Q3-T-003,1311.40945408,relay,H170,-5.45390469326,1.67187327444,True
Q3-T-003,1313.40945408,relay,H170,-5.45403872093,1.67268488117,True
Q3-T-003,1315.40945408,relay,H170,-5.4541784346,1.67348494761,True
Q3-T-003,1317.40945408,relay,H170,-5.45432383371,1.67427346735,True
Q3-T-003,1319.05514303,relay,H170,-5.4544475579,1.67491272173,True
Q3-T-003,1319.40945408,relay,H170,-5.44946232038,1.67929007649,True
Q3-T-003,1321.40945408,relay,H170,-5.42128362653,1.70395177076,True
Q3-T-003,1323.40945408,relay,H170,-5.39301778185,1.72857322909,True
Q3-T-003,1325.40945408,relay,H170,-5.36465516303,1.75313603152,True
Q3-T-003,1327.40945408,relay,H170,-5.3362151892,1.77764086193,True
Q3-T-003,1329.40945408,relay,H170,-5.3076662659,1.80209815362,True
Q3-T-003,1331.40945408,relay,H170,-5.27902324427,1.82650012236,True
Q3-T-003,1333.40945408,relay,H170,-5.25029009709,1.85085388039,True
Q3-T-003,1335.40945408,relay,H170,-5.22145702172,1.8751401106,True
Q3-T-003,1337.40945408,relay,H170,-5.19253258881,1.89937479368,True
Q3-T-003,1339.40945408,relay,H170,-5.16350692204,1.92353824632,True
Q3-T-003,1341.40945408,relay,H170,-5.13439986661,1.94763207654,True
Q3-T-003,1343.40945408,relay,H170,-5.10517905742,1.97166553659,True
Q3-T-003,1345.40945408,relay,H170,-5.07586435131,1.9956405256,True
Q3-T-003,1347.40945408,relay,H170,-5.04644572106,2.01953661613,True
Q3-T-003,1349.40945408,relay,H170,-5.01692716498,2.04336115791,True
Q3-T-003,1351.40945408,relay,H170,-4.98731273829,2.06712181549,True
Q3-T-003,1353.40945408,relay,H170,-4.95759229743,2.09079759338,True
Q3-T-003,1355.40945408,relay,H170,-4.92778613198,2.11439110384,True
Q3-T-003,1357.40945408,relay,H170,-4.89786106698,2.13791031032,True
Q3-T-003,1359.40945408,relay,H170,-4.86783740353,2.16135812607,True
Q3-T-003,1361.40945408,relay,H170,-4.83770483854,2.18471278614,True
Q3-T-003,1363.40945408,relay,H170,-4.80747226793,2.20799217928,True
Q3-T-003,1365.40945408,relay,H170,-4.77712930684,2.23117415098,True
Q3-T-003,1367.40945408,relay,H170,-4.74669177218,2.25425197263,True
Q3-T-003,1369.40945408,relay,H170,-4.71614036818,2.27726322455,True
Q3-T-003,1371.40945408,relay,H170,-4.68547628181,2.30017050118,True
Q3-T-003,1373.40945408,relay,H170,-4.65470853973,2.3229924722,True
Q3-T-003,1375.40945408,relay,H170,-4.62382654672,2.34570599676,True
Q3-T-003,1377.40945408,relay,H170,-4.59283938265,2.36833006443,True
Q3-T-003,1379.40945408,relay,H170,-4.56173636564,2.39084113537,True
Q3-T-003,1381.40945408,relay,H170,-4.53053866292,2.41324391725,True
Q3-T-003,1383.40945408,relay,H170,-4.49921148067,2.43554369189,True
Q3-T-003,1385.40945408,relay,H170,-4.46777096948,2.4577344017,True
Q3-T-003,1387.40945408,relay,H170,-4.43622135295,2.47982495463,True
Q3-T-003,1389.40945408,relay,H170,-4.40455172599,2.50179080456,True
Q3-T-003,1391.40945408,relay,H170,-4.37277135884,2.52365209458,True
Q3-T-003,1393.40945408,relay,H170,-4.34088155349,2.54536934397,True
Q3-T-003,1395.40945408,relay,H170,-4.30886708296,2.56699210955,True
Q3-T-003,1397.40945408,relay,H170,-4.27672911052,2.58848048903,True
Q3-T-003,1399.40945408,relay,H170,-4.24447701816,2.60985530843,True
Q3-T-003,1401.40945408,relay,H170,-4.21209961978,2.63109080227,True
Q3-T-003,1403.40945408,relay,H170,-4.1796011568,2.6521962163,True
Q3-T-003,1405.40945408,relay,H170,-4.14698593784,2.67318116176,True
Q3-T-003,1407.40945408,relay,H170,-4.11425525458,2.69400486331,True
Q3-T-003,1409.40945408,relay,H170,-4.08139343153,2.71471784299,True
Q3-T-003,1411.40945408,relay,H170,-4.04840161321,2.73527889552,True
Q3-T-003,1413.40945408,relay,H170,-4.01528938243,2.75571008369,True
Q3-T-003,1415.40945408,relay,H170,-3.98204520558,2.77598421353,True
Q3-T-003,1417.40945408,relay,H170,-3.94867872412,2.79612371082,True
Q3-T-003,1419.40945408,relay,H170,-3.91517830096,2.81610097418,True
Q3-T-003,1421.40945408,relay,H170,-3.88156122474,2.83591178441,True
Q3-T-003,1423.40945408,relay,H170,-3.84780600603,2.85559498305,True
Q3-T-003,1425.40945408,relay,H170,-3.81391376542,2.87510811366,True
Q3-T-003,1427.40945408,relay,H170,-3.77989429338,2.89447452771,True
Q3-T-003,1429.40945408,relay,H170,-3.74573568558,2.91366561069,True
Q3-T-003,1431.40945408,relay,H170,-3.71144779309,2.93270509157,True
Q3-T-003,1433.40945408,relay,H170,-3.67703187633,2.95154993266,True
Q3-T-003,1435.40945408,relay,H170,-3.64247134985,2.97025232295,True
Q3-T-003,1437.40945408,relay,H170,-3.60776730894,2.98876878963,True
Q3-T-003,1439.40945408,relay,H170,-3.57292415459,3.00711015358,True
Q3-T-003,1441.40945408,relay,H170,-3.5379463633,3.02528762595,True
Q3-T-003,1443.40945408,relay,H170,-3.50282163432,3.04327119614,True
Q3-T-003,1445.40945408,relay,H170,-3.46756003531,3.06108594501,True
Q3-T-003,1447.40945408,relay,H170,-3.43216280173,3.07868772902,True
Q3-T-003,1449.40945408,relay,H170,-3.39661281119,3.09612955028,True
Q3-T-003,1451.40945408,relay,H170,-3.3609111229,3.11336683378,True
Q3-T-003,1453.40945408,relay,H170,-3.32506793143,3.13042545306,True
Q3-T-003,1455.40945408,relay,H170,-3.28907057366,3.14727423381,True
Q3-T-003,1457.40945408,relay,H170,-3.25292352649,3.16392489461,True
Q3-T-003,1459.40945408,relay,H170,-3.2166453443,3.18037609602,True
Q3-T-003,1461.40945408,relay,H170,-3.18019523845,3.19662305965,True
Q3-T-003,1463.40945408,relay,H170,-3.14359750431,3.21267916257,True
Q3-T-003,1465.40945408,relay,H170,-3.10683915942,3.22851229276,True
Q3-T-003,1467.40945408,relay,H170,-3.06993062582,3.24414974228,True
Q3-T-003,1469.40945408,relay,H170,-3.03285878855,3.25955903378,True
Q3-T-003,1471.40945408,relay,H170,-2.9956341359,3.27476787103,True
Q3-T-003,1473.40945408,relay,H170,-2.95825783721,3.28973035031,True
Q3-T-003,1475.40945408,relay,H170,-2.92070566346,3.30448535783,True
Q3-T-003,1477.40945408,relay,H170,-2.88299660548,3.31903285808,True
Q3-T-003,1479.40945408,relay,H170,-2.84511720441,3.33333948867,True
Q3-T-003,1481.40945408,relay,H170,-2.80707811656,3.34743399273,True
Q3-T-003,1483.40945408,relay,H170,-2.76886574019,3.36128266618,True
Q3-T-003,1485.40945408,relay,H170,-2.73049079977,3.37491467133,True
Q3-T-003,1487.40945408,relay,H170,-2.69195441569,3.38828335087,True
Q3-T-003,1489.40945408,relay,H170,-2.65323771102,3.40144359503,True
Q3-T-003,1491.40945408,relay,H170,-2.61434159104,3.41434835291,True
Q3-T-003,1493.40945408,relay,H170,-2.57527066733,3.42701135873,True
Q3-T-003,1495.40945408,relay,H170,-2.53602964209,3.43944674241,True
Q3-T-003,1497.40945408,relay,H170,-2.49660438763,3.45161966698,True
Q3-T-003,1499.40945408,relay,H170,-2.45702114645,3.46354858388,True
Q3-T-003,1501.40945408,relay,H170,-2.41723515186,3.47522280302,True
Q3-T-003,1503.40945408,relay,H170,-2.37727264732,3.48666112402,True
Q3-T-003,1505.40945408,relay,H170,-2.33711918518,3.49782811087,True
Q3-T-003,1507.40945408,relay,H170,-2.29678587373,3.50875524874,True
Q3-T-003,1509.40945408,relay,H170,-2.25625809959,3.51940681635,True
Q3-T-003,1511.40945408,relay,H170,-2.21554052758,3.5297976492,True
Q3-T-003,1513.40945408,relay,H170,-2.17465369862,3.53993133842,True
Q3-T-003,1515.40945408,relay,H170,-2.13355125857,3.54979509618,True
Q3-T-003,1517.40945408,relay,H170,-2.09226020037,3.55940974986,True
Q3-T-003,1519.40945408,relay,H170,-2.05076547859,3.56873890907,True
Q3-T-003,1521.40945408,relay,H170,-2.00907845282,3.57781553302,True
Q3-T-003,1523.40945408,relay,H170,-1.96718389723,3.58660298188,True
Q3-T-003,1525.40945408,relay,H170,-1.92510948327,3.59512352682,True
Q3-T-003,1527.40945408,relay,H170,-1.88280740105,3.60336259141,True
Q3-T-003,1529.40945408,relay,H170,-1.84029851451,3.61132495571,True
Q3-T-003,1531.40945408,relay,H170,-1.79758762948,3.61902696088,True
Q3-T-003,1533.40945408,relay,H170,-1.75465904892,3.62643139122,True
Q3-T-003,1535.40945408,relay,H170,-1.71152438815,3.63357265425,True
Q3-T-003,1537.40945408,relay,H170,-1.66816775303,3.64041332334,True
Q3-T-003,1539.40945408,relay,H170,-1.62461764269,3.64697776723,True
Q3-T-003,1541.40945408,relay,H170,-1.58082442529,3.653249348,True
Q3-T-003,1543.40945408,relay,H170,-1.53680954614,3.65923439494,True
Q3-T-003,1545.40945408,relay,H170,-1.49257783214,3.6649501246,True
Q3-T-003,1547.40945408,relay,H170,-1.44811287328,3.6703586329,True
Q3-T-003,1549.40945408,relay,H170,-1.40342654343,3.67549572826,True
Q3-T-003,1551.40945408,relay,H170,-1.35850221634,3.68032333571,True
Q3-T-003,1553.40945408,relay,H170,-1.31336926273,3.68486791641,True
Q3-T-003,1555.40945408,relay,H170,-1.2679760799,3.68911081221,True
Q3-T-003,1557.40945408,relay,H170,-1.22235202248,3.69307876206,True
Q3-T-003,1559.40945408,relay,H170,-1.17648001361,3.69673338394,True
Q3-T-003,1561.40945408,relay,H170,-1.13036476883,3.70009268593,True
Q3-T-003,1563.40945408,relay,H170,-1.08401111836,3.70317498664,True
Q3-T-003,1565.40945408,relay,H170,-1.03741961477,3.70593261087,True
Q3-T-003,1567.40945408,relay,H170,-0.990566593527,3.70842135686,True
Q3-T-003,1569.40945408,relay,H170,-0.943452265911,3.71059332132,True
Q3-T-003,1571.40945408,relay,H170,-0.896088912617,3.71248636172,True
Q3-T-003,1573.40945408,relay,H170,-0.848458604207,3.7140616693,True
Q3-T-003,1575.40945408,relay,H170,-0.800573694671,3.71535744807,True
Q3-T-003,1577.40945408,relay,H170,-0.752415994546,3.71633479285,True
Q3-T-003,1579.40945408,relay,H170,-0.70400886635,3.71700448537,True
Q3-T-003,1581.40945408,relay,H170,-0.655319837776,3.71740261836,True
Q3-T-003,1583.40945408,relay,H170,-0.606348897936,3.71748173944,True
Q3-T-003,1585.40945408,relay,H170,-0.557108581851,3.71728087653,True
Q3-T-003,1587.40945408,relay,H170,-0.507580014773,3.71676093185,True
Q3-T-003,1589.40945408,relay,H170,-0.45777580301,3.71596124464,True
Q3-T-003,1591.40945408,relay,H170,-0.407696117221,3.71483504477,True
Q3-T-003,1593.40945408,relay,H170,-0.357315077042,3.71343731757,True
Q3-T-003,1595.40945408,relay,H170,-0.306632443633,3.71172112809,True
Q3-T-003,1597.40945408,relay,H170,-0.255652801628,3.70970655734,True
Q3-T-003,1599.40945408,relay,H170,-0.204380864727,3.7074139046,True
Q3-T-003,1601.40945408,relay,H170,-0.15279670429,3.70480391405,True
Q3-T-003,1603.40945408,relay,H170,-0.100913168292,3.70191692326,True
Q3-T-003,1605.40945408,relay,H170,-0.0487301535534,3.69870687153,True
Q3-T-003,1607.40945408,relay,H170,0.00377960217324,3.69522803898,True
Q3-T-003,1609.40945408,relay,H170,0.056616657182,3.69143423243,True
Q3-T-003,1611.40945408,relay,H170,0.109768032837,3.68736629098,True
Q3-T-003,1613.40945408,relay,H170,0.163254662244,3.68298492065,True
Q3-T-003,1615.40945408,direct,,0.217072121303,,True
Q3-T-003,1617.40945408,direct,,0.271215849767,,True
Q3-T-003,1619.40945408,direct,,0.32568628769,,True
Q3-T-003,1621.40945408,direct,,0.38051224122,,True
Q3-T-003,1623.40945408,direct,,0.435694659249,,True
Q3-T-003,1625.40945408,direct,,0.49122035366,,True
Q3-T-003,1627.40945408,direct,,0.547111568583,,True
Q3-T-003,1629.40945408,direct,,0.6033550618,,True
Q3-T-003,1631.40945408,direct,,0.659951624458,,True
Q3-T-003,1633.40945408,direct,,0.716940664282,,True
Q3-T-003,1635.40945408,direct,,0.774296155209,,True
Q3-T-003,1637.40945408,direct,,0.832041384948,,True
Q3-T-003,1639.40945408,direct,,0.890162990724,,True
Q3-T-003,1641.40945408,direct,,0.948684706064,,True
Q3-T-003,1643.40945408,direct,,1.00759312679,,True
Q3-T-003,1645.40945408,direct,,1.06688954466,,True
Q3-T-003,1647.40945408,direct,,1.12660617139,,True
Q3-T-003,1649.40945408,direct,,1.18674493617,,True
Q3-T-003,1651.40945408,direct,,1.24730206649,,True
Q3-T-003,1653.40945408,direct,,1.30827364256,,True
Q3-T-003,1655.40945408,direct,,1.36968510347,,True
Q3-T-003,1657.40945408,direct,,1.43149905504,,True
Q3-T-003,1659.40945408,direct,,1.49378906822,,True
Q3-T-003,1661.40945408,direct,,1.55651790156,,True
Q3-T-003,1663.40945408,direct,,1.61971208396,,True
Q3-T-003,1665.40945408,direct,,1.68335808082,,True
Q3-T-003,1667.40945408,direct,,1.74748300179,,True
Q3-T-003,1669.40945408,direct,,1.81208366152,,True
Q3-T-003,1671.40945408,direct,,1.87713158652,,True
Q3-T-003,1673.40945408,direct,,1.94270489488,,True
Q3-T-003,1675.40945408,direct,,2.00876511489,,True
Q3-T-003,1677.40945408,direct,,2.07534092478,,True
Q3-T-003,1679.40945408,direct,,2.14241882821,,True
Q3-T-003,1681.40945408,direct,,2.21002818243,,True
Q3-T-003,1683.40945408,direct,,2.27815552601,,True
Q3-T-003,1685.40945408,direct,,2.34680439562,,True
Q3-T-003,1687.40945408,direct,,2.41602532341,,True
Q3-T-003,1689.40945408,direct,,2.4857895203,,True
Q3-T-003,1691.40945408,direct,,2.55612818783,,True
Q3-T-003,1693.40945408,direct,,2.627028011,,True
Q3-T-003,1695.40945408,direct,,2.69852099429,,True
Q3-T-003,1697.40945408,direct,,2.77056605424,,True
Q3-T-003,1699.40945408,direct,,2.84325151525,,True
Q3-T-003,1701.40945408,direct,,2.91653662764,,True
Q3-T-003,1703.40945408,direct,,2.99045512855,,True
Q3-T-003,1705.40945408,direct,,3.06500596913,,True
Q3-T-003,1707.40945408,direct,,3.14018796933,,True
Q3-T-003,1709.40945408,direct,,3.21603628985,,True
Q3-T-003,1711.40945408,direct,,3.29250858686,,True
Q3-T-003,1713.40945408,direct,,3.36969992039,,True
Q3-T-003,1715.40945408,direct,,3.44756839051,,True
Q3-T-003,1717.40945408,direct,,3.52615124547,,True
Q3-T-003,1719.40945408,direct,,3.60543611527,,True
Q3-T-003,1721.40945408,direct,,3.68546138332,,True
Q3-T-003,1723.40945408,direct,,3.76619665404,,True
Q3-T-003,1725.40945408,direct,,3.84770481359,,True
Q3-T-003,1727.40945408,direct,,3.92999513935,,True
Q3-T-003,1729.40945408,direct,,4.01305594811,,True
Q3-T-003,1731.40945408,direct,,4.09692876942,,True
Q3-T-003,1733.40945408,direct,,4.18160226525,,True
Q3-T-003,1735.40945408,direct,,4.26711936354,,True
Q3-T-003,1737.40945408,direct,,4.35343571948,,True
Q3-T-003,1739.40945408,direct,,4.44066221311,,True
Q3-T-003,1741.40945408,direct,,4.52876940925,,True
Q3-T-003,1743.40945408,direct,,14.6177609066,,True
Q3-T-003,1745.40945408,direct,,14.7076835436,,True
Q3-T-003,1747.40945408,direct,,14.7985276018,,True
Q3-T-003,1749.40945408,direct,,14.8903416737,,True
Q3-T-003,1751.40945408,direct,,14.9830807501,,True
Q3-T-003,1753.40945408,direct,,15.0768667101,,True
Q3-T-003,1755.40945408,direct,,15.1716556091,,True
Q3-T-003,1757.40945408,direct,,15.2674999336,,True
Q3-T-003,1759.40945408,direct,,15.3644075866,,True
Q3-T-003,1761.40945408,direct,,15.4623865554,,True
Q3-T-003,1763.40945408,direct,,15.5614542817,,True
Q3-T-003,1765.40945408,direct,,15.6616807334,,True
Q3-T-003,1767.40945408,direct,,15.7630862064,,True
Q3-T-003,1769.40945408,direct,,15.8656654487,,True
Q3-T-003,1771.40945408,direct,,15.9694792948,,True
Q3-T-003,1773.40945408,direct,,16.0745236758,,True
Q3-T-003,1775.40945408,direct,,16.1808622581,,True
Q3-T-003,1777.40945408,direct,,16.2884679176,,True
Q3-T-003,1779.40945408,direct,,16.3974383641,,True
Q3-T-003,1781.40945408,direct,,16.5078007995,,True
Q3-T-003,1783.40945408,direct,,16.6195548291,,True
Q3-T-003,1785.40945408,direct,,16.7327723123,,True
Q3-T-003,1787.40945408,direct,,16.8474546721,,True
Q3-T-003,1789.40945408,direct,,16.9636325506,,True
Q3-T-003,1791.40945408,direct,,17.0813988664,,True
Q3-T-003,1793.40945408,direct,,17.2007890183,,True
Q3-T-003,1795.40945408,direct,,17.3218282798,,True
Q3-T-003,1797.40945408,direct,,17.4445426831,,True
Q3-T-003,1799.40945408,direct,,17.5690190774,,True
Q3-T-003,1801.40945408,direct,,17.6952673982,,True
Q3-T-003,1803.40945408,direct,,17.8233301126,,True
Q3-T-003,1805.40945408,direct,,17.9533189643,,True
Q3-T-003,1807.40945408,direct,,18.0852829744,,True
Q3-T-003,1809.40945408,direct,,18.2192389854,,True
Q3-T-003,1811.40945408,direct,,18.3552914316,,True
Q3-T-003,1813.40945408,direct,,18.4934835995,,True
Q3-T-003,1815.40945408,direct,,18.633860424,,True
Q3-T-003,1817.40945408,direct,,18.7764820942,,True
Q3-T-003,1819.40945408,direct,,18.9214869548,,True
Q3-T-003,1821.40945408,direct,,19.0689445907,,True
Q3-T-003,1823.40945408,direct,,19.2188895156,,True
Q3-T-003,1825.40945408,direct,,19.3714553285,,True
Q3-T-003,1827.40945408,direct,,19.5266834165,,True
Q3-T-003,1829.40945408,direct,,19.6846567853,,True
Q3-T-003,1831.40945408,direct,,19.8455722977,,True
Q3-T-003,1833.40945408,direct,,20.0094484725,,True
Q3-T-003,1835.40945408,direct,,20.1764485711,,True
Q3-T-003,1837.40945408,direct,,20.3466363581,,True
Q3-T-003,1839.40945408,direct,,20.5201899009,,True
Q3-T-003,1841.40945408,direct,,20.6971846102,,True
Q3-T-003,1843.40945408,direct,,20.8777452834,,True
Q3-T-003,1845.40945408,direct,,21.0620999531,,True
Q3-T-003,1847.40945408,direct,,21.2503943338,,True
Q3-T-003,1849.40945408,direct,,21.4427645878,,True
Q3-T-003,1851.40945408,direct,,21.6393546672,,True
Q3-T-003,1853.40945408,direct,,21.8404142571,,True
Q3-T-003,1855.40945408,direct,,22.0459981609,,True
Q3-T-003,1857.40945408,direct,,22.2565426306,,True
Q3-T-003,1859.40945408,direct,,22.4721288683,,True
Q3-T-003,1861.40945408,direct,,22.6930680721,,True
Q3-T-003,1863.40945408,direct,,22.9195490547,,True
Q3-T-003,1865.40945408,direct,,23.1519221195,,True
Q3-T-003,1867.40945408,direct,,23.3904498818,,True
Q3-T-003,1869.40945408,direct,,23.6353176359,,True
Q3-T-003,1871.40945408,direct,,23.8871367832,,True
Q3-T-003,1873.40945408,direct,,24.1461051487,,True
Q3-T-003,1875.40945408,direct,,24.4127058685,,True
Q3-T-003,1877.40945408,direct,,24.6872861383,,True
Q3-T-003,1879.40945408,direct,,24.9704010818,,True
Q3-T-003,1881.40945408,direct,,25.2624660994,,True
Q3-T-003,1883.40945408,direct,,25.5640044873,,True
Q3-T-003,1885.40945408,direct,,25.8757965566,,True
Q3-T-003,1887.40945408,direct,,26.1983203336,,True
Q3-T-003,1889.40945408,direct,,26.5323781827,,True
Q3-T-003,1891.40945408,direct,,26.87862206,,True
Q3-T-003,1893.40945408,direct,,27.2379850715,,True
Q3-T-003,1895.40945408,direct,,27.6110960945,,True
Q3-T-003,1897.40945408,direct,,27.9993221545,,True
Q3-T-003,1899.40945408,direct,,28.4034305539,,True
Q3-T-003,1901.40945408,direct,,28.8246519214,,True
Q3-T-003,1903.40945408,direct,,29.2640862227,,True
Q3-T-003,1905.40945408,direct,,29.7228666435,,True
Q3-T-003,1907.40945408,direct,,30.2023618792,,True
Q3-T-003,1909.40945408,direct,,30.7034054136,,True
Q3-T-003,1911.40945408,direct,,31.2276020888,,True
Q3-T-003,1913.40945408,direct,,31.7753906808,,True
Q3-T-003,1915.40945408,direct,,32.3472556845,,True
Q3-T-003,1917.40945408,direct,,32.9424948274,,True
Q3-T-003,1919.40945408,direct,,33.559422867,,True
Q3-T-003,1921.40945408,direct,,34.1936841465,,True
Q3-T-003,1923.40945408,direct,,34.8383869762,,True
Q3-T-003,1925.40945408,direct,,35.4814523373,,True
Q3-T-003,1927.40945408,direct,,36.104101313,,True
Q3-T-003,1929.40945408,direct,,36.6798781009,,True
Q3-T-003,1931.40945408,direct,,37.1736901362,,True
Q3-T-003,1933.40945408,direct,,37.5454572311,,True
Q3-T-003,1935.40945408,direct,,37.7569187088,,True
Q3-T-003,1936.68296086,direct,,37.7957806996,,True
Q3-T-003,1937.40945408,direct,,37.8938294519,,True
Q3-T-003,1939.40945408,direct,,38.1705793067,,True
Q3-T-003,1941.40945408,direct,,38.456437988,,True
Q3-T-003,1943.40945408,direct,,38.7520255707,,True
Q3-T-003,1945.40945408,direct,,39.0580276837,,True
Q3-T-003,1947.40945408,direct,,39.3752050898,,True
Q3-T-003,1949.40945408,direct,,39.7044050804,,True
Q3-T-003,1951.40945408,direct,,40.046575117,,True
Q3-T-003,1953.40945408,direct,,40.4027792714,,True
Q3-T-003,1955.40945408,direct,,40.7742181831,,True
Q3-T-003,1957.40945408,direct,,41.1622534782,,True
Q3-T-003,1959.40945408,direct,,41.5684379027,,True
Q3-T-003,1961.40945408,direct,,41.9945528531,,True
Q3-T-003,1963.40945408,direct,,42.4426555976,,True
Q3-T-003,1965.40945408,direct,,42.9151393549,,True
Q3-T-003,1967.40945408,direct,,43.4148106731,,True
Q3-T-003,1969.40945408,direct,,43.944990456,,True
Q3-T-003,1971.40945408,direct,,44.5096478766,,True
Q3-T-003,1973.40945408,direct,,45.1135809224,,True
Q3-T-003,1975.40945408,direct,,45.7626645308,,True
Q3-T-003,1977.40945408,direct,,46.4641991507,,True
Q3-T-003,1979.40945408,direct,,47.2274128351,,True
Q3-T-003,1981.40945408,direct,,48.0642059242,,True
Q3-T-003,1983.40945408,direct,,48.9902941604,,True
Q3-T-003,1985.40945408,direct,,50.0270370404,,True
Q3-T-003,1987.40945408,direct,,51.2045123101,,True
Q3-T-003,1989.40945408,direct,,52.5670190525,,True
Q3-T-003,1991.40945408,direct,,54.1837511344,,True
Q3-T-003,1993.40945408,direct,,56.171849954,,True
Q3-T-003,1995.40945408,direct,,58.7544313011,,True
Q3-T-003,1997.40945408,direct,,62.4463352798,,True
Q3-T-003,1999.40945408,direct,,68.9981157635,,True
Q3-T-003,2001.40945408,direct,,86.9820146256,,True
Q3-T-003,2003.40945408,direct,,67.0442793341,,True
Q3-T-003,2005.40945408,direct,,61.4724968018,,True
Q3-T-003,2007.40945408,direct,,58.1055833127,,True
Q3-T-003,2009.18466254,direct,,55.9251752525,,True
Q3-T-004,335.409454083,direct,,55.9251752525,,True
Q3-T-004,337.409454083,direct,,59.0232144522,,True
Q3-T-004,339.409454083,direct,,63.8839754259,,True
Q3-T-004,341.409454083,direct,,75.9251752525,,True
Q3-T-004,343.409454083,direct,,69.9045753392,,True
Q3-T-004,345.409454083,direct,,61.9457751658,,True
Q3-T-004,347.409454083,direct,,57.8633755126,,True
Q3-T-004,349.409454083,direct,,55.0973215493,,True
Q3-T-004,351.409454083,direct,,53.0026145389,,True
Q3-T-004,353.409454083,direct,,51.3161968249,,True
Q3-T-004,355.409454083,direct,,49.9045753392,,True
Q3-T-004,357.409454083,direct,,48.6906185321,,True
Q3-T-004,359.409454083,direct,,47.6257082931,,True
Q3-T-004,361.409454083,direct,,46.6772152945,,True
Q3-T-004,363.409454083,direct,,45.8221756861,,True
Q3-T-004,365.409454083,direct,,45.0438143655,,True
Q3-T-004,367.409454083,direct,,44.3295033202,,True
Q3-T-004,369.409454083,direct,,43.6694981181,,True
Q3-T-004,371.409454083,direct,,43.0561217228,,True
Q3-T-004,373.409454083,direct,,42.4832180938,,True
Q3-T-004,375.409454083,direct,,41.9457751658,,True
Q3-T-004,377.409454083,direct,,41.4396578605,,True
Q3-T-004,379.409454083,direct,,40.9614147124,,True
Q3-T-004,381.409454083,direct,,40.5081350196,,True
Q3-T-004,383.409454083,direct,,40.0773414625,,True
Q3-T-004,385.409454083,direct,,39.6669081196,,True
Q3-T-004,387.409454083,direct,,39.2749969984,,True
Q3-T-004,389.409454083,direct,,38.9000082781,,True
Q3-T-004,391.409454083,direct,,38.5405408579,,True
Q3-T-004,393.409454083,direct,,38.195360749,,True
Q3-T-004,395.409454083,direct,,37.8633755126,,True
Q3-T-004,397.409454083,direct,,37.543613405,,True
Q3-T-004,399.409454083,direct,,37.2352062276,,True
Q3-T-004,401.409454083,direct,,36.9373751196,,True
Q3-T-004,403.409454083,direct,,36.6494187056,,True
Q3-T-004,405.409454083,direct,,36.3707031467,,True
Q3-T-004,407.409454083,direct,,36.1006537386,,True
Q3-T-004,409.409454083,direct,,35.8387477768,,True
Q3-T-004,411.409454083,direct,,35.5845084665,,True
Q3-T-004,413.409454083,direct,,35.3374996988,,True
Q3-T-004,415.409454083,direct,,35.0973215493,,True
Q3-T-004,417.409454083,direct,,34.8636063828,,True
Q3-T-004,419.409454083,direct,,34.6360154679,,True
Q3-T-004,421.409454083,direct,,34.4142360246,,True
Q3-T-004,423.409454083,direct,,34.197978639,,True
Q3-T-004,425.409454083,direct,,33.9869749923,,True
Q3-T-004,427.409454083,direct,,33.7809758595,,True
Q3-T-004,429.409454083,direct,,33.5797493394,,True
Q3-T-004,431.409454083,direct,,33.3830792852,,True
Q3-T-004,433.409454083,direct,,33.1907639094,,True
Q3-T-004,435.409454083,direct,,33.0026145389,,True
Q3-T-004,437.409454083,direct,,32.8184545032,,True
Q3-T-004,438.054965949,direct,,32.7597351594,,True
Q3-T-004,439.409454083,direct,,32.7459156547,,True
Q3-T-004,441.409454083,direct,,32.6756886403,,True
Q3-T-004,443.409454083,direct,,32.5486743596,,True
Q3-T-004,445.409454083,direct,,32.3698140496,,True
Q3-T-004,447.409454083,direct,,32.1452498609,,True
Q3-T-004,449.409454083,direct,,31.8822364119,,True
Q3-T-004,451.409454083,direct,,31.5878204434,,True
Q3-T-004,453.409454083,direct,,31.2691930488,,True
Q3-T-004,455.409454083,direct,,30.9324282471,,True
Q3-T-004,457.409454083,direct,,30.5833237019,,True
Q3-T-004,459.409454083,direct,,30.2262685523,,True
Q3-T-004,461.409454083,direct,,29.8653864383,,True
Q3-T-004,463.409454083,direct,,29.5034652871,,True
Q3-T-004,465.409454083,direct,,29.1432127953,,True
Q3-T-004,467.409454083,direct,,28.7861963786,,True
Q3-T-004,469.409454083,direct,,28.4340996953,,True
Q3-T-004,471.409454083,direct,,28.0876614982,,True
Q3-T-004,473.409454083,direct,,27.7478850213,,True
Q3-T-004,475.409454083,direct,,27.4149851426,,True
Q3-T-004,477.409454083,direct,,27.0895353897,,True
Q3-T-004,479.409454083,direct,,26.7714367131,,True
Q3-T-004,481.409454083,direct,,26.4610005849,,True
Q3-T-004,483.409454083,direct,,26.1579497183,,True
Q3-T-004,485.409454083,direct,,25.8624405282,,True
Q3-T-004,487.409454083,direct,,25.5741019474,,True
Q3-T-004,489.409454083,direct,,25.2930017952,,True
Q3-T-004,491.409454083,direct,,25.0187264275,,True
Q3-T-004,493.409454083,direct,,24.7512956086,,True
Q3-T-004,495.409454083,direct,,24.490283421,,True
Q3-T-004,497.409454083,direct,,24.2356859207,,True
Q3-T-004,499.409454083,direct,,23.9870823235,,True
Q3-T-004,501.409454083,direct,,23.7444593347,,True
Q3-T-004,503.409454083,direct,,23.507410848,,True
Q3-T-004,505.409454083,direct,,23.2759224618,,True
Q3-T-004,507.409454083,direct,,23.0496075499,,True
Q3-T-004,509.409454083,direct,,22.8284551317,,True
Q3-T-004,511.409454083,direct,,22.6121000397,,True
Q3-T-004,513.409454083,direct,,22.4005370024,,True
Q3-T-004,515.409454083,direct,,22.1934226413,,True
Q3-T-004,517.409454083,direct,,21.9907583493,,True
Q3-T-004,519.409454083,direct,,21.7922219363,,True
Q3-T-004,521.409454083,direct,,21.597821639,,True
Q3-T-004,523.409454083,direct,,21.4073314131,,True
Q3-T-004,525.409454083,direct,,21.2205379232,,True
Q3-T-004,527.409454083,direct,,21.0374591127,,True
Q3-T-004,529.409454083,direct,,20.857820503,,True
Q3-T-004,531.409454083,direct,,20.681645853,,True
Q3-T-004,533.409454083,direct,,20.5086773412,,True
Q3-T-004,535.409454083,direct,,20.3389439316,,True
Q3-T-004,537.409454083,direct,,20.1722030946,,True
Q3-T-004,539.409454083,direct,,20.0084883834,,True
Q3-T-004,541.409454083,direct,,19.8475712719,,True
Q3-T-004,543.409454083,direct,,19.6894893125,,True
Q3-T-004,545.409454083,direct,,19.5340267894,,True
Q3-T-004,547.409454083,direct,,19.3812247063,,True
Q3-T-004,549.409454083,direct,,19.230879064,,True
Q3-T-004,551.409454083,direct,,19.0830338189,,True
Q3-T-004,553.409454083,direct,,18.9374956943,,True
Q3-T-004,555.409454083,direct,,18.7943111513,,True
Q3-T-004,557.409454083,direct,,18.6532967351,,True
Q3-T-004,559.409454083,direct,,18.5145010138,,True
Q3-T-004,561.409454083,direct,,18.3777495409,,True
Q3-T-004,563.409454083,direct,,18.2430926404,,True
Q3-T-004,565.409454083,direct,,18.1103641409,,True
Q3-T-004,567.409454083,direct,,17.9796158129,,True
Q3-T-004,569.409454083,direct,,17.8506890998,,True
Q3-T-004,571.409454083,direct,,17.7236369483,,True
Q3-T-004,573.409454083,direct,,17.5983078204,,True
Q3-T-004,575.409454083,direct,,17.474755603,,True
Q3-T-004,577.409454083,direct,,17.3528352401,,True
Q3-T-004,579.409454083,direct,,17.2325888059,,True
Q3-T-004,581.409454083,direct,,17.1139025006,,True
Q3-T-004,583.409454083,direct,,16.9968187843,,True
Q3-T-004,585.409454083,direct,,16.8812041565,,True
Q3-T-004,587.409454083,direct,,16.7671141946,,True
Q3-T-004,589.409454083,direct,,16.6544205596,,True
Q3-T-004,591.409454083,direct,,16.5431790948,,True
Q3-T-004,593.409454083,direct,,6.43326626323,,True
Q3-T-004,595.409454083,direct,,6.32473805756,,True
Q3-T-004,597.409454083,direct,,6.21747541616,,True
Q3-T-004,599.409454083,direct,,6.11153438045,,True
Q3-T-004,601.409454083,direct,,6.00680006709,,True
Q3-T-004,603.409454083,direct,,5.90332847934,,True
Q3-T-004,605.409454083,direct,,5.80100864149,,True
Q3-T-004,607.409454083,direct,,5.69989644378,,True
Q3-T-004,609.409454083,direct,,5.59988457112,,True
Q3-T-004,611.409454083,direct,,5.50102873635,,True
Q3-T-004,613.409454083,direct,,5.40322505912,,True
Q3-T-004,615.409454083,direct,,5.30652901973,,True
Q3-T-004,617.409454083,direct,,5.21083996566,,True
Q3-T-004,619.409454083,direct,,5.1162130975,,True
Q3-T-004,621.409454083,direct,,5.02255080074,,True
Q3-T-004,623.409454083,direct,,4.92990795606,,True
Q3-T-004,625.409454083,direct,,4.8381898125,,True
Q3-T-004,627.409454083,direct,,4.74745089676,,True
Q3-T-004,629.409454083,direct,,4.65763519885,,True
Q3-T-004,631.409454083,direct,,4.56868874857,,True
Q3-T-004,633.409454083,direct,,4.48066548917,,True
Q3-T-004,635.409454083,direct,,4.39347715272,,True
Q3-T-004,637.409454083,direct,,4.30717726503,,True
Q3-T-004,639.409454083,direct,,4.22167991177,,True
Q3-T-004,641.409454083,direct,,4.13703818309,,True
Q3-T-004,643.409454083,direct,,4.05316839649,,True
Q3-T-004,645.409454083,direct,,3.97012319153,,True
Q3-T-004,647.409454083,direct,,3.88782100462,,True
Q3-T-004,649.409454083,direct,,3.80631401267,,True
Q3-T-004,651.409454083,direct,,3.72552266621,,True
Q3-T-004,653.409454083,direct,,3.64549866997,,True
Q3-T-004,655.409454083,direct,,3.56616439108,,True
Q3-T-004,657.409454083,direct,,3.4875710548,,True
Q3-T-004,659.409454083,direct,,3.40964285409,,True
Q3-T-004,661.409454083,direct,,3.3324305293,,True
Q3-T-004,663.409454083,direct,,3.25586001459,,True
Q3-T-004,665.409454083,direct,,3.17998156171,,True
Q3-T-004,667.409454083,direct,,3.10472276693,,True
Q3-T-004,669.409454083,direct,,3.03013339114,,True
Q3-T-004,671.409454083,direct,,2.95614261887,,True
Q3-T-004,673.409454083,direct,,2.8827997191,,True
Q3-T-004,675.409454083,direct,,2.81003539545,,True
Q3-T-004,677.409454083,direct,,2.73789842511,,True
Q3-T-004,679.409454083,direct,,2.66632096595,,True
Q3-T-004,681.409454083,direct,,2.59535130442,,True
Q3-T-004,683.409454083,direct,,2.52492299179,,True
Q3-T-004,685.409454083,direct,,2.45508382567,,True
Q3-T-004,687.409454083,direct,,2.38576869358,,True
Q3-T-004,689.409454083,direct,,2.31702490687,,True
Q3-T-004,691.409454083,direct,,2.24878863555,,True
Q3-T-004,693.409454083,direct,,2.18110670791,,True
Q3-T-004,695.409454083,direct,,2.11391652586,,True
Q3-T-004,697.409454083,direct,,2.04726443836,,True
Q3-T-004,699.409454083,direct,,1.98108903151,,True
Q3-T-004,701.409454083,direct,,1.91543617911,,True
Q3-T-004,703.409454083,direct,,1.85024560645,,True
Q3-T-004,705.409454083,direct,,1.78556271673,,True
Q3-T-004,707.409454083,direct,,1.72132833193,,True
Q3-T-004,709.409454083,direct,,1.65758738951,,True
Q3-T-004,711.409454083,direct,,1.59428176795,,True
Q3-T-004,713.409454083,direct,,1.53145594416,,True
Q3-T-004,715.409454083,direct,,1.46905281508,,True
Q3-T-004,717.409454083,direct,,1.40711640239,,True
Q3-T-004,719.409454083,direct,,1.34559058552,,True
Q3-T-004,721.409454083,direct,,1.28451893649,,True
Q3-T-004,723.409454083,direct,,1.22384628302,,True
Q3-T-004,725.409454083,direct,,1.16361575319,,True
Q3-T-004,727.409454083,direct,,1.10377309064,,True
Q3-T-004,729.409454083,direct,,1.0443609853,,True
Q3-T-004,731.409454083,direct,,0.985349784461,,True
Q3-T-004,733.409454083,direct,,0.926710590298,,True
Q3-T-004,735.409454083,direct,,0.868485446627,,True
Q3-T-004,737.409454083,direct,,0.810622255531,,True
Q3-T-004,739.409454083,direct,,0.753162637522,,True
Q3-T-004,741.409454083,direct,,0.696055309402,,True
Q3-T-004,743.409454083,direct,,0.639341474391,,True
Q3-T-004,745.409454083,direct,,0.582970638175,,True
Q3-T-004,747.409454083,direct,,0.526983592704,,True
Q3-T-004,749.409454083,direct,,0.47133060793,,True
Q3-T-004,751.409454083,direct,,0.416052070557,,True
Q3-T-004,753.409454083,direct,,0.361098991322,,True
Q3-T-004,755.409454083,direct,,0.306511357691,,True
Q3-T-004,757.409454083,direct,,0.25224089878,,True
Q3-T-004,759.409454083,relay,H170,0.198327208797,9.19438282302,True
Q3-T-004,761.409454083,relay,H170,0.144717101798,9.28058018446,True
Q3-T-004,763.409454083,relay,H170,0.0914610428691,9.3673652544,True
Q3-T-004,765.409454083,relay,H170,0.0385064881049,9.45482872746,True
Q3-T-004,767.409454083,relay,H170,-0.0141077370646,9.54291290185,True
Q3-T-004,769.409454083,relay,H170,-0.0664278729749,9.63168311088,True
Q3-T-004,771.409454083,relay,H170,-0.118415469762,9.72108037543,True
Q3-T-004,773.409454083,relay,H170,-0.170116129502,9.81117004347,True
Q3-T-004,775.409454083,relay,H170,-0.22149177211,9.90189174139,True
Q3-T-004,777.409454083,relay,H170,-0.272587379322,9.99331068055,True
Q3-T-004,779.409454083,relay,H170,-0.323365235106,10.0853649589,True
Q3-T-004,781.409454083,relay,H170,-0.373869718025,10.1781194739,True
Q3-T-004,783.409454083,relay,H170,-0.424063470445,10.2715106418,True
Q3-T-004,785.409454083,relay,H170,-0.473990284215,10.3656028388,True
Q3-T-004,787.409454083,relay,H170,-0.523613154517,10.4603306246,True
Q3-T-004,789.409454083,relay,H170,-0.572975302271,10.5557576127,True
Q3-T-004,791.409454083,relay,H170,-0.622040069966,10.6518163062,True
Q3-T-004,793.409454083,relay,H170,-0.670850122745,10.7485692755,True
Q3-T-004,795.409454083,relay,H170,-0.71936914498,10.8459467392,True
Q3-T-004,797.409454083,relay,H170,-0.76763926058,10.9440099002,True
Q3-T-004,799.409454083,relay,H170,-0.815624490454,11.0426864322,True
Q3-T-004,801.409454083,relay,H170,-0.86336643126,11.1420357965,True
Q3-T-004,803.409454083,relay,H170,-0.910829435174,11.2419828268,True
Q3-T-004,805.409454083,relay,H170,-0.95805458504,11.3425848125,True
Q3-T-004,807.409454083,relay,H170,-1.00500655912,11.4437634121,True
Q3-T-004,809.409454083,relay,H170,-1.05172593937,11.5455732506,True
Q3-T-004,811.409454083,relay,H170,-1.09817772504,11.6479324331,True
Q3-T-004,813.409454083,relay,H170,-1.14440200963,11.7508923585,True
Q3-T-004,815.409454083,relay,H170,-1.19036410837,11.8543671533,True
Q3-T-004,817.409454083,relay,H170,-1.23610363827,11.9584043531,True
Q3-T-004,819.409454083,relay,H170,-1.28158622563,12.0629136305,True
Q3-T-004,821.409454083,relay,H170,-1.32685102249,12.1679379389,True
Q3-T-004,823.409454083,relay,H170,-1.37186396136,12.2733819698,True
Q3-T-004,825.409454083,relay,H170,-1.41666374045,12.3792832884,True
Q3-T-004,827.409454083,relay,H170,-1.46121659372,12.4855410257,True
Q3-T-004,829.409454083,relay,H170,-1.50556077627,12.5921864626,True
Q3-T-004,831.409454083,relay,H170,-1.5496628188,12.6991125397,True
Q3-T-004,833.409454083,relay,H170,-1.59356054365,12.8063432666,True
Q3-T-004,835.409454083,relay,H170,-1.63722077371,12.9137647191,True
Q3-T-004,836.777841449,relay,H170,-1.66697291809,12.9873781288,True
Q3-T-004,837.409454083,relay,H170,-1.6668013984,12.9854981443,True
Q3-T-004,839.409454083,relay,H170,-1.66626478973,12.9794820135,True
Q3-T-004,841.409454083,relay,H170,-1.66573756849,12.9733646788,True
Q3-T-004,843.409454083,relay,H170,-1.6652197381,12.967146579,True
Q3-T-004,845.409454083,relay,H170,-1.66471130194,12.9608281586,True
Q3-T-004,847.409454083,relay,H170,-1.6642122633,12.954409868,True
Q3-T-004,849.409454083,relay,H170,-1.66372262543,12.9478921629,True
Q3-T-004,851.409454083,relay,H170,-1.66324239152,12.9412755045,True
Q3-T-004,853.409454083,relay,H170,-1.6627715647,12.9345603595,True
Q3-T-004,855.409454083,relay,H170,-1.66231014804,12.9277471996,True
Q3-T-004,857.409454083,relay,H170,-1.66185814452,12.9208365017,True
Q3-T-004,859.409454083,relay,H170,-1.66141555712,12.9138287479,True
Q3-T-004,861.409454083,relay,H170,-1.66098238869,12.9067244249,True
Q3-T-004,863.409454083,relay,H170,-1.66055864208,12.8995240245,True
Q3-T-004,865.409454083,relay,H170,-1.66014432003,12.8922280432,True
Q3-T-004,867.409454083,relay,H170,-1.65973942526,12.884836982,True
Q3-T-004,869.409454083,relay,H170,-1.6593439604,12.8773513464,True
Q3-T-004,870.392455705,relay,H170,-1.65915285356,12.8736338571,True
Q3-T-004,871.409454083,relay,H170,-1.65915285356,12.8736338571,True
Q3-T-004,873.409454083,relay,H170,-1.65915285356,12.8736338571,True
Q3-T-004,875.409454083,relay,H170,-1.65915285356,12.8736338571,True
Q3-T-004,877.409454083,relay,H170,-1.65915285356,12.8736338571,True
Q3-T-004,879.409454083,relay,H170,-1.65915285356,12.8736338571,True
Q3-T-004,881.409454083,relay,H170,-1.65915285356,12.8736338571,True
Q3-T-004,883.409454083,relay,H170,-1.65915285356,12.8736338571,True
Q3-T-004,885.409454083,relay,H170,-1.65915285356,12.8736338571,True
Q3-T-004,887.409454083,relay,H170,-1.65915285356,12.8736338571,True
Q3-T-004,889.409454083,relay,H170,-1.65915285356,12.8736338571,True
Q3-T-004,891.409454083,relay,H170,-1.65915285356,12.8736338571,True
Q3-T-004,893.409454083,relay,H170,-1.65915285356,12.8736338571,True
Q3-T-004,895.409454083,relay,H170,-1.65915285356,12.8736338571,True
Q3-T-004,897.409454083,relay,H170,-1.65915285356,12.8736338571,True
Q3-T-004,899.409454083,relay,H170,-1.65915285356,12.8736338571,True
Q3-T-004,901.409454083,relay,H170,-1.65915285356,12.8736338571,True
Q3-T-004,903.409454083,relay,H170,-1.65915285356,12.8736338571,True
Q3-T-004,905.409454083,relay,H170,-1.65915285356,12.8736338571,True
Q3-T-004,907.409454083,relay,H170,-1.65915285356,12.8736338571,True
Q3-T-004,909.409454083,relay,H170,-1.65915285356,12.8736338571,True
Q3-T-004,911.409454083,relay,H170,-1.65915285356,12.8736338571,True
Q3-T-004,913.409454083,relay,H170,-1.65915285356,12.8736338571,True
Q3-T-004,915.409454083,relay,H170,-1.65915285356,12.8736338571,True
Q3-T-004,917.409454083,relay,H170,-1.65915285356,12.8736338571,True
Q3-T-004,919.409454083,relay,H170,-1.65915285356,12.8736338571,True
Q3-T-004,921.409454083,relay,H170,-1.65915285356,12.8736338571,True
Q3-T-004,923.409454083,relay,H170,-1.65915285356,12.8736338571,True
Q3-T-004,925.409454083,relay,H170,-1.65915285356,12.8736338571,True
Q3-T-004,927.409454083,relay,H170,-1.65915285356,12.8736338571,True
Q3-T-004,929.409454083,relay,H170,-1.65915285356,12.8736338571,True
Q3-T-004,931.409454083,relay,H170,-1.65915285356,12.8736338571,True
Q3-T-004,933.409454083,relay,H170,-1.65915285356,12.8736338571,True
Q3-T-004,935.409454083,relay,H170,-1.65915285356,12.8736338571,True
Q3-T-004,937.409454083,relay,H170,-1.65915285356,12.8736338571,True
Q3-T-004,939.409454083,relay,H170,-1.65915285356,12.8736338571,True
Q3-T-004,941.409454083,relay,H170,-1.65915285356,12.8736338571,True
Q3-T-004,943.409454083,relay,H170,-1.65915285356,12.8736338571,True
Q3-T-004,945.409454083,relay,H170,-1.65915285356,12.8736338571,True
Q3-T-004,947.409454083,relay,H170,-1.65915285356,12.8736338571,True
Q3-T-004,949.409454083,relay,H170,-1.65915285356,12.8736338571,True
Q3-T-004,951.409454083,relay,H170,-1.65915285356,12.8736338571,True
Q3-T-004,953.409454083,relay,H170,-1.65915285356,12.8736338571,True
Q3-T-004,955.409454083,relay,H170,-1.65915285356,12.8736338571,True
Q3-T-004,957.409454083,relay,H170,-1.65915285356,12.8736338571,True
Q3-T-004,959.409454083,relay,H170,-1.65915285356,12.8736338571,True
Q3-T-004,961.409454083,relay,H170,-1.65915285356,12.8736338571,True
Q3-T-004,963.409454083,relay,H170,-1.65915285356,12.8736338571,True
Q3-T-004,965.409454083,relay,H170,-1.65915285356,12.8736338571,True
Q3-T-004,967.409454083,relay,H170,-1.65915285356,12.8736338571,True
Q3-T-004,969.409454083,relay,H170,-1.65915285356,12.8736338571,True
Q3-T-004,971.409454083,relay,H170,-1.65915285356,12.8736338571,True
Q3-T-004,973.409454083,relay,H170,-1.65915285356,12.8736338571,True
Q3-T-004,975.409454083,relay,H170,-1.65915285356,12.8736338571,True
Q3-T-004,977.409454083,relay,H170,-1.65915285356,12.8736338571,True
Q3-T-004,979.409454083,relay,H170,-1.65915285356,12.8736338571,True
Q3-T-004,981.409454083,relay,H170,-1.65915285356,12.8736338571,True
Q3-T-004,983.409454083,relay,H170,-1.65915285356,12.8736338571,True
Q3-T-004,985.409454083,relay,H170,-1.65915285356,12.8736338571,True
Q3-T-004,987.409454083,relay,H170,-1.65915285356,12.8736338571,True
Q3-T-004,989.409454083,relay,H170,-1.65915285356,12.8736338571,True
Q3-T-004,991.409454083,relay,H170,-1.65915285356,12.8736338571,True
Q3-T-004,993.409454083,relay,H170,-1.65915285356,12.8736338571,True
Q3-T-004,995.409454083,relay,H170,-1.65915285356,12.8736338571,True
Q3-T-004,997.409454083,relay,H170,-1.65915285356,12.8736338571,True
Q3-T-004,999.409454083,relay,H170,-1.65915285356,12.8736338571,True
Q3-T-004,1001.40945408,relay,H170,-1.65915285356,12.8736338571,True
Q3-T-004,1003.40945408,relay,H170,-1.65915285356,12.8736338571,True
Q3-T-004,1005.40945408,relay,H170,-1.65915285356,12.8736338571,True
Q3-T-004,1007.40945408,relay,H170,-1.65915285356,12.8736338571,True
Q3-T-004,1009.40945408,relay,H170,-1.65915285356,12.8736338571,True
Q3-T-004,1011.40945408,relay,H170,-1.65915285356,12.8736338571,True
Q3-T-004,1013.40945408,relay,H170,-1.65915285356,12.8736338571,True
Q3-T-004,1015.40945408,relay,H170,-1.65915285356,12.8736338571,True
Q3-T-004,1017.40945408,relay,H170,-1.65915285356,12.8736338571,True
Q3-T-004,1019.40945408,relay,H170,-1.65915285356,12.8736338571,True
Q3-T-004,1021.40945408,relay,H170,-1.65915285356,12.8736338571,True
Q3-T-004,1023.40945408,relay,H170,-1.65915285356,12.8736338571,True
Q3-T-004,1025.40945408,relay,H170,-1.65915285356,12.8736338571,True
Q3-T-004,1027.40945408,relay,H170,-1.65915285356,12.8736338571,True
Q3-T-004,1029.40945408,relay,H170,-1.65915285356,12.8736338571,True
Q3-T-004,1031.40945408,relay,H170,-1.65915285356,12.8736338571,True
Q3-T-004,1033.40945408,relay,H170,-1.65915285356,12.8736338571,True
Q3-T-004,1035.40945408,relay,H170,-1.65915285356,12.8736338571,True
Q3-T-004,1037.40945408,relay,H170,-1.65915285356,12.8736338571,True
Q3-T-004,1039.40945408,relay,H170,-1.65915285356,12.8736338571,True
Q3-T-004,1041.40945408,relay,H170,-1.65915285356,12.8736338571,True
Q3-T-004,1043.40945408,relay,H170,-1.65915285356,12.8736338571,True
Q3-T-004,1045.40945408,relay,H170,-1.65915285356,12.8736338571,True
Q3-T-004,1047.40945408,relay,H170,-1.65915285356,12.8736338571,True
Q3-T-004,1049.40945408,relay,H170,-1.65915285356,12.8736338571,True
Q3-T-004,1050.39245571,relay,H170,-1.65915285356,12.8736338571,True
Q3-T-004,1051.40945408,relay,H170,-1.65939013445,12.8782395562,True
Q3-T-004,1053.40945408,relay,H170,-1.65986715936,12.8871976191,True
Q3-T-004,1055.40945408,relay,H170,-1.66035776214,12.8960192629,True
Q3-T-004,1057.40945408,relay,H170,-1.66086193818,12.9047036173,True
Q3-T-004,1059.40945408,relay,H170,-1.66137968275,12.9132498214,True
Q3-T-004,1061.40945408,relay,H170,-1.661910991,12.9216570241,True
Q3-T-004,1063.40945408,relay,H170,-1.66245585793,12.9299243841,True
Q3-T-004,1065.40945408,relay,H170,-1.66301427844,12.9380510705,True
Q3-T-004,1067.40945408,relay,H170,-1.66358624729,12.946036263,True
Q3-T-004,1069.40945408,relay,H170,-1.66417175912,12.9538791517,True
Q3-T-004,1071.40945408,relay,H170,-1.66477080844,12.961578938,True
Q3-T-004,1073.40945408,relay,H170,-1.66538338964,12.9691348346,True
Q3-T-004,1075.40945408,relay,H170,-1.66600949697,12.9765460654,True
Q3-T-004,1077.40945408,relay,H170,-1.66664912459,12.9838118663,True
Q3-T-004,1078.40463425,relay,H170,-1.66697291809,12.9873781288,True
Q3-T-004,1079.40945408,relay,H170,-1.64513236796,12.9333100359,True
Q3-T-004,1081.40945408,relay,H170,-1.60151184173,12.8258531263,True
Q3-T-004,1083.40945408,relay,H170,-1.55765423599,12.7185780136,True
Q3-T-004,1085.40945408,relay,H170,-1.51359270149,12.6115992806,True
Q3-T-004,1087.40945408,relay,H170,-1.46928945474,12.5048936301,True
Q3-T-004,1089.40945408,relay,H170,-1.4247779383,12.398568717,True
Q3-T-004,1091.40945408,relay,H170,-1.38001993679,12.2925938786,True
Q3-T-004,1093.40945408,relay,H170,-1.33504918913,12.1870705196,True
Q3-T-004,1095.40945408,relay,H170,-1.28982703777,12.0819616075,True
Q3-T-004,1097.40945408,relay,H170,-1.24438752266,11.9773629311,True
Q3-T-004,1099.40945408,relay,H170,-1.1986915334,11.8732319919,True
Q3-T-004,1101.40945408,relay,H170,-1.1527734157,11.7696595473,True
Q3-T-004,1103.40945408,relay,H170,-1.10659359525,11.666598447,True
Q3-T-004,1105.40945408,relay,H170,-1.06018672837,11.5641349487,True
Q3-T-004,1107.40945408,relay,H170,-1.01351276533,11.4622179769,True
Q3-T-004,1109.40945408,relay,H170,-0.966606677957,11.3609297698,True
Q3-T-004,1111.40945408,relay,H170,-0.919427929195,11.260215971,True
Q3-T-004,1113.40945408,relay,H170,-0.872011811402,11.1601552287,True
Q3-T-004,1115.40945408,relay,H170,-0.824317287772,11.0606904739,True
Q3-T-004,1117.40945408,relay,H170,-0.776379976285,10.9618971472,True
Q3-T-004,1119.40945408,relay,H170,-0.728158327516,10.8637159659,True
Q3-T-004,1121.40945408,relay,H170,-0.679688290242,10.7662195013,True
Q3-T-004,1123.40945408,relay,H170,-0.630927789027,10.6693466926,True
Q3-T-004,1125.40945408,relay,H170,-0.581913108699,10.5731675411,True
Q3-T-004,1127.40945408,relay,H170,-0.532601633887,10.4776195865,True
Q3-T-004,1129.40945408,relay,H170,-0.483029990812,10.3827705234,True
Q3-T-004,1131.40945408,relay,H170,-0.433155009668,10.2885568209,True
Q3-T-004,1133.40945408,relay,H170,-0.383013663491,10.1950440972,True
Q3-T-004,1135.40945408,relay,H170,-0.332562212947,10.1021680352,True
Q3-T-004,1137.40945408,relay,H170,-0.281837983385,10.0099923794,True
Q3-T-004,1139.40945408,relay,H170,-0.230796650216,9.9184522708,True
Q3-T-004,1141.40945408,relay,H170,-0.179475896679,9.82760975754,True
Q3-T-004,1143.40945408,relay,H170,-0.127830796535,9.737399649,True
Q3-T-004,1145.40945408,relay,H170,-0.0758993965591,9.64788245186,True
Q3-T-004,1147.40945408,relay,H170,-0.0236572836752,9.55902385494,True
Q3-T-004,1149.40945408,relay,H170,0.0289205218207,9.47078986579,True
Q3-T-004,1151.40945408,relay,H170,0.0817954171425,9.38323892775,True
Q3-T-004,1153.40945408,relay,H170,0.135019514864,9.29627977609,True
Q3-T-004,1155.40945408,relay,H170,0.188542657072,9.21002197124,True
Q3-T-004,1157.40945408,direct,,0.242417587207,,True
Q3-T-004,1159.40945408,direct,,0.296604940663,,True
Q3-T-004,1161.40945408,direct,,0.351152573915,,True
Q3-T-004,1163.40945408,direct,,0.406020732616,,True
Q3-T-004,1165.40945408,direct,,0.461257978857,,True
Q3-T-004,1167.40945408,direct,,0.51682416259,,True
Q3-T-004,1169.40945408,direct,,0.572768573324,,True
Q3-T-004,1171.40945408,direct,,0.62905065932,,True
Q3-T-004,1173.40945408,direct,,0.685720460344,,True
Q3-T-004,1175.40945408,direct,,0.742737016945,,True
Q3-T-004,1177.40945408,direct,,0.800151143086,,True
Q3-T-004,1179.40945408,direct,,0.85792146558,,True
Q3-T-004,1181.40945408,direct,,0.916099597691,,True
Q3-T-004,1183.40945408,direct,,0.974643746478,,True
Q3-T-004,1185.40945408,direct,,1.03360635086,,True
Q3-T-004,1187.40945408,direct,,1.09294519214,,True
Q3-T-004,1189.40945408,direct,,1.15271356257,,True
Q3-T-004,1191.40945408,direct,,1.21286881175,,True
Q3-T-004,1193.40945408,direct,,1.27346511436,,True
Q3-T-004,1195.40945408,direct,,1.33445938238,,True
Q3-T-004,1197.40945408,direct,,1.39590670356,,True
Q3-T-004,1199.40945408,direct,,1.45776354644,,True
Q3-T-004,1201.40945408,direct,,1.52008594407,,True
Q3-T-004,1203.40945408,direct,,1.58282991583,,True
Q3-T-004,1205.40945408,direct,,1.64605247408,,True
Q3-T-004,1207.40945408,direct,,1.70970918348,,True
Q3-T-004,1209.40945408,direct,,1.7738580715,,True
Q3-T-004,1211.40945408,direct,,1.83845424272,,True
Q3-T-004,1213.40945408,direct,,1.90355677755,,True
Q3-T-004,1215.40945408,direct,,1.96912031531,,True
Q3-T-004,1217.40945408,direct,,2.03520502936,,True
Q3-T-004,1219.40945408,direct,,2.10176508884,,True
Q3-T-004,1221.40945408,direct,,2.16886180233,,True
Q3-T-004,1223.40945408,direct,,2.23644886423,,True
Q3-T-004,1225.40945408,direct,,2.3045887631,,True
Q3-T-004,1227.40945408,direct,,2.37323471438,,True
Q3-T-004,1229.40945408,direct,,2.44245043406,,True
Q3-T-004,1231.40945408,direct,,2.51218865485,,True
Q3-T-004,1233.40945408,direct,,2.58251437052,,True
Q3-T-004,1235.40945408,direct,,2.65337982776,,True
Q3-T-004,1237.40945408,direct,,2.7248513516,,True
Q3-T-004,1239.40945408,direct,,2.79688070008,,True
Q3-T-004,1241.40945408,direct,,2.86953558628,,True
Q3-T-004,1243.40945408,direct,,2.94276727765,,True
Q3-T-004,1245.40945408,direct,,3.01664493584,,True
Q3-T-004,1247.40945408,direct,,3.09111933657,,True
Q3-T-004,1249.40945408,direct,,3.16623073283,,True
Q3-T-004,1251.40945408,direct,,3.24202067339,,True
Q3-T-004,1253.40945408,direct,,3.31843919641,,True
Q3-T-004,1255.40945408,direct,,3.39555937626,,True
Q3-T-004,1257.40945408,direct,,3.47333076099,,True
Q3-T-004,1259.40945408,direct,,3.5518281188,,True
Q3-T-004,1261.40945408,direct,,3.63100051047,,True
Q3-T-004,1263.40945408,direct,,3.7109244793,,True
Q3-T-004,1265.40945408,direct,,3.79154860315,,True
Q3-T-004,1267.40945408,direct,,3.87295128754,,True
Q3-T-004,1269.40945408,direct,,3.95508063359,,True
Q3-T-004,1271.40945408,direct,,4.03801700244,,True
Q3-T-004,1273.40945408,direct,,4.12170802667,,True
Q3-T-004,1275.40945408,direct,,4.20623612347,,True
Q3-T-004,1277.40945408,direct,,4.29154846736,,True
Q3-T-004,1279.40945408,direct,,4.37772963964,,True
Q3-T-004,1281.40945408,direct,,4.46472636996,,True
Q3-T-004,1283.40945408,direct,,4.55262552014,,True
Q3-T-004,1285.40945408,direct,,4.64137339119,,True
Q3-T-004,1287.40945408,direct,,4.73105925112,,True
Q3-T-004,1289.40945408,direct,,4.82162899203,,True
Q3-T-004,1291.40945408,direct,,4.91317442389,,True
Q3-T-004,1293.40945408,direct,,5.00564105367,,True
Q3-T-004,1295.40945408,direct,,5.09912338033,,True
Q3-T-004,1297.40945408,direct,,5.19356655401,,True
Q3-T-004,1299.40945408,direct,,5.28906792209,,True
Q3-T-004,1301.40945408,direct,,5.38557231145,,True
Q3-T-004,1303.40945408,direct,,5.48318009104,,True
Q3-T-004,1305.40945408,direct,,5.58183580409,,True
Q3-T-004,1307.40945408,direct,,5.68164302946,,True
Q3-T-004,1309.40945408,direct,,5.78254607325,,True
Q3-T-004,1311.40945408,direct,,5.88465192948,,True
Q3-T-004,1313.40945408,direct,,5.98790472151,,True
Q3-T-004,1315.40945408,direct,,6.09241508259,,True
Q3-T-004,1317.40945408,direct,,6.19812701683,,True
Q3-T-004,1319.40945408,direct,,6.30515504171,,True
Q3-T-004,1321.40945408,direct,,6.41344311591,,True
Q3-T-004,1323.40945408,direct,,6.52310990958,,True
Q3-T-004,1325.40945408,direct,,16.6340994217,,True
Q3-T-004,1327.40945408,direct,,16.7465347696,,True
Q3-T-004,1329.40945408,direct,,16.8603600918,,True
Q3-T-004,1331.40945408,direct,,16.9757032768,,True
Q3-T-004,1333.40945408,direct,,17.0925087177,,True
Q3-T-004,1335.40945408,direct,,17.2109219469,,True
Q3-T-004,1337.40945408,direct,,17.3308628807,,True
Q3-T-004,1339.40945408,direct,,17.452482408,,True
Q3-T-004,1341.40945408,direct,,17.57572585,,True
Q3-T-004,1343.40945408,direct,,17.7007376986,,True
Q3-T-004,1345.40945408,direct,,17.8274639921,,True
Q3-T-004,1347.40945408,direct,,17.9560556583,,True
Q3-T-004,1349.40945408,direct,,18.0864596557,,True
Q3-T-004,1351.40945408,direct,,18.2188338797,,True
Q3-T-004,1353.40945408,direct,,18.3531264422,,True
Q3-T-004,1355.40945408,direct,,18.4894474024,,True
Q3-T-004,1357.40945408,direct,,18.6279124751,,True
Q3-T-004,1359.40945408,direct,,18.7684720149,,True
Q3-T-004,1361.40945408,direct,,18.9113040603,,True
Q3-T-004,1363.40945408,direct,,19.0563608597,,True
Q3-T-004,1365.40945408,direct,,19.2038297826,,True
Q3-T-004,1367.40945408,direct,,19.3536653415,,True
Q3-T-004,1369.40945408,direct,,19.5060650851,,True
Q3-T-004,1371.40945408,direct,,19.6609862079,,True
Q3-T-004,1373.40945408,direct,,19.8186373758,,True
Q3-T-004,1375.40945408,direct,,19.9789789337,,True
Q3-T-004,1377.40945408,direct,,20.1422316997,,True
Q3-T-004,1379.40945408,direct,,20.3083596882,,True
Q3-T-004,1381.40945408,direct,,20.4775970036,,True
Q3-T-004,1383.40945408,direct,,20.6499118967,,True
Q3-T-004,1385.40945408,direct,,20.8255529915,,True
Q3-T-004,1387.40945408,direct,,21.004493378,,True
Q3-T-004,1389.40945408,direct,,21.1869975227,,True
Q3-T-004,1391.40945408,direct,,21.3730439738,,True
Q3-T-004,1393.40945408,direct,,21.5629144284,,True
Q3-T-004,1395.40945408,direct,,21.7565934862,,True
Q3-T-004,1397.40945408,direct,,21.9543814828,,True
Q3-T-004,1399.40945408,direct,,22.1562695679,,True
Q3-T-004,1401.40945408,direct,,22.3625780558,,True
Q3-T-004,1403.40945408,direct,,22.5733049308,,True
Q3-T-004,1405.40945408,direct,,22.7887916115,,True
Q3-T-004,1407.40945408,direct,,23.0090427886,,True
Q3-T-004,1409.40945408,direct,,23.2344216455,,True
Q3-T-004,1411.40945408,direct,,23.4649387135,,True
Q3-T-004,1413.40945408,direct,,23.7009787193,,True
Q3-T-004,1415.40945408,direct,,23.9425558987,,True
Q3-T-004,1417.40945408,direct,,24.1900747331,,True
Q3-T-004,1419.40945408,direct,,24.4435488885,,True
Q3-T-004,1421.40945408,direct,,24.7033981208,,True
Q3-T-004,1423.40945408,direct,,24.9696277021,,True
Q3-T-004,1425.40945408,direct,,25.2426636556,,True
Q3-T-004,1427.40945408,direct,,25.5224891903,,True
Q3-T-004,1429.40945408,direct,,25.8095200767,,True
Q3-T-004,1431.40945408,direct,,26.1036942355,,True
Q3-T-004,1433.40945408,direct,,26.4053883296,,True
Q3-T-004,1435.40945408,direct,,26.7144562609,,True
Q3-T-004,1437.40945408,direct,,27.0311867143,,True
Q3-T-004,1439.40945408,direct,,27.3552859873,,True
Q3-T-004,1441.40945408,direct,,27.6868740035,,True
Q3-T-004,1443.40945408,direct,,28.0254068933,,True
Q3-T-004,1445.40945408,direct,,28.3707056799,,True
Q3-T-004,1447.40945408,direct,,28.7218151318,,True
Q3-T-004,1449.40945408,direct,,29.0780551652,,True
Q3-T-004,1451.40945408,direct,,29.4378168015,,True
Q3-T-004,1453.40945408,direct,,29.7996230928,,True
Q3-T-004,1455.40945408,direct,,30.1608755806,,True
Q3-T-004,1457.40945408,direct,,30.518914454,,True
Q3-T-004,1459.40945408,direct,,30.8697595563,,True
Q3-T-004,1461.40945408,direct,,31.209044415,,True
Q3-T-004,1463.40945408,direct,,31.5315252269,,True
Q3-T-004,1465.40945408,direct,,31.8307510861,,True
Q3-T-004,1467.40945408,direct,,32.1001003353,,True
Q3-T-004,1469.40945408,direct,,32.3321241926,,True
Q3-T-004,1471.40945408,direct,,32.5198569971,,True
Q3-T-004,1473.40945408,direct,,32.6566717402,,True
Q3-T-004,1475.40945408,direct,,32.7375275498,,True
Q3-T-004,1477.12750975,direct,,32.7597351594,,True
Q3-T-004,1477.40945408,direct,,32.7811792013,,True
Q3-T-004,1479.40945408,direct,,32.9337116505,,True
Q3-T-004,1481.40945408,direct,,33.0889706665,,True
Q3-T-004,1483.40945408,direct,,33.2470555025,,True
Q3-T-004,1485.40945408,direct,,33.4080709323,,True
Q3-T-004,1487.40945408,direct,,33.5721276667,,True
Q3-T-004,1489.40945408,direct,,33.7393428112,,True
Q3-T-004,1491.40945408,direct,,33.909840368,,True
Q3-T-004,1493.40945408,direct,,34.0837517886,,True
Q3-T-004,1495.40945408,direct,,34.2612165822,,True
Q3-T-004,1497.40945408,direct,,34.4423829887,,True
Q3-T-004,1499.40945408,direct,,34.6274087222,,True
Q3-T-004,1501.40945408,direct,,34.8164617963,,True
Q3-T-004,1503.40945408,direct,,35.0097214405,,True
Q3-T-004,1505.40945408,direct,,35.2073791218,,True
Q3-T-004,1507.40945408,direct,,35.4096396844,,True
Q3-T-004,1509.40945408,direct,,35.6167226258,,True
Q3-T-004,1511.40945408,direct,,35.8288635286,,True
Q3-T-004,1513.40945408,direct,,36.0463156714,,True
Q3-T-004,1515.40945408,direct,,36.2693518469,,True
Q3-T-004,1517.40945408,direct,,36.4982664198,,True
Q3-T-004,1519.40945408,direct,,36.7333776623,,True
Q3-T-004,1521.40945408,direct,,36.9750304161,,True
Q3-T-004,1523.40945408,direct,,37.223599134,,True
Q3-T-004,1525.40945408,direct,,37.4794913705,,True
Q3-T-004,1527.40945408,direct,,37.7431518021,,True
Q3-T-004,1529.40945408,direct,,38.0150668773,,True
Q3-T-004,1531.40945408,direct,,38.2957702182,,True
Q3-T-004,1533.40945408,direct,,38.585848924,,True
Q3-T-004,1535.40945408,direct,,38.885950965,,True
Q3-T-004,1537.40945408,direct,,39.196793899,,True
Q3-T-004,1539.40945408,direct,,39.519175207,,True
Q3-T-004,1541.40945408,direct,,39.8539846222,,True
Q3-T-004,1543.40945408,direct,,40.2022189305,,True
Q3-T-004,1545.40945408,direct,,40.564999866,,True
Q3-T-004,1547.40945408,direct,,40.9435959074,,True
Q3-T-004,1549.40945408,direct,,41.339449046,,True
Q3-T-004,1551.40945408,direct,,41.7542079499,,True
Q3-T-004,1553.40945408,direct,,42.1897694507,,True
Q3-T-004,1555.40945408,direct,,42.648330993,,True
Q3-T-004,1557.40945408,direct,,43.1324577163,,True
Q3-T-004,1559.40945408,direct,,43.6451693606,,True
Q3-T-004,1561.40945408,direct,,44.190054469,,True
Q3-T-004,1563.40945408,direct,,44.7714228686,,True
Q3-T-004,1565.40945408,direct,,45.3945129407,,True
Q3-T-004,1567.40945408,direct,,46.0657791461,,True
Q3-T-004,1569.40945408,direct,,46.7933002476,,True
Q3-T-004,1571.40945408,direct,,47.587374649,,True
Q3-T-004,1573.40945408,direct,,48.4614162542,,True
Q3-T-004,1575.40945408,direct,,49.4333535373,,True
Q3-T-004,1577.40945408,direct,,50.5279144414,,True
Q3-T-004,1579.40945408,direct,,51.7805690555,,True
Q3-T-004,1581.40945408,direct,,53.244822339,,True
Q3-T-004,1583.40945408,direct,,55.0069859118,,True
Q3-T-004,1585.40945408,direct,,57.2200696168,,True
Q3-T-004,1587.40945408,direct,,60.197246025,,True
Q3-T-004,1589.40945408,direct,,64.7630092199,,True
Q3-T-004,1591.40945408,direct,,74.9796779048,,True
Q3-T-004,1593.40945408,direct,,73.0961797845,,True
Q3-T-004,1595.40945408,direct,,64.1373547897,,True
Q3-T-004,1597.40945408,direct,,59.8219572205,,True
Q3-T-004,1599.40945408,direct,,56.9520266097,,True
Q3-T-004,1600.30212399,direct,,55.9251752525,,True
Q3-T-005,390,direct,,55.9251752525,,True
Q3-T-005,392,direct,,59.0232144522,,True
Q3-T-005,394,direct,,63.8839754259,,True
Q3-T-005,396,direct,,75.9251752525,,True
Q3-T-005,398,direct,,69.9045753392,,True
Q3-T-005,400,direct,,61.9457751658,,True
Q3-T-005,402,direct,,57.8633755126,,True
Q3-T-005,404,direct,,55.0973215493,,True
Q3-T-005,406,direct,,53.0026145389,,True
Q3-T-005,408,direct,,51.3161968249,,True
Q3-T-005,410,direct,,49.9045753392,,True
Q3-T-005,412,direct,,48.6906185321,,True
Q3-T-005,414,direct,,47.6257082931,,True
Q3-T-005,416,direct,,46.6772152945,,True
Q3-T-005,418,direct,,45.8221756861,,True
Q3-T-005,420,direct,,45.0438143655,,True
Q3-T-005,422,direct,,44.3295033202,,True
Q3-T-005,424,direct,,43.6694981181,,True
Q3-T-005,426,direct,,43.0561217228,,True
Q3-T-005,428,direct,,42.4832180938,,True
Q3-T-005,430,direct,,41.9457751658,,True
Q3-T-005,432,direct,,41.4396578605,,True
Q3-T-005,434,direct,,40.9614147124,,True
Q3-T-005,436,direct,,40.5081350196,,True
Q3-T-005,438,direct,,40.0773414625,,True
Q3-T-005,438.452203367,direct,,39.9825954966,,True
Q3-T-005,440,direct,,39.8360907179,,True
Q3-T-005,442,direct,,39.2630421926,,True
Q3-T-005,444,direct,,38.397033557,,True
Q3-T-005,446,direct,,37.3921923551,,True
Q3-T-005,448,direct,,36.3556399605,,True
Q3-T-005,450,direct,,35.3448789468,,True
Q3-T-005,452,direct,,34.3860546829,,True
Q3-T-005,454,direct,,33.4883775098,,True
Q3-T-005,456,direct,,32.6516651144,,True
Q3-T-005,458,direct,,31.8729311041,,True
Q3-T-005,460,direct,,31.1471961666,,True
Q3-T-005,462,direct,,30.4697276687,,True
Q3-T-005,464,direct,,29.8353773676,,True
Q3-T-005,466,direct,,29.2397760462,,True
Q3-T-005,468,direct,,28.6792448537,,True
Q3-T-005,470,direct,,28.149970721,,True
Q3-T-005,472,direct,,27.6491444869,,True
Q3-T-005,474,direct,,27.1740913217,,True
Q3-T-005,476,direct,,26.7222457067,,True
Q3-T-005,478,direct,,26.2917481236,,True
Q3-T-005,480,direct,,25.8807805641,,True
Q3-T-005,482,direct,,25.4875454414,,True
Q3-T-005,484,direct,,25.1107424087,,True
Q3-T-005,486,direct,,24.7492574423,,True
Q3-T-005,488,direct,,24.4016371346,,True
Q3-T-005,490,direct,,24.0670283727,,True
Q3-T-005,492,direct,,23.7446141683,,True
Q3-T-005,494,direct,,23.4334186382,,True
Q3-T-005,496,direct,,23.1327112832,,True
Q3-T-005,498,direct,,22.8419482887,,True
Q3-T-005,500,direct,,22.5603787655,,True
Q3-T-005,502,direct,,22.2874555959,,True
Q3-T-005,504,direct,,22.0227868851,,True
Q3-T-005,506,direct,,21.7657445766,,True
Q3-T-005,508,direct,,21.5160149319,,True
Q3-T-005,510,direct,,21.2732064516,,True
Q3-T-005,512,direct,,21.0368429054,,True
Q3-T-005,514,direct,,20.8066940121,,True
Q3-T-005,516,direct,,20.5823846872,,True
Q3-T-005,518,direct,,20.3637240135,,True
Q3-T-005,520,direct,,20.1503112733,,True
Q3-T-005,522,direct,,19.9419926026,,True
Q3-T-005,524,direct,,19.738538763,,True
Q3-T-005,526,direct,,19.5396385779,,True
Q3-T-005,528,direct,,19.3451782196,,True
Q3-T-005,530,direct,,19.1549709742,,True
Q3-T-005,532,direct,,18.9687507458,,True
Q3-T-005,534,direct,,18.78640875,,True
Q3-T-005,536,direct,,18.6078660448,,True
Q3-T-005,538,direct,,18.4328171517,,True
Q3-T-005,540,direct,,18.2612025775,,True
Q3-T-005,542,direct,,18.0929415861,,True
Q3-T-005,544,direct,,17.9278308839,,True
Q3-T-005,546,direct,,17.7657591224,,True
Q3-T-005,548,direct,,7.60668637261,,True
Q3-T-005,550,direct,,7.4504326943,,True
Q3-T-005,552,direct,,7.29690400902,,True
Q3-T-005,554,direct,,7.14607311942,,True
Q3-T-005,556,direct,,6.99775894731,,True
Q3-T-005,558,direct,,6.85194247669,,True
Q3-T-005,560,direct,,6.70854542039,,True
Q3-T-005,562,direct,,6.56742406504,,True
Q3-T-005,564,direct,,6.42856784813,,True
Q3-T-005,566,direct,,6.29186824206,,True
Q3-T-005,568,direct,,6.15731827131,,True
Q3-T-005,570,direct,,6.02477251995,,True
Q3-T-005,572,direct,,5.89422906515,,True
Q3-T-005,574,direct,,5.76563214418,,True
Q3-T-005,576,direct,,5.63886621101,,True
Q3-T-005,578,direct,,5.51393432395,,True
Q3-T-005,580,direct,,5.39078779509,,True
Q3-T-005,582,direct,,5.26932034367,,True
Q3-T-005,584,direct,,5.14952254662,,True
Q3-T-005,586,direct,,5.03140111251,,True
Q3-T-005,588,direct,,4.9148083429,,True
Q3-T-005,590,direct,,4.79975515844,,True
Q3-T-005,592,direct,,4.68625137599,,True
Q3-T-005,594,direct,,4.57415823309,,True
Q3-T-005,596,direct,,4.46348919225,,True
Q3-T-005,598,direct,,4.35424154275,,True
Q3-T-005,600,direct,,4.24632957882,,True
Q3-T-005,602,direct,,4.13972368204,,True
Q3-T-005,604,direct,,4.03443875899,,True
Q3-T-005,606,direct,,3.93038023224,,True
Q3-T-005,608,direct,,3.82756473115,,True
Q3-T-005,610,direct,,3.72596578696,,True
Q3-T-005,612,direct,,3.62550848537,,True
Q3-T-005,614,direct,,3.52621080241,,True
Q3-T-005,616,direct,,3.42801943952,,True
Q3-T-005,618,direct,,3.33095256917,,True
Q3-T-005,620,direct,,3.23492721805,,True
Q3-T-005,622,direct,,3.13996274352,,True
Q3-T-005,624,direct,,3.04603859345,,True
Q3-T-005,626,direct,,2.95308918473,,True
Q3-T-005,628,direct,,2.86113466071,,True
Q3-T-005,630,direct,,2.7701564902,,True
Q3-T-005,632,direct,,2.68009243979,,True
Q3-T-005,634,direct,,2.59095098241,,True
Q3-T-005,636,direct,,2.50275221533,,True
Q3-T-005,638,direct,,2.41540008887,,True
Q3-T-005,640,direct,,2.32891619386,,True
Q3-T-005,642,direct,,2.24332110417,,True
Q3-T-005,642.053777233,direct,,2.24100856332,,True
Q3-T-005,644,direct,,2.24156515237,,True
Q3-T-005,646,direct,,2.24211372727,,True
Q3-T-005,648,direct,,2.24263912047,,True
Q3-T-005,650,direct,,2.24314132354,,True
Q3-T-005,652,direct,,2.24362032841,,True
Q3-T-005,654,direct,,2.24407612742,,True
Q3-T-005,656,direct,,2.24450871325,,True
Q3-T-005,658,direct,,2.24491807895,,True
Q3-T-005,660,direct,,2.24530421795,,True
Q3-T-005,662,direct,,2.24566712406,,True
Q3-T-005,664,direct,,2.24600679145,,True
Q3-T-005,666,direct,,2.24632321467,,True
Q3-T-005,668,direct,,2.24661638862,,True
Q3-T-005,670,direct,,2.2468863086,,True
Q3-T-005,672,direct,,2.24713297028,,True
Q3-T-005,674,direct,,2.24735636968,,True
Q3-T-005,676,direct,,2.24755650323,,True
Q3-T-005,677.676421277,direct,,2.24770629523,,True
Q3-T-005,678,direct,,2.24770629523,,True
Q3-T-005,680,direct,,2.24770629523,,True
Q3-T-005,682,direct,,2.24770629523,,True
Q3-T-005,684,direct,,2.24770629523,,True
Q3-T-005,686,direct,,2.24770629523,,True
Q3-T-005,688,direct,,2.24770629523,,True
Q3-T-005,690,direct,,2.24770629523,,True
Q3-T-005,692,direct,,2.24770629523,,True
Q3-T-005,694,direct,,2.24770629523,,True
Q3-T-005,696,direct,,2.24770629523,,True
Q3-T-005,698,direct,,2.24770629523,,True
Q3-T-005,700,direct,,2.24770629523,,True
Q3-T-005,702,direct,,2.24770629523,,True
Q3-T-005,704,direct,,2.24770629523,,True
Q3-T-005,706,direct,,2.24770629523,,True
Q3-T-005,708,direct,,2.24770629523,,True
Q3-T-005,710,direct,,2.24770629523,,True
Q3-T-005,712,direct,,2.24770629523,,True
Q3-T-005,714,direct,,2.24770629523,,True
Q3-T-005,716,direct,,2.24770629523,,True
Q3-T-005,718,direct,,2.24770629523,,True
Q3-T-005,720,direct,,2.24770629523,,True
Q3-T-005,722,direct,,2.24770629523,,True
Q3-T-005,724,direct,,2.24770629523,,True
Q3-T-005,726,direct,,2.24770629523,,True
Q3-T-005,728,direct,,2.24770629523,,True
Q3-T-005,730,direct,,2.24770629523,,True
Q3-T-005,732,direct,,2.24770629523,,True
Q3-T-005,734,direct,,2.24770629523,,True
Q3-T-005,736,direct,,2.24770629523,,True
Q3-T-005,738,direct,,2.24770629523,,True
Q3-T-005,740,direct,,2.24770629523,,True
Q3-T-005,742,direct,,2.24770629523,,True
Q3-T-005,744,direct,,2.24770629523,,True
Q3-T-005,746,direct,,2.24770629523,,True
Q3-T-005,748,direct,,2.24770629523,,True
Q3-T-005,750,direct,,2.24770629523,,True
Q3-T-005,752,direct,,2.24770629523,,True
Q3-T-005,754,direct,,2.24770629523,,True
Q3-T-005,756,direct,,2.24770629523,,True
Q3-T-005,758,direct,,2.24770629523,,True
Q3-T-005,760,direct,,2.24770629523,,True
Q3-T-005,762,direct,,2.24770629523,,True
Q3-T-005,764,direct,,2.24770629523,,True
Q3-T-005,766,direct,,2.24770629523,,True
Q3-T-005,768,direct,,2.24770629523,,True
Q3-T-005,770,direct,,2.24770629523,,True
Q3-T-005,772,direct,,2.24770629523,,True
Q3-T-005,774,direct,,2.24770629523,,True
Q3-T-005,776,direct,,2.24770629523,,True
Q3-T-005,778,direct,,2.24770629523,,True
Q3-T-005,780,direct,,2.24770629523,,True
Q3-T-005,782,direct,,2.24770629523,,True
Q3-T-005,784,direct,,2.24770629523,,True
Q3-T-005,786,direct,,2.24770629523,,True
Q3-T-005,788,direct,,2.24770629523,,True
Q3-T-005,790,direct,,2.24770629523,,True
Q3-T-005,792,direct,,2.24770629523,,True
Q3-T-005,794,direct,,2.24770629523,,True
Q3-T-005,796,direct,,2.24770629523,,True
Q3-T-005,798,direct,,2.24770629523,,True
Q3-T-005,800,direct,,2.24770629523,,True
Q3-T-005,802,direct,,2.24770629523,,True
Q3-T-005,804,direct,,2.24770629523,,True
Q3-T-005,806,direct,,2.24770629523,,True
Q3-T-005,808,direct,,2.24770629523,,True
Q3-T-005,810,direct,,2.24770629523,,True
Q3-T-005,812,direct,,2.24770629523,,True
Q3-T-005,814,direct,,2.24770629523,,True
Q3-T-005,816,direct,,2.24770629523,,True
Q3-T-005,818,direct,,2.24770629523,,True
Q3-T-005,820,direct,,2.24770629523,,True
Q3-T-005,822,direct,,2.24770629523,,True
Q3-T-005,824,direct,,2.24770629523,,True
Q3-T-005,826,direct,,2.24770629523,,True
Q3-T-005,828,direct,,2.24770629523,,True
Q3-T-005,830,direct,,2.24770629523,,True
Q3-T-005,832,direct,,2.24770629523,,True
Q3-T-005,834,direct,,2.24770629523,,True
Q3-T-005,836,direct,,2.24770629523,,True
Q3-T-005,838,direct,,2.24770629523,,True
Q3-T-005,840,direct,,2.24770629523,,True
Q3-T-005,842,direct,,2.24770629523,,True
Q3-T-005,844,direct,,2.24770629523,,True
Q3-T-005,846,direct,,2.24770629523,,True
Q3-T-005,848,direct,,2.24770629523,,True
Q3-T-005,850,direct,,2.24770629523,,True
Q3-T-005,852,direct,,2.24770629523,,True
Q3-T-005,854,direct,,2.24770629523,,True
Q3-T-005,856,direct,,2.24770629523,,True
Q3-T-005,858,direct,,2.24770629523,,True
Q3-T-005,860,direct,,2.24770629523,,True
Q3-T-005,862,direct,,2.24770629523,,True
Q3-T-005,864,direct,,2.24770629523,,True
Q3-T-005,866,direct,,2.24770629523,,True
Q3-T-005,868,direct,,2.24770629523,,True
Q3-T-005,870,direct,,2.24770629523,,True
Q3-T-005,872,direct,,2.24770629523,,True
Q3-T-005,874,direct,,2.24770629523,,True
Q3-T-005,876,direct,,2.24770629523,,True
Q3-T-005,878,direct,,2.24770629523,,True
Q3-T-005,880,direct,,2.24770629523,,True
Q3-T-005,882,direct,,2.24770629523,,True
Q3-T-005,884,direct,,2.24770629523,,True
Q3-T-005,886,direct,,2.24770629523,,True
Q3-T-005,888,direct,,2.24770629523,,True
Q3-T-005,890,direct,,2.24770629523,,True
Q3-T-005,892,direct,,2.24770629523,,True
Q3-T-005,894,direct,,2.24770629523,,True
Q3-T-005,896,direct,,2.24770629523,,True
Q3-T-005,898,direct,,2.24770629523,,True
Q3-T-005,900,direct,,2.24770629523,,True
Q3-T-005,902,direct,,2.24770629523,,True
Q3-T-005,904,direct,,2.24770629523,,True
Q3-T-005,906,direct,,2.24770629523,,True
Q3-T-005,908,direct,,2.24770629523,,True
Q3-T-005,910,direct,,2.24770629523,,True
Q3-T-005,912,direct,,2.24770629523,,True
Q3-T-005,914,direct,,2.24770629523,,True
Q3-T-005,916,direct,,2.24770629523,,True
Q3-T-005,917.676421277,direct,,2.24770629523,,True
Q3-T-005,918,direct,,2.24767307151,,True
Q3-T-005,920,direct,,2.24744810093,,True
Q3-T-005,922,direct,,2.2471896254,,True
Q3-T-005,924,direct,,2.24689765092,,True
Q3-T-005,926,direct,,2.24657218422,,True
Q3-T-005,928,direct,,2.24621323286,,True
Q3-T-005,930,direct,,2.24582080512,,True
Q3-T-005,932,direct,,2.24539491009,,True
Q3-T-005,934,direct,,2.24493555761,,True
Q3-T-005,936,direct,,2.24444275831,,True
Q3-T-005,938,direct,,2.24391652358,,True
Q3-T-005,940,direct,,2.24335686557,,True
Q3-T-005,942,direct,,2.24276379721,,True
Q3-T-005,944,direct,,2.2421373322,,True
Q3-T-005,946,direct,,2.241477485,,True
Q3-T-005,947.361957981,direct,,2.24100856332,,True
Q3-T-005,948,direct,,2.26824091959,,True
Q3-T-005,950,direct,,2.35408272874,,True
Q3-T-005,952,direct,,2.44081838094,,True
Q3-T-005,954,direct,,2.5284273433,,True
Q3-T-005,956,direct,,2.61692734846,,True
Q3-T-005,958,direct,,2.70629698249,,True
Q3-T-005,960,direct,,2.79663405791,,True
Q3-T-005,962,direct,,2.88791872408,,True
Q3-T-005,964,direct,,2.98013007157,,True
Q3-T-005,966,direct,,3.07337027143,,True
Q3-T-005,968,direct,,3.16762015718,,True
Q3-T-005,970,direct,,3.2628727462,,True
Q3-T-005,972,direct,,3.35919517334,,True
Q3-T-005,974,direct,,3.45660894642,,True
Q3-T-005,976,direct,,3.55509510872,,True
Q3-T-005,978,direct,,3.65473856243,,True
Q3-T-005,980,direct,,3.75552161872,,True
Q3-T-005,982,direct,,3.85746806116,,True
Q3-T-005,984,direct,,3.96065374431,,True
Q3-T-005,986,direct,,4.0650622976,,True
Q3-T-005,988,direct,,4.17072036986,,True
Q3-T-005,990,direct,,4.27770871415,,True
Q3-T-005,992,direct,,4.38602769599,,True
Q3-T-005,994,direct,,4.4956619892,,True
Q3-T-005,996,direct,,4.60674315669,,True
Q3-T-005,998,direct,,4.71925908969,,True
Q3-T-005,1000,direct,,4.83319654953,,True
Q3-T-005,1002,direct,,4.9486951218,,True
Q3-T-005,1004,direct,,5.06574526405,,True
Q3-T-005,1006,direct,,5.18435287904,,True
Q3-T-005,1008,direct,,5.30461696032,,True
Q3-T-005,1010,direct,,5.42658077403,,True
Q3-T-005,1012,direct,,5.55027538086,,True
Q3-T-005,1014,direct,,5.6756946108,,True
Q3-T-005,1016,direct,,5.80300108181,,True
Q3-T-005,1018,direct,,5.93219386456,,True
Q3-T-005,1020,direct,,6.06328941648,,True
Q3-T-005,1022,direct,,6.19640772477,,True
Q3-T-005,1024,direct,,6.33160800822,,True
Q3-T-005,1026,direct,,6.46889470146,,True
Q3-T-005,1028,direct,,6.60841881855,,True
Q3-T-005,1030,direct,,6.75019029885,,True
Q3-T-005,1032,direct,,6.89427888488,,True
Q3-T-005,1034,direct,,7.04083070824,,True
Q3-T-005,1036,direct,,7.18986382451,,True
Q3-T-005,1038,direct,,7.34145959204,,True
Q3-T-005,1040,direct,,7.49578043854,,True
Q3-T-005,1042,direct,,7.65287662513,,True
Q3-T-005,1044,direct,,17.8127778855,,True
Q3-T-005,1046,direct,,17.9757321016,,True
Q3-T-005,1048,direct,,18.1417818802,,True
Q3-T-005,1050,direct,,18.3109708079,,True
Q3-T-005,1052,direct,,18.4835743708,,True
Q3-T-005,1054,direct,,18.6596520536,,True
Q3-T-005,1056,direct,,18.8392904441,,True
Q3-T-005,1058,direct,,19.0227231618,,True
Q3-T-005,1060,direct,,19.2101069755,,True
Q3-T-005,1062,direct,,19.4015869314,,True
Q3-T-005,1064,direct,,19.5972569957,,True
Q3-T-005,1066,direct,,19.7974835995,,True
Q3-T-005,1068,direct,,20.0023881359,,True
Q3-T-005,1070,direct,,20.2121276647,,True
Q3-T-005,1072,direct,,20.4270365278,,True
Q3-T-005,1074,direct,,20.647366177,,True
Q3-T-005,1076,direct,,20.8732917759,,True
Q3-T-005,1078,direct,,21.1052128084,,True
Q3-T-005,1080,direct,,21.343444267,,True
Q3-T-005,1082,direct,,21.5882233892,,True
Q3-T-005,1084,direct,,21.8400713547,,True
Q3-T-005,1086,direct,,22.0992831473,,True
Q3-T-005,1088,direct,,22.3662884101,,True
Q3-T-005,1090,direct,,22.6416932646,,True
Q3-T-005,1092,direct,,22.92594205,,True
Q3-T-005,1094,direct,,23.2194768968,,True
Q3-T-005,1096,direct,,23.5231872044,,True
Q3-T-005,1098,direct,,23.8376392224,,True
Q3-T-005,1100,direct,,24.1634522854,,True
Q3-T-005,1102,direct,,24.5017620114,,True
Q3-T-005,1104,direct,,24.8533687172,,True
Q3-T-005,1106,direct,,25.2192081376,,True
Q3-T-005,1108,direct,,25.6006200711,,True
Q3-T-005,1110,direct,,25.9989155023,,True
Q3-T-005,1112,direct,,26.415520947,,True
Q3-T-005,1114,direct,,26.8519071756,,True
Q3-T-005,1116,direct,,27.3103477207,,True
Q3-T-005,1118,direct,,27.7927985021,,True
Q3-T-005,1120,direct,,28.3015412274,,True
Q3-T-005,1122,direct,,28.8395884198,,True
Q3-T-005,1124,direct,,29.4101090545,,True
Q3-T-005,1126,direct,,30.0164463529,,True
Q3-T-005,1128,direct,,30.6629477947,,True
Q3-T-005,1130,direct,,31.3541521263,,True
Q3-T-005,1132,direct,,32.0946577704,,True
Q3-T-005,1134,direct,,32.8899451533,,True
Q3-T-005,1136,direct,,33.7441869692,,True
Q3-T-005,1138,direct,,34.6599339553,,True
Q3-T-005,1140,direct,,35.6354325703,,True
Q3-T-005,1142,direct,,36.6575657594,,True
Q3-T-005,1144,direct,,37.6926412183,,True
Q3-T-005,1146,direct,,38.6704670508,,True
Q3-T-005,1148,direct,,39.4682868386,,True
Q3-T-005,1150,direct,,39.9252065129,,True
Q3-T-005,1150.96353185,direct,,39.9825954966,,True
Q3-T-005,1152,direct,,40.1639300489,,True
Q3-T-005,1154,direct,,40.5250816647,,True
Q3-T-005,1156,direct,,40.9019035571,,True
Q3-T-005,1158,direct,,41.2958175086,,True
Q3-T-005,1160,direct,,41.7084480352,,True
Q3-T-005,1162,direct,,42.1416628621,,True
Q3-T-005,1164,direct,,42.5976240338,,True
Q3-T-005,1166,direct,,43.0788531986,,True
Q3-T-005,1168,direct,,43.5883160618,,True
Q3-T-005,1170,direct,,44.1295331867,,True
Q3-T-005,1172,direct,,44.7067276673,,True
Q3-T-005,1174,direct,,45.325025453,,True
Q3-T-005,1176,direct,,45.9907325928,,True
Q3-T-005,1178,direct,,46.7117278149,,True
Q3-T-005,1180,direct,,47.4980332822,,True
Q3-T-005,1182,direct,,48.3626703401,,True
Q3-T-005,1184,direct,,49.3229901606,,True
Q3-T-005,1186,direct,,50.4028354692,,True
Q3-T-005,1188,direct,,51.6362463381,,True
Q3-T-005,1190,direct,,53.0742575708,,True
Q3-T-005,1192,direct,,54.7985145535,,True
Q3-T-005,1194,direct,,56.9520266097,,True
Q3-T-005,1196,direct,,59.8219572205,,True
Q3-T-005,1198,direct,,64.1373547897,,True
Q3-T-005,1200,direct,,73.0961797845,,True
Q3-T-005,1202,direct,,74.9796779048,,True
Q3-T-005,1204,direct,,64.7630092199,,True
Q3-T-005,1206,direct,,60.197246025,,True
Q3-T-005,1208,direct,,57.2200696168,,True
Q3-T-005,1209.10617589,direct,,55.9251752525,,True
Q3-T-006,360,direct,,55.9251752525,,True
Q3-T-006,362,direct,,59.0232144522,,True
Q3-T-006,364,direct,,63.8839754259,,True
Q3-T-006,366,direct,,75.9251752525,,True
Q3-T-006,368,direct,,69.9045753392,,True
Q3-T-006,370,direct,,61.9457751658,,True
Q3-T-006,372,direct,,57.8633755126,,True
Q3-T-006,374,direct,,55.0973215493,,True
Q3-T-006,376,direct,,53.0026145389,,True
Q3-T-006,378,direct,,51.3161968249,,True
Q3-T-006,380,direct,,49.9045753392,,True
Q3-T-006,382,direct,,48.6906185321,,True
Q3-T-006,384,direct,,47.6257082931,,True
Q3-T-006,386,direct,,46.6772152945,,True
Q3-T-006,388,direct,,45.8221756861,,True
Q3-T-006,390,direct,,45.0438143655,,True
Q3-T-006,392,direct,,44.3295033202,,True
Q3-T-006,394,direct,,43.6694981181,,True
Q3-T-006,396,direct,,43.0561217228,,True
Q3-T-006,398,direct,,42.4832180938,,True
Q3-T-006,400,direct,,41.9457751658,,True
Q3-T-006,402,direct,,41.4396578605,,True
Q3-T-006,404,direct,,40.9614147124,,True
Q3-T-006,406,direct,,40.5081350196,,True
Q3-T-006,408,direct,,40.0773414625,,True
Q3-T-006,410,direct,,39.6669081196,,True
Q3-T-006,412,direct,,39.2749969984,,True
Q3-T-006,414,direct,,38.9000082781,,True
Q3-T-006,416,direct,,38.5405408579,,True
Q3-T-006,418,direct,,38.195360749,,True
Q3-T-006,420,direct,,37.8633755126,,True
Q3-T-006,422,direct,,37.543613405,,True
Q3-T-006,424,direct,,37.2352062276,,True
Q3-T-006,426,direct,,36.9373751196,,True
Q3-T-006,428,direct,,36.6494187056,,True
Q3-T-006,430,direct,,36.3707031467,,True
Q3-T-006,432,direct,,36.1006537386,,True
Q3-T-006,434,direct,,35.8387477768,,True
Q3-T-006,436,direct,,35.5845084665,,True
Q3-T-006,438,direct,,35.3374996988,,True
Q3-T-006,439.465946467,direct,,35.1607224851,,True
Q3-T-006,440,direct,,35.1548802447,,True
Q3-T-006,442,direct,,35.0310999682,,True
Q3-T-006,444,direct,,34.7588176884,,True
Q3-T-006,446,direct,,34.3639238896,,True
Q3-T-006,448,direct,,33.8782212277,,True
Q3-T-006,450,direct,,33.3324710237,,True
Q3-T-006,452,direct,,32.7525334001,,True
Q3-T-006,454,direct,,32.1581100262,,True
Q3-T-006,456,direct,,31.5631532421,,True
Q3-T-006,458,direct,,30.977157786,,True
Q3-T-006,460,direct,,30.4055727951,,True
Q3-T-006,462,direct,,29.8519957601,,True
Q3-T-006,464,direct,,29.3181676593,,True
Q3-T-006,466,direct,,28.8047394495,,True
Q3-T-006,468,direct,,28.3116462191,,True
Q3-T-006,470,direct,,27.8384025497,,True
Q3-T-006,472,direct,,27.3844100266,,True
Q3-T-006,474,direct,,26.9484808063,,True
Q3-T-006,476,direct,,26.52982146,,True
Q3-T-006,478,direct,,26.127470474,,True
Q3-T-006,480,direct,,25.7404831201,,True
Q3-T-006,482,direct,,25.3679496988,,True
Q3-T-006,484,direct,,25.0090057726,,True
Q3-T-006,486,direct,,24.6629504783,,True
Q3-T-006,488,direct,,24.32879111,,True
Q3-T-006,490,direct,,24.0059343227,,True
Q3-T-006,492,direct,,23.6937190746,,True
Q3-T-006,494,direct,,23.3915315624,,True
Q3-T-006,496,direct,,23.0988023464,,True
Q3-T-006,498,direct,,22.8150033261,,True
Q3-T-006,500,direct,,22.5397351035,,True
Q3-T-006,502,direct,,22.2723598876,,True
Q3-T-006,504,direct,,22.012548954,,True
Q3-T-006,506,direct,,21.7599127027,,True
Q3-T-006,508,direct,,21.5140821004,,True
Q3-T-006,510,direct,,21.2747203945,,True
Q3-T-006,512,direct,,21.0415883809,,True
Q3-T-006,514,direct,,20.8142361208,,True
Q3-T-006,516,direct,,20.5924672815,,True
Q3-T-006,518,direct,,20.3760248142,,True
Q3-T-006,520,direct,,20.1646682263,,True
Q3-T-006,522,direct,,19.9581722699,,True
Q3-T-006,524,direct,,19.7563257479,,True
Q3-T-006,526,direct,,19.5589954754,,True
Q3-T-006,528,direct,,19.3658636977,,True
Q3-T-006,530,direct,,19.1768217149,,True
Q3-T-006,532,direct,,18.9917045672,,True
Q3-T-006,534,direct,,18.8103567828,,True
Q3-T-006,536,direct,,18.6326316888,,True
Q3-T-006,538,direct,,18.4583907812,,True
Q3-T-006,540,direct,,18.2875595414,,True
Q3-T-006,542,direct,,18.1199002776,,True
Q3-T-006,544,direct,,17.955354709,,True
Q3-T-006,546,direct,,17.793808663,,True
Q3-T-006,548,direct,,7.63515825263,,True
Q3-T-006,550,direct,,7.47930340615,,True
Q3-T-006,552,direct,,7.32614905038,,True
Q3-T-006,554,direct,,7.1756545251,,True
Q3-T-006,556,direct,,7.02763352132,,True
Q3-T-006,558,direct,,6.88205472446,,True
Q3-T-006,560,direct,,6.73884008679,,True
Q3-T-006,562,direct,,6.5979151832,,True
Q3-T-006,564,direct,,6.45920899432,,True
Q3-T-006,566,direct,,6.32265370528,,True
Q3-T-006,568,direct,,6.18822898211,,True
Q3-T-006,570,direct,,6.0557832807,,True
Q3-T-006,572,direct,,5.92530247723,,True
Q3-T-006,574,direct,,5.79672983207,,True
Q3-T-006,576,direct,,5.67001099742,,True
Q3-T-006,578,direct,,5.54509388652,,True
Q3-T-006,580,direct,,5.42196930258,,True
Q3-T-006,582,direct,,5.30050726068,,True
Q3-T-006,584,direct,,5.18070417869,,True
Q3-T-006,586,direct,,5.06251366172,,True
Q3-T-006,588,direct,,4.94589435938,,True
Q3-T-006,590,direct,,4.83080544685,,True
Q3-T-006,592,direct,,4.71720765433,,True
Q3-T-006,594,direct,,4.60510031729,,True
Q3-T-006,596,direct,,4.49437232818,,True
Q3-T-006,598,direct,,4.38502624274,,True
Q3-T-006,600,direct,,4.2770282843,,True
Q3-T-006,602,direct,,4.17034588899,,True
Q3-T-006,604,direct,,4.06494764882,,True
Q3-T-006,606,direct,,3.96080325815,,True
Q3-T-006,608,direct,,3.85791755408,,True
Q3-T-006,610,direct,,3.75619371076,,True
Q3-T-006,612,direct,,3.65563893128,,True
Q3-T-006,614,direct,,3.55622684092,,True
Q3-T-006,616,direct,,3.45793194109,,True
Q3-T-006,618,direct,,3.36072957127,,True
Q3-T-006,620,direct,,3.26459587294,,True
Q3-T-006,622,direct,,3.16954013776,,True
Q3-T-006,624,direct,,3.07547489926,,True
Q3-T-006,626,direct,,2.98241124323,,True
Q3-T-006,628,direct,,2.89032819467,,True
Q3-T-006,630,direct,,2.7992054266,,True
Q3-T-006,632,direct,,2.70902323377,,True
Q3-T-006,634,direct,,2.61976250778,,True
Q3-T-006,636,direct,,2.53143400484,,True
Q3-T-006,638,direct,,2.44396086522,,True
Q3-T-006,640,direct,,2.35735522239,,True
Q3-T-006,642,direct,,2.27160012914,,True
Q3-T-006,644,direct,,2.18667912746,,True
Q3-T-006,646,direct,,2.10257622994,,True
Q3-T-006,648,direct,,2.01930352499,,True
Q3-T-006,650,direct,,1.93679040873,,True
Q3-T-006,651.879203267,direct,,1.85996174426,,True
Q3-T-006,652,direct,,1.86001750279,,True
Q3-T-006,654,direct,,1.86093563073,,True
Q3-T-006,656,direct,,1.86183265373,,True
Q3-T-006,658,direct,,1.86270855865,,True
Q3-T-006,660,direct,,1.86356333267,,True
Q3-T-006,662,direct,,1.86439696329,,True
Q3-T-006,664,direct,,1.8652094383,,True
Q3-T-006,666,direct,,1.86600074579,,True
Q3-T-006,668,direct,,1.86677087416,,True
Q3-T-006,670,direct,,1.86751981211,,True
Q3-T-006,672,direct,,1.86824754866,,True
Q3-T-006,672.398339011,direct,,1.86839055086,,True
Q3-T-006,674,direct,,1.86839055086,,True
Q3-T-006,676,direct,,1.86839055086,,True
Q3-T-006,678,direct,,1.86839055086,,True
Q3-T-006,680,direct,,1.86839055086,,True
Q3-T-006,682,direct,,1.86839055086,,True
Q3-T-006,684,direct,,1.86839055086,,True
Q3-T-006,686,direct,,1.86839055086,,True
Q3-T-006,688,direct,,1.86839055086,,True
Q3-T-006,690,direct,,1.86839055086,,True
Q3-T-006,692,direct,,1.86839055086,,True
Q3-T-006,694,direct,,1.86839055086,,True
Q3-T-006,696,direct,,1.86839055086,,True
Q3-T-006,698,direct,,1.86839055086,,True
Q3-T-006,700,direct,,1.86839055086,,True
Q3-T-006,702,direct,,1.86839055086,,True
Q3-T-006,704,direct,,1.86839055086,,True
Q3-T-006,706,direct,,1.86839055086,,True
Q3-T-006,708,direct,,1.86839055086,,True
Q3-T-006,710,direct,,1.86839055086,,True
Q3-T-006,712,direct,,1.86839055086,,True
Q3-T-006,714,direct,,1.86839055086,,True
Q3-T-006,716,direct,,1.86839055086,,True
Q3-T-006,718,direct,,1.86839055086,,True
Q3-T-006,720,direct,,1.86839055086,,True
Q3-T-006,722,direct,,1.86839055086,,True
Q3-T-006,724,direct,,1.86839055086,,True
Q3-T-006,726,direct,,1.86839055086,,True
Q3-T-006,728,direct,,1.86839055086,,True
Q3-T-006,730,direct,,1.86839055086,,True
Q3-T-006,732,direct,,1.86839055086,,True
Q3-T-006,734,direct,,1.86839055086,,True
Q3-T-006,736,direct,,1.86839055086,,True
Q3-T-006,738,direct,,1.86839055086,,True
Q3-T-006,740,direct,,1.86839055086,,True
Q3-T-006,742,direct,,1.86839055086,,True
Q3-T-006,744,direct,,1.86839055086,,True
Q3-T-006,746,direct,,1.86839055086,,True
Q3-T-006,748,direct,,1.86839055086,,True
Q3-T-006,750,direct,,1.86839055086,,True
Q3-T-006,752,direct,,1.86839055086,,True
Q3-T-006,754,direct,,1.86839055086,,True
Q3-T-006,756,direct,,1.86839055086,,True
Q3-T-006,758,direct,,1.86839055086,,True
Q3-T-006,760,direct,,1.86839055086,,True
Q3-T-006,762,direct,,1.86839055086,,True
Q3-T-006,764,direct,,1.86839055086,,True
Q3-T-006,766,direct,,1.86839055086,,True
Q3-T-006,768,direct,,1.86839055086,,True
Q3-T-006,770,direct,,1.86839055086,,True
Q3-T-006,772,direct,,1.86839055086,,True
Q3-T-006,774,direct,,1.86839055086,,True
Q3-T-006,776,direct,,1.86839055086,,True
Q3-T-006,778,direct,,1.86839055086,,True
Q3-T-006,780,direct,,1.86839055086,,True
Q3-T-006,782,direct,,1.86839055086,,True
Q3-T-006,784,direct,,1.86839055086,,True
Q3-T-006,786,direct,,1.86839055086,,True
Q3-T-006,788,direct,,1.86839055086,,True
Q3-T-006,790,direct,,1.86839055086,,True
Q3-T-006,792,direct,,1.86839055086,,True
Q3-T-006,794,direct,,1.86839055086,,True
Q3-T-006,796,direct,,1.86839055086,,True
Q3-T-006,798,direct,,1.86839055086,,True
Q3-T-006,800,direct,,1.86839055086,,True
Q3-T-006,802,direct,,1.86839055086,,True
Q3-T-006,804,direct,,1.86839055086,,True
Q3-T-006,806,direct,,1.86839055086,,True
Q3-T-006,808,direct,,1.86839055086,,True
Q3-T-006,810,direct,,1.86839055086,,True
Q3-T-006,812,direct,,1.86839055086,,True
Q3-T-006,814,direct,,1.86839055086,,True
Q3-T-006,816,direct,,1.86839055086,,True
Q3-T-006,818,direct,,1.86839055086,,True
Q3-T-006,820,direct,,1.86839055086,,True
Q3-T-006,822,direct,,1.86839055086,,True
Q3-T-006,824,direct,,1.86839055086,,True
Q3-T-006,826,direct,,1.86839055086,,True
Q3-T-006,828,direct,,1.86839055086,,True
Q3-T-006,830,direct,,1.86839055086,,True
Q3-T-006,832,direct,,1.86839055086,,True
Q3-T-006,834,direct,,1.86839055086,,True
Q3-T-006,836,direct,,1.86839055086,,True
Q3-T-006,838,direct,,1.86839055086,,True
Q3-T-006,840,direct,,1.86839055086,,True
Q3-T-006,842,direct,,1.86839055086,,True
Q3-T-006,844,direct,,1.86839055086,,True
Q3-T-006,846,direct,,1.86839055086,,True
Q3-T-006,848,direct,,1.86839055086,,True
Q3-T-006,850,direct,,1.86839055086,,True
Q3-T-006,852,direct,,1.86839055086,,True
Q3-T-006,854,direct,,1.86839055086,,True
Q3-T-006,856,direct,,1.86839055086,,True
Q3-T-006,858,direct,,1.86839055086,,True
Q3-T-006,860,direct,,1.86839055086,,True
Q3-T-006,862,direct,,1.86839055086,,True
Q3-T-006,864,direct,,1.86839055086,,True
Q3-T-006,866,direct,,1.86839055086,,True
Q3-T-006,868,direct,,1.86839055086,,True
Q3-T-006,870,direct,,1.86839055086,,True
Q3-T-006,872,direct,,1.86839055086,,True
Q3-T-006,874,direct,,1.86839055086,,True
Q3-T-006,876,direct,,1.86839055086,,True
Q3-T-006,878,direct,,1.86839055086,,True
Q3-T-006,880,direct,,1.86839055086,,True
Q3-T-006,882,direct,,1.86839055086,,True
Q3-T-006,882.398339011,direct,,1.86839055086,,True
Q3-T-006,884,direct,,1.86769640286,,True
Q3-T-006,886,direct,,1.86680123861,,True
Q3-T-006,888,direct,,1.86587555953,,True
Q3-T-006,890,direct,,1.86491938518,,True
Q3-T-006,892,direct,,1.86393273574,,True
Q3-T-006,894,direct,,1.86291563203,,True
Q3-T-006,896,direct,,1.86186809548,,True
Q3-T-006,898,direct,,1.86079014817,,True
Q3-T-006,899.497618797,direct,,1.85996174426,,True
Q3-T-006,900,direct,,1.88042518348,,True
Q3-T-006,902,direct,,1.96240463173,,True
Q3-T-006,904,direct,,2.04516140525,,True
Q3-T-006,906,direct,,2.12871031161,,True
Q3-T-006,908,direct,,2.21306658336,,True
Q3-T-006,910,direct,,2.29821737459,,True
Q3-T-006,912,direct,,2.38423557453,,True
Q3-T-006,914,direct,,2.47110954872,,True
Q3-T-006,916,direct,,2.55885640066,,True
Q3-T-006,918,direct,,2.64749374875,,True
Q3-T-006,920,direct,,2.73703974705,,True
Q3-T-006,922,direct,,2.82751310708,,True
Q3-T-006,924,direct,,2.91890250069,,True
Q3-T-006,926,direct,,3.0112878829,,True
Q3-T-006,928,direct,,3.10466118102,,True
Q3-T-006,930,direct,,3.19904273048,,True
Q3-T-006,932,direct,,3.29445439827,,True
Q3-T-006,934,direct,,3.3909187655,,True
Q3-T-006,936,direct,,3.48845915869,,True
Q3-T-006,938,direct,,3.58706663072,,True
Q3-T-006,940,direct,,3.68683182419,,True
Q3-T-006,942,direct,,3.7877478251,,True
Q3-T-006,944,direct,,3.88984128917,,True
Q3-T-006,946,direct,,3.99313980155,,True
Q3-T-006,948,direct,,4.09767192016,,True
Q3-T-006,950,direct,,4.20346722157,,True
Q3-T-006,952,direct,,4.31052044959,,True
Q3-T-006,954,direct,,4.41893471947,,True
Q3-T-006,956,direct,,4.5287075029,,True
Q3-T-006,958,direct,,4.63987296641,,True
Q3-T-006,960,direct,,4.75246656917,,True
Q3-T-006,962,direct,,4.86652512839,,True
Q3-T-006,964,direct,,4.98208581668,,True
Q3-T-006,966,direct,,5.09915123034,,True
Q3-T-006,968,direct,,5.21783966168,,True
Q3-T-006,970,direct,,5.33815534166,,True
Q3-T-006,972,direct,,5.46014301324,,True
Q3-T-006,974,direct,,5.58384926818,,True
Q3-T-006,976,direct,,5.70932264893,,True
Q3-T-006,978,direct,,5.83657103701,,True
Q3-T-006,980,direct,,5.96573201946,,True
Q3-T-006,982,direct,,6.09681856829,,True
Q3-T-006,984,direct,,6.22988819621,,True
Q3-T-006,986,direct,,6.36500099368,,True
Q3-T-006,988,direct,,6.50221978269,,True
Q3-T-006,990,direct,,6.64161028206,,True
Q3-T-006,992,direct,,6.78319371403,,True
Q3-T-006,994,direct,,6.92713649658,,True
Q3-T-006,996,direct,,7.07346734636,,True
Q3-T-006,998,direct,,7.22226548626,,True
Q3-T-006,1000,direct,,7.3736140725,,True
Q3-T-006,1002,direct,,7.5276004535,,True
Q3-T-006,1004,direct,,7.68431499274,,True
Q3-T-006,1006,direct,,7.84380353451,,True
Q3-T-006,1008,direct,,8.00627263307,,True
Q3-T-006,1010,direct,,8.17177676516,,True
Q3-T-006,1012,direct,,18.3404289356,,True
Q3-T-006,1014,direct,,18.5123484164,,True
Q3-T-006,1016,direct,,18.6876612047,,True
Q3-T-006,1018,direct,,18.8665005204,,True
Q3-T-006,1020,direct,,19.0489459136,,True
Q3-T-006,1022,direct,,19.2352683056,,True
Q3-T-006,1024,direct,,19.4255658563,,True
Q3-T-006,1026,direct,,19.620006631,,True
Q3-T-006,1028,direct,,19.8187691852,,True
Q3-T-006,1030,direct,,20.0220434141,,True
Q3-T-006,1032,direct,,20.230031483,,True
Q3-T-006,1034,direct,,20.4428770603,,True
Q3-T-006,1036,direct,,20.6609518299,,True
Q3-T-006,1038,direct,,20.8844311865,,True
Q3-T-006,1040,direct,,21.1135776225,,True
Q3-T-006,1042,direct,,21.3486699068,,True
Q3-T-006,1044,direct,,21.5900134305,,True
Q3-T-006,1046,direct,,21.8378452561,,True
Q3-T-006,1048,direct,,22.092677248,,True
Q3-T-006,1050,direct,,22.3548006165,,True
Q3-T-006,1052,direct,,22.6246163169,,True
Q3-T-006,1054,direct,,22.9025560567,,True
Q3-T-006,1056,direct,,23.1890849745,,True
Q3-T-006,1058,direct,,23.4847044836,,True
Q3-T-006,1060,direct,,23.7898518723,,True
Q3-T-006,1062,direct,,24.1053133327,,True
Q3-T-006,1064,direct,,24.4316170142,,True
Q3-T-006,1066,direct,,24.7694392052,,True
Q3-T-006,1068,direct,,25.1195065673,,True
Q3-T-006,1070,direct,,25.4825975505,,True
Q3-T-006,1072,direct,,25.8595422968,,True
Q3-T-006,1074,direct,,26.2510870362,,True
Q3-T-006,1076,direct,,26.6584145394,,True
Q3-T-006,1078,direct,,27.0823491934,,True
Q3-T-006,1080,direct,,27.5238522439,,True
Q3-T-006,1082,direct,,27.9838541092,,True
Q3-T-006,1084,direct,,28.4632152629,,True
Q3-T-006,1086,direct,,28.9626132723,,True
Q3-T-006,1088,direct,,29.4822488891,,True
Q3-T-006,1090,direct,,30.0223390327,,True
Q3-T-006,1092,direct,,30.5817758945,,True
Q3-T-006,1094,direct,,31.1583716381,,True
Q3-T-006,1096,direct,,31.7480606099,,True
Q3-T-006,1098,direct,,32.3440428605,,True
Q3-T-006,1100,direct,,32.9356978896,,True
Q3-T-006,1102,direct,,33.5071970347,,True
Q3-T-006,1104,direct,,34.0372945233,,True
Q3-T-006,1106,direct,,34.4981653487,,True
Q3-T-006,1108,direct,,34.858182026,,True
Q3-T-006,1110,direct,,35.0865666531,,True
Q3-T-006,1111.9108756,direct,,35.1607224851,,True
Q3-T-006,1112,direct,,35.1694764174,,True
Q3-T-006,1114,direct,,35.3708460083,,True
Q3-T-006,1116,direct,,35.5769950818,,True
Q3-T-006,1118,direct,,35.788156046,,True
Q3-T-006,1120,direct,,36.0045786843,,True
Q3-T-006,1122,direct,,36.2265319311,,True
Q3-T-006,1124,direct,,36.4543058818,,True
Q3-T-006,1126,direct,,36.6882140721,,True
Q3-T-006,1128,direct,,36.9285960738,,True
Q3-T-006,1130,direct,,37.1758204596,,True
Q3-T-006,1132,direct,,37.4302882029,,True
Q3-T-006,1134,direct,,37.6924365899,,True
Q3-T-006,1136,direct,,37.9627437417,,True
Q3-T-006,1138,direct,,38.241733862,,True
Q3-T-006,1140,direct,,38.5299833568,,True
Q3-T-006,1142,direct,,38.8281280041,,True
Q3-T-006,1144,direct,,39.1368713988,,True
Q3-T-006,1146,direct,,39.4569949546,,True
Q3-T-006,1148,direct,,39.7893698208,,True
Q3-T-006,1150,direct,,40.1349711707,,True
Q3-T-006,1152,direct,,40.4948954529,,True
Q3-T-006,1154,direct,,40.8703813738,,True
Q3-T-006,1156,direct,,41.2628356236,,True
Q3-T-006,1158,direct,,41.673864695,,True
Q3-T-006,1160,direct,,42.1053146105,,True
Q3-T-006,1162,direct,,42.5593210435,,True
Q3-T-006,1164,direct,,43.038373276,,True
Q3-T-006,1166,direct,,43.5453968452,,True
Q3-T-006,1168,direct,,44.0838618438,,True
Q3-T-006,1170,direct,,44.6579270628,,True
Q3-T-006,1172,direct,,45.2726352279,,True
Q3-T-006,1174,direct,,45.9341827344,,True
Q3-T-006,1176,direct,,46.6503008275,,True
Q3-T-006,1178,direct,,47.4308085059,,True
Q3-T-006,1180,direct,,48.2884392525,,True
Q3-T-006,1182,direct,,49.2401224058,,True
Q3-T-006,1184,direct,,50.3090566846,,True
Q3-T-006,1186,direct,,51.528247532,,True
Q3-T-006,1188,direct,,52.9469553903,,True
Q3-T-006,1190,direct,,54.6435065332,,True
Q3-T-006,1192,direct,,56.753897588,,True
Q3-T-006,1194,direct,,59.5474669606,,True
Q3-T-006,1196,direct,,63.6907090923,,True
Q3-T-006,1198,direct,,71.8972327661,,True
Q3-T-006,1200,direct,,76.7443474061,,True
Q3-T-006,1202,direct,,65.2700876726,,True
Q3-T-006,1204,direct,,60.4934256349,,True
Q3-T-006,1206,direct,,57.4292553365,,True
Q3-T-006,1207.27001136,direct,,55.9251752525,,True
Q3-T-007,485.409454083,direct,,55.9251752525,,True
Q3-T-007,487.409454083,direct,,58.4239499847,,True
Q3-T-007,489.409454083,direct,,61.9457751658,,True
Q3-T-007,491.409454083,direct,,67.966375079,,True
Q3-T-007,493.409454083,direct,,141.945775166,,True
Q3-T-007,495.409454083,direct,,67.966375079,,True
Q3-T-007,497.409454083,direct,,61.9457751658,,True
Q3-T-007,499.409454083,direct,,58.4239499847,,True
Q3-T-007,501.409454083,direct,,55.9251752525,,True
Q3-T-007,503.409454083,direct,,53.9869749923,,True
Q3-T-007,505.409454083,direct,,52.4033500714,,True
Q3-T-007,507.409454083,direct,,51.0644142788,,True
Q3-T-007,509.409454083,direct,,49.9045753392,,True
Q3-T-007,511.409454083,direct,,48.8815248903,,True
Q3-T-007,513.409454083,direct,,47.966375079,,True
Q3-T-007,515.409454083,direct,,47.1385213759,,True
Q3-T-007,517.409454083,direct,,46.3827501581,,True
Q3-T-007,519.409454083,direct,,45.6875080329,,True
Q3-T-007,521.409454083,direct,,45.0438143655,,True
Q3-T-007,523.409454083,direct,,44.4445498979,,True
Q3-T-007,525.409454083,direct,,43.8839754259,,True
Q3-T-007,527.409454083,direct,,43.3573966515,,True
Q3-T-007,529.409454083,direct,,42.860924977,,True
Q3-T-007,531.409454083,direct,,42.39130306,,True
Q3-T-007,533.409454083,direct,,41.9457751658,,True
Q3-T-007,535.409454083,direct,,41.5219891844,,True
Q3-T-007,537.409454083,direct,,41.1179214626,,True
Q3-T-007,539.409454083,direct,,40.7318183587,,True
Q3-T-007,541.409454083,direct,,40.3621502448,,True
Q3-T-007,543.409454083,direct,,40.0075749056,,True
Q3-T-007,545.409454083,direct,,39.6669081196,,True
Q3-T-007,547.409454083,direct,,39.3390997959,,True
Q3-T-007,549.409454083,direct,,39.0232144522,,True
Q3-T-007,551.409454083,direct,,38.7184151211,,True
Q3-T-007,553.409454083,direct,,38.4239499847,,True
Q3-T-007,555.409454083,direct,,38.1391412024,,True
Q3-T-007,557.409454083,direct,,37.8633755126,,True
Q3-T-007,557.911155763,direct,,37.7957806996,,True
Q3-T-007,559.409454083,direct,,37.7122230925,,True
Q3-T-007,561.409454083,direct,,37.3585937959,,True
Q3-T-007,563.409454083,direct,,36.7865713567,,True
Q3-T-007,565.409454083,direct,,36.0741180759,,True
Q3-T-007,567.409454083,direct,,35.2899473773,,True
Q3-T-007,569.409454083,direct,,34.4834974432,,True
Q3-T-007,571.409454083,direct,,33.6852410956,,True
Q3-T-007,573.409454083,direct,,32.9124873166,,True
Q3-T-007,575.409454083,direct,,32.1734315205,,True
Q3-T-007,577.409454083,direct,,31.4714676506,,True
Q3-T-007,579.409454083,direct,,30.8065029026,,True
Q3-T-007,581.409454083,direct,,30.1778500005,,True
Q3-T-007,583.409454083,direct,,29.5831906338,,True
Q3-T-007,585.409454083,direct,,29.020131079,,True
Q3-T-007,587.409454083,direct,,28.4864368689,,True
Q3-T-007,589.409454083,direct,,27.979670231,,True
Q3-T-007,591.409454083,direct,,27.4978012247,,True
Q3-T-007,593.409454083,direct,,27.0387152987,,True
Q3-T-007,595.409454083,direct,,26.6007125353,,True
Q3-T-007,597.409454083,direct,,26.1820320939,,True
Q3-T-007,599.409454083,direct,,25.7812898188,,True
Q3-T-007,601.409454083,direct,,25.3970844227,,True
Q3-T-007,603.409454083,direct,,25.0281536617,,True
Q3-T-007,605.409454083,direct,,24.6734928158,,True
Q3-T-007,607.409454083,direct,,24.3320169628,,True
Q3-T-007,609.409454083,direct,,24.002912624,,True
Q3-T-007,611.409454083,direct,,23.685182055,,True
Q3-T-007,613.409454083,direct,,23.3783585329,,True
Q3-T-007,615.409454083,direct,,23.08158693,,True
Q3-T-007,617.409454083,direct,,22.7943249546,,True
Q3-T-007,619.409454083,direct,,22.5159687882,,True
Q3-T-007,621.409454083,direct,,22.2459663871,,True
Q3-T-007,623.409454083,direct,,21.9839109278,,True
Q3-T-007,625.409454083,direct,,21.7292976539,,True
Q3-T-007,627.409454083,direct,,21.4817881094,,True
Q3-T-007,629.409454083,direct,,21.2409464089,,True
Q3-T-007,631.409454083,direct,,21.0064893926,,True
Q3-T-007,633.409454083,direct,,20.7780377198,,True
Q3-T-007,635.409454083,direct,,20.555353284,,True
Q3-T-007,637.409454083,direct,,20.3381309508,,True
Q3-T-007,639.409454083,direct,,20.1260873644,,True
Q3-T-007,641.409454083,direct,,19.9190373789,,True
Q3-T-007,643.409454083,direct,,19.7167045879,,True
Q3-T-007,645.409454083,direct,,19.5188714639,,True
Q3-T-007,647.409454083,direct,,19.3254135005,,True
Q3-T-007,649.409454083,direct,,19.1361350335,,True
Q3-T-007,651.409454083,direct,,18.950815418,,True
Q3-T-007,653.409454083,direct,,18.7693400677,,True
Q3-T-007,655.409454083,direct,,18.591532705,,True
Q3-T-007,657.409454083,direct,,18.4172277473,,True
Q3-T-007,659.409454083,direct,,18.2463343195,,True
Q3-T-007,661.409454083,direct,,18.0786809113,,True
Q3-T-007,663.409454083,direct,,17.914189527,,True
Q3-T-007,665.409454083,direct,,17.7527038283,,True
Q3-T-007,667.409454083,direct,,17.5941568252,,True
Q3-T-007,669.409454083,direct,,17.438405409,,True
Q3-T-007,671.409454083,direct,,17.2853920356,,True
Q3-T-007,673.409454083,direct,,17.1350042338,,True
Q3-T-007,675.409454083,direct,,16.9871354667,,True
Q3-T-007,677.409454083,direct,,16.8416955769,,True
Q3-T-007,679.409454083,direct,,16.698657426,,True
Q3-T-007,681.409454083,direct,,16.5579366731,,True
Q3-T-007,683.409454083,direct,,16.4194251641,,True
Q3-T-007,685.409454083,direct,,16.283089405,,True
Q3-T-007,687.409454083,direct,,16.1488288084,,True
Q3-T-007,689.409454083,direct,,16.0166148563,,True
Q3-T-007,691.409454083,direct,,15.8863702328,,True
Q3-T-007,693.409454083,direct,,15.758021237,,True
Q3-T-007,695.409454083,direct,,15.6315456763,,True
Q3-T-007,697.409454083,direct,,15.5068585809,,True
Q3-T-007,699.409454083,direct,,15.38394134,,True
Q3-T-007,701.409454083,direct,,15.2627141629,,True
Q3-T-007,703.409454083,direct,,15.1431615934,,True
Q3-T-007,705.409454083,direct,,15.0252085234,,True
Q3-T-007,707.409454083,direct,,14.9088422816,,True
Q3-T-007,709.409454083,direct,,14.7940065782,,True
Q3-T-007,711.409454083,direct,,14.6806128156,,True
Q3-T-007,713.409454083,direct,,14.5687217022,,True
Q3-T-007,715.409454083,direct,,4.45823291338,,True
Q3-T-007,717.409454083,direct,,4.34913942239,,True
Q3-T-007,719.409454083,direct,,4.24137940136,,True
Q3-T-007,721.409454083,direct,,4.13494765144,,True
Q3-T-007,723.409454083,direct,,4.02978542905,,True
Q3-T-007,725.409454083,direct,,3.92588916215,,True
Q3-T-007,727.409454083,direct,,3.82321597551,,True
Q3-T-007,729.409454083,direct,,3.72172463572,,True
Q3-T-007,731.409454083,direct,,3.62141368579,,True
Q3-T-007,733.409454083,direct,,3.52223104376,,True
Q3-T-007,735.409454083,direct,,3.42417647551,,True
Q3-T-007,737.409454083,direct,,3.3272002081,,True
Q3-T-007,739.409454083,direct,,3.23130310045,,True
Q3-T-007,741.409454083,direct,,3.13643751583,,True
Q3-T-007,743.409454083,direct,,3.04257655338,,True
Q3-T-007,745.409454083,direct,,2.94974413081,,True
Q3-T-007,747.409454083,direct,,2.85787852939,,True
Q3-T-007,749.409454083,direct,,2.76698286437,,True
Q3-T-007,751.409454083,direct,,2.67701419032,,True
Q3-T-007,753.409454083,direct,,2.58797636504,,True
Q3-T-007,755.409454083,direct,,2.4998280955,,True
Q3-T-007,757.409454083,direct,,2.41257390522,,True
Q3-T-007,759.409454083,direct,,2.3261740429,,True
Q3-T-007,761.409454083,direct,,2.240633629,,True
Q3-T-007,763.409454083,direct,,2.15592512022,,True
Q3-T-007,765.409454083,direct,,2.0720218713,,True
Q3-T-007,767.409454083,direct,,1.98892978445,,True
Q3-T-007,769.409454083,direct,,1.90661254082,,True
Q3-T-007,771.409454083,direct,,1.82507649715,,True
Q3-T-007,773.409454083,direct,,1.74428655997,,True
Q3-T-007,775.409454083,direct,,1.66424949337,,True
Q3-T-007,777.409454083,direct,,1.5849070459,,True
Q3-T-007,779.409454083,direct,,1.50631518397,,True
Q3-T-007,781.409454083,direct,,1.42842642149,,True
Q3-T-007,783.409454083,direct,,1.351218502,,True
Q3-T-007,785.409454083,direct,,1.27469903115,,True
Q3-T-007,787.409454083,direct,,1.19883666057,,True
Q3-T-007,789.409454083,direct,,1.12363927194,,True
Q3-T-007,791.409454083,direct,,1.04907645318,,True
Q3-T-007,793.409454083,direct,,0.975156332301,,True
Q3-T-007,795.409454083,direct,,0.90184938237,,True
Q3-T-007,797.409454083,direct,,0.829163950799,,True
Q3-T-007,799.409454083,direct,,0.757080517322,,True
Q3-T-007,801.409454083,direct,,0.685580117712,,True
Q3-T-007,803.409454083,direct,,0.614671383428,,True
Q3-T-007,805.409454083,direct,,0.544326800679,,True
Q3-T-007,807.409454083,direct,,0.474555163553,,True
Q3-T-007,809.409454083,direct,,0.405308463553,,True
Q3-T-007,811.409454083,direct,,0.336638262162,,True
Q3-T-007,813.409454083,direct,,0.268497078733,,True
Q3-T-007,815.409454083,direct,,0.200893976915,,True
Q3-T-007,817.409454083,relay,H170,0.133803537363,3.68543315665,True
Q3-T-007,819.409454083,relay,H170,0.0672349339971,3.69064405057,True
Q3-T-007,821.409454083,relay,H170,0.00117178494108,3.69539564329,True
Q3-T-007,823.409454083,relay,H170,-0.0644018580407,3.6997063964,True
Q3-T-007,825.409454083,relay,H170,-0.129476682266,3.70353494149,True
Q3-T-007,827.409454083,relay,H170,-0.194076583381,3.70691995985,True
Q3-T-007,829.409454083,relay,H170,-0.258192172062,3.70982054228,True
Q3-T-007,831.409454083,relay,H170,-0.32184678305,3.71227548758,True
Q3-T-007,833.409454083,relay,H170,-0.385030961787,3.71424436804,True
Q3-T-007,835.409454083,relay,H170,-0.447767507222,3.71576608642,True
Q3-T-007,837.409454083,relay,H170,-0.51004690997,3.71680071736,True
Q3-T-007,839.409454083,relay,H170,-0.571883586596,3.71736767235,True
Q3-T-007,841.409454083,relay,H170,-0.633291592787,3.71748628945,True
Q3-T-007,843.409454083,relay,H170,-0.694280062575,3.71710914608,True
Q3-T-007,845.409454083,relay,H170,-0.754833009322,3.7162917692,True
Q3-T-007,847.409454083,relay,H170,-0.81495966604,3.71498742756,True
Q3-T-007,849.409454083,relay,H170,-0.874681132477,3.7132352655,True
Q3-T-007,851.409454083,relay,H170,-0.933987776897,3.71099725825,True
Q3-T-007,853.409454083,relay,H170,-0.992900258534,3.70831258012,True
Q3-T-007,855.409454083,relay,H170,-1.05140892747,3.70514378332,True
Q3-T-007,857.409454083,relay,H170,-1.10952662188,3.70151107985,True
Q3-T-007,859.409454083,relay,H170,-1.1672658751,3.69743453075,True
Q3-T-007,861.409454083,relay,H170,-1.2246170216,3.69287757579,True
Q3-T-007,863.409454083,relay,H170,-1.28159969518,3.68787937906,True
Q3-T-007,865.409454083,relay,H170,-1.33820422684,3.68240398431,True
Q3-T-007,867.409454083,relay,H170,-1.39444986803,3.67649051546,True
Q3-T-007,869.409454083,relay,H170,-1.45032695134,3.67010362809,True
Q3-T-007,871.409454083,relay,H170,-1.50585436044,3.66328238439,True
Q3-T-007,873.409454083,relay,H170,-1.56102243404,3.655992058,True
Q3-T-007,875.409454083,relay,H170,-1.61584272193,3.64825341462,True
Q3-T-007,877.409454083,relay,H170,-1.67034323493,3.64007644122,True
Q3-T-007,879.409454083,relay,H170,-1.72448078099,3.63144832081,True
Q3-T-007,881.409454083,relay,H170,-1.77829021013,3.62239743816,True
Q3-T-007,883.409454083,relay,H170,-1.83176189395,3.61289062906,True
Q3-T-007,885.409454083,relay,H170,-1.8849135328,3.6029665627,True
Q3-T-007,887.409454083,relay,H170,-1.93773551752,3.59259270247,True
Q3-T-007,889.409454083,relay,H170,-1.99024523729,3.58180755358,True
Q3-T-007,891.409454083,relay,H170,-2.0424331052,3.57057920648,True
Q3-T-007,893.409454083,relay,H170,-2.09430960387,3.55892865601,True
Q3-T-007,895.409454083,relay,H170,-2.14588499012,3.54687658741,True
Q3-T-007,897.409454083,relay,H170,-2.19714971551,3.53439202782,True
Q3-T-007,899.409454083,relay,H170,-2.2481204376,3.52151297116,True
Q3-T-007,901.409454083,relay,H170,-2.29878763663,3.5082090647,True
Q3-T-007,903.409454083,relay,H170,-2.34916769464,3.4945180577,True
Q3-T-007,905.409454083,relay,H170,-2.39925112274,3.48041021278,True
Q3-T-007,907.409454083,relay,H170,-2.44905403656,3.46592301203,True
Q3-T-007,909.409454083,relay,H170,-2.49858218265,3.45101506151,True
Q3-T-007,911.409454083,relay,H170,-2.54781465733,3.43573165977,True
Q3-T-007,913.409454083,relay,H170,-2.59677614,3.42008111334,True
Q3-T-007,915.409454083,relay,H170,-2.64545722715,3.40403519597,True
Q3-T-007,917.409454083,relay,H170,-2.69387340535,3.38763062636,True
Q3-T-007,919.409454083,relay,H170,-2.74201530804,3.37083976955,True
Q3-T-007,921.409454083,relay,H170,-2.78989818399,3.35369900232,True
Q3-T-007,923.409454083,relay,H170,-2.83751270496,3.33618127243,True
Q3-T-007,925.409454083,relay,H170,-2.88487388926,3.3183225949,True
Q3-T-007,927.409454083,relay,H170,-2.93197244823,3.30009649102,True
Q3-T-007,929.409454083,relay,H170,-2.97881720953,3.28152331681,True
Q3-T-007,931.409454083,relay,H170,-3.02541682678,3.26262299204,True
Q3-T-007,933.409454083,relay,H170,-3.07176207276,3.24336988001,True
Q3-T-007,935.409454083,relay,H170,-3.1178674196,3.22379901001,True
Q3-T-007,937.409454083,relay,H170,-3.16372368224,3.20388529395,True
Q3-T-007,939.409454083,relay,H170,-3.20934512554,3.18366333673,True
Q3-T-007,941.409454083,relay,H170,-3.25472260745,3.1631085883,True
Q3-T-007,943.409454083,relay,H170,-3.29988405555,3.14224164352,True
Q3-T-007,945.409454083,relay,H170,-3.34479257214,3.12106555986,True
Q3-T-007,947.409454083,relay,H170,-3.38947026961,3.09958635403,True
Q3-T-007,949.409454083,relay,H170,-3.43392516957,3.07782307396,True
Q3-T-007,951.409454083,relay,H170,-3.47814824051,3.05575246717,True
Q3-T-007,953.409454083,relay,H170,-3.5221530675,3.03340753632,True
Q3-T-007,955.409454083,relay,H170,-3.56593066425,3.01076552862,True
Q3-T-007,957.409454083,relay,H170,-3.60949443368,2.98785896005,True
Q3-T-007,959.409454083,relay,H170,-3.65283543516,2.96466556645,True
Q3-T-007,961.409454083,relay,H170,-3.69596689444,2.9412173663,True
Q3-T-007,963.409454083,relay,H170,-3.73887991694,2.917492573,True
Q3-T-007,965.409454083,relay,H170,-3.78158211518,2.89350961533,True
Q3-T-007,967.409454083,relay,H170,-3.82408096336,2.86928642075,True
Q3-T-007,969.409454083,relay,H170,-3.8663676366,2.84480189847,True
Q3-T-007,971.409454083,relay,H170,-3.90845493811,2.82008678313,True
Q3-T-007,973.409454083,relay,H170,-3.95033408978,2.79512043439,True
Q3-T-007,975.409454083,relay,H170,-3.99203053631,2.76991875162,True
Q3-T-007,977.409454083,relay,H170,-4.03350988001,2.74449011982,True
Q3-T-007,979.409454083,relay,H170,-4.07479746994,2.71884993897,True
Q3-T-007,981.409454083,relay,H170,-4.11588462212,2.69297843807,True
Q3-T-007,983.409454083,relay,H170,-4.15677845712,2.66689275992,True
Q3-T-007,985.409454083,relay,H170,-4.19748597097,2.64060953779,True
Q3-T-007,987.409454083,relay,H170,-4.23799855062,2.61410962585,True
Q3-T-007,989.409454083,relay,H170,-4.27832830492,2.58742134883,True
Q3-T-007,991.409454083,relay,H170,-4.31846666813,2.56052596538,True
Q3-T-007,993.409454083,relay,H170,-4.35842560526,2.53345125499,True
Q3-T-007,995.409454083,relay,H170,-4.39819659791,2.50617887126,True
Q3-T-007,997.409454083,relay,H170,-4.43779147075,2.47873604701,True
Q3-T-007,999.409454083,relay,H170,-4.47720175268,2.45110482147,True
Q3-T-007,1001.40945408,relay,H170,-4.51643413171,2.42330093879,True
Q3-T-007,1003.40945408,relay,H170,-4.55549518309,2.39533963912,True
Q3-T-007,1005.40945408,relay,H170,-4.59437650665,2.36720352337,True
Q3-T-007,1007.40945408,relay,H170,-4.63308959064,2.33891845699,True
Q3-T-007,1009.40945408,relay,H170,-4.67163792187,2.31045276078,True
Q3-T-007,1011.40945408,relay,H170,-4.71000912769,2.28186103516,True
Q3-T-007,1013.40945408,relay,H170,-4.74820679459,2.25311196497,True
Q3-T-007,1015.40945408,relay,H170,-4.78624215562,2.22423032757,True
Q3-T-007,1017.40945408,relay,H170,-4.82410695175,2.19519979019,True
Q3-T-007,1019.40945408,relay,H170,-4.8618074879,2.16603465439,True
Q3-T-007,1021.40945408,relay,H170,-4.89934996647,2.13674873423,True
Q3-T-007,1023.40945408,relay,H170,-4.93672619852,2.10732620336,True
Q3-T-007,1025.40945408,relay,H170,-4.9739471142,2.07779049585,True
Q3-T-007,1027.40945408,relay,H170,-5.01100457104,2.0481261137,True
Q3-T-007,1029.40945408,relay,H170,-5.04790938276,2.01835596083,True
Q3-T-007,1031.40945408,relay,H170,-5.08465345319,1.98846486046,True
Q3-T-007,1033.40945408,relay,H170,-5.12124748213,1.95847519128,True
Q3-T-007,1035.40945408,relay,H170,-5.15768341949,1.92837209083,True
Q3-T-007,1037.40945408,relay,H170,-5.19396722892,1.89816843035,True
Q3-T-007,1039.40945408,relay,H170,-5.23010478036,1.86787661797,True
Q3-T-007,1041.40945408,relay,H170,-5.26609914948,1.83746762222,True
Q3-T-007,1043.40945408,relay,H170,-5.30193860236,1.80699179899,True
Q3-T-007,1045.40945408,relay,H170,-5.33762630605,1.77642040635,True
Q3-T-007,1047.40945408,relay,H170,-5.37317258056,1.74577402999,True
Q3-T-007,1049.40945408,relay,H170,-5.40856953531,1.7150388567,True
Q3-T-007,1051.40945408,relay,H170,-5.44382738685,1.68423497448,True
Q3-T-007,1052.01341003,relay,H170,-5.4544475579,1.67491272173,True
Q3-T-007,1053.40945408,relay,H170,-5.45437706814,1.67455191126,True
Q3-T-007,1055.40945408,relay,H170,-5.45427815196,1.67403026153,True
Q3-T-007,1057.40945408,relay,H170,-5.45418176247,1.67350347799,True
Q3-T-007,1059.40945408,relay,H170,-5.45408789983,1.67297156252,True
Q3-T-007,1061.40945408,relay,H170,-5.45399656421,1.67243451701,True
Q3-T-007,1063.40945408,relay,H170,-5.45390775578,1.67189234338,True
Q3-T-007,1065.40945408,relay,H170,-5.45382147467,1.67134504354,True
Q3-T-007,1067.40945408,relay,H170,-5.45373772106,1.67079261945,True
Q3-T-007,1069.40945408,relay,H170,-5.45365649507,1.67023507307,True
Q3-T-007,1071.40945408,relay,H170,-5.45357779686,1.66967240639,True
Q3-T-007,1073.40945408,relay,H170,-5.45350162656,1.6691046214,True
Q3-T-007,1075.40945408,relay,H170,-5.4534279843,1.66853172011,True
Q3-T-007,1077.40945408,relay,H170,-5.45335687022,1.66795370457,True
Q3-T-007,1079.40945408,relay,H170,-5.45328828443,1.66737057683,True
Q3-T-007,1081.40945408,relay,H170,-5.45322222706,1.66678233895,True
Q3-T-007,1083.40945408,relay,H170,-5.45315869822,1.66618899302,True
Q3-T-007,1085.40945408,relay,H170,-5.45309769803,1.66559054115,True
Q3-T-007,1087.40945408,relay,H170,-5.45303922658,1.66498698545,True
Q3-T-007,1089.40945408,relay,H170,-5.45298328399,1.66437832807,True
Q3-T-007,1091.40945408,relay,H170,-5.45292987035,1.66376457116,True
Q3-T-007,1093.40945408,relay,H170,-5.45287898575,1.6631457169,True
Q3-T-007,1095.40945408,relay,H170,-5.45283063028,1.66252176748,True
Q3-T-007,1096.7405371,relay,H170,-5.45279987409,1.66210402145,True
Q3-T-007,1097.40945408,relay,H170,-5.45279987409,1.66210402145,True
Q3-T-007,1099.40945408,relay,H170,-5.45279987409,1.66210402145,True
Q3-T-007,1101.40945408,relay,H170,-5.45279987409,1.66210402145,True
Q3-T-007,1103.40945408,relay,H170,-5.45279987409,1.66210402145,True
Q3-T-007,1105.40945408,relay,H170,-5.45279987409,1.66210402145,True
Q3-T-007,1107.40945408,relay,H170,-5.45279987409,1.66210402145,True
Q3-T-007,1109.40945408,relay,H170,-5.45279987409,1.66210402145,True
Q3-T-007,1111.40945408,relay,H170,-5.45279987409,1.66210402145,True
Q3-T-007,1113.40945408,relay,H170,-5.45279987409,1.66210402145,True
Q3-T-007,1115.40945408,relay,H170,-5.45279987409,1.66210402145,True
Q3-T-007,1117.40945408,relay,H170,-5.45279987409,1.66210402145,True
Q3-T-007,1119.40945408,relay,H170,-5.45279987409,1.66210402145,True
Q3-T-007,1121.40945408,relay,H170,-5.45279987409,1.66210402145,True
Q3-T-007,1123.40945408,relay,H170,-5.45279987409,1.66210402145,True
Q3-T-007,1125.40945408,relay,H170,-5.45279987409,1.66210402145,True
Q3-T-007,1127.40945408,relay,H170,-5.45279987409,1.66210402145,True
Q3-T-007,1129.40945408,relay,H170,-5.45279987409,1.66210402145,True
Q3-T-007,1131.40945408,relay,H170,-5.45279987409,1.66210402145,True
Q3-T-007,1133.40945408,relay,H170,-5.45279987409,1.66210402145,True
Q3-T-007,1135.40945408,relay,H170,-5.45279987409,1.66210402145,True
Q3-T-007,1137.40945408,relay,H170,-5.45279987409,1.66210402145,True
Q3-T-007,1139.40945408,relay,H170,-5.45279987409,1.66210402145,True
Q3-T-007,1141.40945408,relay,H170,-5.45279987409,1.66210402145,True
Q3-T-007,1143.40945408,relay,H170,-5.45279987409,1.66210402145,True
Q3-T-007,1145.40945408,relay,H170,-5.45279987409,1.66210402145,True
Q3-T-007,1147.40945408,relay,H170,-5.45279987409,1.66210402145,True
Q3-T-007,1149.40945408,relay,H170,-5.45279987409,1.66210402145,True
Q3-T-007,1151.40945408,relay,H170,-5.45279987409,1.66210402145,True
Q3-T-007,1153.40945408,relay,H170,-5.45279987409,1.66210402145,True
Q3-T-007,1155.40945408,relay,H170,-5.45279987409,1.66210402145,True
Q3-T-007,1157.40945408,relay,H170,-5.45279987409,1.66210402145,True
Q3-T-007,1159.40945408,relay,H170,-5.45279987409,1.66210402145,True
Q3-T-007,1161.40945408,relay,H170,-5.45279987409,1.66210402145,True
Q3-T-007,1163.40945408,relay,H170,-5.45279987409,1.66210402145,True
Q3-T-007,1165.40945408,relay,H170,-5.45279987409,1.66210402145,True
Q3-T-007,1167.40945408,relay,H170,-5.45279987409,1.66210402145,True
Q3-T-007,1169.40945408,relay,H170,-5.45279987409,1.66210402145,True
Q3-T-007,1171.40945408,relay,H170,-5.45279987409,1.66210402145,True
Q3-T-007,1173.40945408,relay,H170,-5.45279987409,1.66210402145,True
Q3-T-007,1175.40945408,relay,H170,-5.45279987409,1.66210402145,True
Q3-T-007,1177.40945408,relay,H170,-5.45279987409,1.66210402145,True
Q3-T-007,1179.40945408,relay,H170,-5.45279987409,1.66210402145,True
Q3-T-007,1181.40945408,relay,H170,-5.45279987409,1.66210402145,True
Q3-T-007,1183.40945408,relay,H170,-5.45279987409,1.66210402145,True
Q3-T-007,1185.40945408,relay,H170,-5.45279987409,1.66210402145,True
Q3-T-007,1187.40945408,relay,H170,-5.45279987409,1.66210402145,True
Q3-T-007,1189.40945408,relay,H170,-5.45279987409,1.66210402145,True
Q3-T-007,1191.40945408,relay,H170,-5.45279987409,1.66210402145,True
Q3-T-007,1193.40945408,relay,H170,-5.45279987409,1.66210402145,True
Q3-T-007,1195.40945408,relay,H170,-5.45279987409,1.66210402145,True
Q3-T-007,1197.40945408,relay,H170,-5.45279987409,1.66210402145,True
Q3-T-007,1199.40945408,relay,H170,-5.45279987409,1.66210402145,True
Q3-T-007,1201.40945408,relay,H170,-5.45279987409,1.66210402145,True
Q3-T-007,1203.40945408,relay,H170,-5.45279987409,1.66210402145,True
Q3-T-007,1205.40945408,relay,H170,-5.45279987409,1.66210402145,True
Q3-T-007,1207.40945408,relay,H170,-5.45279987409,1.66210402145,True
Q3-T-007,1209.40945408,relay,H170,-5.45279987409,1.66210402145,True
Q3-T-007,1211.40945408,relay,H170,-5.45279987409,1.66210402145,True
Q3-T-007,1213.40945408,relay,H170,-5.45279987409,1.66210402145,True
Q3-T-007,1215.40945408,relay,H170,-5.45279987409,1.66210402145,True
Q3-T-007,1217.40945408,relay,H170,-5.45279987409,1.66210402145,True
Q3-T-007,1219.40945408,relay,H170,-5.45279987409,1.66210402145,True
Q3-T-007,1221.40945408,relay,H170,-5.45279987409,1.66210402145,True
Q3-T-007,1223.40945408,relay,H170,-5.45279987409,1.66210402145,True
Q3-T-007,1225.40945408,relay,H170,-5.45279987409,1.66210402145,True
Q3-T-007,1227.40945408,relay,H170,-5.45279987409,1.66210402145,True
Q3-T-007,1229.40945408,relay,H170,-5.45279987409,1.66210402145,True
Q3-T-007,1231.40945408,relay,H170,-5.45279987409,1.66210402145,True
Q3-T-007,1233.40945408,relay,H170,-5.45279987409,1.66210402145,True
Q3-T-007,1235.40945408,relay,H170,-5.45279987409,1.66210402145,True
Q3-T-007,1237.40945408,relay,H170,-5.45279987409,1.66210402145,True
Q3-T-007,1239.40945408,relay,H170,-5.45279987409,1.66210402145,True
Q3-T-007,1241.40945408,relay,H170,-5.45279987409,1.66210402145,True
Q3-T-007,1243.40945408,relay,H170,-5.45279987409,1.66210402145,True
Q3-T-007,1245.40945408,relay,H170,-5.45279987409,1.66210402145,True
Q3-T-007,1247.40945408,relay,H170,-5.45279987409,1.66210402145,True
Q3-T-007,1249.40945408,relay,H170,-5.45279987409,1.66210402145,True
Q3-T-007,1251.40945408,relay,H170,-5.45279987409,1.66210402145,True
Q3-T-007,1253.40945408,relay,H170,-5.45279987409,1.66210402145,True
Q3-T-007,1255.40945408,relay,H170,-5.45279987409,1.66210402145,True
Q3-T-007,1257.40945408,relay,H170,-5.45279987409,1.66210402145,True
Q3-T-007,1259.40945408,relay,H170,-5.45279987409,1.66210402145,True
Q3-T-007,1261.40945408,relay,H170,-5.45279987409,1.66210402145,True
Q3-T-007,1263.40945408,relay,H170,-5.45279987409,1.66210402145,True
Q3-T-007,1265.40945408,relay,H170,-5.45279987409,1.66210402145,True
Q3-T-007,1267.40945408,relay,H170,-5.45279987409,1.66210402145,True
Q3-T-007,1269.40945408,relay,H170,-5.45279987409,1.66210402145,True
Q3-T-007,1271.40945408,relay,H170,-5.45279987409,1.66210402145,True
Q3-T-007,1273.40945408,relay,H170,-5.45279987409,1.66210402145,True
Q3-T-007,1275.40945408,relay,H170,-5.45279987409,1.66210402145,True
Q3-T-007,1277.40945408,relay,H170,-5.45279987409,1.66210402145,True
Q3-T-007,1279.40945408,relay,H170,-5.45279987409,1.66210402145,True
Q3-T-007,1281.40945408,relay,H170,-5.45279987409,1.66210402145,True
Q3-T-007,1283.40945408,relay,H170,-5.45279987409,1.66210402145,True
Q3-T-007,1285.40945408,relay,H170,-5.45279987409,1.66210402145,True
Q3-T-007,1287.40945408,relay,H170,-5.45279987409,1.66210402145,True
Q3-T-007,1289.40945408,relay,H170,-5.45279987409,1.66210402145,True
Q3-T-007,1291.40945408,relay,H170,-5.45279987409,1.66210402145,True
Q3-T-007,1293.40945408,relay,H170,-5.45279987409,1.66210402145,True
Q3-T-007,1295.40945408,relay,H170,-5.45279987409,1.66210402145,True
Q3-T-007,1297.40945408,relay,H170,-5.45279987409,1.66210402145,True
Q3-T-007,1299.40945408,relay,H170,-5.45279987409,1.66210402145,True
Q3-T-007,1301.40945408,relay,H170,-5.45279987409,1.66210402145,True
Q3-T-007,1303.40945408,relay,H170,-5.45279987409,1.66210402145,True
Q3-T-007,1305.40945408,relay,H170,-5.45279987409,1.66210402145,True
Q3-T-007,1307.40945408,relay,H170,-5.45279987409,1.66210402145,True
Q3-T-007,1309.40945408,relay,H170,-5.45279987409,1.66210402145,True
Q3-T-007,1311.40945408,relay,H170,-5.45279987409,1.66210402145,True
Q3-T-007,1313.40945408,relay,H170,-5.45279987409,1.66210402145,True
Q3-T-007,1315.40945408,relay,H170,-5.45279987409,1.66210402145,True
Q3-T-007,1317.40945408,relay,H170,-5.45279987409,1.66210402145,True
Q3-T-007,1319.40945408,relay,H170,-5.45279987409,1.66210402145,True
Q3-T-007,1321.40945408,relay,H170,-5.45279987409,1.66210402145,True
Q3-T-007,1323.40945408,relay,H170,-5.45279987409,1.66210402145,True
Q3-T-007,1325.40945408,relay,H170,-5.45279987409,1.66210402145,True
Q3-T-007,1327.40945408,relay,H170,-5.45279987409,1.66210402145,True
Q3-T-007,1329.40945408,relay,H170,-5.45279987409,1.66210402145,True
Q3-T-007,1331.40945408,relay,H170,-5.45279987409,1.66210402145,True
Q3-T-007,1333.40945408,relay,H170,-5.45279987409,1.66210402145,True
Q3-T-007,1335.40945408,relay,H170,-5.45279987409,1.66210402145,True
Q3-T-007,1337.40945408,relay,H170,-5.45279987409,1.66210402145,True
Q3-T-007,1339.40945408,relay,H170,-5.45279987409,1.66210402145,True
Q3-T-007,1341.40945408,relay,H170,-5.45279987409,1.66210402145,True
Q3-T-007,1343.40945408,relay,H170,-5.45279987409,1.66210402145,True
Q3-T-007,1345.40945408,relay,H170,-5.45279987409,1.66210402145,True
Q3-T-007,1347.40945408,relay,H170,-5.45279987409,1.66210402145,True
Q3-T-007,1349.40945408,relay,H170,-5.45279987409,1.66210402145,True
Q3-T-007,1351.40945408,relay,H170,-5.45279987409,1.66210402145,True
Q3-T-007,1353.40945408,relay,H170,-5.45279987409,1.66210402145,True
Q3-T-007,1355.40945408,relay,H170,-5.45279987409,1.66210402145,True
Q3-T-007,1357.40945408,relay,H170,-5.45279987409,1.66210402145,True
Q3-T-007,1359.40945408,relay,H170,-5.45279987409,1.66210402145,True
Q3-T-007,1361.40945408,relay,H170,-5.45279987409,1.66210402145,True
Q3-T-007,1363.40945408,relay,H170,-5.45279987409,1.66210402145,True
Q3-T-007,1365.40945408,relay,H170,-5.45279987409,1.66210402145,True
Q3-T-007,1367.40945408,relay,H170,-5.45279987409,1.66210402145,True
Q3-T-007,1369.40945408,relay,H170,-5.45279987409,1.66210402145,True
Q3-T-007,1371.40945408,relay,H170,-5.45279987409,1.66210402145,True
Q3-T-007,1373.40945408,relay,H170,-5.45279987409,1.66210402145,True
Q3-T-007,1375.40945408,relay,H170,-5.45279987409,1.66210402145,True
Q3-T-007,1377.40945408,relay,H170,-5.45279987409,1.66210402145,True
Q3-T-007,1379.40945408,relay,H170,-5.45279987409,1.66210402145,True
Q3-T-007,1381.40945408,relay,H170,-5.45279987409,1.66210402145,True
Q3-T-007,1383.40945408,relay,H170,-5.45279987409,1.66210402145,True
Q3-T-007,1385.40945408,relay,H170,-5.45279987409,1.66210402145,True
Q3-T-007,1387.40945408,relay,H170,-5.45279987409,1.66210402145,True
Q3-T-007,1389.40945408,relay,H170,-5.45279987409,1.66210402145,True
Q3-T-007,1391.40945408,relay,H170,-5.45279987409,1.66210402145,True
Q3-T-007,1393.40945408,relay,H170,-5.45279987409,1.66210402145,True
Q3-T-007,1395.40945408,relay,H170,-5.45279987409,1.66210402145,True
Q3-T-007,1397.40945408,relay,H170,-5.45279987409,1.66210402145,True
Q3-T-007,1399.40945408,relay,H170,-5.45279987409,1.66210402145,True
Q3-T-007,1401.40945408,relay,H170,-5.45279987409,1.66210402145,True
Q3-T-007,1403.40945408,relay,H170,-5.45279987409,1.66210402145,True
Q3-T-007,1405.40945408,relay,H170,-5.45279987409,1.66210402145,True
Q3-T-007,1407.40945408,relay,H170,-5.45279987409,1.66210402145,True
Q3-T-007,1409.40945408,relay,H170,-5.45279987409,1.66210402145,True
Q3-T-007,1411.40945408,relay,H170,-5.45279987409,1.66210402145,True
Q3-T-007,1413.40945408,relay,H170,-5.45279987409,1.66210402145,True
Q3-T-007,1415.40945408,relay,H170,-5.45279987409,1.66210402145,True
Q3-T-007,1417.40945408,relay,H170,-5.45279987409,1.66210402145,True
Q3-T-007,1419.40945408,relay,H170,-5.45279987409,1.66210402145,True
Q3-T-007,1421.40945408,relay,H170,-5.45279987409,1.66210402145,True
Q3-T-007,1423.40945408,relay,H170,-5.45279987409,1.66210402145,True
Q3-T-007,1425.40945408,relay,H170,-5.45279987409,1.66210402145,True
Q3-T-007,1427.40945408,relay,H170,-5.45279987409,1.66210402145,True
Q3-T-007,1429.40945408,relay,H170,-5.45279987409,1.66210402145,True
Q3-T-007,1431.40945408,relay,H170,-5.45279987409,1.66210402145,True
Q3-T-007,1433.40945408,relay,H170,-5.45279987409,1.66210402145,True
Q3-T-007,1435.40945408,relay,H170,-5.45279987409,1.66210402145,True
Q3-T-007,1437.40945408,relay,H170,-5.45279987409,1.66210402145,True
Q3-T-007,1439.40945408,relay,H170,-5.45279987409,1.66210402145,True
Q3-T-007,1441.40945408,relay,H170,-5.45279987409,1.66210402145,True
Q3-T-007,1443.40945408,relay,H170,-5.45279987409,1.66210402145,True
Q3-T-007,1445.40945408,relay,H170,-5.45279987409,1.66210402145,True
Q3-T-007,1447.40945408,relay,H170,-5.45279987409,1.66210402145,True
Q3-T-007,1449.40945408,relay,H170,-5.45279987409,1.66210402145,True
Q3-T-007,1451.40945408,relay,H170,-5.45279987409,1.66210402145,True
Q3-T-007,1453.40945408,relay,H170,-5.45279987409,1.66210402145,True
Q3-T-007,1455.40945408,relay,H170,-5.45279987409,1.66210402145,True
Q3-T-007,1457.40945408,relay,H170,-5.45279987409,1.66210402145,True
Q3-T-007,1459.40945408,relay,H170,-5.45279987409,1.66210402145,True
Q3-T-007,1461.40945408,relay,H170,-5.45279987409,1.66210402145,True
Q3-T-007,1463.40945408,relay,H170,-5.45279987409,1.66210402145,True
Q3-T-007,1465.40945408,relay,H170,-5.45279987409,1.66210402145,True
Q3-T-007,1467.40945408,relay,H170,-5.45279987409,1.66210402145,True
Q3-T-007,1469.40945408,relay,H170,-5.45279987409,1.66210402145,True
Q3-T-007,1471.40945408,relay,H170,-5.45279987409,1.66210402145,True
Q3-T-007,1473.40945408,relay,H170,-5.45279987409,1.66210402145,True
Q3-T-007,1475.40945408,relay,H170,-5.45279987409,1.66210402145,True
Q3-T-007,1477.40945408,relay,H170,-5.45279987409,1.66210402145,True
Q3-T-007,1479.40945408,relay,H170,-5.45279987409,1.66210402145,True
Q3-T-007,1481.40945408,relay,H170,-5.45279987409,1.66210402145,True
Q3-T-007,1483.40945408,relay,H170,-5.45279987409,1.66210402145,True
Q3-T-007,1485.40945408,relay,H170,-5.45279987409,1.66210402145,True
Q3-T-007,1487.40945408,relay,H170,-5.45279987409,1.66210402145,True
Q3-T-007,1489.40945408,relay,H170,-5.45279987409,1.66210402145,True
Q3-T-007,1491.40945408,relay,H170,-5.45279987409,1.66210402145,True
Q3-T-007,1492.7405371,relay,H170,-5.45279987409,1.66210402145,True
Q3-T-007,1493.40945408,relay,H170,-5.45281905275,1.66236655367,True
Q3-T-007,1495.40945408,relay,H170,-5.45287910981,1.66314727039,True
Q3-T-007,1497.40945408,relay,H170,-5.45294311863,1.66392002591,True
Q3-T-007,1499.40945408,relay,H170,-5.45301107904,1.66468481596,True
Q3-T-007,1501.40945408,relay,H170,-5.45308299086,1.66544163631,True
Q3-T-007,1503.40945408,relay,H170,-5.45315885389,1.66619048275,True
Q3-T-007,1505.40945408,relay,H170,-5.45323866793,1.66693135115,True
Q3-T-007,1507.40945408,relay,H170,-5.45332243275,1.6676642374,True
Q3-T-007,1509.40945408,relay,H170,-5.45341014813,1.66838913744,True
Q3-T-007,1511.40945408,relay,H170,-5.45350181383,1.66910604724,True
Q3-T-007,1513.40945408,relay,H170,-5.4535974296,1.66981496283,True
Q3-T-007,1515.40945408,relay,H170,-5.45369699517,1.67051588028,True
Q3-T-007,1517.40945408,relay,H170,-5.45380051028,1.67120879568,True
Q3-T-007,1519.40945408,relay,H170,-5.45390797465,1.6718937052,True
Q3-T-007,1521.40945408,relay,H170,-5.45401938797,1.67257060503,True
Q3-T-007,1523.40945408,relay,H170,-5.45413474995,1.6732394914,True
Q3-T-007,1525.40945408,relay,H170,-5.45425406027,1.6739003606,True
Q3-T-007,1527.40945408,relay,H170,-5.4543773186,1.67455320895,True
Q3-T-007,1528.52223876,relay,H170,-5.4544475579,1.67491272173,True
Q3-T-007,1529.40945408,relay,H170,-5.43883605134,1.68860917628,True
Q3-T-007,1531.40945408,relay,H170,-5.40355790158,1.71940231307,True
Q3-T-007,1533.40945408,relay,H170,-5.36814048556,1.75012630275,True
Q3-T-007,1535.40945408,relay,H170,-5.33257357945,1.78076102224,True
Q3-T-007,1537.40945408,relay,H170,-5.29686507703,1.81132030528,True
Q3-T-007,1539.40945408,relay,H170,-5.26100924006,1.8417923302,True
Q3-T-007,1541.40945408,relay,H170,-5.22500024008,1.87216482441,True
Q3-T-007,1543.40945408,relay,H170,-5.18884603886,1.90245206255,True
Q3-T-007,1545.40945408,relay,H170,-5.15253614949,1.93263266355,True
Q3-T-007,1547.40945408,relay,H170,-5.1160785794,1.96272120377,True
Q3-T-007,1549.40945408,relay,H170,-5.07946273243,1.99269578774,True
Q3-T-007,1551.40945408,relay,H170,-5.04269666192,2.02257129995,True
Q3-T-007,1553.40945408,relay,H170,-5.00576966009,2.0523253247,True
Q3-T-007,1555.40945408,relay,H170,-4.96868982637,2.0819730613,True
Q3-T-007,1557.40945408,relay,H170,-4.93145110545,2.11150130349,True
Q3-T-007,1559.40945408,relay,H170,-4.89403580276,2.1409110374,True
Q3-T-007,1561.40945408,relay,H170,-4.85647511865,2.17018860545,True
Q3-T-007,1563.40945408,relay,H170,-4.81874656416,2.1993249397,True
Q3-T-007,1565.40945408,relay,H170,-4.7808583549,2.22833605722,True
Q3-T-007,1567.40945408,relay,H170,-4.74279937239,2.25719768251,True
Q3-T-007,1569.40945408,relay,H170,-4.704577879,2.28592617269,True
Q3-T-007,1571.40945408,relay,H170,-4.66618263283,2.31449671201,True
Q3-T-007,1573.40945408,relay,H170,-4.62762194316,2.34292600544,True
Q3-T-007,1575.40945408,relay,H170,-4.58888939998,2.37119942359,True
Q3-T-007,1577.40945408,relay,H170,-4.54997848508,2.39930183899,True
Q3-T-007,1579.40945408,relay,H170,-4.51089757839,2.4272504936,True
Q3-T-007,1581.40945408,relay,H170,-4.47163511662,2.45501921016,True
Q3-T-007,1583.40945408,relay,H170,-4.43219952691,2.48262559916,True
Q3-T-007,1585.40945408,relay,H170,-4.392579112,2.51004293632,True
Q3-T-007,1587.40945408,relay,H170,-4.35278234632,2.53728920939,True
Q3-T-007,1589.40945408,relay,H170,-4.31279739538,2.56433714686,True
Q3-T-007,1591.40945408,relay,H170,-4.27262038487,2.59121961698,True
Q3-T-007,1593.40945408,relay,H170,-4.23226924002,2.61789156477,True
Q3-T-007,1595.40945408,relay,H170,-4.19172469343,2.64435095278,True
Q3-T-007,1597.40945408,relay,H170,-4.15099533789,2.67061675207,True
Q3-T-007,1599.40945408,relay,H170,-4.11006898076,2.69666032763,True
Q3-T-007,1601.40945408,relay,H170,-4.06895426213,2.72250106059,True
Q3-T-007,1603.40945408,relay,H170,-4.02763883978,2.7481097749,True
Q3-T-007,1605.40945408,relay,H170,-3.98613140102,2.77350627165,True
Q3-T-007,1607.40945408,relay,H170,-3.94441945015,2.79866083766,True
Q3-T-007,1609.40945408,relay,H170,-3.90251172161,2.82359370423,True
Q3-T-007,1611.40945408,relay,H170,-3.86040095392,2.84828748194,True
Q3-T-007,1613.40945408,relay,H170,-3.81807975346,2.87272427468,True
Q3-T-007,1615.40945408,relay,H170,-3.77555692505,2.89692497855,True
Q3-T-007,1617.40945408,relay,H170,-3.73281957149,2.92085856137,True
Q3-T-007,1619.40945408,relay,H170,-3.68987654426,2.94454637579,True
Q3-T-007,1621.40945408,relay,H170,-3.64671477799,2.96795687439,True
Q3-T-007,1623.40945408,relay,H170,-3.60334317053,2.99111187718,True
Q3-T-007,1625.40945408,relay,H170,-3.55973502811,3.01399322312,True
Q3-T-007,1627.40945408,relay,H170,-3.5159261379,3.03659537403,True
Q3-T-007,1629.40945408,relay,H170,-3.47189533404,3.058913678,True
Q3-T-007,1631.40945408,relay,H170,-3.42763469164,3.08092905163,True
Q3-T-007,1633.40945408,relay,H170,-3.38315322291,3.1026645316,True
Q3-T-007,1635.40945408,relay,H170,-3.33843723644,3.12408684268,True
Q3-T-007,1637.40945408,relay,H170,-3.29349578934,3.14521952757,True
Q3-T-007,1639.40945408,relay,H170,-3.24831499985,3.16602884362,True
Q3-T-007,1641.40945408,relay,H170,-3.20290396941,3.18653885059,True
Q3-T-007,1643.40945408,relay,H170,-3.15724862036,3.20671535208,True
Q3-T-007,1645.40945408,relay,H170,-3.11135809782,3.22658293584,True
Q3-T-007,1647.40945408,relay,H170,-3.06522403064,3.24612202094,True
Q3-T-007,1649.40945408,relay,H170,-3.01883788236,3.26531257051,True
Q3-T-007,1651.40945408,relay,H170,-2.97220886221,3.28417998447,True
Q3-T-007,1653.40945408,relay,H170,-2.92532237699,3.30268899875,True
Q3-T-007,1655.40945408,relay,H170,-2.87818767756,3.32086556777,True
Q3-T-007,1657.40945408,relay,H170,-2.83077532085,3.33868688833,True
Q3-T-007,1659.40945408,relay,H170,-2.78312378321,3.35615368151,True
Q3-T-007,1661.40945408,relay,H170,-2.73520347715,3.37324284347,True
Q3-T-007,1663.40945408,relay,H170,-2.68702373367,3.38998146747,True
Q3-T-007,1665.40945408,relay,H170,-2.63857549273,3.4063492728,True
Q3-T-007,1667.40945408,relay,H170,-2.58984950748,3.42232557313,True
Q3-T-007,1669.40945408,relay,H170,-2.54085516579,3.43793833998,True
Q3-T-007,1671.40945408,relay,H170,-2.49157684188,3.4531506686,True
Q3-T-007,1673.40945408,relay,H170,-2.4420239597,3.46799112639,True
Q3-T-007,1675.40945408,relay,H170,-2.39218064342,3.48242249931,True
Q3-T-007,1677.40945408,relay,H170,-2.34205635148,3.49647395812,True
Q3-T-007,1679.40945408,relay,H170,-2.2916349497,3.51010800112,True
Q3-T-007,1681.40945408,relay,H170,-2.24092592922,3.52335440904,True
Q3-T-007,1683.40945408,relay,H170,-2.1899194228,3.53619254075,True
Q3-T-007,1685.40945408,relay,H170,-2.13860535031,3.54860141425,True
Q3-T-007,1687.40945408,relay,H170,-2.08699324814,3.56061173569,True
Q3-T-007,1689.40945408,relay,H170,-2.03506629727,3.57218538171,True
Q3-T-007,1691.40945408,relay,H170,-1.98281792973,3.58336490962,True
Q3-T-007,1693.40945408,relay,H170,-1.93026320138,3.59408941753,True
Q3-T-007,1695.40945408,relay,H170,-1.87739566571,3.60440219872,True
Q3-T-007,1697.40945408,relay,H170,-1.82419791183,3.61426473558,True
Q3-T-007,1699.40945408,relay,H170,-1.77067955038,3.62370960921,True
Q3-T-007,1701.40945408,relay,H170,-1.71682975786,3.63271617826,True
Q3-T-007,1703.40945408,relay,H170,-1.66263746587,3.6412635357,True
Q3-T-007,1705.40945408,relay,H170,-1.60811231233,3.64938520375,True
Q3-T-007,1707.40945408,relay,H170,-1.55323608475,3.65704230229,True
Q3-T-007,1709.40945408,relay,H170,-1.49801843494,3.66426897912,True
Q3-T-007,1711.40945408,relay,H170,-1.4424408086,3.67102624932,True
Q3-T-007,1713.40945408,relay,H170,-1.38651286757,3.6773488831,True
Q3-T-007,1715.40945408,relay,H170,-1.33021570263,3.68319781324,True
Q3-T-007,1717.40945408,relay,H170,-1.27355898145,3.68860842766,True
Q3-T-007,1719.40945408,relay,H170,-1.21652342603,3.6935415989,True
Q3-T-007,1721.40945408,relay,H170,-1.15911870527,3.69803332622,True
Q3-T-007,1723.40945408,relay,H170,-1.10131471041,3.70207267025,True
Q3-T-007,1725.40945408,relay,H170,-1.04313447604,3.70562065996,True
Q3-T-007,1727.40945408,relay,H170,-0.984569928848,3.70872357377,True
Q3-T-007,1729.40945408,relay,H170,-0.925600802852,3.71134222656,True
Q3-T-007,1731.40945408,relay,H170,-0.866236746906,3.71351410746,True
Q3-T-007,1733.40945408,relay,H170,-0.806457071135,3.71520004366,True
Q3-T-007,1735.40945408,relay,H170,-0.746271405735,3.71643810033,True
Q3-T-007,1737.40945408,relay,H170,-0.685658619011,3.71718913597,True
Q3-T-007,1739.40945408,relay,H170,-0.624628315563,3.71749177796,True
Q3-T-007,1741.40945408,relay,H170,-0.563166780861,3.71732652298,True
Q3-T-007,1743.40945408,relay,H170,-0.501259952256,3.71667377878,True
Q3-T-007,1745.40945408,relay,H170,-0.438917381524,3.71557298648,True
Q3-T-007,1747.40945408,relay,H170,-0.376116746494,3.71398515988,True
Q3-T-007,1749.40945408,relay,H170,-0.31286755296,3.7119502605,True
Q3-T-007,1751.40945408,relay,H170,-0.249146964889,3.7094293925,True
Q3-T-007,1753.40945408,relay,H170,-0.184964432541,3.70646301833,True
Q3-T-007,1755.40945408,relay,H170,-0.120296582366,3.70301234709,True
Q3-T-007,1757.40945408,relay,H170,-0.0551326643092,3.69912511842,True
Q3-T-007,1759.40945408,relay,H170,0.0105027267673,3.69476893763,True
Q3-T-007,1761.40945408,relay,H170,0.0766455133083,3.68993208452,True
Q3-T-007,1763.40945408,relay,H170,0.143286431872,3.68465617922,True
Q3-T-007,1765.40945408,direct,,0.210450314123,,True
Q3-T-007,1767.40945408,direct,,0.278127993467,,True
Q3-T-007,1769.40945408,direct,,0.346344935211,,True
Q3-T-007,1771.40945408,direct,,0.415092084105,,True
Q3-T-007,1773.40945408,direct,,0.484395571007,,True
Q3-T-007,1775.40945408,direct,,0.554246467941,,True
Q3-T-007,1777.40945408,direct,,0.624662575099,,True
Q3-T-007,1779.40945408,direct,,0.695662200585,,True
Q3-T-007,1781.40945408,direct,,0.767236640651,,True
Q3-T-007,1783.40945408,direct,,0.839413845335,,True
Q3-T-007,1785.40945408,direct,,0.912185285295,,True
Q3-T-007,1787.40945408,direct,,0.985579707433,,True
Q3-T-007,1789.40945408,direct,,1.05961166505,,True
Q3-T-007,1791.40945408,direct,,1.13426517126,,True
Q3-T-007,1793.40945408,direct,,1.20955480681,,True
Q3-T-007,1795.40945408,direct,,1.28550130568,,True
Q3-T-007,1797.40945408,direct,,1.36212603304,,True
Q3-T-007,1799.40945408,direct,,1.43942126088,,True
Q3-T-007,1801.40945408,direct,,1.51741889672,,True
Q3-T-007,1803.40945408,direct,,1.59611150694,,True
Q3-T-007,1805.40945408,direct,,1.67553202441,,True
Q3-T-007,1807.40945408,direct,,1.75567334469,,True
Q3-T-007,1809.40945408,direct,,1.83656948889,,True
Q3-T-007,1811.40945408,direct,,1.91821372032,,True
Q3-T-007,1813.40945408,direct,,2.00063063989,,True
Q3-T-007,1815.40945408,direct,,2.08384565164,,True
Q3-T-007,1817.40945408,direct,,2.16785265211,,True
Q3-T-007,1819.40945408,direct,,2.25268869519,,True
Q3-T-007,1821.40945408,direct,,2.33834816118,,True
Q3-T-007,1823.40945408,direct,,2.42489623006,,True
Q3-T-007,1825.40945408,direct,,2.51227454961,,True
Q3-T-007,1827.40945408,direct,,2.60054948332,,True
Q3-T-007,1829.40945408,direct,,2.68971655253,,True
Q3-T-007,1831.40945408,direct,,2.7798055973,,True
Q3-T-007,1833.40945408,direct,,2.870847509,,True
Q3-T-007,1835.40945408,direct,,2.96283884366,,True
Q3-T-007,1837.40945408,direct,,3.05582354391,,True
Q3-T-007,1839.40945408,direct,,3.14979895628,,True
Q3-T-007,1841.40945408,direct,,3.24481087237,,True
Q3-T-007,1843.40945408,direct,,3.34085752114,,True
Q3-T-007,1845.40945408,direct,,3.43798668506,,True
Q3-T-007,1847.40945408,direct,,3.5361975787,,True
Q3-T-007,1849.40945408,direct,,3.6355273729,,True
Q3-T-007,1851.40945408,direct,,3.73601466244,,True
Q3-T-007,1853.40945408,direct,,3.83766036241,,True
Q3-T-007,1855.40945408,direct,,3.94054981263,,True
Q3-T-007,1857.40945408,direct,,4.04462190428,,True
Q3-T-007,1859.40945408,direct,,4.14996422449,,True
Q3-T-007,1861.40945408,direct,,4.25658045458,,True
Q3-T-007,1863.40945408,direct,,4.36452954816,,True
Q3-T-007,1865.40945408,direct,,4.47381682676,,True
Q3-T-007,1867.40945408,direct,,14.5844901215,,True
Q3-T-007,1869.40945408,direct,,14.6965992747,,True
Q3-T-007,1871.40945408,direct,,14.8101524569,,True
Q3-T-007,1873.40945408,direct,,14.9252169283,,True
Q3-T-007,1875.40945408,direct,,15.0418030614,,True
Q3-T-007,1877.40945408,direct,,15.1599820047,,True
Q3-T-007,1879.40945408,direct,,15.2797666157,,True
Q3-T-007,1881.40945408,direct,,15.4012323187,,True
Q3-T-007,1883.40945408,direct,,15.5243947803,,True
Q3-T-007,1885.40945408,direct,,15.6493180701,,True
Q3-T-007,1887.40945408,direct,,15.776069249,,True
Q3-T-007,1889.40945408,direct,,15.9047088066,,True
Q3-T-007,1891.40945408,direct,,16.035245736,,True
Q3-T-007,1893.40945408,direct,,16.1677437999,,True
Q3-T-007,1895.40945408,direct,,16.3022972816,,True
Q3-T-007,1897.40945408,direct,,16.4389350303,,True
Q3-T-007,1899.40945408,direct,,16.5777581421,,True
Q3-T-007,1901.40945408,direct,,16.71880049,,True
Q3-T-007,1903.40945408,direct,,16.8621523381,,True
Q3-T-007,1905.40945408,direct,,17.0079087005,,True
Q3-T-007,1907.40945408,direct,,17.1561124046,,True
Q3-T-007,1909.40945408,direct,,17.3068854397,,True
Q3-T-007,1911.40945408,direct,,17.4602777472,,True
Q3-T-007,1913.40945408,direct,,17.6164216145,,True
Q3-T-007,1915.40945408,direct,,17.7753752087,,True
Q3-T-007,1917.40945408,direct,,17.9372825174,,True
Q3-T-007,1919.40945408,direct,,18.102211255,,True
Q3-T-007,1921.40945408,direct,,18.2703493449,,True
Q3-T-007,1923.40945408,direct,,18.441737174,,True
Q3-T-007,1925.40945408,direct,,18.6165111025,,True
Q3-T-007,1927.40945408,direct,,18.7948523151,,True
Q3-T-007,1929.40945408,direct,,18.9768600254,,True
Q3-T-007,1931.40945408,direct,,19.1627344378,,True
Q3-T-007,1933.40945408,direct,,19.3525914131,,True
Q3-T-007,1935.40945408,direct,,19.5466532811,,True
Q3-T-007,1937.40945408,direct,,19.745055635,,True
Q3-T-007,1939.40945408,direct,,19.9480204777,,True
Q3-T-007,1941.40945408,direct,,20.1557855954,,True
Q3-T-007,1943.40945408,direct,,20.3685235523,,True
Q3-T-007,1945.40945408,direct,,20.5865303951,,True
Q3-T-007,1947.40945408,direct,,20.8100096462,,True
Q3-T-007,1949.40945408,direct,,21.0392968827,,True
Q3-T-007,1951.40945408,direct,,21.2746331114,,True
Q3-T-007,1953.40945408,direct,,21.5164013265,,True
Q3-T-007,1955.40945408,direct,,21.7649658265,,True
Q3-T-007,1957.40945408,direct,,22.0205808822,,True
Q3-T-007,1959.40945408,direct,,22.2837641482,,True
Q3-T-007,1961.40945408,direct,,22.5548912932,,True
Q3-T-007,1963.40945408,direct,,22.8345131752,,True
Q3-T-007,1965.40945408,direct,,23.1230828886,,True
Q3-T-007,1967.40945408,direct,,23.421246722,,True
Q3-T-007,1969.40945408,direct,,23.7295545811,,True
Q3-T-007,1971.40945408,direct,,24.0487713745,,True
Q3-T-007,1973.40945408,direct,,24.3795688113,,True
Q3-T-007,1975.40945408,direct,,24.7228155027,,True
Q3-T-007,1977.40945408,direct,,25.0794710676,,True
Q3-T-007,1979.40945408,direct,,25.450452672,,True
Q3-T-007,1981.40945408,direct,,25.8369700292,,True
Q3-T-007,1983.40945408,direct,,26.240158248,,True
Q3-T-007,1985.40945408,direct,,26.6614869012,,True
Q3-T-007,1987.40945408,direct,,27.1023609944,,True
Q3-T-007,1989.40945408,direct,,27.5647111346,,True
Q3-T-007,1991.40945408,direct,,28.0499768007,,True
Q3-T-007,1993.40945408,direct,,28.5603700309,,True
Q3-T-007,1995.40945408,direct,,29.0981428447,,True
Q3-T-007,1997.40945408,direct,,29.6654749659,,True
Q3-T-007,1999.40945408,direct,,30.264892363,,True
Q3-T-007,2001.40945408,direct,,30.8985416485,,True
Q3-T-007,2003.40945408,direct,,31.5685324931,,True
Q3-T-007,2005.40945408,direct,,32.2757988684,,True
Q3-T-007,2007.40945408,direct,,33.0199225911,,True
Q3-T-007,2009.40945408,direct,,33.796937659,,True
Q3-T-007,2011.40945408,direct,,34.5975604319,,True
Q3-T-007,2013.40945408,direct,,35.4031906832,,True
Q3-T-007,2015.40945408,direct,,36.1805967017,,True
Q3-T-007,2017.40945408,direct,,36.8778479512,,True
Q3-T-007,2019.40945408,direct,,37.4236504617,,True
Q3-T-007,2021.40945408,direct,,37.7406840687,,True
Q3-T-007,2022.62449303,direct,,37.7957806996,,True
Q3-T-007,2023.40945408,direct,,37.8807646869,,True
Q3-T-007,2025.40945408,direct,,38.1011187073,,True
Q3-T-007,2027.40945408,direct,,38.3272087659,,True
Q3-T-007,2029.40945408,direct,,38.5593414921,,True
Q3-T-007,2031.40945408,direct,,38.7978487793,,True
Q3-T-007,2033.40945408,direct,,39.0430906385,,True
Q3-T-007,2035.40945408,direct,,39.2954584675,,True
Q3-T-007,2037.40945408,direct,,39.5553788084,,True
Q3-T-007,2039.40945408,direct,,39.8233176856,,True
Q3-T-007,2041.40945408,direct,,40.0997856343,,True
Q3-T-007,2043.40945408,direct,,40.3853435554,,True
Q3-T-007,2045.40945408,direct,,40.6806095668,,True
Q3-T-007,2047.40945408,direct,,40.9862670602,,True
Q3-T-007,2049.40945408,direct,,41.3030742282,,True
Q3-T-007,2051.40945408,direct,,41.6318753952,,True
Q3-T-007,2053.40945408,direct,,41.9736145795,,True
Q3-T-007,2055.40945408,direct,,42.3293518329,,True
Q3-T-007,2057.40945408,direct,,42.7002830733,,True
Q3-T-007,2059.40945408,direct,,43.087764343,,True
Q3-T-007,2061.40945408,direct,,43.4933417353,,True
Q3-T-007,2063.40945408,direct,,43.9187886575,,True
Q3-T-007,2065.40945408,direct,,44.3661526979,,True
Q3-T-007,2067.40945408,direct,,44.8378152327,,True
Q3-T-007,2069.40945408,direct,,45.3365681651,,True
Q3-T-007,2071.40945408,direct,,45.8657140712,,True
Q3-T-007,2073.40945408,direct,,46.4291988765,,True
Q3-T-007,2075.40945408,direct,,47.0317906337,,True
Q3-T-007,2077.40945408,direct,,47.679325066,,True
Q3-T-007,2079.40945408,direct,,48.3790502311,,True
Q3-T-007,2081.40945408,direct,,49.1401225718,,True
Q3-T-007,2083.40945408,direct,,49.9743418961,,True
Q3-T-007,2085.40945408,direct,,50.8972782517,,True
Q3-T-007,2087.40945408,direct,,51.9300717074,,True
Q3-T-007,2089.40945408,direct,,53.1024534501,,True
Q3-T-007,2091.40945408,direct,,54.4581412048,,True
Q3-T-007,2093.40945408,direct,,56.0652732839,,True
Q3-T-007,2095.40945408,direct,,58.0388539988,,True
Q3-T-007,2097.40945408,direct,,60.5969183102,,True
Q3-T-007,2099.40945408,direct,,64.2385507651,,True
Q3-T-007,2101.40945408,direct,,70.6288187923,,True
Q3-T-007,2103.40945408,direct,,91.8427755994,,True
Q3-T-007,2105.40945408,direct,,69.2361002295,,True
Q3-T-007,2107.40945408,direct,,63.54330864,,True
Q3-T-007,2109.40945408,direct,,60.1335610092,,True
Q3-T-007,2111.40945408,direct,,57.6913720774,,True
Q3-T-007,2113.25162013,direct,,55.9251752525,,True
Q3-T-008,365.409454083,direct,,55.9251752525,,True
Q3-T-008,367.409454083,direct,,58.4239499847,,True
Q3-T-008,369.409454083,direct,,61.9457751658,,True
Q3-T-008,371.409454083,direct,,67.966375079,,True
Q3-T-008,373.409454083,direct,,141.945775166,,True
Q3-T-008,375.409454083,direct,,67.966375079,,True
Q3-T-008,377.409454083,direct,,61.9457751658,,True
Q3-T-008,379.409454083,direct,,58.4239499847,,True
Q3-T-008,381.409454083,direct,,55.9251752525,,True
Q3-T-008,383.409454083,direct,,53.9869749923,,True
Q3-T-008,385.409454083,direct,,52.4033500714,,True
Q3-T-008,387.409454083,direct,,51.0644142788,,True
Q3-T-008,389.409454083,direct,,49.9045753392,,True
Q3-T-008,391.409454083,direct,,48.8815248903,,True
Q3-T-008,393.409454083,direct,,47.966375079,,True
Q3-T-008,395.409454083,direct,,47.1385213759,,True
Q3-T-008,397.409454083,direct,,46.3827501581,,True
Q3-T-008,399.409454083,direct,,45.6875080329,,True
Q3-T-008,401.409454083,direct,,45.0438143655,,True
Q3-T-008,403.409454083,direct,,44.4445498979,,True
Q3-T-008,405.409454083,direct,,43.8839754259,,True
Q3-T-008,407.409454083,direct,,43.3573966515,,True
Q3-T-008,409.409454083,direct,,42.860924977,,True
Q3-T-008,411.409454083,direct,,42.39130306,,True
Q3-T-008,413.409454083,direct,,41.9457751658,,True
Q3-T-008,415.409454083,direct,,41.5219891844,,True
Q3-T-008,417.409454083,direct,,41.1179214626,,True
Q3-T-008,419.409454083,direct,,40.7318183587,,True
Q3-T-008,421.409454083,direct,,40.3621502448,,True
Q3-T-008,423.409454083,direct,,40.0075749056,,True
Q3-T-008,425.409454083,direct,,39.6669081196,,True
Q3-T-008,427.409454083,direct,,39.3390997959,,True
Q3-T-008,429.409454083,direct,,39.0232144522,,True
Q3-T-008,431.409454083,direct,,38.7184151211,,True
Q3-T-008,433.409454083,direct,,38.4239499847,,True
Q3-T-008,435.409454083,direct,,38.1391412024,,True
Q3-T-008,437.409454083,direct,,37.8633755126,,True
Q3-T-008,439.409454083,direct,,37.5960962815,,True
Q3-T-008,441.409454083,direct,,37.3367967382,,True
Q3-T-008,443.409454083,direct,,37.085014192,,True
Q3-T-008,445.409454083,direct,,36.8403250637,,True
Q3-T-008,447.409454083,direct,,36.6023405977,,True
Q3-T-008,449.409454083,direct,,36.3707031467,,True
Q3-T-008,451.409454083,direct,,36.1450829385,,True
Q3-T-008,453.409454083,direct,,35.9251752525,,True
Q3-T-008,455.409454083,direct,,35.7106979447,,True
Q3-T-008,457.409454083,direct,,35.5013892711,,True
Q3-T-008,459.409454083,direct,,35.2970059675,,True
Q3-T-008,461.409454083,direct,,35.0973215493,,True
Q3-T-008,463.409454083,direct,,34.9021248035,,True
Q3-T-008,465.409454083,direct,,34.7112184454,,True
Q3-T-008,467.409454083,direct,,34.5244179203,,True
Q3-T-008,469.409454083,direct,,34.3415503315,,True
Q3-T-008,471.409454083,direct,,34.1624534785,,True
Q3-T-008,473.409454083,direct,,33.9869749923,,True
Q3-T-008,475.409454083,direct,,33.8149715571,,True
Q3-T-008,477.409454083,direct,,33.6463082064,,True
Q3-T-008,479.409454083,direct,,33.480857687,,True
Q3-T-008,481.409454083,direct,,33.3184998826,,True
Q3-T-008,483.409454083,direct,,33.1591212892,,True
Q3-T-008,485.409454083,direct,,33.0026145389,,True
Q3-T-008,487.409454083,direct,,32.8488779656,,True
Q3-T-008,488.584068323,direct,,32.7597351594,,True
Q3-T-008,489.409454083,direct,,32.7517148095,,True
Q3-T-008,491.409454083,direct,,32.6666679783,,True
Q3-T-008,493.409454083,direct,,32.4936452296,,True
Q3-T-008,495.409454083,direct,,32.2427498064,,True
Q3-T-008,497.409454083,direct,,31.9269168633,,True
Q3-T-008,499.409454083,direct,,31.5604601816,,True
Q3-T-008,501.409454083,direct,,31.1568241102,,True
Q3-T-008,503.409454083,direct,,30.7281023488,,True
Q3-T-008,505.409454083,direct,,30.2842802067,,True
Q3-T-008,507.409454083,direct,,29.8333128956,,True
Q3-T-008,509.409454083,direct,,29.3812376961,,True
Q3-T-008,511.409454083,direct,,28.9326141055,,True
Q3-T-008,513.409454083,direct,,28.490603984,,True
Q3-T-008,515.409454083,direct,,28.0572336889,,True
Q3-T-008,517.409454083,direct,,27.6342976308,,True
Q3-T-008,519.409454083,direct,,27.222494611,,True
Q3-T-008,521.409454083,direct,,26.8222883006,,True
Q3-T-008,523.409454083,direct,,26.4338126486,,True
Q3-T-008,525.409454083,direct,,26.0570883533,,True
Q3-T-008,527.409454083,direct,,25.691891586,,True
Q3-T-008,529.409454083,direct,,25.3379330998,,True
Q3-T-008,531.409454083,direct,,24.9948314415,,True
Q3-T-008,533.409454083,direct,,24.6621468955,,True
Q3-T-008,535.409454083,direct,,24.3396523878,,True
Q3-T-008,537.409454083,direct,,24.0268190585,,True
Q3-T-008,539.409454083,direct,,23.7232032618,,True
Q3-T-008,541.409454083,direct,,23.4284451091,,True
Q3-T-008,543.409454083,direct,,23.1421196317,,True
Q3-T-008,545.409454083,direct,,22.8638422547,,True
Q3-T-008,547.409454083,direct,,22.5932220878,,True
Q3-T-008,549.409454083,direct,,22.3299530698,,True
Q3-T-008,551.409454083,direct,,22.073596286,,True
Q3-T-008,553.409454083,direct,,21.8239791464,,True
Q3-T-008,555.409454083,direct,,21.5807594253,,True
Q3-T-008,557.409454083,direct,,21.3436317238,,True
Q3-T-008,559.409454083,direct,,21.1123274611,,True
Q3-T-008,561.409454083,direct,,20.8865741576,,True
Q3-T-008,563.409454083,direct,,20.6661700858,,True
Q3-T-008,565.409454083,direct,,20.4508697179,,True
Q3-T-008,567.409454083,direct,,20.240392181,,True
Q3-T-008,569.409454083,direct,,20.034654138,,True
Q3-T-008,571.409454083,direct,,19.8334306747,,True
Q3-T-008,573.409454083,direct,,19.6365239184,,True
Q3-T-008,575.409454083,direct,,19.4437632642,,True
Q3-T-008,577.409454083,direct,,19.2549715812,,True
Q3-T-008,579.409454083,direct,,19.0700277566,,True
Q3-T-008,581.409454083,direct,,18.8887709926,,True
Q3-T-008,583.409454083,direct,,18.7110640756,,True
Q3-T-008,585.409454083,direct,,18.5367066843,,True
Q3-T-008,587.409454083,direct,,18.3657170255,,True
Q3-T-008,589.409454083,direct,,18.1979062861,,True
Q3-T-008,591.409454083,direct,,18.0331493354,,True
Q3-T-008,593.409454083,direct,,17.8713679297,,True
Q3-T-008,595.409454083,direct,,17.7124473277,,True
Q3-T-008,597.409454083,direct,,17.5562916031,,True
Q3-T-008,599.409454083,direct,,17.4027965962,,True
Q3-T-008,601.409454083,direct,,17.2519010095,,True
Q3-T-008,603.409454083,direct,,17.1034613067,,True
Q3-T-008,605.409454083,direct,,16.9574939511,,True
Q3-T-008,607.409454083,direct,,16.8138630291,,True
Q3-T-008,609.409454083,direct,,16.6725203774,,True
Q3-T-008,611.409454083,direct,,6.53338471948,,True
Q3-T-008,613.409454083,direct,,6.39638995403,,True
Q3-T-008,615.409454083,direct,,6.26146156981,,True
Q3-T-008,617.409454083,direct,,6.12856166576,,True
Q3-T-008,619.409454083,direct,,5.9976207875,,True
Q3-T-008,621.409454083,direct,,5.86853122092,,True
Q3-T-008,623.409454083,direct,,5.74134454071,,True
Q3-T-008,625.409454083,direct,,5.61595670812,,True
Q3-T-008,627.409454083,direct,,5.49231858412,,True
Q3-T-008,629.409454083,direct,,5.37037279546,,True
Q3-T-008,631.409454083,direct,,5.25009447956,,True
Q3-T-008,633.409454083,direct,,5.13142971711,,True
Q3-T-008,635.409454083,direct,,5.01433657073,,True
Q3-T-008,637.409454083,direct,,4.89876503768,,True
Q3-T-008,639.409454083,direct,,4.7846591278,,True
Q3-T-008,641.409454083,direct,,4.67204523468,,True
Q3-T-008,643.409454083,direct,,4.5608502718,,True
Q3-T-008,645.409454083,direct,,4.45103031846,,True
Q3-T-008,647.409454083,direct,,4.34257031793,,True
Q3-T-008,649.409454083,direct,,4.23542865732,,True
Q3-T-008,651.409454083,direct,,4.12957413798,,True
Q3-T-008,653.409454083,direct,,4.02496790112,,True
Q3-T-008,655.409454083,direct,,3.92159843263,,True
Q3-T-008,657.409454083,direct,,3.81939601455,,True
Q3-T-008,659.409454083,direct,,3.71839095099,,True
Q3-T-008,661.409454083,direct,,3.61854079668,,True
Q3-T-008,663.409454083,direct,,3.5198116094,,True
Q3-T-008,665.409454083,direct,,3.42217880732,,True
Q3-T-008,667.409454083,direct,,3.3256105282,,True
Q3-T-008,669.409454083,direct,,3.23009996343,,True
Q3-T-008,671.409454083,direct,,3.1356166434,,True
Q3-T-008,673.409454083,direct,,3.04213895312,,True
Q3-T-008,675.409454083,direct,,2.9496085327,,True
Q3-T-008,677.409454083,direct,,2.85808028711,,True
Q3-T-008,679.409454083,direct,,2.76749671575,,True
Q3-T-008,681.409454083,direct,,2.67783871692,,True
Q3-T-008,683.409454083,direct,,2.58908033591,,True
Q3-T-008,685.409454083,direct,,2.5012184989,,True
Q3-T-008,687.409454083,direct,,2.41422824567,,True
Q3-T-008,689.409454083,direct,,2.32809261648,,True
Q3-T-008,691.409454083,direct,,2.24276062159,,True
Q3-T-008,693.409454083,direct,,2.15828561608,,True
Q3-T-008,695.409454083,direct,,2.0746171901,,True
Q3-T-008,697.409454083,direct,,1.99173328858,,True
Q3-T-008,699.409454083,direct,,1.90963313372,,True
Q3-T-008,701.409454083,direct,,1.82829542469,,True
Q3-T-008,703.409454083,direct,,1.74770624636,,True
Q3-T-008,705.409454083,direct,,1.6678453779,,True
Q3-T-008,707.409454083,direct,,1.58871305965,,True
Q3-T-008,709.409454083,direct,,1.51026453391,,True
Q3-T-008,711.409454083,direct,,1.43253789923,,True
Q3-T-008,713.409454083,direct,,1.35548912806,,True
Q3-T-008,715.409454083,direct,,1.2791193119,,True
Q3-T-008,717.409454083,direct,,1.20341039516,,True
Q3-T-008,719.409454083,direct,,1.128351118,,True
Q3-T-008,721.409454083,direct,,1.05392427651,,True
Q3-T-008,723.409454083,direct,,0.980131675024,,True
Q3-T-008,725.409454083,direct,,0.906956595243,,True
Q3-T-008,727.409454083,direct,,0.83436554326,,True
Q3-T-008,729.409454083,direct,,0.762389378757,,True
Q3-T-008,731.409454083,direct,,0.691006996978,,True
Q3-T-008,733.409454083,direct,,0.620202864361,,True
Q3-T-008,735.409454083,direct,,0.549961866918,,True
Q3-T-008,737.409454083,direct,,0.480286790971,,True
Q3-T-008,739.409454083,direct,,0.411162904569,,True
Q3-T-008,741.409454083,direct,,0.342581606546,,True
Q3-T-008,743.409454083,direct,,0.274528798236,,True
Q3-T-008,745.409454083,direct,,0.206986008173,,True
Q3-T-008,747.409454083,relay,H170,0.139983033102,9.28823591767,True
Q3-T-008,749.409454083,relay,H170,0.0734901651442,9.39689835546,True
Q3-T-008,751.409454083,relay,H170,0.00749421344105,9.50660157485,True
Q3-T-008,753.409454083,relay,H170,-0.0580012273539,9.6172992957,True
Q3-T-008,755.409454083,relay,H170,-0.123009053824,9.72902436306,True
Q3-T-008,757.409454083,relay,H170,-0.187536435318,9.84178233976,True
Q3-T-008,759.409454083,relay,H170,-0.251595748066,9.9556071055,True
Q3-T-008,761.409454083,relay,H170,-0.315183088655,10.0704443386,True
Q3-T-008,763.409454083,relay,H170,-0.378330864441,10.1863572462,True
Q3-T-008,765.409454083,relay,H170,-0.441004920031,10.3032827862,True
Q3-T-008,767.409454083,relay,H170,-0.503237335766,10.4212843535,True
Q3-T-008,769.409454083,relay,H170,-0.565023950244,10.5402969565,True
Q3-T-008,771.409454083,relay,H170,-0.626376176404,10.6603479058,True
Q3-T-008,773.409454083,relay,H170,-0.687305153244,10.7814653237,True
Q3-T-008,775.409454083,relay,H170,-0.747806554526,10.9035739217,True
Q3-T-008,777.409454083,relay,H170,-0.807891309565,11.0266963866,True
Q3-T-008,779.409454083,relay,H170,-0.867565092308,11.1508194417,True
Q3-T-008,781.409454083,relay,H170,-0.926857480156,11.2759975729,True
Q3-T-008,783.409454083,relay,H170,-0.98572572323,11.4020706413,True
Q3-T-008,785.409454083,relay,H170,-1.04419934248,11.5290852416,True
Q3-T-008,787.409454083,relay,H170,-1.10228357131,11.6570141749,True
Q3-T-008,789.409454083,relay,H170,-1.15998837289,11.7858666788,True
Q3-T-008,791.409454083,relay,H170,-1.21730908016,11.9155257644,True
Q3-T-008,793.409454083,relay,H170,-1.27425549033,12.0459897098,True
Q3-T-008,795.409454083,relay,H170,-1.33083244057,12.1772112289,True
Q3-T-008,797.409454083,relay,H170,-1.38704938382,12.3091817141,True
Q3-T-008,799.409454083,relay,H170,-1.44291948637,12.4417860025,True
Q3-T-008,801.409454083,relay,H170,-1.49841601992,12.5749326264,True
Q3-T-008,803.409454083,relay,H170,-1.55356615867,12.708628183,True
Q3-T-008,805.409454083,relay,H170,-1.60836503064,12.8426931443,True
Q3-T-008,807.409454083,relay,H170,-1.66282159881,12.9770812156,True
Q3-T-008,807.562368723,relay,H170,-1.66697291809,12.9873781288,True
Q3-T-008,809.409454083,relay,H170,-1.66657273023,12.982959691,True
Q3-T-008,811.409454083,relay,H170,-1.66614587617,12.9781205109,True
Q3-T-008,813.409454083,relay,H170,-1.66572503056,12.9732166228,True
Q3-T-008,815.409454083,relay,H170,-1.66531019515,12.9682482517,True
Q3-T-008,817.409454083,relay,H170,-1.66490137167,12.963215625,True
Q3-T-008,819.409454083,relay,H170,-1.66449856181,12.9581189724,True
Q3-T-008,821.409454083,relay,H170,-1.66410176726,12.9529585261,True
Q3-T-008,823.409454083,relay,H170,-1.66371098966,12.9477345202,True
Q3-T-008,825.409454083,relay,H170,-1.66332623065,12.9424471912,True
Q3-T-008,827.409454083,relay,H170,-1.66294749183,12.9370967779,True
Q3-T-008,829.409454083,relay,H170,-1.66257477477,12.931683521,True
Q3-T-008,831.409454083,relay,H170,-1.66220808103,12.9262076635,True
Q3-T-008,833.409454083,relay,H170,-1.66184741213,12.9206694504,True
Q3-T-008,835.409454083,relay,H170,-1.66149276959,12.9150691289,True
Q3-T-008,837.409454083,relay,H170,-1.66114415488,12.9094069479,True
Q3-T-008,839.409454083,relay,H170,-1.66080156945,12.9036831587,True
Q3-T-008,841.409454083,relay,H170,-1.66046501473,12.8978980142,True
Q3-T-008,843.409454083,relay,H170,-1.66013449213,12.8920517693,True
Q3-T-008,845.409454083,relay,H170,-1.65981000303,12.886144681,True
Q3-T-008,847.409454083,relay,H170,-1.65949154878,12.8801770078,True
Q3-T-008,849.409454083,relay,H170,-1.65917913071,12.8741490102,True
Q3-T-008,849.580636543,relay,H170,-1.65915285356,12.8736338571,True
Q3-T-008,851.409454083,relay,H170,-1.65915285356,12.8736338571,True
Q3-T-008,853.409454083,relay,H170,-1.65915285356,12.8736338571,True
Q3-T-008,855.409454083,relay,H170,-1.65915285356,12.8736338571,True
Q3-T-008,857.409454083,relay,H170,-1.65915285356,12.8736338571,True
Q3-T-008,859.409454083,relay,H170,-1.65915285356,12.8736338571,True
Q3-T-008,861.409454083,relay,H170,-1.65915285356,12.8736338571,True
Q3-T-008,863.409454083,relay,H170,-1.65915285356,12.8736338571,True
Q3-T-008,865.409454083,relay,H170,-1.65915285356,12.8736338571,True
Q3-T-008,867.409454083,relay,H170,-1.65915285356,12.8736338571,True
Q3-T-008,869.409454083,relay,H170,-1.65915285356,12.8736338571,True
Q3-T-008,871.409454083,relay,H170,-1.65915285356,12.8736338571,True
Q3-T-008,873.409454083,relay,H170,-1.65915285356,12.8736338571,True
Q3-T-008,875.409454083,relay,H170,-1.65915285356,12.8736338571,True
Q3-T-008,877.409454083,relay,H170,-1.65915285356,12.8736338571,True
Q3-T-008,879.409454083,relay,H170,-1.65915285356,12.8736338571,True
Q3-T-008,881.409454083,relay,H170,-1.65915285356,12.8736338571,True
Q3-T-008,883.409454083,relay,H170,-1.65915285356,12.8736338571,True
Q3-T-008,885.409454083,relay,H170,-1.65915285356,12.8736338571,True
Q3-T-008,887.409454083,relay,H170,-1.65915285356,12.8736338571,True
Q3-T-008,889.409454083,relay,H170,-1.65915285356,12.8736338571,True
Q3-T-008,891.409454083,relay,H170,-1.65915285356,12.8736338571,True
Q3-T-008,893.409454083,relay,H170,-1.65915285356,12.8736338571,True
Q3-T-008,895.409454083,relay,H170,-1.65915285356,12.8736338571,True
Q3-T-008,897.409454083,relay,H170,-1.65915285356,12.8736338571,True
Q3-T-008,899.409454083,relay,H170,-1.65915285356,12.8736338571,True
Q3-T-008,901.409454083,relay,H170,-1.65915285356,12.8736338571,True
Q3-T-008,903.409454083,relay,H170,-1.65915285356,12.8736338571,True
Q3-T-008,905.409454083,relay,H170,-1.65915285356,12.8736338571,True
Q3-T-008,907.409454083,relay,H170,-1.65915285356,12.8736338571,True
Q3-T-008,909.409454083,relay,H170,-1.65915285356,12.8736338571,True
Q3-T-008,911.409454083,relay,H170,-1.65915285356,12.8736338571,True
Q3-T-008,913.409454083,relay,H170,-1.65915285356,12.8736338571,True
Q3-T-008,915.409454083,relay,H170,-1.65915285356,12.8736338571,True
Q3-T-008,917.409454083,relay,H170,-1.65915285356,12.8736338571,True
Q3-T-008,919.409454083,relay,H170,-1.65915285356,12.8736338571,True
Q3-T-008,921.409454083,relay,H170,-1.65915285356,12.8736338571,True
Q3-T-008,923.409454083,relay,H170,-1.65915285356,12.8736338571,True
Q3-T-008,925.409454083,relay,H170,-1.65915285356,12.8736338571,True
Q3-T-008,927.409454083,relay,H170,-1.65915285356,12.8736338571,True
Q3-T-008,929.409454083,relay,H170,-1.65915285356,12.8736338571,True
Q3-T-008,931.409454083,relay,H170,-1.65915285356,12.8736338571,True
Q3-T-008,933.409454083,relay,H170,-1.65915285356,12.8736338571,True
Q3-T-008,935.409454083,relay,H170,-1.65915285356,12.8736338571,True
Q3-T-008,937.409454083,relay,H170,-1.65915285356,12.8736338571,True
Q3-T-008,939.409454083,relay,H170,-1.65915285356,12.8736338571,True
Q3-T-008,941.409454083,relay,H170,-1.65915285356,12.8736338571,True
Q3-T-008,943.409454083,relay,H170,-1.65915285356,12.8736338571,True
Q3-T-008,945.409454083,relay,H170,-1.65915285356,12.8736338571,True
Q3-T-008,947.409454083,relay,H170,-1.65915285356,12.8736338571,True
Q3-T-008,949.409454083,relay,H170,-1.65915285356,12.8736338571,True
Q3-T-008,951.409454083,relay,H170,-1.65915285356,12.8736338571,True
Q3-T-008,953.409454083,relay,H170,-1.65915285356,12.8736338571,True
Q3-T-008,955.409454083,relay,H170,-1.65915285356,12.8736338571,True
Q3-T-008,957.409454083,relay,H170,-1.65915285356,12.8736338571,True
Q3-T-008,959.409454083,relay,H170,-1.65915285356,12.8736338571,True
Q3-T-008,961.409454083,relay,H170,-1.65915285356,12.8736338571,True
Q3-T-008,963.409454083,relay,H170,-1.65915285356,12.8736338571,True
Q3-T-008,965.409454083,relay,H170,-1.65915285356,12.8736338571,True
Q3-T-008,967.409454083,relay,H170,-1.65915285356,12.8736338571,True
Q3-T-008,969.409454083,relay,H170,-1.65915285356,12.8736338571,True
Q3-T-008,971.409454083,relay,H170,-1.65915285356,12.8736338571,True
Q3-T-008,973.409454083,relay,H170,-1.65915285356,12.8736338571,True
Q3-T-008,975.409454083,relay,H170,-1.65915285356,12.8736338571,True
Q3-T-008,977.409454083,relay,H170,-1.65915285356,12.8736338571,True
Q3-T-008,979.409454083,relay,H170,-1.65915285356,12.8736338571,True
Q3-T-008,981.409454083,relay,H170,-1.65915285356,12.8736338571,True
Q3-T-008,983.409454083,relay,H170,-1.65915285356,12.8736338571,True
Q3-T-008,985.409454083,relay,H170,-1.65915285356,12.8736338571,True
Q3-T-008,987.409454083,relay,H170,-1.65915285356,12.8736338571,True
Q3-T-008,989.409454083,relay,H170,-1.65915285356,12.8736338571,True
Q3-T-008,991.409454083,relay,H170,-1.65915285356,12.8736338571,True
Q3-T-008,993.409454083,relay,H170,-1.65915285356,12.8736338571,True
Q3-T-008,995.409454083,relay,H170,-1.65915285356,12.8736338571,True
Q3-T-008,997.409454083,relay,H170,-1.65915285356,12.8736338571,True
Q3-T-008,999.409454083,relay,H170,-1.65915285356,12.8736338571,True
Q3-T-008,1001.40945408,relay,H170,-1.65915285356,12.8736338571,True
Q3-T-008,1003.40945408,relay,H170,-1.65915285356,12.8736338571,True
Q3-T-008,1005.40945408,relay,H170,-1.65915285356,12.8736338571,True
Q3-T-008,1007.40945408,relay,H170,-1.65915285356,12.8736338571,True
Q3-T-008,1009.40945408,relay,H170,-1.65915285356,12.8736338571,True
Q3-T-008,1011.40945408,relay,H170,-1.65915285356,12.8736338571,True
Q3-T-008,1013.40945408,relay,H170,-1.65915285356,12.8736338571,True
Q3-T-008,1015.40945408,relay,H170,-1.65915285356,12.8736338571,True
Q3-T-008,1017.40945408,relay,H170,-1.65915285356,12.8736338571,True
Q3-T-008,1019.40945408,relay,H170,-1.65915285356,12.8736338571,True
Q3-T-008,1021.40945408,relay,H170,-1.65915285356,12.8736338571,True
Q3-T-008,1023.40945408,relay,H170,-1.65915285356,12.8736338571,True
Q3-T-008,1025.40945408,relay,H170,-1.65915285356,12.8736338571,True
Q3-T-008,1027.40945408,relay,H170,-1.65915285356,12.8736338571,True
Q3-T-008,1029.40945408,relay,H170,-1.65915285356,12.8736338571,True
Q3-T-008,1031.40945408,relay,H170,-1.65915285356,12.8736338571,True
Q3-T-008,1033.40945408,relay,H170,-1.65915285356,12.8736338571,True
Q3-T-008,1035.40945408,relay,H170,-1.65915285356,12.8736338571,True
Q3-T-008,1037.40945408,relay,H170,-1.65915285356,12.8736338571,True
Q3-T-008,1039.40945408,relay,H170,-1.65915285356,12.8736338571,True
Q3-T-008,1041.40945408,relay,H170,-1.65915285356,12.8736338571,True
Q3-T-008,1043.40945408,relay,H170,-1.65915285356,12.8736338571,True
Q3-T-008,1045.40945408,relay,H170,-1.65915285356,12.8736338571,True
Q3-T-008,1047.40945408,relay,H170,-1.65915285356,12.8736338571,True
Q3-T-008,1049.40945408,relay,H170,-1.65915285356,12.8736338571,True
Q3-T-008,1051.40945408,relay,H170,-1.65915285356,12.8736338571,True
Q3-T-008,1053.40945408,relay,H170,-1.65915285356,12.8736338571,True
Q3-T-008,1055.40945408,relay,H170,-1.65915285356,12.8736338571,True
Q3-T-008,1057.40945408,relay,H170,-1.65915285356,12.8736338571,True
Q3-T-008,1059.40945408,relay,H170,-1.65915285356,12.8736338571,True
Q3-T-008,1061.40945408,relay,H170,-1.65915285356,12.8736338571,True
Q3-T-008,1063.40945408,relay,H170,-1.65915285356,12.8736338571,True
Q3-T-008,1065.40945408,relay,H170,-1.65915285356,12.8736338571,True
Q3-T-008,1067.40945408,relay,H170,-1.65915285356,12.8736338571,True
Q3-T-008,1069.40945408,relay,H170,-1.65915285356,12.8736338571,True
Q3-T-008,1071.40945408,relay,H170,-1.65915285356,12.8736338571,True
Q3-T-008,1073.40945408,relay,H170,-1.65915285356,12.8736338571,True
Q3-T-008,1075.40945408,relay,H170,-1.65915285356,12.8736338571,True
Q3-T-008,1077.40945408,relay,H170,-1.65915285356,12.8736338571,True
Q3-T-008,1079.40945408,relay,H170,-1.65915285356,12.8736338571,True
Q3-T-008,1081.40945408,relay,H170,-1.65915285356,12.8736338571,True
Q3-T-008,1083.40945408,relay,H170,-1.65915285356,12.8736338571,True
Q3-T-008,1085.40945408,relay,H170,-1.65915285356,12.8736338571,True
Q3-T-008,1087.40945408,relay,H170,-1.65915285356,12.8736338571,True
Q3-T-008,1089.40945408,relay,H170,-1.65915285356,12.8736338571,True
Q3-T-008,1091.40945408,relay,H170,-1.65915285356,12.8736338571,True
Q3-T-008,1093.40945408,relay,H170,-1.65915285356,12.8736338571,True
Q3-T-008,1095.40945408,relay,H170,-1.65915285356,12.8736338571,True
Q3-T-008,1097.40945408,relay,H170,-1.65915285356,12.8736338571,True
Q3-T-008,1099.40945408,relay,H170,-1.65915285356,12.8736338571,True
Q3-T-008,1101.40945408,relay,H170,-1.65915285356,12.8736338571,True
Q3-T-008,1101.58063654,relay,H170,-1.65915285356,12.8736338571,True
Q3-T-008,1103.40945408,relay,H170,-1.65950969635,12.8805217861,True
Q3-T-008,1105.40945408,relay,H170,-1.65990914095,12.8879675733,True
Q3-T-008,1107.40945408,relay,H170,-1.66031801436,12.8953185722,True
Q3-T-008,1109.40945408,relay,H170,-1.6607363139,12.9025742792,True
Q3-T-008,1111.40945408,relay,H170,-1.66116403686,12.9097341951,True
Q3-T-008,1113.40945408,relay,H170,-1.66160118045,12.9167978256,True
Q3-T-008,1115.40945408,relay,H170,-1.66204774181,12.9237646809,True
Q3-T-008,1117.40945408,relay,H170,-1.66250371803,12.9306342763,True
Q3-T-008,1119.40945408,relay,H170,-1.66296910615,12.9374061318,True
Q3-T-008,1121.40945408,relay,H170,-1.66344390314,12.9440797727,True
Q3-T-008,1123.40945408,relay,H170,-1.6639281059,12.9506547294,True
Q3-T-008,1125.40945408,relay,H170,-1.66442171129,12.9571305375,True
Q3-T-008,1127.40945408,relay,H170,-1.66492471608,12.9635067381,True
Q3-T-008,1129.40945408,relay,H170,-1.66543711702,12.9697828778,True
Q3-T-008,1131.40945408,relay,H170,-1.66595891076,12.9759585087,True
Q3-T-008,1133.40945408,relay,H170,-1.66649009392,12.9820331885,True
Q3-T-008,1135.1952508,relay,H170,-1.66697291809,12.9873781288,True
Q3-T-008,1135.40945408,relay,H170,-1.66115792686,12.9729663231,True
Q3-T-008,1137.40945408,relay,H170,-1.60669093276,12.8385864573,True
Q3-T-008,1139.40945408,relay,H170,-1.55187688346,12.7044844666,True
Q3-T-008,1141.40945408,relay,H170,-1.49672067377,12.5708511331,True
Q3-T-008,1143.40945408,relay,H170,-1.44121331378,12.4377208936,True
Q3-T-008,1145.40945408,relay,H170,-1.38535032114,12.3051690506,True
Q3-T-008,1147.40945408,relay,H170,-1.32910419201,12.1731852655,True
Q3-T-008,1149.40945408,relay,H170,-1.27251599132,12.0419860263,True
Q3-T-008,1151.40945408,relay,H170,-1.21555818387,11.9115459055,True
Q3-T-008,1153.40945408,relay,H170,-1.15822109587,11.7818712297,True
Q3-T-008,1155.40945408,relay,H170,-1.10050942737,11.6530859135,True
Q3-T-008,1157.40945408,relay,H170,-1.04241334316,11.5251844031,True
Q3-T-008,1159.40945408,relay,H170,-0.983927709699,11.3981981273,True
Q3-T-008,1161.40945408,relay,H170,-0.925042325685,11.2721170003,True
Q3-T-008,1163.40945408,relay,H170,-0.865761744237,11.1470392694,True
Q3-T-008,1165.40945408,relay,H170,-0.806056262912,11.0229130618,True
Q3-T-008,1167.40945408,relay,H170,-0.745958825433,10.8998213577,True
Q3-T-008,1169.40945408,relay,H170,-0.685439463048,10.7777099292,True
Q3-T-008,1171.40945408,relay,H170,-0.62450255053,10.6566579071,True
Q3-T-008,1173.40945408,relay,H170,-0.563137103705,10.536638588,True
Q3-T-008,1175.40945408,relay,H170,-0.501337081563,10.4176577658,True
Q3-T-008,1177.40945408,relay,H170,-0.439091066031,10.2996880917,True
Q3-T-008,1179.40945408,relay,H170,-0.376403216724,10.1827944631,True
Q3-T-008,1181.40945408,relay,H170,-0.313261885852,10.0669454177,True
Q3-T-008,1183.40945408,relay,H170,-0.249639906175,9.95210808307,True
Q3-T-008,1185.40945408,relay,H170,-0.185566187504,9.83831509776,True
Q3-T-008,1187.40945408,relay,H170,-0.121024188668,9.72558875935,True
Q3-T-008,1189.40945408,relay,H170,-0.0560015275059,9.61389517618,True
Q3-T-008,1191.40945408,relay,H170,0.00951449601368,9.50320179735,True
Q3-T-008,1193.40945408,relay,H170,0.0755202072964,9.39355665247,True
Q3-T-008,1195.40945408,relay,H170,0.142028591737,9.28492508529,True
Q3-T-008,1197.40945408,direct,,0.209047320958,,True
Q3-T-008,1199.40945408,direct,,0.276611810944,,True
Q3-T-008,1201.40945408,direct,,0.344675169349,,True
Q3-T-008,1203.40945408,direct,,0.413272968129,,True
Q3-T-008,1205.40945408,direct,,0.482413615873,,True
Q3-T-008,1207.40945408,direct,,0.55211159988,,True
Q3-T-008,1209.40945408,direct,,0.622364020107,,True
Q3-T-008,1211.40945408,direct,,0.693185733732,,True
Q3-T-008,1213.40945408,direct,,0.764585983042,,True
Q3-T-008,1215.40945408,direct,,0.836580310162,,True
Q3-T-008,1217.40945408,direct,,0.909189830019,,True
Q3-T-008,1219.40945408,direct,,0.982383680034,,True
Q3-T-008,1221.40945408,direct,,1.05619536775,,True
Q3-T-008,1223.40945408,direct,,1.13064162111,,True
Q3-T-008,1225.40945408,direct,,1.20572064074,,True
Q3-T-008,1227.40945408,direct,,1.28144964074,,True
Q3-T-008,1229.40945408,direct,,1.35784633727,,True
Q3-T-008,1231.40945408,direct,,1.43490945434,,True
Q3-T-008,1233.40945408,direct,,1.51265724887,,True
Q3-T-008,1235.40945408,direct,,1.59112731945,,True
Q3-T-008,1237.40945408,direct,,1.67028824564,,True
Q3-T-008,1239.40945408,direct,,1.75016475889,,True
Q3-T-008,1241.40945408,direct,,1.83077667149,,True
Q3-T-008,1243.40945408,direct,,1.91213753555,,True
Q3-T-008,1245.40945408,direct,,1.99426821158,,True
Q3-T-008,1247.40945408,direct,,2.07716921355,,True
Q3-T-008,1249.40945408,direct,,2.16086212879,,True
Q3-T-008,1251.40945408,direct,,2.24536209374,,True
Q3-T-008,1253.40945408,direct,,2.33071954226,,True
Q3-T-008,1255.40945408,direct,,2.41688111261,,True
Q3-T-008,1257.40945408,direct,,2.50389781939,,True
Q3-T-008,1259.40945408,direct,,2.59178663752,,True
Q3-T-008,1261.40945408,direct,,2.68057254535,,True
Q3-T-008,1263.40945408,direct,,2.77025862841,,True
Q3-T-008,1265.40945408,direct,,2.86087086079,,True
Q3-T-008,1267.40945408,direct,,2.95243609617,,True
Q3-T-008,1269.40945408,direct,,3.04495865878,,True
Q3-T-008,1271.40945408,direct,,3.1384968546,,True
Q3-T-008,1273.40945408,direct,,3.23301132802,,True
Q3-T-008,1275.40945408,direct,,3.32856179202,,True
Q3-T-008,1277.40945408,direct,,3.42515452279,,True
Q3-T-008,1279.40945408,direct,,3.52282056412,,True
Q3-T-008,1281.40945408,direct,,3.62158373201,,True
Q3-T-008,1283.40945408,direct,,3.72147707464,,True
Q3-T-008,1285.40945408,direct,,3.82250923829,,True
Q3-T-008,1287.40945408,direct,,3.9247148634,,True
Q3-T-008,1289.40945408,direct,,4.02815469933,,True
Q3-T-008,1291.40945408,direct,,4.13279902108,,True
Q3-T-008,1293.40945408,direct,,4.2386925296,,True
Q3-T-008,1295.40945408,direct,,4.34587411914,,True
Q3-T-008,1297.40945408,direct,,4.45437502219,,True
Q3-T-008,1299.40945408,direct,,4.56423689063,,True
Q3-T-008,1301.40945408,direct,,4.67547481124,,True
Q3-T-008,1303.40945408,direct,,4.78813274716,,True
Q3-T-008,1305.40945408,direct,,4.90229349228,,True
Q3-T-008,1307.40945408,direct,,5.01790171542,,True
Q3-T-008,1309.40945408,direct,,5.13504241364,,True
Q3-T-008,1311.40945408,direct,,5.25375598912,,True
Q3-T-008,1313.40945408,direct,,5.37409460979,,True
Q3-T-008,1315.40945408,direct,,5.49608170931,,True
Q3-T-008,1317.40945408,direct,,5.61977273906,,True
Q3-T-008,1319.40945408,direct,,5.7452149538,,True
Q3-T-008,1321.40945408,direct,,5.87246832352,,True
Q3-T-008,1323.40945408,direct,,6.00160466573,,True
Q3-T-008,1325.40945408,direct,,6.13260473638,,True
Q3-T-008,1327.40945408,direct,,6.26556557465,,True
Q3-T-008,1329.40945408,direct,,6.40055671613,,True
Q3-T-008,1331.40945408,direct,,6.53761613138,,True
Q3-T-008,1333.40945408,direct,,16.6768184216,,True
Q3-T-008,1335.40945408,direct,,16.8182417559,,True
Q3-T-008,1337.40945408,direct,,16.9619315775,,True
Q3-T-008,1339.40945408,direct,,17.1079720725,,True
Q3-T-008,1341.40945408,direct,,17.2564873139,,True
Q3-T-008,1343.40945408,direct,,17.4074736972,,True
Q3-T-008,1345.40945408,direct,,17.5610365259,,True
Q3-T-008,1347.40945408,direct,,17.7172755951,,True
Q3-T-008,1349.40945408,direct,,17.8762824121,,True
Q3-T-008,1351.40945408,direct,,18.0381667731,,True
Q3-T-008,1353.40945408,direct,,18.203002403,,True
Q3-T-008,1355.40945408,direct,,18.3709088705,,True
Q3-T-008,1357.40945408,direct,,18.5419977619,,True
Q3-T-008,1359.40945408,direct,,18.7164581178,,True
Q3-T-008,1361.40945408,direct,,18.8942718452,,True
Q3-T-008,1363.40945408,direct,,19.0756395166,,True
Q3-T-008,1365.40945408,direct,,19.2606985702,,True
Q3-T-008,1367.40945408,direct,,19.4496100532,,True
Q3-T-008,1369.40945408,direct,,19.6424953137,,True
Q3-T-008,1371.40945408,direct,,19.8395317647,,True
Q3-T-008,1373.40945408,direct,,20.0409074096,,True
Q3-T-008,1375.40945408,direct,,20.2467691202,,True
Q3-T-008,1377.40945408,direct,,20.4573934883,,True
Q3-T-008,1379.40945408,direct,,20.6728470121,,True
Q3-T-008,1381.40945408,direct,,20.8934297407,,True
Q3-T-008,1383.40945408,direct,,21.1193313453,,True
Q3-T-008,1385.40945408,direct,,21.3508102134,,True
Q3-T-008,1387.40945408,direct,,21.5881205262,,True
Q3-T-008,1389.40945408,direct,,21.8315520501,,True
Q3-T-008,1391.40945408,direct,,22.0813485319,,True
Q3-T-008,1393.40945408,direct,,22.3378310459,,True
Q3-T-008,1395.40945408,direct,,22.6014034164,,True
Q3-T-008,1397.40945408,direct,,22.8722536213,,True
Q3-T-008,1399.40945408,direct,,23.150772059,,True
Q3-T-008,1401.40945408,direct,,23.4373501484,,True
Q3-T-008,1403.40945408,direct,,23.7323729373,,True
Q3-T-008,1405.40945408,direct,,24.0362658267,,True
Q3-T-008,1407.40945408,direct,,24.3493889628,,True
Q3-T-008,1409.40945408,direct,,24.672186162,,True
Q3-T-008,1411.40945408,direct,,25.0051056547,,True
Q3-T-008,1413.40945408,direct,,25.3486158735,,True
Q3-T-008,1415.40945408,direct,,25.702913745,,True
Q3-T-008,1417.40945408,direct,,26.068459859,,True
Q3-T-008,1419.40945408,direct,,26.4455731936,,True
Q3-T-008,1421.40945408,direct,,26.8343773763,,True
Q3-T-008,1423.40945408,direct,,27.234942786,,True
Q3-T-008,1425.40945408,direct,,27.6470956271,,True
Q3-T-008,1427.40945408,direct,,28.0703974633,,True
Q3-T-008,1429.40945408,direct,,28.5040267093,,True
Q3-T-008,1431.40945408,direct,,28.9462766158,,True
Q3-T-008,1433.40945408,direct,,29.3950581292,,True
Q3-T-008,1435.40945408,direct,,29.8471744742,,True
Q3-T-008,1437.40945408,direct,,30.2980219875,,True
Q3-T-008,1439.40945408,direct,,30.74150979,,True
Q3-T-008,1441.40945408,direct,,31.1696213433,,True
Q3-T-008,1443.40945408,direct,,31.5723072855,,True
Q3-T-008,1445.40945408,direct,,31.937417329,,True
Q3-T-008,1447.40945408,direct,,32.2514719446,,True
Q3-T-008,1449.40945408,direct,,32.5001822683,,True
Q3-T-008,1451.40945408,direct,,32.6706210236,,True
Q3-T-008,1453.40945408,direct,,32.7528607686,,True
Q3-T-008,1454.1735512,direct,,32.7597351594,,True
Q3-T-008,1455.40945408,direct,,32.8348699366,,True
Q3-T-008,1457.40945408,direct,,32.9574414992,,True
Q3-T-008,1459.40945408,direct,,33.081767527,,True
Q3-T-008,1461.40945408,direct,,33.2078989765,,True
Q3-T-008,1463.40945408,direct,,33.3358890568,,True
Q3-T-008,1465.40945408,direct,,33.4657933646,,True
Q3-T-008,1467.40945408,direct,,33.5976700289,,True
Q3-T-008,1469.40945408,direct,,33.7315798674,,True
Q3-T-008,1471.40945408,direct,,33.8675865551,,True
Q3-T-008,1473.40945408,direct,,34.0057568056,,True
Q3-T-008,1475.40945408,direct,,34.1461605681,,True
Q3-T-008,1477.40945408,direct,,34.2888712398,,True
Q3-T-008,1479.40945408,direct,,34.4339658964,,True
Q3-T-008,1481.40945408,direct,,34.581525542,,True
Q3-T-008,1483.40945408,direct,,34.7316353808,,True
Q3-T-008,1485.40945408,direct,,34.8843851125,,True
Q3-T-008,1487.40945408,direct,,35.0398692542,,True
Q3-T-008,1489.40945408,direct,,35.1981874919,,True
Q3-T-008,1491.40945408,direct,,35.359445064,,True
Q3-T-008,1493.40945408,direct,,35.5237531818,,True
Q3-T-008,1495.40945408,direct,,35.6912294902,,True
Q3-T-008,1497.40945408,direct,,35.8619985735,,True
Q3-T-008,1499.40945408,direct,,36.0361925122,,True
Q3-T-008,1501.40945408,direct,,36.213951497,,True
Q3-T-008,1503.40945408,direct,,36.3954245064,,True
Q3-T-008,1505.40945408,direct,,36.5807700568,,True
Q3-T-008,1507.40945408,direct,,36.7701570349,,True
Q3-T-008,1509.40945408,direct,,36.9637656221,,True
Q3-T-008,1511.40945408,direct,,37.1617883247,,True
Q3-T-008,1513.40945408,direct,,37.3644311244,,True
Q3-T-008,1515.40945408,direct,,37.5719147659,,True
Q3-T-008,1517.40945408,direct,,37.7844762028,,True
Q3-T-008,1519.40945408,direct,,38.0023702236,,True
Q3-T-008,1521.40945408,direct,,38.2258712885,,True
Q3-T-008,1523.40945408,direct,,38.4552756074,,True
Q3-T-008,1525.40945408,direct,,38.6909035011,,True
Q3-T-008,1527.40945408,direct,,38.9331020908,,True
Q3-T-008,1529.40945408,direct,,39.1822483743,,True
Q3-T-008,1531.40945408,direct,,39.4387527555,,True
Q3-T-008,1533.40945408,direct,,39.7030631121,,True
Q3-T-008,1535.40945408,direct,,39.9756695017,,True
Q3-T-008,1537.40945408,direct,,40.25710963,,True
Q3-T-008,1539.40945408,direct,,40.5479752356,,True
Q3-T-008,1541.40945408,direct,,40.8489195812,,True
Q3-T-008,1543.40945408,direct,,41.1606662896,,True
Q3-T-008,1545.40945408,direct,,41.4840198259,,True
Q3-T-008,1547.40945408,direct,,41.8198780061,,True
Q3-T-008,1549.40945408,direct,,42.1692470249,,True
Q3-T-008,1551.40945408,direct,,42.533259632,,True
Q3-T-008,1553.40945408,direct,,42.913197289,,True
Q3-T-008,1555.40945408,direct,,43.3105173961,,True
Q3-T-008,1557.40945408,direct,,43.7268870508,,True
Q3-T-008,1559.40945408,direct,,44.1642253128,,True
Q3-T-008,1561.40945408,direct,,44.6247566856,,True
Q3-T-008,1563.40945408,direct,,45.1110795863,,True
Q3-T-008,1565.40945408,direct,,45.6262551463,,True
Q3-T-008,1567.40945408,direct,,46.1739240474,,True
Q3-T-008,1569.40945408,direct,,46.7584627326,,True
Q3-T-008,1571.40945408,direct,,47.3851960774,,True
Q3-T-008,1573.40945408,direct,,48.0606929253,,True
Q3-T-008,1575.40945408,direct,,48.793186538,,True
Q3-T-008,1577.40945408,direct,,49.5931892106,,True
Q3-T-008,1579.40945408,direct,,50.474419705,,True
Q3-T-008,1581.40945408,direct,,51.4552564332,,True
Q3-T-008,1583.40945408,direct,,52.5611203156,,True
Q3-T-008,1585.40945408,direct,,53.8286071794,,True
Q3-T-008,1587.40945408,direct,,55.3131808132,,True
Q3-T-008,1589.40945408,direct,,57.1048903784,,True
Q3-T-008,1591.40945408,direct,,59.364873968,,True
Q3-T-008,1593.40945408,direct,,62.4279524377,,True
Q3-T-008,1595.40945408,direct,,67.2019223117,,True
Q3-T-008,1597.40945408,direct,,78.6587180501,,True
Q3-T-008,1599.40945408,direct,,73.8491008334,,True
Q3-T-008,1601.40945408,direct,,65.6342201993,,True
Q3-T-008,1603.40945408,direct,,61.4889629482,,True
Q3-T-008,1605.40945408,direct,,58.6944870353,,True
Q3-T-008,1607.40945408,direct,,56.5835805696,,True
Q3-T-008,1608.141819,direct,,55.9251752525,,True
Q3-T-009,1602.67946544,direct,,55.9251752525,,True
Q3-T-009,1604.67946544,direct,,59.0232144522,,True
Q3-T-009,1606.67946544,direct,,63.8839754259,,True
Q3-T-009,1608.67946544,direct,,75.9251752525,,True
Q3-T-009,1610.67946544,direct,,69.9045753392,,True
Q3-T-009,1612.67946544,direct,,61.9457751658,,True
Q3-T-009,1614.67946544,direct,,57.8633755126,,True
Q3-T-009,1616.67946544,direct,,55.0973215493,,True
Q3-T-009,1618.67946544,direct,,53.0026145389,,True
Q3-T-009,1620.67946544,direct,,51.3161968249,,True
Q3-T-009,1622.67946544,direct,,49.9045753392,,True
Q3-T-009,1624.67946544,direct,,48.6906185321,,True
Q3-T-009,1626.67946544,direct,,47.6257082931,,True
Q3-T-009,1628.67946544,direct,,46.6772152945,,True
Q3-T-009,1630.67946544,direct,,45.8221756861,,True
Q3-T-009,1632.67946544,direct,,45.0438143655,,True
Q3-T-009,1634.67946544,direct,,44.3295033202,,True
Q3-T-009,1636.67946544,direct,,43.6694981181,,True
Q3-T-009,1638.67946544,direct,,43.0561217228,,True
Q3-T-009,1640.67946544,direct,,42.4832180938,,True
Q3-T-009,1642.67946544,direct,,41.9457751658,,True
Q3-T-009,1644.67946544,direct,,41.4396578605,,True
Q3-T-009,1646.67946544,direct,,40.9614147124,,True
Q3-T-009,1648.67946544,direct,,40.5081350196,,True
Q3-T-009,1650.67946544,direct,,40.0773414625,,True
Q3-T-009,1652.67946544,direct,,39.6669081196,,True
Q3-T-009,1654.67946544,direct,,39.2749969984,,True
Q3-T-009,1656.67946544,direct,,38.9000082781,,True
Q3-T-009,1658.67946544,direct,,38.5405408579,,True
Q3-T-009,1660.67946544,direct,,38.195360749,,True
Q3-T-009,1662.67946544,direct,,37.8633755126,,True
Q3-T-009,1664.67946544,direct,,37.543613405,,True
Q3-T-009,1666.67946544,direct,,37.2352062276,,True
Q3-T-009,1668.67946544,direct,,36.9373751196,,True
Q3-T-009,1670.67946544,direct,,36.6494187056,,True
Q3-T-009,1672.67946544,direct,,36.3707031467,,True
Q3-T-009,1674.67946544,direct,,36.1006537386,,True
Q3-T-009,1676.67946544,direct,,35.8387477768,,True
Q3-T-009,1678.67946544,direct,,35.5845084665,,True
Q3-T-009,1680.67946544,direct,,35.3374996988,,True
Q3-T-009,1682.67946544,direct,,35.0973215493,,True
Q3-T-009,1684.67946544,direct,,34.8636063828,,True
Q3-T-009,1686.67946544,direct,,34.6360154679,,True
Q3-T-009,1688.67946544,direct,,34.4142360246,,True
Q3-T-009,1690.67946544,direct,,34.197978639,,True
Q3-T-009,1692.67946544,direct,,33.9869749923,,True
Q3-T-009,1693.17340668,direct,,33.9357061322,,True
Q3-T-009,1694.67946544,direct,,33.9007878094,,True
Q3-T-009,1696.67946544,direct,,33.7498036085,,True
Q3-T-009,1698.67946544,direct,,33.4908482207,,True
Q3-T-009,1700.67946544,direct,,33.1423016217,,True
Q3-T-009,1702.67946544,direct,,32.7249939985,,True
Q3-T-009,1704.67946544,direct,,32.2595493958,,True
Q3-T-009,1706.67946544,direct,,31.7635942583,,True
Q3-T-009,1708.67946544,direct,,31.2512440276,,True
Q3-T-009,1710.67946544,direct,,30.7336858948,,True
Q3-T-009,1712.67946544,direct,,30.2182453453,,True
Q3-T-009,1714.67946544,direct,,29.7106906536,,True
Q3-T-009,1716.67946544,direct,,29.2142830269,,True
Q3-T-009,1718.67946544,direct,,28.731509338,,True
Q3-T-009,1720.67946544,direct,,28.2633361984,,True
Q3-T-009,1722.67946544,direct,,27.8106780125,,True
Q3-T-009,1724.67946544,direct,,27.3732320611,,True
Q3-T-009,1726.67946544,direct,,26.951132362,,True
Q3-T-009,1728.67946544,direct,,26.5437442097,,True
Q3-T-009,1730.67946544,direct,,26.1507840926,,True
Q3-T-009,1732.67946544,direct,,25.7715049201,,True
Q3-T-009,1734.67946544,direct,,25.4053724225,,True
Q3-T-009,1736.67946544,direct,,25.0516130815,,True
Q3-T-009,1738.67946544,direct,,24.7098048581,,True
Q3-T-009,1740.67946544,direct,,24.3791450595,,True
Q3-T-009,1742.67946544,direct,,24.0592387302,,True
Q3-T-009,1744.67946544,direct,,23.7493986691,,True
Q3-T-009,1746.67946544,direct,,23.4491678,,True
Q3-T-009,1748.67946544,direct,,23.1580123997,,True
Q3-T-009,1750.67946544,direct,,22.8753843468,,True
Q3-T-009,1752.67946544,direct,,22.6010048395,,True
Q3-T-009,1754.67946544,direct,,22.3343492707,,True
Q3-T-009,1756.67946544,direct,,22.0750914142,,True
Q3-T-009,1758.67946544,direct,,21.8227670456,,True
Q3-T-009,1760.67946544,direct,,21.5771807823,,True
Q3-T-009,1762.67946544,direct,,21.3378742008,,True
Q3-T-009,1764.67946544,direct,,21.1046860059,,True
Q3-T-009,1766.67946544,direct,,20.8772421746,,True
Q3-T-009,1768.67946544,direct,,20.6553325165,,True
Q3-T-009,1770.67946544,direct,,20.4386238926,,True
Q3-T-009,1772.67946544,direct,,20.227009183,,True
Q3-T-009,1774.67946544,direct,,20.0201504252,,True
Q3-T-009,1776.67946544,direct,,19.817961673,,True
Q3-T-009,1778.67946544,direct,,19.6201688705,,True
Q3-T-009,1780.67946544,direct,,19.426636068,,True
Q3-T-009,1782.67946544,direct,,19.2371163881,,True
Q3-T-009,1784.67946544,direct,,19.0515570734,,True
Q3-T-009,1786.67946544,direct,,18.8697514315,,True
Q3-T-009,1788.67946544,direct,,18.6915357307,,True
Q3-T-009,1790.67946544,direct,,18.5168146072,,True
Q3-T-009,1792.67946544,direct,,18.3453904605,,True
Q3-T-009,1794.67946544,direct,,18.1772392868,,True
Q3-T-009,1796.67946544,direct,,18.0121493955,,True
Q3-T-009,1798.67946544,direct,,17.8501053944,,True
Q3-T-009,1800.67946544,direct,,17.6909376356,,True
Q3-T-009,1802.67946544,direct,,17.5345833663,,True
Q3-T-009,1804.67946544,direct,,17.3808867067,,True
Q3-T-009,1806.67946544,direct,,17.2298458597,,True
Q3-T-009,1808.67946544,direct,,17.0812892003,,True
Q3-T-009,1810.67946544,direct,,16.9352202748,,True
Q3-T-009,1812.67946544,direct,,16.7915025823,,True
Q3-T-009,1814.67946544,direct,,16.650094845,,True
Q3-T-009,1816.67946544,direct,,16.5108705124,,True
Q3-T-009,1818.67946544,direct,,16.3738416006,,True
Q3-T-009,1820.67946544,direct,,16.238865273,,True
Q3-T-009,1822.67946544,direct,,16.1059795588,,True
Q3-T-009,1824.67946544,direct,,15.9750408614,,True
Q3-T-009,1826.67946544,direct,,15.8459790326,,True
Q3-T-009,1828.67946544,direct,,15.7188135493,,True
Q3-T-009,1830.67946544,direct,,15.5934197474,,True
Q3-T-009,1832.67946544,direct,,15.4698193581,,True
Q3-T-009,1834.67946544,direct,,15.3479146822,,True
Q3-T-009,1836.67946544,direct,,15.2276874782,,True
Q3-T-009,1838.67946544,direct,,15.1090459671,,True
Q3-T-009,1840.67946544,direct,,14.9920154418,,True
Q3-T-009,1842.67946544,direct,,14.8764881898,,True
Q3-T-009,1844.67946544,direct,,14.7624908951,,True
Q3-T-009,1846.67946544,direct,,14.6499398133,,True
Q3-T-009,1848.67946544,direct,,14.538824123,,True
Q3-T-009,1850.67946544,direct,,14.4290647024,,True
Q3-T-009,1852.67946544,direct,,14.320690405,,True
Q3-T-009,1854.67946544,direct,,14.2136066829,,True
Q3-T-009,1856.67946544,direct,,14.1078612914,,True
Q3-T-009,1858.67946544,direct,,4.00332707064,,True
Q3-T-009,1860.67946544,direct,,3.90005268638,,True
Q3-T-009,1862.67946544,direct,,3.79797979343,,True
Q3-T-009,1864.67946544,direct,,3.69705237692,,True
Q3-T-009,1866.67946544,direct,,3.59730162665,,True
Q3-T-009,1868.67946544,direct,,3.49866182946,,True
Q3-T-009,1870.67946544,direct,,3.40113068801,,True
Q3-T-009,1872.67946544,direct,,3.30464558704,,True
Q3-T-009,1874.67946544,direct,,3.20923846036,,True
Q3-T-009,1876.67946544,direct,,3.11483236087,,True
Q3-T-009,1878.67946544,direct,,3.02145947529,,True
Q3-T-009,1880.67946544,direct,,2.92906119676,,True
Q3-T-009,1882.67946544,direct,,2.83763814106,,True
Q3-T-009,1884.67946544,direct,,2.74713425388,,True
Q3-T-009,1886.67946544,direct,,2.65758203739,,True
Q3-T-009,1888.67946544,direct,,2.5689117135,,True
Q3-T-009,1890.67946544,direct,,2.48117087115,,True
Q3-T-009,1892.67946544,direct,,2.39426167441,,True
Q3-T-009,1894.67946544,direct,,2.30823189724,,True
Q3-T-009,1896.67946544,direct,,2.22301585568,,True
Q3-T-009,1898.67946544,direct,,2.1386461586,,True
Q3-T-009,1900.67946544,direct,,2.05505899651,,True
Q3-T-009,1902.67946544,direct,,1.97230109958,,True
Q3-T-009,1904.67946544,direct,,1.8903052884,,True
Q3-T-009,1906.67946544,direct,,1.8090484244,,True
Q3-T-009,1908.67946544,direct,,1.72856296452,,True
Q3-T-009,1910.67946544,direct,,1.64878935138,,True
Q3-T-009,1912.67946544,direct,,1.56975993573,,True
Q3-T-009,1914.67946544,direct,,1.49143010918,,True
Q3-T-009,1916.67946544,direct,,1.41380517229,,True
Q3-T-009,1918.67946544,direct,,1.33684210562,,True
Q3-T-009,1920.67946544,direct,,1.26057298718,,True
Q3-T-009,1922.67946544,direct,,1.18494267019,,True
Q3-T-009,1924.67946544,direct,,1.10999590073,,True
Q3-T-009,1926.67946544,direct,,1.03565309222,,True
Q3-T-009,1928.67946544,direct,,0.96195892624,,True
Q3-T-009,1930.67946544,direct,,0.888860848699,,True
Q3-T-009,1932.67946544,direct,,0.816390414164,,True
Q3-T-009,1934.67946544,direct,,0.744496274727,,True
Q3-T-009,1936.67946544,direct,,0.673221991209,,True
Q3-T-009,1938.67946544,direct,,0.60249286184,,True
Q3-T-009,1940.67946544,direct,,0.532352341834,,True
Q3-T-009,1942.67946544,direct,,0.46277113056,,True
Q3-T-009,1944.67946544,direct,,0.393720778768,,True
Q3-T-009,1946.67946544,direct,,0.325232116283,,True
Q3-T-009,1948.67946544,direct,,0.257269242776,,True
Q3-T-009,1950.67946544,relay,H170,0.189839406117,9.38230826097,True
Q3-T-009,1952.67946544,relay,H170,0.122907782571,9.4960846776,True
Q3-T-009,1954.67946544,relay,H170,0.0565047535908,9.61106230598,True
Q3-T-009,1956.67946544,relay,H170,-0.00941528599945,9.72734103377,True
Q3-T-009,1958.67946544,relay,H170,-0.0748109844864,9.84485063338,True
Q3-T-009,1960.67946544,relay,H170,-0.139749524914,9.96370635848,True
Q3-T-009,1962.67946544,relay,H170,-0.204189704515,10.083835112,True
Q3-T-009,1964.67946544,relay,H170,-0.268175351983,10.205340738,True
Q3-T-009,1966.67946544,relay,H170,-0.331676785061,10.3281537126,True
Q3-T-009,1968.67946544,relay,H170,-0.394736996289,10.4523795406,True
Q3-T-009,1970.67946544,relay,H170,-0.457315820923,10.5779395978,True
Q3-T-009,1972.67946544,relay,H170,-0.519476963318,10.7049518494,True
Q3-T-009,1974.67946544,relay,H170,-0.581180419959,10.8333331674,True
Q3-T-009,1976.67946544,relay,H170,-0.642467605776,10.9631912964,True
Q3-T-009,1978.67946544,relay,H170,-0.703309553523,11.0944437369,True
Q3-T-009,1980.67946544,relay,H170,-0.763719384918,11.2271450269,True
Q3-T-009,1982.67946544,relay,H170,-0.823740738182,11.3613635969,True
Q3-T-009,1984.67946544,relay,H170,-0.883334583676,11.497003234,True
Q3-T-009,1986.67946544,relay,H170,-0.942540524223,11.6341710319,True
Q3-T-009,1988.67946544,relay,H170,-1.00133019094,11.772767416,True
Q3-T-009,1990.67946544,relay,H170,-1.05974250667,11.9128975148,True
Q3-T-009,1992.67946544,relay,H170,-1.11773940364,12.0544509013,True
Q3-T-009,1994.67946544,relay,H170,-1.175379089,12.1975330895,True
Q3-T-009,1996.67946544,relay,H170,-1.23262366632,12.3420221004,True
Q3-T-009,1998.67946544,relay,H170,-1.28951076842,12.4880146162,True
Q3-T-009,2000.67946544,relay,H170,-1.34601273945,12.6353774499,True
Q3-T-009,2002.67946544,relay,H170,-1.40216659973,12.7842000054,True
Q3-T-009,2004.67946544,relay,H170,-1.45793537181,12.934335166,True
Q3-T-009,2006.67946544,relay,H170,-1.51337465834,13.0858590147,True
Q3-T-009,2008.67946544,relay,H170,-1.56844765434,13.2386045086,True
Q3-T-009,2010.67946544,relay,H170,-1.62319021501,13.3926377912,True
Q3-T-009,2012.67946544,relay,H170,-1.67757538595,13.5477674308,True
Q3-T-009,2014.67946544,relay,H170,-1.73162920643,13.7040487458,True
Q3-T-009,2016.47586368,relay,H170,-1.77988927353,13.8451771227,True
Q3-T-009,2016.67946544,relay,H170,-1.77984207991,13.8443395863,True
Q3-T-009,2018.67946544,relay,H170,-1.7793844447,13.8360633783,True
Q3-T-009,2020.67946544,relay,H170,-1.77893597178,13.8276695751,True
Q3-T-009,2022.67946544,relay,H170,-1.77849666398,13.8191588877,True
Q3-T-009,2024.67946544,relay,H170,-1.77806652409,13.810532034,True
Q3-T-009,2026.67946544,relay,H170,-1.77764555484,13.8017897381,True
Q3-T-009,2028.67946544,relay,H170,-1.7772337589,13.7929327303,True
Q3-T-009,2030.67946544,relay,H170,-1.77683113889,13.783961747,True
Q3-T-009,2032.67946544,relay,H170,-1.77643769736,13.7748775305,True
Q3-T-009,2034.67946544,relay,H170,-1.7760534368,13.7656808287,True
Q3-T-009,2035.46859317,relay,H170,-1.77590455994,13.7620266026,True
Q3-T-009,2036.67946544,relay,H170,-1.77590455994,13.7620266026,True
Q3-T-009,2038.67946544,relay,H170,-1.77590455994,13.7620266026,True
Q3-T-009,2040.67946544,relay,H170,-1.77590455994,13.7620266026,True
Q3-T-009,2042.67946544,relay,H170,-1.77590455994,13.7620266026,True
Q3-T-009,2044.67946544,relay,H170,-1.77590455994,13.7620266026,True
Q3-T-009,2046.67946544,relay,H170,-1.77590455994,13.7620266026,True
Q3-T-009,2048.67946544,relay,H170,-1.77590455994,13.7620266026,True
Q3-T-009,2050.67946544,relay,H170,-1.77590455994,13.7620266026,True
Q3-T-009,2052.67946544,relay,H170,-1.77590455994,13.7620266026,True
Q3-T-009,2054.67946544,relay,H170,-1.77590455994,13.7620266026,True
Q3-T-009,2056.67946544,relay,H170,-1.77590455994,13.7620266026,True
Q3-T-009,2058.67946544,relay,H170,-1.77590455994,13.7620266026,True
Q3-T-009,2060.67946544,relay,H170,-1.77590455994,13.7620266026,True
Q3-T-009,2062.67946544,relay,H170,-1.77590455994,13.7620266026,True
Q3-T-009,2064.67946544,relay,H170,-1.77590455994,13.7620266026,True
Q3-T-009,2066.67946544,relay,H170,-1.77590455994,13.7620266026,True
Q3-T-009,2068.67946544,relay,H170,-1.77590455994,13.7620266026,True
Q3-T-009,2070.67946544,relay,H170,-1.77590455994,13.7620266026,True
Q3-T-009,2072.67946544,relay,H170,-1.77590455994,13.7620266026,True
Q3-T-009,2074.67946544,relay,H170,-1.77590455994,13.7620266026,True
Q3-T-009,2076.67946544,relay,H170,-1.77590455994,13.7620266026,True
Q3-T-009,2078.67946544,relay,H170,-1.77590455994,13.7620266026,True
Q3-T-009,2080.67946544,relay,H170,-1.77590455994,13.7620266026,True
Q3-T-009,2082.67946544,relay,H170,-1.77590455994,13.7620266026,True
Q3-T-009,2084.67946544,relay,H170,-1.77590455994,13.7620266026,True
Q3-T-009,2086.67946544,relay,H170,-1.77590455994,13.7620266026,True
Q3-T-009,2088.67946544,relay,H170,-1.77590455994,13.7620266026,True
Q3-T-009,2090.67946544,relay,H170,-1.77590455994,13.7620266026,True
Q3-T-009,2092.67946544,relay,H170,-1.77590455994,13.7620266026,True
Q3-T-009,2094.67946544,relay,H170,-1.77590455994,13.7620266026,True
Q3-T-009,2096.67946544,relay,H170,-1.77590455994,13.7620266026,True
Q3-T-009,2098.67946544,relay,H170,-1.77590455994,13.7620266026,True
Q3-T-009,2100.67946544,relay,H170,-1.77590455994,13.7620266026,True
Q3-T-009,2102.67946544,relay,H170,-1.77590455994,13.7620266026,True
Q3-T-009,2104.67946544,relay,H170,-1.77590455994,13.7620266026,True
Q3-T-009,2106.67946544,relay,H170,-1.77590455994,13.7620266026,True
Q3-T-009,2108.67946544,relay,H170,-1.77590455994,13.7620266026,True
Q3-T-009,2110.67946544,relay,H170,-1.77590455994,13.7620266026,True
Q3-T-009,2112.67946544,relay,H170,-1.77590455994,13.7620266026,True
Q3-T-009,2114.67946544,relay,H170,-1.77590455994,13.7620266026,True
Q3-T-009,2116.67946544,relay,H170,-1.77590455994,13.7620266026,True
Q3-T-009,2118.67946544,relay,H170,-1.77590455994,13.7620266026,True
Q3-T-009,2120.67946544,relay,H170,-1.77590455994,13.7620266026,True
Q3-T-009,2122.67946544,relay,H170,-1.77590455994,13.7620266026,True
Q3-T-009,2124.67946544,relay,H170,-1.77590455994,13.7620266026,True
Q3-T-009,2126.67946544,relay,H170,-1.77590455994,13.7620266026,True
Q3-T-009,2128.67946544,relay,H170,-1.77590455994,13.7620266026,True
Q3-T-009,2130.67946544,relay,H170,-1.77590455994,13.7620266026,True
Q3-T-009,2132.67946544,relay,H170,-1.77590455994,13.7620266026,True
Q3-T-009,2134.67946544,relay,H170,-1.77590455994,13.7620266026,True
Q3-T-009,2136.67946544,relay,H170,-1.77590455994,13.7620266026,True
Q3-T-009,2138.67946544,relay,H170,-1.77590455994,13.7620266026,True
Q3-T-009,2140.67946544,relay,H170,-1.77590455994,13.7620266026,True
Q3-T-009,2142.67946544,relay,H170,-1.77590455994,13.7620266026,True
Q3-T-009,2144.67946544,relay,H170,-1.77590455994,13.7620266026,True
Q3-T-009,2146.67946544,relay,H170,-1.77590455994,13.7620266026,True
Q3-T-009,2148.67946544,relay,H170,-1.77590455994,13.7620266026,True
Q3-T-009,2150.67946544,relay,H170,-1.77590455994,13.7620266026,True
Q3-T-009,2152.67946544,relay,H170,-1.77590455994,13.7620266026,True
Q3-T-009,2154.67946544,relay,H170,-1.77590455994,13.7620266026,True
Q3-T-009,2156.67946544,relay,H170,-1.77590455994,13.7620266026,True
Q3-T-009,2158.67946544,relay,H170,-1.77590455994,13.7620266026,True
Q3-T-009,2160.67946544,relay,H170,-1.77590455994,13.7620266026,True
Q3-T-009,2162.67946544,relay,H170,-1.77590455994,13.7620266026,True
Q3-T-009,2164.67946544,relay,H170,-1.77590455994,13.7620266026,True
Q3-T-009,2166.67946544,relay,H170,-1.77590455994,13.7620266026,True
Q3-T-009,2168.67946544,relay,H170,-1.77590455994,13.7620266026,True
Q3-T-009,2170.67946544,relay,H170,-1.77590455994,13.7620266026,True
Q3-T-009,2172.67946544,relay,H170,-1.77590455994,13.7620266026,True
Q3-T-009,2174.67946544,relay,H170,-1.77590455994,13.7620266026,True
Q3-T-009,2176.67946544,relay,H170,-1.77590455994,13.7620266026,True
Q3-T-009,2178.67946544,relay,H170,-1.77590455994,13.7620266026,True
Q3-T-009,2180.67946544,relay,H170,-1.77590455994,13.7620266026,True
Q3-T-009,2182.67946544,relay,H170,-1.77590455994,13.7620266026,True
Q3-T-009,2184.67946544,relay,H170,-1.77590455994,13.7620266026,True
Q3-T-009,2186.67946544,relay,H170,-1.77590455994,13.7620266026,True
Q3-T-009,2188.67946544,relay,H170,-1.77590455994,13.7620266026,True
Q3-T-009,2190.67946544,relay,H170,-1.77590455994,13.7620266026,True
Q3-T-009,2192.67946544,relay,H170,-1.77590455994,13.7620266026,True
Q3-T-009,2194.67946544,relay,H170,-1.77590455994,13.7620266026,True
Q3-T-009,2196.67946544,relay,H170,-1.77590455994,13.7620266026,True
Q3-T-009,2198.67946544,relay,H170,-1.77590455994,13.7620266026,True
Q3-T-009,2200.67946544,relay,H170,-1.77590455994,13.7620266026,True
Q3-T-009,2202.67946544,relay,H170,-1.77590455994,13.7620266026,True
Q3-T-009,2204.67946544,relay,H170,-1.77590455994,13.7620266026,True
Q3-T-009,2206.67946544,relay,H170,-1.77590455994,13.7620266026,True
Q3-T-009,2208.67946544,relay,H170,-1.77590455994,13.7620266026,True
Q3-T-009,2210.67946544,relay,H170,-1.77590455994,13.7620266026,True
Q3-T-009,2212.67946544,relay,H170,-1.77590455994,13.7620266026,True
Q3-T-009,2214.67946544,relay,H170,-1.77590455994,13.7620266026,True
Q3-T-009,2216.67946544,relay,H170,-1.77590455994,13.7620266026,True
Q3-T-009,2218.67946544,relay,H170,-1.77590455994,13.7620266026,True
Q3-T-009,2220.67946544,relay,H170,-1.77590455994,13.7620266026,True
Q3-T-009,2222.67946544,relay,H170,-1.77590455994,13.7620266026,True
Q3-T-009,2224.67946544,relay,H170,-1.77590455994,13.7620266026,True
Q3-T-009,2226.67946544,relay,H170,-1.77590455994,13.7620266026,True
Q3-T-009,2228.67946544,relay,H170,-1.77590455994,13.7620266026,True
Q3-T-009,2230.67946544,relay,H170,-1.77590455994,13.7620266026,True
Q3-T-009,2232.67946544,relay,H170,-1.77590455994,13.7620266026,True
Q3-T-009,2234.67946544,relay,H170,-1.77590455994,13.7620266026,True
Q3-T-009,2236.67946544,relay,H170,-1.77590455994,13.7620266026,True
Q3-T-009,2238.67946544,relay,H170,-1.77590455994,13.7620266026,True
Q3-T-009,2240.67946544,relay,H170,-1.77590455994,13.7620266026,True
Q3-T-009,2242.67946544,relay,H170,-1.77590455994,13.7620266026,True
Q3-T-009,2244.67946544,relay,H170,-1.77590455994,13.7620266026,True
Q3-T-009,2246.67946544,relay,H170,-1.77590455994,13.7620266026,True
Q3-T-009,2248.67946544,relay,H170,-1.77590455994,13.7620266026,True
Q3-T-009,2250.67946544,relay,H170,-1.77590455994,13.7620266026,True
Q3-T-009,2252.67946544,relay,H170,-1.77590455994,13.7620266026,True
Q3-T-009,2254.67946544,relay,H170,-1.77590455994,13.7620266026,True
Q3-T-009,2256.67946544,relay,H170,-1.77590455994,13.7620266026,True
Q3-T-009,2258.67946544,relay,H170,-1.77590455994,13.7620266026,True
Q3-T-009,2260.67946544,relay,H170,-1.77590455994,13.7620266026,True
Q3-T-009,2262.67946544,relay,H170,-1.77590455994,13.7620266026,True
Q3-T-009,2264.67946544,relay,H170,-1.77590455994,13.7620266026,True
Q3-T-009,2266.67946544,relay,H170,-1.77590455994,13.7620266026,True
Q3-T-009,2268.67946544,relay,H170,-1.77590455994,13.7620266026,True
Q3-T-009,2270.67946544,relay,H170,-1.77590455994,13.7620266026,True
Q3-T-009,2272.67946544,relay,H170,-1.77590455994,13.7620266026,True
Q3-T-009,2274.67946544,relay,H170,-1.77590455994,13.7620266026,True
Q3-T-009,2275.46859317,relay,H170,-1.77590455994,13.7620266026,True
Q3-T-009,2276.67946544,relay,H170,-1.7761799931,13.7687465606,True
Q3-T-009,2278.67946544,relay,H170,-1.77664586549,13.7797243844,True
Q3-T-009,2280.67946544,relay,H170,-1.77712495658,13.7905396557,True
Q3-T-009,2282.67946544,relay,H170,-1.777617262,13.8011910883,True
Q3-T-009,2284.67946544,relay,H170,-1.77812277725,13.8116774079,True
Q3-T-009,2286.67946544,relay,H170,-1.77864149769,13.8219973529,True
Q3-T-009,2288.67946544,relay,H170,-1.77917341861,13.8321496744,True
Q3-T-009,2290.67946544,relay,H170,-1.77971853513,13.8421331373,True
Q3-T-009,2291.29586774,relay,H170,-1.77988927353,13.8451771227,True
Q3-T-009,2292.67946544,relay,H170,-1.74274258851,13.7363835603,True
Q3-T-009,2294.67946544,relay,H170,-1.68876406882,13.5799605447,True
Q3-T-009,2296.67946544,relay,H170,-1.63443337032,13.4245372451,True
Q3-T-009,2298.67946544,relay,H170,-1.57977730819,13.2703211385,True
Q3-T-009,2300.67946544,relay,H170,-1.52476036389,13.1172559815,True
Q3-T-009,2302.67946544,relay,H170,-1.46941912816,12.9655213458,True
Q3-T-009,2304.67946544,relay,H170,-1.41369849316,12.8150505253,True
Q3-T-009,2306.67946544,relay,H170,-1.35763522204,12.6660008663,True
Q3-T-009,2308.67946544,relay,H170,-1.30119265406,12.518288623,True
Q3-T-009,2310.67946544,relay,H170,-1.24439830294,12.3720562696,True
Q3-T-009,2312.67946544,relay,H170,-1.18722476638,12.2272122101,True
Q3-T-009,2314.67946544,relay,H170,-1.12968014211,12.0838826016,True
Q3-T-009,2316.67946544,relay,H170,-1.0717363426,11.9419689385,True
Q3-T-009,2318.67946544,relay,H170,-1.01342135458,11.8015864726,True
Q3-T-009,2320.67946544,relay,H170,-0.954696653778,11.6626319092,True
Q3-T-009,2322.67946544,relay,H170,-0.895590465079,11.5252101958,True
Q3-T-009,2324.67946544,relay,H170,-0.836073862688,11.3892189144,True
Q3-T-009,2326.67946544,relay,H170,-0.776154853162,11.2547474744,True
Q3-T-009,2328.67946544,relay,H170,-0.715821044666,11.1217404672,True
Q3-T-009,2330.67946544,relay,H170,-0.655049259926,10.9901403922,True
Q3-T-009,2332.67946544,relay,H170,-0.593868321756,10.8600332205,True
Q3-T-009,2334.67946544,relay,H170,-0.532237267928,10.7313109311,True
Q3-T-009,2336.67946544,relay,H170,-0.470195864683,10.604059317,True
Q3-T-009,2338.67946544,relay,H170,-0.407681062607,10.478160372,True
Q3-T-009,2340.67946544,relay,H170,-0.344732790963,10.3536949273,True
Q3-T-009,2342.67946544,relay,H170,-0.281308545885,10.2305566261,True
Q3-T-009,2344.67946544,relay,H170,-0.217437866652,10.1088171313,True
Q3-T-009,2346.67946544,relay,H170,-0.153088533343,9.98837794786,True
Q3-T-009,2348.67946544,relay,H170,-0.0882682037841,9.86929468507,True
Q3-T-009,2350.67946544,relay,H170,-0.0229437271076,9.75147044116,True
Q3-T-009,2352.67946544,relay,H170,0.0428548859498,9.63497046639,True
Q3-T-009,2354.67946544,relay,H170,0.109172689424,9.51969361391,True
Q3-T-009,2356.67946544,relay,H170,0.175979440368,9.40570255549,True
Q3-T-009,2358.67946544,direct,,0.24330949752,,True
Q3-T-009,2360.67946544,direct,,0.311155531646,,True
Q3-T-009,2362.67946544,direct,,0.379552951433,,True
Q3-T-009,2364.67946544,direct,,0.448471060278,,True
Q3-T-009,2366.67946544,direct,,0.517937875234,,True
Q3-T-009,2368.67946544,direct,,0.587982244723,,True
Q3-T-009,2370.67946544,direct,,0.658560961785,,True
Q3-T-009,2372.67946544,direct,,0.729747819626,,True
Q3-T-009,2374.67946544,direct,,0.801499499179,,True
Q3-T-009,2376.67946544,direct,,0.873866647587,,True
Q3-T-009,2378.67946544,direct,,0.946817828033,,True
Q3-T-009,2380.67946544,direct,,1.02039216182,,True
Q3-T-009,2382.67946544,direct,,1.09458330754,,True
Q3-T-009,2384.67946544,direct,,1.16943172193,,True
Q3-T-009,2386.67946544,direct,,1.24490559249,,True
Q3-T-009,2388.67946544,direct,,1.32105925727,,True
Q3-T-009,2390.67946544,direct,,1.39786073385,,True
Q3-T-009,2392.67946544,direct,,1.47535233689,,True
Q3-T-009,2394.67946544,direct,,1.55352856349,,True
Q3-T-009,2396.67946544,direct,,1.63243327016,,True
Q3-T-009,2398.67946544,direct,,1.71203418055,,True
Q3-T-009,2400.67946544,direct,,1.79238990936,,True
Q3-T-009,2402.67946544,direct,,1.87346806099,,True
Q3-T-009,2404.67946544,direct,,1.9552912113,,True
Q3-T-009,2406.67946544,direct,,2.03792545608,,True
Q3-T-009,2408.67946544,direct,,2.12132426247,,True
Q3-T-009,2410.67946544,direct,,2.20555035973,,True
Q3-T-009,2412.67946544,direct,,2.29057115873,,True
Q3-T-009,2414.67946544,direct,,2.37643636989,,True
Q3-T-009,2416.67946544,direct,,2.46314289058,,True
Q3-T-009,2418.67946544,direct,,2.55074249364,,True
Q3-T-009,2420.67946544,direct,,2.63920257359,,True
Q3-T-009,2422.67946544,direct,,2.72859162193,,True
Q3-T-009,2424.67946544,direct,,2.81887708374,,True
Q3-T-009,2426.67946544,direct,,2.91011384712,,True
Q3-T-009,2428.67946544,direct,,3.00230081304,,True
Q3-T-009,2430.67946544,direct,,3.09549532921,,True
Q3-T-009,2432.67946544,direct,,3.18966508892,,True
Q3-T-009,2434.67946544,direct,,3.28488548542,,True
Q3-T-009,2436.67946544,direct,,3.38112442388,,True
Q3-T-009,2438.67946544,direct,,3.4784430888,,True
Q3-T-009,2440.67946544,direct,,3.5768431156,,True
Q3-T-009,2442.67946544,direct,,3.67636007673,,True
Q3-T-009,2444.67946544,direct,,3.77704828428,,True
Q3-T-009,2446.67946544,direct,,3.87887650114,,True
Q3-T-009,2448.67946544,direct,,3.98191227065,,True
Q3-T-009,2450.67946544,direct,,14.0861602724,,True
Q3-T-009,2452.67946544,direct,,14.1916915811,,True
Q3-T-009,2454.67946544,direct,,14.2984760792,,True
Q3-T-009,2456.67946544,direct,,14.4066060233,,True
Q3-T-009,2458.67946544,direct,,14.5160520405,,True
Q3-T-009,2460.67946544,direct,,14.626891075,,True
Q3-T-009,2462.67946544,direct,,14.7391327407,,True
Q3-T-009,2464.67946544,direct,,14.8528583916,,True
Q3-T-009,2466.67946544,direct,,14.9680406102,,True
Q3-T-009,2468.67946544,direct,,15.0847841983,,True
Q3-T-009,2470.67946544,direct,,15.2030425292,,True
Q3-T-009,2472.67946544,direct,,15.3229659666,,True
Q3-T-009,2474.67946544,direct,,15.4445096415,,True
Q3-T-009,2476.67946544,direct,,15.567788605,,True
Q3-T-009,2478.67946544,direct,,15.6927799287,,True
Q3-T-009,2480.67946544,direct,,15.8196044964,,True
Q3-T-009,2482.67946544,direct,,15.9482191558,,True
Q3-T-009,2484.67946544,direct,,16.0787578258,,True
Q3-T-009,2486.67946544,direct,,16.2112927681,,True
Q3-T-009,2488.67946544,direct,,16.3458068528,,True
Q3-T-009,2490.67946544,direct,,16.4824381222,,True
Q3-T-009,2492.67946544,direct,,16.6211724843,,True
Q3-T-009,2494.67946544,direct,,16.7621316704,,True
Q3-T-009,2496.67946544,direct,,16.9053535835,,True
Q3-T-009,2498.67946544,direct,,17.0509693113,,True
Q3-T-009,2500.67946544,direct,,17.1989724682,,True
Q3-T-009,2502.67946544,direct,,17.349528135,,True
Q3-T-009,2504.67946544,direct,,17.5026082407,,True
Q3-T-009,2506.67946544,direct,,17.6584415788,,True
Q3-T-009,2508.67946544,direct,,17.8170062197,,True
Q3-T-009,2510.67946544,direct,,17.9784907319,,True
Q3-T-009,2512.67946544,direct,,18.1429059426,,True
Q3-T-009,2514.67946544,direct,,18.3104543262,,True
Q3-T-009,2516.67946544,direct,,18.4811249043,,True
Q3-T-009,2518.67946544,direct,,18.6551944713,,True
Q3-T-009,2520.67946544,direct,,18.8326617886,,True
Q3-T-009,2522.67946544,direct,,19.0137104354,,True
Q3-T-009,2524.67946544,direct,,19.1985357483,,True
Q3-T-009,2526.67946544,direct,,19.3871824378,,True
Q3-T-009,2528.67946544,direct,,19.5798839524,,True
Q3-T-009,2530.67946544,direct,,19.7767650086,,True
Q3-T-009,2532.67946544,direct,,19.9780841506,,True
Q3-T-009,2534.67946544,direct,,20.1839161396,,True
Q3-T-009,2536.67946544,direct,,20.3945801798,,True
Q3-T-009,2538.67946544,direct,,20.6101327077,,True
Q3-T-009,2540.67946544,direct,,20.8309989847,,True
Q3-T-009,2542.67946544,direct,,21.0572589186,,True
Q3-T-009,2544.67946544,direct,,21.2893004062,,True
Q3-T-009,2546.67946544,direct,,21.5272665527,,True
Q3-T-009,2548.67946544,direct,,21.7715874209,,True
Q3-T-009,2550.67946544,direct,,22.0223935258,,True
Q3-T-009,2552.67946544,direct,,22.2802494198,,True
Q3-T-009,2554.67946544,direct,,22.5453228916,,True
Q3-T-009,2556.67946544,direct,,22.8181472808,,True
Q3-T-009,2558.67946544,direct,,23.0989741909,,True
Q3-T-009,2560.67946544,direct,,23.3883147824,,True
Q3-T-009,2562.67946544,direct,,23.6866661558,,True
Q3-T-009,2564.67946544,direct,,23.9944523107,,True
Q3-T-009,2566.67946544,direct,,24.3123203228,,True
Q3-T-009,2568.67946544,direct,,24.6406394169,,True
Q3-T-009,2570.67946544,direct,,24.9801758066,,True
Q3-T-009,2572.67946544,direct,,25.3312769692,,True
Q3-T-009,2574.67946544,direct,,25.6948856814,,True
Q3-T-009,2576.67946544,direct,,26.0713651996,,True
Q3-T-009,2578.67946544,direct,,26.4615551837,,True
Q3-T-009,2580.67946544,direct,,26.8658287773,,True
Q3-T-009,2582.67946544,direct,,27.2849514772,,True
Q3-T-009,2584.67946544,direct,,27.7190320383,,True
Q3-T-009,2586.67946544,direct,,28.168711344,,True
Q3-T-009,2588.67946544,direct,,28.6336218237,,True
Q3-T-009,2590.67946544,direct,,29.1135682394,,True
Q3-T-009,2592.67946544,direct,,29.6071940061,,True
Q3-T-009,2594.67946544,direct,,30.1128035478,,True
Q3-T-009,2596.67946544,direct,,30.6267838825,,True
Q3-T-009,2598.67946544,direct,,31.1444951055,,True
Q3-T-009,2600.67946544,direct,,31.6587475519,,True
Q3-T-009,2602.67946544,direct,,32.1591083053,,True
Q3-T-009,2604.67946544,direct,,32.6323273533,,True
Q3-T-009,2606.67946544,direct,,33.0610079672,,True
Q3-T-009,2608.67946544,direct,,33.4255741277,,True
Q3-T-009,2610.67946544,direct,,33.7046455281,,True
Q3-T-009,2612.67946544,direct,,33.8791918918,,True
Q3-T-009,2614.59832474,direct,,33.9357061322,,True
Q3-T-009,2614.67946544,direct,,33.942616698,,True
Q3-T-009,2616.67946544,direct,,34.1171922674,,True
Q3-T-009,2618.67946544,direct,,34.295348682,,True
Q3-T-009,2620.67946544,direct,,34.4772359221,,True
Q3-T-009,2622.67946544,direct,,34.6630135925,,True
Q3-T-009,2624.67946544,direct,,34.8528517644,,True
Q3-T-009,2626.67946544,direct,,35.0469319105,,True
Q3-T-009,2628.67946544,direct,,35.2454479477,,True
Q3-T-009,2630.67946544,direct,,35.4486074018,,True
Q3-T-009,2632.67946544,direct,,35.6566327111,,True
Q3-T-009,2634.67946544,direct,,35.8697626905,,True
Q3-T-009,2636.67946544,direct,,36.0882541796,,True
Q3-T-009,2638.67946544,direct,,36.3123839036,,True
Q3-T-009,2640.67946544,direct,,36.5424505806,,True
Q3-T-009,2642.67946544,direct,,36.7787773154,,True
Q3-T-009,2644.67946544,direct,,37.021714329,,True
Q3-T-009,2646.67946544,direct,,37.27164208,,True
Q3-T-009,2648.67946544,direct,,37.5289748491,,True
Q3-T-009,2650.67946544,direct,,37.7941648705,,True
Q3-T-009,2652.67946544,direct,,38.0677071147,,True
Q3-T-009,2654.67946544,direct,,38.350144849,,True
Q3-T-009,2656.67946544,direct,,38.6420761324,,True
Q3-T-009,2658.67946544,direct,,38.9441614411,,True
Q3-T-009,2660.67946544,direct,,39.2571326679,,True
Q3-T-009,2662.67946544,direct,,39.5818038049,,True
Q3-T-009,2664.67946544,direct,,39.9190837014,,True
Q3-T-009,2666.67946544,direct,,40.2699914,,True
Q3-T-009,2668.67946544,direct,,40.6356747038,,True
Q3-T-009,2670.67946544,direct,,41.0174328261,,True
Q3-T-009,2672.67946544,direct,,41.416744251,,True
Q3-T-009,2674.67946544,direct,,41.8353013123,,True
Q3-T-009,2676.67946544,direct,,42.2750535337,,True
Q3-T-009,2678.67946544,direct,,42.7382625376,,True
Q3-T-009,2680.67946544,direct,,43.2275724372,,True
Q3-T-009,2682.67946544,direct,,43.746101267,,True
Q3-T-009,2684.67946544,direct,,44.2975614783,,True
Q3-T-009,2686.67946544,direct,,44.8864213452,,True
Q3-T-009,2688.67946544,direct,,45.5181251708,,True
Q3-T-009,2690.67946544,direct,,46.1994000333,,True
Q3-T-009,2692.67946544,direct,,46.9386933905,,True
Q3-T-009,2694.67946544,direct,,47.7468148356,,True
Q3-T-009,2696.67946544,direct,,48.6379081602,,True
Q3-T-009,2698.67946544,direct,,49.6309813934,,True
Q3-T-009,2700.67946544,direct,,50.752429598,,True
Q3-T-009,2702.67946544,direct,,52.040440278,,True
Q3-T-009,2704.67946544,direct,,53.553267948,,True
Q3-T-009,2706.67946544,direct,,55.3863426933,,True
Q3-T-009,2708.67946544,direct,,57.7126871547,,True
Q3-T-009,2710.67946544,direct,,60.8995931728,,True
Q3-T-009,2712.67946544,direct,,65.986582291,,True
Q3-T-009,2714.67946544,direct,,79.8015757728,,True
Q3-T-009,2716.67946544,direct,,70.5349163681,,True
Q3-T-009,2718.67946544,direct,,63.1354454671,,True
Q3-T-009,2720.67946544,direct,,59.1986929384,,True
Q3-T-009,2722.67946544,direct,,56.4996582777,,True
Q3-T-009,2723.19105422,direct,,55.9251752525,,True
Q3-T-010,1604.51562997,direct,,55.9251752525,,True
Q3-T-010,1606.51562997,direct,,59.0232144522,,True
Q3-T-010,1608.51562997,direct,,63.8839754259,,True
Q3-T-010,1610.51562997,direct,,75.9251752525,,True
Q3-T-010,1612.51562997,direct,,69.9045753392,,True
Q3-T-010,1614.51562997,direct,,61.9457751658,,True
Q3-T-010,1616.51562997,direct,,57.8633755126,,True
Q3-T-010,1618.51562997,direct,,55.0973215493,,True
Q3-T-010,1620.51562997,direct,,53.0026145389,,True
Q3-T-010,1622.51562997,direct,,51.3161968249,,True
Q3-T-010,1624.51562997,direct,,49.9045753392,,True
Q3-T-010,1626.51562997,direct,,48.6906185321,,True
Q3-T-010,1628.51562997,direct,,47.6257082931,,True
Q3-T-010,1630.51562997,direct,,46.6772152945,,True
Q3-T-010,1632.51562997,direct,,45.8221756861,,True
Q3-T-010,1634.51562997,direct,,45.0438143655,,True
Q3-T-010,1636.51562997,direct,,44.3295033202,,True
Q3-T-010,1638.51562997,direct,,43.6694981181,,True
Q3-T-010,1640.51562997,direct,,43.0561217228,,True
Q3-T-010,1642.51562997,direct,,42.4832180938,,True
Q3-T-010,1644.51562997,direct,,41.9457751658,,True
Q3-T-010,1646.51562997,direct,,41.4396578605,,True
Q3-T-010,1648.51562997,direct,,40.9614147124,,True
Q3-T-010,1650.51562997,direct,,40.5081350196,,True
Q3-T-010,1652.51562997,direct,,40.0773414625,,True
Q3-T-010,1654.51562997,direct,,39.6669081196,,True
Q3-T-010,1656.51562997,direct,,39.2749969984,,True
Q3-T-010,1658.51562997,direct,,38.9000082781,,True
Q3-T-010,1660.51562997,direct,,38.5405408579,,True
Q3-T-010,1662.51562997,direct,,38.195360749,,True
Q3-T-010,1664.51562997,direct,,37.8633755126,,True
Q3-T-010,1666.51562997,direct,,37.543613405,,True
Q3-T-010,1668.51562997,direct,,37.2352062276,,True
Q3-T-010,1670.51562997,direct,,36.9373751196,,True
Q3-T-010,1672.51562997,direct,,36.6494187056,,True
Q3-T-010,1674.51562997,direct,,36.3707031467,,True
Q3-T-010,1676.51562997,direct,,36.1006537386,,True
Q3-T-010,1678.51562997,direct,,35.8387477768,,True
Q3-T-010,1680.51562997,direct,,35.5845084665,,True
Q3-T-010,1682.51562997,direct,,35.3374996988,,True
Q3-T-010,1684.51562997,direct,,35.0973215493,,True
Q3-T-010,1686.51562997,direct,,34.8636063828,,True
Q3-T-010,1688.51562997,direct,,34.6360154679,,True
Q3-T-010,1690.51562997,direct,,34.4142360246,,True
Q3-T-010,1692.51562997,direct,,34.197978639,,True
Q3-T-010,1694.51562997,direct,,33.9869749923,,True
Q3-T-010,1696.51562997,direct,,33.7809758595,,True
Q3-T-010,1698.51562997,direct,,33.5797493394,,True
Q3-T-010,1699.71596161,direct,,33.4612137518,,True
Q3-T-010,1700.51562997,direct,,33.4523626071,,True
Q3-T-010,1702.51562997,direct,,33.3539760049,,True
Q3-T-010,1704.51562997,direct,,33.1533003912,,True
Q3-T-010,1706.51562997,direct,,32.8637582624,,True
Q3-T-010,1708.51562997,direct,,32.5025936215,,True
Q3-T-010,1710.51562997,direct,,32.0876460705,,True
Q3-T-010,1712.51562997,direct,,31.6355223714,,True
Q3-T-010,1714.51562997,direct,,31.1602167146,,True
Q3-T-010,1716.51562997,direct,,30.6733341726,,True
Q3-T-010,1718.51562997,direct,,30.1829637077,,True
Q3-T-010,1720.51562997,direct,,29.695672994,,True
Q3-T-010,1722.51562997,direct,,29.2156894727,,True
Q3-T-010,1724.51562997,direct,,28.7458313022,,True
Q3-T-010,1726.51562997,direct,,28.2882758418,,True
Q3-T-010,1728.51562997,direct,,27.8436697125,,True
Q3-T-010,1730.51562997,direct,,27.4128604092,,True
Q3-T-010,1732.51562997,direct,,26.995874291,,True
Q3-T-010,1734.51562997,direct,,26.5925981106,,True
Q3-T-010,1736.51562997,direct,,26.2026346305,,True
Q3-T-010,1738.51562997,direct,,25.8258448249,,True
Q3-T-010,1740.51562997,direct,,25.4613923405,,True
Q3-T-010,1742.51562997,direct,,25.1089393111,,True
Q3-T-010,1744.51562997,direct,,24.7681098654,,True
Q3-T-010,1746.51562997,direct,,24.4380484872,,True
Q3-T-010,1748.51562997,direct,,24.1184696563,,True
Q3-T-010,1750.51562997,direct,,23.8087801247,,True
Q3-T-010,1752.51562997,direct,,23.5084990951,,True
Q3-T-010,1754.51562997,direct,,23.2170874034,,True
Q3-T-010,1756.51562997,direct,,22.9343073903,,True
Q3-T-010,1758.51562997,direct,,22.6594737132,,True
Q3-T-010,1760.51562997,direct,,22.392326246,,True
Q3-T-010,1762.51562997,direct,,22.1326132108,,True
Q3-T-010,1764.51562997,direct,,21.8797393074,,True
Q3-T-010,1766.51562997,direct,,21.6335576968,,True
Q3-T-010,1768.51562997,direct,,21.3936938533,,True
Q3-T-010,1770.51562997,direct,,21.1598625582,,True
Q3-T-010,1772.51562997,direct,,20.9317327886,,True
Q3-T-010,1774.51562997,direct,,20.7091548552,,True
Q3-T-010,1776.51562997,direct,,20.4918364551,,True
Q3-T-010,1778.51562997,direct,,20.2794964815,,True
Q3-T-010,1780.51562997,direct,,20.0720703211,,True
Q3-T-010,1782.51562997,direct,,19.8691604909,,True
Q3-T-010,1784.51562997,direct,,19.6707229246,,True
Q3-T-010,1786.51562997,direct,,19.4765262157,,True
Q3-T-010,1788.51562997,direct,,19.2864057055,,True
Q3-T-010,1790.51562997,direct,,19.1001544349,,True
Q3-T-010,1792.51562997,direct,,18.9177089484,,True
Q3-T-010,1794.51562997,direct,,18.738885149,,True
Q3-T-010,1796.51562997,direct,,18.5635033734,,True
Q3-T-010,1798.51562997,direct,,18.3915591662,,True
Q3-T-010,1800.51562997,direct,,18.2227687487,,True
Q3-T-010,1802.51562997,direct,,18.0571381432,,True
Q3-T-010,1804.51562997,direct,,17.8945146428,,True
Q3-T-010,1806.51562997,direct,,17.7347981282,,True
Q3-T-010,1808.51562997,direct,,17.577885733,,True
Q3-T-010,1810.51562997,direct,,17.4236501788,,True
Q3-T-010,1812.51562997,direct,,17.2720744281,,True
Q3-T-010,1814.51562997,direct,,17.123033678,,True
Q3-T-010,1816.51562997,direct,,16.9764501572,,True
Q3-T-010,1818.51562997,direct,,16.832209791,,True
Q3-T-010,1820.51562997,direct,,16.6903404688,,True
Q3-T-010,1822.51562997,direct,,16.5506376157,,True
Q3-T-010,1824.51562997,direct,,16.4131339123,,True
Q3-T-010,1826.51562997,direct,,16.2777289795,,True
Q3-T-010,1828.51562997,direct,,16.1443322113,,True
Q3-T-010,1830.51562997,direct,,16.0129471346,,True
Q3-T-010,1832.51562997,direct,,15.8834829158,,True
Q3-T-010,1834.51562997,direct,,15.7558882961,,True
Q3-T-010,1836.51562997,direct,,15.6300793054,,True
Q3-T-010,1838.51562997,direct,,15.5060949407,,True
Q3-T-010,1840.51562997,direct,,15.3837702327,,True
Q3-T-010,1842.51562997,direct,,15.2631178404,,True
Q3-T-010,1844.51562997,direct,,15.1441490755,,True
Q3-T-010,1846.51562997,direct,,15.0267091195,,True
Q3-T-010,1848.51562997,direct,,14.9108412116,,True
Q3-T-010,1850.51562997,direct,,14.7964759217,,True
Q3-T-010,1852.51562997,direct,,14.683578045,,True
Q3-T-010,1854.51562997,direct,,14.5720828024,,True
Q3-T-010,1856.51562997,direct,,14.4620339255,,True
Q3-T-010,1858.51562997,direct,,14.3532936615,,True
Q3-T-010,1860.51562997,direct,,14.2458814071,,True
Q3-T-010,1862.51562997,direct,,14.1398152121,,True
Q3-T-010,1864.51562997,direct,,14.0349645488,,True
Q3-T-010,1866.51562997,direct,,13.9313751219,,True
Q3-T-010,1868.51562997,direct,,13.8289917318,,True
Q3-T-010,1870.51562997,direct,,13.7277893752,,True
Q3-T-010,1872.51562997,direct,,13.6277161609,,True
Q3-T-010,1874.51562997,direct,,13.5288173274,,True
Q3-T-010,1876.51562997,direct,,13.4309747628,,True
Q3-T-010,1878.51562997,direct,,13.3342112715,,True
Q3-T-010,1880.51562997,direct,,13.2385483954,,True
Q3-T-010,1882.51562997,direct,,13.1438733886,,True
Q3-T-010,1884.51562997,direct,,13.0502322493,,True
Q3-T-010,1886.51562997,direct,,12.9575796826,,True
Q3-T-010,1888.51562997,direct,,12.8658974388,,True
Q3-T-010,1890.51562997,direct,,12.775163391,,True
Q3-T-010,1892.51562997,direct,,12.685360468,,True
Q3-T-010,1894.51562997,direct,,12.5964474658,,True
Q3-T-010,1896.51562997,direct,,12.5084481331,,True
Q3-T-010,1898.51562997,direct,,12.4213253974,,True
Q3-T-010,1900.51562997,direct,,12.3350403163,,True
Q3-T-010,1902.51562997,direct,,12.2496374871,,True
Q3-T-010,1904.51562997,direct,,12.1650202457,,True
Q3-T-010,1906.51562997,direct,,12.0812335053,,True
Q3-T-010,1908.51562997,direct,,11.9982404592,,True
Q3-T-010,1910.51562997,direct,,11.9160283092,,True
Q3-T-010,1912.51562997,direct,,11.8345620224,,True
Q3-T-010,1914.51562997,direct,,11.7538659695,,True
Q3-T-010,1916.51562997,direct,,11.6739086958,,True
Q3-T-010,1918.51562997,direct,,11.594656865,,True
Q3-T-010,1920.51562997,direct,,11.5161537989,,True
Q3-T-010,1922.51562997,direct,,11.4383128982,,True
Q3-T-010,1924.51562997,direct,,1.36117763387,,True
Q3-T-010,1926.51562997,direct,,1.28471624037,,True
Q3-T-010,1928.51562997,direct,,1.20890070857,,True
Q3-T-010,1930.51562997,direct,,1.13375540926,,True
Q3-T-010,1932.51562997,direct,,1.05924998394,,True
Q3-T-010,1934.51562997,direct,,0.985375479649,,True
Q3-T-010,1936.51562997,direct,,0.91210284315,,True
Q3-T-010,1938.51562997,direct,,0.839473849642,,True
Q3-T-010,1940.51562997,direct,,0.76741002892,,True
Q3-T-010,1942.51562997,direct,,0.695953203888,,True
Q3-T-010,1944.51562997,direct,,0.62507550631,,True
Q3-T-010,1946.51562997,direct,,0.554752449292,,True
Q3-T-010,1948.51562997,direct,,0.485008084036,,True
Q3-T-010,1950.51562997,direct,,0.415815647938,,True
Q3-T-010,1952.51562997,direct,,0.347168181174,,True
Q3-T-010,1954.51562997,direct,,0.279039984792,,True
Q3-T-010,1956.51562997,direct,,0.211471185997,,True
Q3-T-010,1958.51562997,relay,H170,0.144390014328,7.63414603926,True
Q3-T-010,1960.51562997,relay,H170,0.0778365822744,7.69736993102,True
Q3-T-010,1962.51562997,relay,H170,0.0117861050819,7.760378595,True
Q3-T-010,1964.51562997,relay,H170,-0.0537831261345,7.82310537428,True
Q3-T-010,1966.51562997,relay,H170,-0.118847595701,7.88549523047,True
Q3-T-010,1968.51562997,relay,H170,-0.183431201206,7.94759452355,True
Q3-T-010,1970.51562997,relay,H170,-0.247539413094,8.00929723718,True
Q3-T-010,1972.51562997,relay,H170,-0.311195246385,8.07064834519,True
Q3-T-010,1974.51562997,relay,H170,-0.374360230295,8.13155722404,True
Q3-T-010,1976.51562997,relay,H170,-0.437100518572,8.19204914387,True
Q3-T-010,1978.51562997,relay,H170,-0.499363449727,8.2520382898,True
Q3-T-010,1980.51562997,relay,H170,-0.561214050454,8.31154724927,True
Q3-T-010,1982.51562997,relay,H170,-0.622629063525,8.37051599548,True
Q3-T-010,1984.51562997,relay,H170,-0.683585923701,8.42888472813,True
Q3-T-010,1986.51562997,relay,H170,-0.744148039515,8.48667186603,True
Q3-T-010,1988.51562997,relay,H170,-0.804277911445,8.54378024531,True
Q3-T-010,1990.51562997,relay,H170,-0.863996652291,8.60025487264,True
Q3-T-010,1992.51562997,relay,H170,-0.923308386365,8.65596798871,True
Q3-T-010,1994.51562997,relay,H170,-0.982233509145,8.71096311814,True
Q3-T-010,1996.51562997,relay,H170,-1.04073551419,8.76514243336,True
Q3-T-010,1998.51562997,relay,H170,-1.09887481137,8.81851580824,True
Q3-T-010,2000.51562997,relay,H170,-1.15662888586,8.87101931823,True
Q3-T-010,2002.51562997,relay,H170,-1.21397584779,8.92259019861,True
Q3-T-010,2004.51562997,relay,H170,-1.27097471499,8.97323416057,True
Q3-T-010,2006.51562997,relay,H170,-1.32758958347,9.02285099191,True
Q3-T-010,2008.51562997,relay,H170,-1.38383972114,9.07148645519,True
Q3-T-010,2010.51562997,relay,H170,-1.43972842564,9.11899792452,True
Q3-T-010,2012.51562997,relay,H170,-1.49527435063,9.16543024861,True
Q3-T-010,2014.51562997,relay,H170,-1.55045581579,9.21072195724,True
Q3-T-010,2016.51562997,relay,H170,-1.6052893527,9.2547630297,True
Q3-T-010,2018.51562997,relay,H170,-1.65979309852,9.29759980074,True
Q3-T-010,2020.51562997,relay,H170,-1.71393256711,9.33913682041,True
Q3-T-010,2022.51562997,relay,H170,-1.76776297164,9.3793693198,True
Q3-T-010,2024.51562997,relay,H170,-1.82124991954,9.41820225395,True
Q3-T-010,2026.51562997,relay,H170,-1.87441112846,9.4556867368,True
Q3-T-010,2028.51562997,relay,H170,-1.92724924761,9.49167284485,True
Q3-T-010,2030.51562997,relay,H170,-1.97978146268,9.5262120528,True
Q3-T-010,2032.51562997,relay,H170,-2.03198682492,9.55925218313,True
Q3-T-010,2034.51562997,relay,H170,-2.08388053347,9.59067885798,True
Q3-T-010,2036.51562997,relay,H170,-2.13547933502,9.62054731993,True
Q3-T-010,2038.51562997,relay,H170,-2.18675016174,9.64877630479,True
Q3-T-010,2040.51562997,relay,H170,-2.23774489701,9.67535619653,True
Q3-T-010,2042.51562997,relay,H170,-2.28843057105,9.70020888285,True
Q3-T-010,2044.51562997,relay,H170,-2.33882358246,9.72339755101,True
Q3-T-010,2046.51562997,relay,H170,-2.38892606599,9.74477664869,True
Q3-T-010,2048.51562997,relay,H170,-2.43875395502,9.76441128515,True
Q3-T-010,2050.51562997,relay,H170,-2.48828702003,9.78226943098,True
Q3-T-010,2052.51562997,relay,H170,-2.53753932536,9.79824337056,True
Q3-T-010,2054.51562997,relay,H170,-2.58652642707,9.81240411027,True
Q3-T-010,2056.51562997,relay,H170,-2.63521659057,9.82469661544,True
Q3-T-010,2058.51562997,relay,H170,-2.68365875961,9.83511338137,True
Q3-T-010,2060.51562997,relay,H170,-2.73181027469,9.84363407379,True
Q3-T-010,2062.51562997,relay,H170,-2.77971947244,9.85025240047,True
Q3-T-010,2064.51562997,relay,H170,-2.82735500246,9.85492646815,True
Q3-T-010,2066.51562997,relay,H170,-2.8747318977,9.85774147047,True
Q3-T-010,2068.51562997,relay,H170,-2.92186316044,9.85860248609,True
Q3-T-010,2070.51562997,relay,H170,-2.96872934383,9.85750954523,True
Q3-T-010,2072.51562997,relay,H170,-3.01534514754,9.8545540755,True
Q3-T-010,2074.51562997,relay,H170,-3.06171210015,9.84961962676,True
Q3-T-010,2076.51562997,relay,H170,-3.10784451732,9.84280035374,True
Q3-T-010,2078.51562997,relay,H170,-3.15371218143,9.83408299433,True
Q3-T-010,2080.51562997,relay,H170,-3.19936087875,9.82346768358,True
Q3-T-010,2082.51562997,relay,H170,-3.24477143633,9.81097352964,True
Q3-T-010,2084.51562997,relay,H170,-3.2899250912,9.79662551902,True
Q3-T-010,2086.51562997,relay,H170,-3.33486683999,9.78042556054,True
Q3-T-010,2088.51562997,relay,H170,-3.37956695578,9.76237812491,True
Q3-T-010,2090.51562997,relay,H170,-3.42403922302,9.74258978723,True
Q3-T-010,2092.51562997,relay,H170,-3.46828487279,9.72096825618,True
Q3-T-010,2094.51562997,relay,H170,-3.51231734688,9.69762153781,True
Q3-T-010,2096.51562997,relay,H170,-3.5561075815,9.67256840053,True
Q3-T-010,2098.51562997,relay,H170,-3.59969907543,9.64581255728,True
Q3-T-010,2100.51562997,relay,H170,-3.64307331764,9.61739886606,True
Q3-T-010,2102.51562997,relay,H170,-3.68621217415,9.58737674532,True
Q3-T-010,2104.51562997,relay,H170,-3.72915843266,9.55574970258,True
Q3-T-010,2106.51562997,relay,H170,-3.77188349243,9.52255002405,True
Q3-T-010,2108.51562997,relay,H170,-3.81440033222,9.48788986977,True
Q3-T-010,2110.51562997,relay,H170,-3.85670993955,9.45169701605,True
Q3-T-010,2112.51562997,relay,H170,-3.89882498546,9.41408303985,True
Q3-T-010,2114.51562997,relay,H170,-3.94071748643,9.37508935118,True
Q3-T-010,2116.51562997,relay,H170,-3.98242887746,9.3347166813,True
Q3-T-010,2118.51562997,relay,H170,-4.023941277,9.2930253212,True
Q3-T-010,2120.51562997,relay,H170,-4.06523715135,9.2500783856,True
Q3-T-010,2122.51562997,relay,H170,-4.10635729158,9.20587413494,True
Q3-T-010,2124.51562997,relay,H170,-4.14727415068,9.16046167594,True
Q3-T-010,2126.51562997,relay,H170,-4.18799999291,9.11394793737,True
Q3-T-010,2128.51562997,relay,H170,-4.22853560498,9.06627364082,True
Q3-T-010,2130.51562997,relay,H170,-4.26889297318,9.01754344405,True
Q3-T-010,2132.51562997,relay,H170,-4.30904512579,8.9678103727,True
Q3-T-010,2134.51562997,relay,H170,-4.34903162592,8.91706610436,True
Q3-T-010,2136.51562997,relay,H170,-4.38883518931,8.86537592197,True
Q3-T-010,2138.51562997,relay,H170,-4.42843885348,8.81280640939,True
Q3-T-010,2140.51562997,relay,H170,-4.46788159557,8.75934539715,True
Q3-T-010,2142.51562997,relay,H170,-4.50712786515,8.70508499945,True
Q3-T-010,2144.51562997,relay,H170,-4.54621625855,8.65001036858,True
Q3-T-010,2146.51562997,relay,H170,-4.58512042594,8.59417782757,True
Q3-T-010,2148.51562997,relay,H170,-4.62385186113,8.53767782231,True
Q3-T-010,2150.51562997,relay,H170,-4.66241115121,8.48045884313,True
Q3-T-010,2152.51562997,relay,H170,-4.70080954281,8.42260817878,True
Q3-T-010,2154.51562997,relay,H170,-4.73903043429,8.36418843116,True
Q3-T-010,2156.51562997,relay,H170,-4.77708366632,8.30515672686,True
Q3-T-010,2158.51562997,relay,H170,-4.81498029996,8.24559489649,True
Q3-T-010,2160.51562997,relay,H170,-4.85269481289,8.18555841127,True
Q3-T-010,2162.51562997,relay,H170,-4.89026417819,8.12502025753,True
Q3-T-010,2164.51562997,relay,H170,-4.92766295744,8.06403592931,True
Q3-T-010,2166.51562997,relay,H170,-4.96490208459,8.00267934872,True
Q3-T-010,2168.51562997,relay,H170,-5.00199095791,7.94090579531,True
Q3-T-010,2170.51562997,relay,H170,-5.03891345155,7.87877442211,True
Q3-T-010,2172.51562997,relay,H170,-5.07568032517,7.81635369743,True
Q3-T-010,2174.51562997,relay,H170,-5.11229199278,7.7535956864,True
Q3-T-010,2176.51562997,relay,H170,-5.14875899491,7.69056594434,True
Q3-T-010,2178.51562997,relay,H170,-5.18505666819,7.62731676554,True
Q3-T-010,2180.51562997,relay,H170,-5.22122049656,7.56381047373,True
Q3-T-010,2182.51562997,relay,H170,-5.25722589688,7.50009914018,True
Q3-T-010,2184.51562997,relay,H170,-5.29308329692,7.43624088269,True
Q3-T-010,2186.51562997,relay,H170,-5.32880165305,7.37219012313,True
Q3-T-010,2188.51562997,relay,H170,-5.36436534156,7.30799922508,True
Q3-T-010,2190.51562997,relay,H170,-5.3997846321,7.24372150081,True
Q3-T-010,2192.45863914,relay,H170,-5.43405539983,7.18115163004,True
Q3-T-010,2192.51562997,relay,H170,-5.43404949682,7.18110437426,True
Q3-T-010,2194.51562997,relay,H170,-5.43384071053,7.17940217668,True
Q3-T-010,2196.51562997,relay,H170,-5.43363588441,7.17767180932,True
Q3-T-010,2198.51562997,relay,H170,-5.43343501903,7.17591330611,True
Q3-T-010,2200.51562997,relay,H170,-5.43323811493,7.17412670147,True
Q3-T-010,2202.51562997,relay,H170,-5.43304517264,7.17231203039,True
Q3-T-010,2204.51562997,relay,H170,-5.43285619271,7.17046932833,True
Q3-T-010,2206.51562997,relay,H170,-5.43267117565,7.16859863129,True
Q3-T-010,2208.51562997,relay,H170,-5.43249012196,7.16669997576,True
Q3-T-010,2210.51562997,relay,H170,-5.43231303214,7.16477339875,True
Q3-T-010,2212.51562997,relay,H170,-5.43213990668,7.16281893778,True
Q3-T-010,2214.51562997,relay,H170,-5.43197074605,7.16083663085,True
Q3-T-010,2216.51562997,relay,H170,-5.43180555071,7.1588265165,True
Q3-T-010,2218.51562997,relay,H170,-5.43164432112,7.15678863372,True
Q3-T-010,2220.51562997,relay,H170,-5.43148705771,7.15472302204,True
Q3-T-010,2222.51562997,relay,H170,-5.43133376093,7.15262972145,True
Q3-T-010,2224.51562997,relay,H170,-5.43118443118,7.15050877245,True
Q3-T-010,2226.51562997,relay,H170,-5.43103906889,7.14836021603,True
Q3-T-010,2228.51562997,relay,H170,-5.43089767444,7.14618409366,True
Q3-T-010,2230.51562997,relay,H170,-5.43076024823,7.14398044728,True
Q3-T-010,2232.51562997,relay,H170,-5.43062679063,7.14174931933,True
Q3-T-010,2234.51562997,relay,H170,-5.43049730201,7.13949075272,True
Q3-T-010,2236.51562997,relay,H170,-5.43037178272,7.13720479083,True
Q3-T-010,2238.51562997,relay,H170,-5.43025023311,7.13489147753,True
Q3-T-010,2240.51562997,relay,H170,-5.43013265351,7.13255085714,True
Q3-T-010,2242.51562997,relay,H170,-5.43001904425,7.13018297446,True
Q3-T-010,2244.51562997,relay,H170,-5.42990940563,7.12778787474,True
Q3-T-010,2245.8590371,relay,H170,-5.4298379593,7.12616310027,True
Q3-T-010,2246.51562997,relay,H170,-5.4298379593,7.12616310027,True
Q3-T-010,2248.51562997,relay,H170,-5.4298379593,7.12616310027,True
Q3-T-010,2250.51562997,relay,H170,-5.4298379593,7.12616310027,True
Q3-T-010,2252.51562997,relay,H170,-5.4298379593,7.12616310027,True
Q3-T-010,2254.51562997,relay,H170,-5.4298379593,7.12616310027,True
Q3-T-010,2256.51562997,relay,H170,-5.4298379593,7.12616310027,True
Q3-T-010,2258.51562997,relay,H170,-5.4298379593,7.12616310027,True
Q3-T-010,2260.51562997,relay,H170,-5.4298379593,7.12616310027,True
Q3-T-010,2262.51562997,relay,H170,-5.4298379593,7.12616310027,True
Q3-T-010,2264.51562997,relay,H170,-5.4298379593,7.12616310027,True
Q3-T-010,2266.51562997,relay,H170,-5.4298379593,7.12616310027,True
Q3-T-010,2268.51562997,relay,H170,-5.4298379593,7.12616310027,True
Q3-T-010,2270.51562997,relay,H170,-5.4298379593,7.12616310027,True
Q3-T-010,2272.51562997,relay,H170,-5.4298379593,7.12616310027,True
Q3-T-010,2274.51562997,relay,H170,-5.4298379593,7.12616310027,True
Q3-T-010,2276.51562997,relay,H170,-5.4298379593,7.12616310027,True
Q3-T-010,2278.51562997,relay,H170,-5.4298379593,7.12616310027,True
Q3-T-010,2280.51562997,relay,H170,-5.4298379593,7.12616310027,True
Q3-T-010,2282.51562997,relay,H170,-5.4298379593,7.12616310027,True
Q3-T-010,2284.51562997,relay,H170,-5.4298379593,7.12616310027,True
Q3-T-010,2286.51562997,relay,H170,-5.4298379593,7.12616310027,True
Q3-T-010,2288.51562997,relay,H170,-5.4298379593,7.12616310027,True
Q3-T-010,2290.51562997,relay,H170,-5.4298379593,7.12616310027,True
Q3-T-010,2292.51562997,relay,H170,-5.4298379593,7.12616310027,True
Q3-T-010,2294.51562997,relay,H170,-5.4298379593,7.12616310027,True
Q3-T-010,2296.51562997,relay,H170,-5.4298379593,7.12616310027,True
Q3-T-010,2298.51562997,relay,H170,-5.4298379593,7.12616310027,True
Q3-T-010,2300.51562997,relay,H170,-5.4298379593,7.12616310027,True
Q3-T-010,2302.51562997,relay,H170,-5.4298379593,7.12616310027,True
Q3-T-010,2304.51562997,relay,H170,-5.4298379593,7.12616310027,True
Q3-T-010,2306.51562997,relay,H170,-5.4298379593,7.12616310027,True
Q3-T-010,2308.51562997,relay,H170,-5.4298379593,7.12616310027,True
Q3-T-010,2310.51562997,relay,H170,-5.4298379593,7.12616310027,True
Q3-T-010,2312.51562997,relay,H170,-5.4298379593,7.12616310027,True
Q3-T-010,2314.51562997,relay,H170,-5.4298379593,7.12616310027,True
Q3-T-010,2316.51562997,relay,H170,-5.4298379593,7.12616310027,True
Q3-T-010,2318.51562997,relay,H170,-5.4298379593,7.12616310027,True
Q3-T-010,2320.51562997,relay,H170,-5.4298379593,7.12616310027,True
Q3-T-010,2322.51562997,relay,H170,-5.4298379593,7.12616310027,True
Q3-T-010,2324.51562997,relay,H170,-5.4298379593,7.12616310027,True
Q3-T-010,2326.51562997,relay,H170,-5.4298379593,7.12616310027,True
Q3-T-010,2328.51562997,relay,H170,-5.4298379593,7.12616310027,True
Q3-T-010,2330.51562997,relay,H170,-5.4298379593,7.12616310027,True
Q3-T-010,2332.51562997,relay,H170,-5.4298379593,7.12616310027,True
Q3-T-010,2334.51562997,relay,H170,-5.4298379593,7.12616310027,True
Q3-T-010,2336.51562997,relay,H170,-5.4298379593,7.12616310027,True
Q3-T-010,2338.51562997,relay,H170,-5.4298379593,7.12616310027,True
Q3-T-010,2340.51562997,relay,H170,-5.4298379593,7.12616310027,True
Q3-T-010,2342.51562997,relay,H170,-5.4298379593,7.12616310027,True
Q3-T-010,2344.51562997,relay,H170,-5.4298379593,7.12616310027,True
Q3-T-010,2346.51562997,relay,H170,-5.4298379593,7.12616310027,True
Q3-T-010,2348.51562997,relay,H170,-5.4298379593,7.12616310027,True
Q3-T-010,2350.51562997,relay,H170,-5.4298379593,7.12616310027,True
Q3-T-010,2352.51562997,relay,H170,-5.4298379593,7.12616310027,True
Q3-T-010,2354.51562997,relay,H170,-5.4298379593,7.12616310027,True
Q3-T-010,2356.51562997,relay,H170,-5.4298379593,7.12616310027,True
Q3-T-010,2358.51562997,relay,H170,-5.4298379593,7.12616310027,True
Q3-T-010,2360.51562997,relay,H170,-5.4298379593,7.12616310027,True
Q3-T-010,2362.51562997,relay,H170,-5.4298379593,7.12616310027,True
Q3-T-010,2364.51562997,relay,H170,-5.4298379593,7.12616310027,True
Q3-T-010,2366.51562997,relay,H170,-5.4298379593,7.12616310027,True
Q3-T-010,2368.51562997,relay,H170,-5.4298379593,7.12616310027,True
Q3-T-010,2370.51562997,relay,H170,-5.4298379593,7.12616310027,True
Q3-T-010,2372.51562997,relay,H170,-5.4298379593,7.12616310027,True
Q3-T-010,2374.51562997,relay,H170,-5.4298379593,7.12616310027,True
Q3-T-010,2376.51562997,relay,H170,-5.4298379593,7.12616310027,True
Q3-T-010,2378.51562997,relay,H170,-5.4298379593,7.12616310027,True
Q3-T-010,2380.51562997,relay,H170,-5.4298379593,7.12616310027,True
Q3-T-010,2382.51562997,relay,H170,-5.4298379593,7.12616310027,True
Q3-T-010,2384.51562997,relay,H170,-5.4298379593,7.12616310027,True
Q3-T-010,2386.51562997,relay,H170,-5.4298379593,7.12616310027,True
Q3-T-010,2388.51562997,relay,H170,-5.4298379593,7.12616310027,True
Q3-T-010,2390.51562997,relay,H170,-5.4298379593,7.12616310027,True
Q3-T-010,2392.51562997,relay,H170,-5.4298379593,7.12616310027,True
Q3-T-010,2394.51562997,relay,H170,-5.4298379593,7.12616310027,True
Q3-T-010,2396.51562997,relay,H170,-5.4298379593,7.12616310027,True
Q3-T-010,2398.51562997,relay,H170,-5.4298379593,7.12616310027,True
Q3-T-010,2400.51562997,relay,H170,-5.4298379593,7.12616310027,True
Q3-T-010,2402.51562997,relay,H170,-5.4298379593,7.12616310027,True
Q3-T-010,2404.51562997,relay,H170,-5.4298379593,7.12616310027,True
Q3-T-010,2406.51562997,relay,H170,-5.4298379593,7.12616310027,True
Q3-T-010,2408.51562997,relay,H170,-5.4298379593,7.12616310027,True
Q3-T-010,2410.51562997,relay,H170,-5.4298379593,7.12616310027,True
Q3-T-010,2412.51562997,relay,H170,-5.4298379593,7.12616310027,True
Q3-T-010,2414.51562997,relay,H170,-5.4298379593,7.12616310027,True
Q3-T-010,2416.51562997,relay,H170,-5.4298379593,7.12616310027,True
Q3-T-010,2418.51562997,relay,H170,-5.4298379593,7.12616310027,True
Q3-T-010,2420.51562997,relay,H170,-5.4298379593,7.12616310027,True
Q3-T-010,2422.51562997,relay,H170,-5.4298379593,7.12616310027,True
Q3-T-010,2424.51562997,relay,H170,-5.4298379593,7.12616310027,True
Q3-T-010,2426.51562997,relay,H170,-5.4298379593,7.12616310027,True
Q3-T-010,2428.51562997,relay,H170,-5.4298379593,7.12616310027,True
Q3-T-010,2430.51562997,relay,H170,-5.4298379593,7.12616310027,True
Q3-T-010,2432.51562997,relay,H170,-5.4298379593,7.12616310027,True
Q3-T-010,2434.51562997,relay,H170,-5.4298379593,7.12616310027,True
Q3-T-010,2436.51562997,relay,H170,-5.4298379593,7.12616310027,True
Q3-T-010,2438.51562997,relay,H170,-5.4298379593,7.12616310027,True
Q3-T-010,2440.51562997,relay,H170,-5.4298379593,7.12616310027,True
Q3-T-010,2442.51562997,relay,H170,-5.4298379593,7.12616310027,True
Q3-T-010,2444.51562997,relay,H170,-5.4298379593,7.12616310027,True
Q3-T-010,2446.51562997,relay,H170,-5.4298379593,7.12616310027,True
Q3-T-010,2448.51562997,relay,H170,-5.4298379593,7.12616310027,True
Q3-T-010,2450.51562997,relay,H170,-5.4298379593,7.12616310027,True
Q3-T-010,2452.51562997,relay,H170,-5.4298379593,7.12616310027,True
Q3-T-010,2454.51562997,relay,H170,-5.4298379593,7.12616310027,True
Q3-T-010,2456.51562997,relay,H170,-5.4298379593,7.12616310027,True
Q3-T-010,2458.51562997,relay,H170,-5.4298379593,7.12616310027,True
Q3-T-010,2460.51562997,relay,H170,-5.4298379593,7.12616310027,True
Q3-T-010,2462.51562997,relay,H170,-5.4298379593,7.12616310027,True
Q3-T-010,2464.51562997,relay,H170,-5.4298379593,7.12616310027,True
Q3-T-010,2466.51562997,relay,H170,-5.4298379593,7.12616310027,True
Q3-T-010,2468.51562997,relay,H170,-5.4298379593,7.12616310027,True
Q3-T-010,2470.51562997,relay,H170,-5.4298379593,7.12616310027,True
Q3-T-010,2472.51562997,relay,H170,-5.4298379593,7.12616310027,True
Q3-T-010,2474.51562997,relay,H170,-5.4298379593,7.12616310027,True
Q3-T-010,2476.51562997,relay,H170,-5.4298379593,7.12616310027,True
Q3-T-010,2478.51562997,relay,H170,-5.4298379593,7.12616310027,True
Q3-T-010,2480.51562997,relay,H170,-5.4298379593,7.12616310027,True
Q3-T-010,2482.51562997,relay,H170,-5.4298379593,7.12616310027,True
Q3-T-010,2484.51562997,relay,H170,-5.4298379593,7.12616310027,True
Q3-T-010,2485.8590371,relay,H170,-5.4298379593,7.12616310027,True
Q3-T-010,2486.51562997,relay,H170,-5.42987963149,7.12711720828,True
Q3-T-010,2488.51562997,relay,H170,-5.43001034966,7.12999713476,True
Q3-T-010,2490.51562997,relay,H170,-5.43014678559,7.13283787385,True
Q3-T-010,2492.51562997,relay,H170,-5.43028893874,7.13563934734,True
Q3-T-010,2494.51562997,relay,H170,-5.43043680856,7.13840147803,True
Q3-T-010,2496.51562997,relay,H170,-5.43059039446,7.14112418965,True
Q3-T-010,2498.51562997,relay,H170,-5.43074969583,7.14380740693,True
Q3-T-010,2500.51562997,relay,H170,-5.43091471204,7.14645105556,True
Q3-T-010,2502.51562997,relay,H170,-5.43108544244,7.14905506225,True
Q3-T-010,2504.51562997,relay,H170,-5.43126188636,7.15161935468,True
Q3-T-010,2506.51562997,relay,H170,-5.43144404311,7.15414386155,True
Q3-T-010,2508.51562997,relay,H170,-5.43163191195,7.15662851257,True
Q3-T-010,2510.51562997,relay,H170,-5.43182549215,7.15907323846,True
Q3-T-010,2512.51562997,relay,H170,-5.43202478295,7.16147797095,True
Q3-T-010,2514.51562997,relay,H170,-5.43222978356,7.16384264283,True
Q3-T-010,2516.51562997,relay,H170,-5.43244049316,7.1661671879,True
Q3-T-010,2518.51562997,relay,H170,-5.43265691094,7.16845154102,True
Q3-T-010,2520.51562997,relay,H170,-5.43287903603,7.17069563807,True
Q3-T-010,2522.51562997,relay,H170,-5.43310686756,7.172899416,True
Q3-T-010,2524.51562997,relay,H170,-5.43334040463,7.17506281283,True
Q3-T-010,2526.51562997,relay,H170,-5.43357964632,7.17718576762,True
Q3-T-010,2528.51562997,relay,H170,-5.43382459169,7.17926822052,True
Q3-T-010,2530.35936873,relay,H170,-5.43405539983,7.18115163004,True
Q3-T-010,2530.51562997,relay,H170,-5.43130697226,7.18617387944,True
Q3-T-010,2532.51562997,relay,H170,-5.39601651584,7.25057453155,True
Q3-T-010,2534.51562997,relay,H170,-5.3605736953,7.31487229341,True
Q3-T-010,2536.51562997,relay,H170,-5.32500265077,7.3790172995,True
Q3-T-010,2538.51562997,relay,H170,-5.28926865752,7.44305194286,True
Q3-T-010,2540.51562997,relay,H170,-5.25338724402,7.50692445401,True
Q3-T-010,2542.51562997,relay,H170,-5.21737420161,7.57058251173,True
Q3-T-010,2544.51562997,relay,H170,-5.1811943441,7.63406571526,True
Q3-T-010,2546.51562997,relay,H170,-5.14487216088,7.69732260322,True
Q3-T-010,2548.51562997,relay,H170,-5.10839721453,7.76029087708,True
Q3-T-010,2550.51562997,relay,H170,-5.07176911483,7.82301805954,True
Q3-T-010,2552.51562997,relay,H170,-5.03497720918,7.88543904176,True
Q3-T-010,2554.51562997,relay,H170,-4.9980464643,7.94750002266,True
Q3-T-010,2556.51562997,relay,H170,-4.96094073233,8.00923410226,True
Q3-T-010,2558.51562997,relay,H170,-4.92367603627,8.0705826488,True
Q3-T-010,2560.51562997,relay,H170,-4.88626868134,8.13148681319,True
Q3-T-010,2562.51562997,relay,H170,-4.8486820183,8.19197603501,True
Q3-T-010,2564.51562997,relay,H170,-4.81095006568,8.25196027099,True
Q3-T-010,2566.51562997,relay,H170,-4.77303583201,8.31146639593,True
Q3-T-010,2568.51562997,relay,H170,-4.73496485008,8.37043891403,True
Q3-T-010,2570.51562997,relay,H170,-4.69672605239,8.42879579936,True
Q3-T-010,2572.51562997,relay,H170,-4.6583188974,8.48658743388,True
Q3-T-010,2574.51562997,relay,H170,-4.61973207766,8.54372860543,True
Q3-T-010,2576.51562997,relay,H170,-4.58098225533,8.60015438865,True
Q3-T-010,2578.51562997,relay,H170,-4.54205953642,8.65590882164,True
Q3-T-010,2580.51562997,relay,H170,-4.50295242014,8.71090126957,True
Q3-T-010,2582.51562997,relay,H170,-4.46368726748,8.76507542704,True
Q3-T-010,2584.51562997,relay,H170,-4.42422546199,8.81844599753,True
Q3-T-010,2586.51562997,relay,H170,-4.38459345224,8.87095746678,True
Q3-T-010,2588.51562997,relay,H170,-4.34477959307,8.92251212793,True
Q3-T-010,2590.51562997,relay,H170,-4.30477350105,8.97315312668,True
Q3-T-010,2592.51562997,relay,H170,-4.26459234072,9.02281539783,True
Q3-T-010,2594.51562997,relay,H170,-4.22422426019,9.0713967713,True
Q3-T-010,2596.51562997,relay,H170,-4.1836685104,9.11895466296,True
Q3-T-010,2598.51562997,relay,H170,-4.14291296721,9.16538438189,True
Q3-T-010,2600.51562997,relay,H170,-4.1019849647,9.21063466442,True
Q3-T-010,2602.51562997,relay,H170,-4.06084410766,9.2547091209,True
Q3-T-010,2604.51562997,relay,H170,-4.01951782131,9.29755875471,True
Q3-T-010,2606.51562997,relay,H170,-3.97799381665,9.33907462614,True
Q3-T-010,2608.51562997,relay,H170,-3.93626110971,9.3793042985,True
Q3-T-010,2610.51562997,relay,H170,-3.89433745154,9.41818743915,True
Q3-T-010,2612.51562997,relay,H170,-3.85221032182,9.45561313832,True
Q3-T-010,2614.51562997,relay,H170,-3.80987877848,9.49165029094,True
Q3-T-010,2616.51562997,relay,H170,-3.76733000012,9.52618699327,True
Q3-T-010,2618.51562997,relay,H170,-3.72459235995,9.55918647349,True
Q3-T-010,2620.51562997,relay,H170,-3.68162350688,9.59064576473,True
Q3-T-010,2622.51562997,relay,H170,-3.63845190851,9.62053239341,True
Q3-T-010,2624.51562997,relay,H170,-3.59506455373,9.64873500377,True
Q3-T-010,2626.51562997,relay,H170,-3.55144978238,9.67531223519,True
Q3-T-010,2628.51562997,relay,H170,-3.50762596267,9.70021886749,True
Q3-T-010,2630.51562997,relay,H170,-3.46357982293,9.72334520408,True
Q3-T-010,2632.51562997,relay,H170,-3.41931018733,9.74477880066,True
Q3-T-010,2634.51562997,relay,H170,-3.37480344936,9.7644109902,True
Q3-T-010,2636.51562997,relay,H170,-3.33008909273,9.78223065803,True
Q3-T-010,2638.51562997,relay,H170,-3.28512260483,9.79823503937,True
Q3-T-010,2640.51562997,relay,H170,-3.2399335665,9.81241912071,True
Q3-T-010,2642.51562997,relay,H170,-3.19450815119,9.82468015033,True
Q3-T-010,2644.51562997,relay,H170,-3.14883393183,9.83509437974,True
Q3-T-010,2646.51562997,relay,H170,-3.10294048862,9.84360941841,True
Q3-T-010,2648.51562997,relay,H170,-3.05678200671,9.8502252018,True
Q3-T-010,2650.51562997,relay,H170,-3.01038871784,9.85495540432,True
Q3-T-010,2652.51562997,relay,H170,-2.96374629533,9.85770608015,True
Q3-T-010,2654.51562997,relay,H170,-2.91685320666,9.85859396399,True
Q3-T-010,2656.51562997,relay,H170,-2.8696947406,9.85752784432,True
Q3-T-010,2658.51562997,relay,H170,-2.82230184281,9.85453835213,True
Q3-T-010,2660.51562997,relay,H170,-2.77462702803,9.84962976306,True
Q3-T-010,2662.51562997,relay,H170,-2.72668972345,9.84280797272,True
Q3-T-010,2664.51562997,relay,H170,-2.67850980378,9.8340849939,True
Q3-T-010,2666.51562997,relay,H170,-2.63003890044,9.82346718796,True
Q3-T-010,2668.51562997,relay,H170,-2.58130847823,9.8110028389,True
Q3-T-010,2670.51562997,relay,H170,-2.53230321002,9.79661699551,True
Q3-T-010,2672.51562997,relay,H170,-2.48302119629,9.7804475771,True
Q3-T-010,2674.51562997,relay,H170,-2.4334466758,9.76242219296,True
Q3-T-010,2676.51562997,relay,H170,-2.38359979742,9.74257099314,True
Q3-T-010,2678.51562997,relay,H170,-2.33346657342,9.7210040137,True
Q3-T-010,2680.51562997,relay,H170,-2.2830308579,9.69765468443,True
Q3-T-010,2682.51562997,relay,H170,-2.23232533263,9.67259595691,True
Q3-T-010,2684.51562997,relay,H170,-2.18129876259,9.64583755391,True
Q3-T-010,2686.51562997,relay,H170,-2.12998392812,9.61745616497,True
Q3-T-010,2688.51562997,relay,H170,-2.07836434809,9.58739375464,True
Q3-T-010,2690.51562997,relay,H170,-2.02643766739,9.55579946388,True
Q3-T-010,2692.51562997,relay,H170,-1.97418691091,9.52261648434,True
Q3-T-010,2694.51562997,relay,H170,-1.92163294381,9.48789670886,True
Q3-T-010,2696.51562997,relay,H170,-1.86876064464,9.45175498296,True
Q3-T-010,2698.51562997,relay,H170,-1.81555259066,9.41413824057,True
Q3-T-010,2700.51562997,relay,H170,-1.76204286771,9.37513901636,True
Q3-T-010,2702.51562997,relay,H170,-1.70817699938,9.33476366166,True
Q3-T-010,2704.51562997,relay,H170,-1.65398916638,9.29310565754,True
Q3-T-010,2706.51562997,relay,H170,-1.59946154302,9.25011737787,True
Q3-T-010,2708.51562997,relay,H170,-1.54459120319,9.2059466661,True
Q3-T-010,2710.51562997,relay,H170,-1.4893597539,9.16054559915,True
Q3-T-010,2712.51562997,relay,H170,-1.43378878987,9.11397674859,True
Q3-T-010,2714.51562997,relay,H170,-1.37786185664,9.06634897554,True
Q3-T-010,2716.51562997,relay,H170,-1.32156003446,9.01761586964,True
Q3-T-010,2718.51562997,relay,H170,-1.26491890211,8.96787738284,True
Q3-T-010,2720.51562997,relay,H170,-1.20788028664,8.91713031484,True
Q3-T-010,2722.51562997,relay,H170,-1.15047985352,8.86547333872,True
Q3-T-010,2724.51562997,relay,H170,-1.09269819247,8.81286269362,True
Q3-T-010,2726.51562997,relay,H170,-1.03453165406,8.75943486186,True
Q3-T-010,2728.51562997,relay,H170,-0.975960169684,8.70514481955,True
Q3-T-010,2730.51562997,relay,H170,-0.917006061658,8.65005651382,True
Q3-T-010,2732.51562997,relay,H170,-0.857651288792,8.59426539704,True
Q3-T-010,2734.51562997,relay,H170,-0.797888919014,8.53771677925,True
Q3-T-010,2736.51562997,relay,H170,-0.737714816897,8.48053821793,True
Q3-T-010,2738.51562997,relay,H170,-0.677107845732,8.42268469952,True
Q3-T-010,2740.51562997,relay,H170,-0.616105524387,8.36425331963,True
Q3-T-010,2742.51562997,relay,H170,-0.554644388276,8.30522550912,True
Q3-T-010,2744.51562997,relay,H170,-0.492762023155,8.24569572051,True
Q3-T-010,2746.51562997,relay,H170,-0.430436656378,8.18561978319,True
Q3-T-010,2748.51562997,relay,H170,-0.367648240624,8.12507909561,True
Q3-T-010,2750.51562997,relay,H170,-0.304419889609,8.06413113278,True
Q3-T-010,2752.51562997,relay,H170,-0.240729085074,8.00273123899,True
Q3-T-010,2754.51562997,relay,H170,-0.176570620548,7.94098919268,True
Q3-T-010,2756.51562997,relay,H170,-0.111921127445,7.87885889425,True
Q3-T-010,2758.51562997,relay,H170,-0.0468197916384,7.81643022801,True
Q3-T-010,2760.51562997,relay,H170,0.0188019865659,7.75367274117,True
Q3-T-010,2762.51562997,relay,H170,0.0849210240748,7.69064036492,True
Q3-T-010,2764.51562997,relay,H170,0.151513368259,7.62738673851,True
Q3-T-010,2766.51562997,direct,,0.218649527467,,True
Q3-T-010,2768.51562997,direct,,0.286289724431,,True
Q3-T-010,2770.51562997,direct,,0.354459044651,,True
Q3-T-010,2772.51562997,direct,,0.42316409863,,True
Q3-T-010,2774.51562997,direct,,0.492430993132,,True
Q3-T-010,2776.51562997,direct,,0.562218833566,,True
Q3-T-010,2778.51562997,direct,,0.632602295113,,True
Q3-T-010,2780.51562997,direct,,0.703557711866,,True
Q3-T-010,2782.51562997,direct,,0.775060561097,,True
Q3-T-010,2784.51562997,direct,,0.847187798406,,True
Q3-T-010,2786.51562997,direct,,0.919897990827,,True
Q3-T-010,2788.51562997,direct,,0.993219419087,,True
Q3-T-010,2790.51562997,direct,,1.06716056541,,True
Q3-T-010,2792.51562997,direct,,1.14175095873,,True
Q3-T-010,2794.51562997,direct,,1.21694800973,,True
Q3-T-010,2796.51562997,direct,,1.29283369461,,True
Q3-T-010,2798.51562997,direct,,1.3693840943,,True
Q3-T-010,2800.51562997,direct,,11.4465743345,,True
Q3-T-010,2802.51562997,direct,,11.5244891637,,True
Q3-T-010,2804.51562997,direct,,11.6030855703,,True
Q3-T-010,2806.51562997,direct,,11.6823958953,,True
Q3-T-010,2808.51562997,direct,,11.7624311648,,True
Q3-T-010,2810.51562997,direct,,11.8432252772,,True
Q3-T-010,2812.51562997,direct,,11.9247340655,,True
Q3-T-010,2814.51562997,direct,,12.007048443,,True
Q3-T-010,2816.51562997,direct,,12.0901254772,,True
Q3-T-010,2818.51562997,direct,,12.1739978094,,True
Q3-T-010,2820.51562997,direct,,12.2587023148,,True
Q3-T-010,2822.51562997,direct,,12.344194065,,True
Q3-T-010,2824.51562997,direct,,12.4305698579,,True
Q3-T-010,2826.51562997,direct,,12.5177850835,,True
Q3-T-010,2828.51562997,direct,,12.6058787609,,True
Q3-T-010,2830.51562997,direct,,12.6948880395,,True
Q3-T-010,2832.51562997,direct,,12.7847891832,,True
Q3-T-010,2834.51562997,direct,,12.8756234808,,True
Q3-T-010,2836.51562997,direct,,12.9674080637,,True
Q3-T-010,2838.51562997,direct,,13.0601865302,,True
Q3-T-010,2840.51562997,direct,,13.1539129855,,True
Q3-T-010,2842.51562997,direct,,13.2486970335,,True
Q3-T-010,2844.51562997,direct,,13.3444933768,,True
Q3-T-010,2846.51562997,direct,,13.4413486176,,True
Q3-T-010,2848.51562997,direct,,13.5393075688,,True
Q3-T-010,2850.51562997,direct,,13.6383482063,,True
Q3-T-010,2852.51562997,direct,,13.7385202574,,True
Q3-T-010,2854.51562997,direct,,13.8398470741,,True
Q3-T-010,2856.51562997,direct,,13.9423814798,,True
Q3-T-010,2858.51562997,direct,,14.0460775741,,True
Q3-T-010,2860.51562997,direct,,14.1510616965,,True
Q3-T-010,2862.51562997,direct,,14.2572890195,,True
Q3-T-010,2864.51562997,direct,,14.3648167236,,True
Q3-T-010,2866.51562997,direct,,14.4737004072,,True
Q3-T-010,2868.51562997,direct,,14.5839216575,,True
Q3-T-010,2870.51562997,direct,,14.6955421241,,True
Q3-T-010,2872.51562997,direct,,14.8085944829,,True
Q3-T-010,2874.51562997,direct,,14.9231446968,,True
Q3-T-010,2876.51562997,direct,,15.039148746,,True
Q3-T-010,2878.51562997,direct,,15.1567556389,,True
Q3-T-010,2880.51562997,direct,,15.2759232653,,True
Q3-T-010,2882.51562997,direct,,15.3967241695,,True
Q3-T-010,2884.51562997,direct,,15.5192297623,,True
Q3-T-010,2886.51562997,direct,,15.6434286649,,True
Q3-T-010,2888.51562997,direct,,15.7694001041,,True
Q3-T-010,2890.51562997,direct,,15.8971912949,,True
Q3-T-010,2892.51562997,direct,,16.0268877602,,True
Q3-T-010,2894.51562997,direct,,16.1584510556,,True
Q3-T-010,2896.51562997,direct,,16.2920622725,,True
Q3-T-010,2898.51562997,direct,,16.4276550382,,True
Q3-T-010,2900.51562997,direct,,16.565419409,,True
Q3-T-010,2902.51562997,direct,,16.7053570168,,True
Q3-T-010,2904.51562997,direct,,16.8474683752,,True
Q3-T-010,2906.51562997,direct,,16.9919586324,,True
Q3-T-010,2908.51562997,direct,,17.13880009,,True
Q3-T-010,2910.51562997,direct,,17.2881072745,,True
Q3-T-010,2912.51562997,direct,,17.4399583641,,True
Q3-T-010,2914.51562997,direct,,17.5944786743,,True
Q3-T-010,2916.51562997,direct,,17.7516855765,,True
Q3-T-010,2918.51562997,direct,,17.911706908,,True
Q3-T-010,2920.51562997,direct,,18.0746838149,,True
Q3-T-010,2922.51562997,direct,,18.2406037499,,True
Q3-T-010,2924.51562997,direct,,18.4097333366,,True
Q3-T-010,2926.51562997,direct,,18.5820691483,,True
Q3-T-010,2928.51562997,direct,,18.7577761706,,True
Q3-T-010,2930.51562997,direct,,18.9369791551,,True
Q3-T-010,2932.51562997,direct,,19.1198611024,,True
Q3-T-010,2934.51562997,direct,,19.3064798612,,True
Q3-T-010,2936.51562997,direct,,19.4970267836,,True
Q3-T-010,2938.51562997,direct,,19.6917126643,,True
Q3-T-010,2940.51562997,direct,,19.8905677173,,True
Q3-T-010,2942.51562997,direct,,20.0939600633,,True
Q3-T-010,2944.51562997,direct,,20.30193774,,True
Q3-T-010,2946.51562997,direct,,20.5147551368,,True
Q3-T-010,2948.51562997,direct,,20.7326227298,,True
Q3-T-010,2950.51562997,direct,,20.9558267933,,True
Q3-T-010,2952.51562997,direct,,21.184505814,,True
Q3-T-010,2954.51562997,direct,,21.4189664242,,True
Q3-T-010,2956.51562997,direct,,21.6595456864,,True
Q3-T-010,2958.51562997,direct,,21.9063629594,,True
Q3-T-010,2960.51562997,direct,,22.159962782,,True
Q3-T-010,2962.51562997,direct,,22.4204983419,,True
Q3-T-010,2964.51562997,direct,,22.6883860576,,True
Q3-T-010,2966.51562997,direct,,22.9639940505,,True
Q3-T-010,2968.51562997,direct,,23.2477927324,,True
Q3-T-010,2970.51562997,direct,,23.5400697715,,True
Q3-T-010,2972.51562997,direct,,23.8413305692,,True
Q3-T-010,2974.51562997,direct,,24.1521233342,,True
Q3-T-010,2976.51562997,direct,,24.4727137925,,True
Q3-T-010,2978.51562997,direct,,24.8039147507,,True
Q3-T-010,2980.51562997,direct,,25.1459398322,,True
Q3-T-010,2982.51562997,direct,,25.4996461778,,True
Q3-T-010,2984.51562997,direct,,25.8654082787,,True
Q3-T-010,2986.51562997,direct,,26.2435605629,,True
Q3-T-010,2988.51562997,direct,,26.634935057,,True
Q3-T-010,2990.51562997,direct,,27.0396601425,,True
Q3-T-010,2992.51562997,direct,,27.4581180254,,True
Q3-T-010,2994.51562997,direct,,27.8903984921,,True
Q3-T-010,2996.51562997,direct,,28.3364409288,,True
Q3-T-010,2998.51562997,direct,,28.7953468491,,True
Q3-T-010,3000.51562997,direct,,29.2664000555,,True
Q3-T-010,3002.51562997,direct,,29.747435148,,True
Q3-T-010,3004.51562997,direct,,30.235166331,,True
Q3-T-010,3006.51562997,direct,,30.7255226986,,True
Q3-T-010,3008.51562997,direct,,31.211709755,,True
Q3-T-010,3010.51562997,direct,,31.6850326926,,True
Q3-T-010,3012.51562997,direct,,32.1339146894,,True
Q3-T-010,3014.51562997,direct,,32.544045071,,True
Q3-T-010,3016.51562997,direct,,32.8983404647,,True
Q3-T-010,3018.51562997,direct,,33.1791931565,,True
Q3-T-010,3020.51562997,direct,,33.369550987,,True
Q3-T-010,3022.51562997,direct,,33.4564495738,,True
Q3-T-010,3023.10204627,direct,,33.4612137518,,True
Q3-T-010,3024.51562997,direct,,33.5774289918,,True
Q3-T-010,3026.51562997,direct,,33.7447472148,,True
Q3-T-010,3028.51562997,direct,,33.9153519381,,True
Q3-T-010,3030.51562997,direct,,34.0893748612,,True
Q3-T-010,3032.51562997,direct,,34.266955762,,True
Q3-T-010,3034.51562997,direct,,34.4482431717,,True
Q3-T-010,3036.51562997,direct,,34.6333951207,,True
Q3-T-010,3038.51562997,direct,,34.8225799666,,True
Q3-T-010,3040.51562997,direct,,35.0159773144,,True
Q3-T-010,3042.51562997,direct,,35.2137790407,,True
Q3-T-010,3044.51562997,direct,,35.4161904381,,True
Q3-T-010,3046.51562997,direct,,35.6234314958,,True
Q3-T-010,3048.51562997,direct,,35.8357383365,,True
Q3-T-010,3050.51562997,direct,,36.053364834,,True
Q3-T-010,3052.51562997,direct,,36.2765844382,,True
Q3-T-010,3054.51562997,direct,,36.5056922409,,True
Q3-T-010,3056.51562997,direct,,36.7410073216,,True
Q3-T-010,3058.51562997,direct,,36.98287542,,True
Q3-T-010,3060.51562997,direct,,37.2316719917,,True
Q3-T-010,3062.51562997,direct,,37.4878057136,,True
Q3-T-010,3064.51562997,direct,,37.7517225234,,True
Q3-T-010,3066.51562997,direct,,38.023910291,,True
Q3-T-010,3068.51562997,direct,,38.3049042469,,True
Q3-T-010,3070.51562997,direct,,38.5952933174,,True
Q3-T-010,3072.51562997,direct,,38.8957275565,,True
Q3-T-010,3074.51562997,direct,,39.2069269103,,True
Q3-T-010,3076.51562997,direct,,39.529691609,,True
Q3-T-010,3078.51562997,direct,,39.8649145673,,True
Q3-T-010,3080.51562997,direct,,40.2135962743,,True
Q3-T-010,3082.51562997,direct,,40.5768627987,,True
Q3-T-010,3084.51562997,direct,,40.9559877271,,True
Q3-T-010,3086.51562997,direct,,41.3524191123,,True
Q3-T-010,3088.51562997,direct,,41.7678128703,,True
Q3-T-010,3090.51562997,direct,,42.2040745733,,True
Q3-T-010,3092.51562997,direct,,42.6634123027,,True
Q3-T-010,3094.51562997,direct,,43.1484042766,,True
Q3-T-010,3096.51562997,direct,,43.6620864973,,True
Q3-T-010,3098.51562997,direct,,44.208067986,,True
Q3-T-010,3100.51562997,direct,,44.7906847246,,True
Q3-T-010,3102.51562997,direct,,45.415209039,,True
Q3-T-010,3104.51562997,direct,,46.0881402581,,True
Q3-T-010,3106.51562997,direct,,46.8176177148,,True
Q3-T-010,3108.51562997,direct,,47.6140236123,,True
Q3-T-010,3110.51562997,direct,,48.4908911996,,True
Q3-T-010,3112.51562997,direct,,49.4663249254,,True
Q3-T-010,3114.51562997,direct,,50.5653234452,,True
Q3-T-010,3116.51562997,direct,,51.8237959672,,True
Q3-T-010,3118.51562997,direct,,53.2960100504,,True
Q3-T-010,3120.51562997,direct,,55.0697285025,,True
Q3-T-010,3122.51562997,direct,,57.3011047435,,True
Q3-T-010,3124.51562997,direct,,60.3116297638,,True
Q3-T-010,3126.51562997,direct,,64.9573868898,,True
Q3-T-010,3128.51562997,direct,,75.6263682566,,True
Q3-T-010,3130.51562997,direct,,72.6084227587,,True
Q3-T-010,3132.51562997,direct,,63.9603114194,,True
Q3-T-010,3134.51562997,direct,,59.7138046682,,True
Q3-T-010,3136.51562997,direct,,56.8741693745,,True
Q3-T-010,3137.34244423,direct,,55.9251752525,,True
Q3-T-011,1930.30212399,direct,,55.9251752525,,True
Q3-T-011,1932.30212399,direct,,59.0232144522,,True
Q3-T-011,1934.30212399,direct,,63.8839754259,,True
Q3-T-011,1936.30212399,direct,,75.9251752525,,True
Q3-T-011,1938.30212399,direct,,69.9045753392,,True
Q3-T-011,1940.30212399,direct,,61.9457751658,,True
Q3-T-011,1942.30212399,direct,,57.8633755126,,True
Q3-T-011,1944.30212399,direct,,55.0973215493,,True
Q3-T-011,1946.30212399,direct,,53.0026145389,,True
Q3-T-011,1948.30212399,direct,,51.3161968249,,True
Q3-T-011,1950.30212399,direct,,49.9045753392,,True
Q3-T-011,1952.30212399,direct,,48.6906185321,,True
Q3-T-011,1954.30212399,direct,,47.6257082931,,True
Q3-T-011,1956.30212399,direct,,46.6772152945,,True
Q3-T-011,1958.30212399,direct,,45.8221756861,,True
Q3-T-011,1960.30212399,direct,,45.0438143655,,True
Q3-T-011,1962.30212399,direct,,44.3295033202,,True
Q3-T-011,1964.30212399,direct,,43.6694981181,,True
Q3-T-011,1966.30212399,direct,,43.0561217228,,True
Q3-T-011,1968.30212399,direct,,42.4832180938,,True
Q3-T-011,1970.30212399,direct,,41.9457751658,,True
Q3-T-011,1972.30212399,direct,,41.4396578605,,True
Q3-T-011,1974.30212399,direct,,40.9614147124,,True
Q3-T-011,1976.30212399,direct,,40.5081350196,,True
Q3-T-011,1978.30212399,direct,,40.0773414625,,True
Q3-T-011,1980.30212399,direct,,39.6669081196,,True
Q3-T-011,1982.30212399,direct,,39.2749969984,,True
Q3-T-011,1984.30212399,direct,,38.9000082781,,True
Q3-T-011,1986.30212399,direct,,38.5405408579,,True
Q3-T-011,1988.30212399,direct,,38.195360749,,True
Q3-T-011,1990.30212399,direct,,37.8633755126,,True
Q3-T-011,1992.30212399,direct,,37.543613405,,True
Q3-T-011,1994.30212399,direct,,37.2352062276,,True
Q3-T-011,1996.30212399,direct,,36.9373751196,,True
Q3-T-011,1998.30212399,direct,,36.6494187056,,True
Q3-T-011,2000.30212399,direct,,36.3707031467,,True
Q3-T-011,2002.30212399,direct,,36.1006537386,,True
Q3-T-011,2004.30212399,direct,,35.8387477768,,True
Q3-T-011,2006.30212399,direct,,35.5845084665,,True
Q3-T-011,2008.30212399,direct,,35.3374996988,,True
Q3-T-011,2010.30212399,direct,,35.0973215493,,True
Q3-T-011,2012.30212399,direct,,34.8636063828,,True
Q3-T-011,2014.30212399,direct,,34.6360154679,,True
Q3-T-011,2016.30212399,direct,,34.4142360246,,True
Q3-T-011,2018.30212399,direct,,34.197978639,,True
Q3-T-011,2020.30212399,direct,,33.9869749923,,True
Q3-T-011,2022.30212399,direct,,33.7809758595,,True
Q3-T-011,2024.30212399,direct,,33.5797493394,,True
Q3-T-011,2026.30212399,direct,,33.3830792852,,True
Q3-T-011,2028.30212399,direct,,33.1907639094,,True
Q3-T-011,2030.30212399,direct,,33.0026145389,,True
Q3-T-011,2032.30212399,direct,,32.8184545032,,True
Q3-T-011,2034.30212399,direct,,32.6381181368,,True
Q3-T-011,2036.30212399,direct,,32.4614498842,,True
Q3-T-011,2038.30212399,direct,,32.2883034936,,True
Q3-T-011,2040.30212399,direct,,32.1185412891,,True
Q3-T-011,2042.30212399,direct,,31.9520335134,,True
Q3-T-011,2044.30212399,direct,,31.7886577319,,True
Q3-T-011,2046.30212399,direct,,31.6282982915,,True
Q3-T-011,2048.30212399,direct,,31.4708458295,,True
Q3-T-011,2050.30212399,direct,,31.3161968249,,True
Q3-T-011,2052.30212399,direct,,31.1642531899,,True
Q3-T-011,2054.30212399,direct,,31.0149218962,,True
Q3-T-011,2056.30212399,direct,,30.8681146329,,True
Q3-T-011,2058.30212399,direct,,30.7237474928,,True
Q3-T-011,2060.30212399,direct,,30.5817406844,,True
Q3-T-011,2062.30212399,direct,,30.4420182672,,True
Q3-T-011,2064.30212399,direct,,30.3045079075,,True
Q3-T-011,2066.30212399,direct,,30.1691406539,,True
Q3-T-011,2068.30212399,direct,,30.0358507293,,True
Q3-T-011,2070.30212399,direct,,29.9045753392,,True
Q3-T-011,2072.30212399,direct,,29.7752544942,,True
Q3-T-011,2074.30212399,direct,,29.6478308451,,True
Q3-T-011,2076.30212399,direct,,29.5222495303,,True
Q3-T-011,2078.30212399,direct,,29.3984580339,,True
Q3-T-011,2080.30212399,direct,,29.2764060542,,True
Q3-T-011,2082.30212399,direct,,29.1560453804,,True
Q3-T-011,2084.30212399,direct,,29.0373297788,,True
Q3-T-011,2085.05125323,direct,,28.9932264362,,True
Q3-T-011,2086.30212399,direct,,28.9882687967,,True
Q3-T-011,2088.30212399,direct,,28.9598696038,,True
Q3-T-011,2090.30212399,direct,,28.9067169379,,True
Q3-T-011,2092.30212399,direct,,28.8297516492,,True
Q3-T-011,2094.30212399,direct,,28.7301649007,,True
Q3-T-011,2096.30212399,direct,,28.6095905195,,True
Q3-T-011,2098.30212399,direct,,28.4696885481,,True
Q3-T-011,2100.30212399,direct,,28.3124867955,,True
Q3-T-011,2102.30212399,direct,,28.1398333141,,True
Q3-T-011,2104.30212399,direct,,27.9538536877,,True
Q3-T-011,2106.30212399,direct,,27.7563267442,,True
Q3-T-011,2108.30212399,direct,,27.5491756227,,True
Q3-T-011,2110.30212399,direct,,27.3342003163,,True
Q3-T-011,2112.30212399,direct,,27.1128073368,,True
Q3-T-011,2114.30212399,direct,,26.8866090449,,True
Q3-T-011,2116.30212399,direct,,26.6566935811,,True
Q3-T-011,2118.30212399,direct,,26.424384614,,True
Q3-T-011,2120.30212399,direct,,26.1904600421,,True
Q3-T-011,2122.30212399,direct,,25.9559718454,,True
Q3-T-011,2124.30212399,direct,,25.7214550586,,True
Q3-T-011,2126.30212399,direct,,25.4877246914,,True
Q3-T-011,2128.30212399,direct,,25.2551089576,,True
Q3-T-011,2130.30212399,direct,,25.0242435956,,True
Q3-T-011,2132.30212399,direct,,24.7952840183,,True
Q3-T-011,2134.30212399,direct,,24.5686276665,,True
Q3-T-011,2136.30212399,direct,,24.3446046199,,True
Q3-T-011,2138.30212399,direct,,24.1232168942,,True
Q3-T-011,2140.30212399,direct,,23.9047947264,,True
Q3-T-011,2142.30212399,direct,,23.6892729356,,True
Q3-T-011,2144.30212399,direct,,23.4768985645,,True
Q3-T-011,2146.30212399,direct,,23.2675554181,,True
Q3-T-011,2148.30212399,direct,,23.0614501825,,True
Q3-T-011,2150.30212399,direct,,22.8584260075,,True
Q3-T-011,2152.30212399,direct,,22.6586510949,,True
Q3-T-011,2154.30212399,direct,,22.4619516876,,True
Q3-T-011,2156.30212399,direct,,22.2684568337,,True
Q3-T-011,2158.30212399,direct,,22.0779793128,,True
Q3-T-011,2160.30212399,direct,,21.8905614967,,True
Q3-T-011,2162.30212399,direct,,21.7062351887,,True
Q3-T-011,2164.30212399,direct,,21.5247985624,,True
Q3-T-011,2166.30212399,direct,,21.3463555505,,True
Q3-T-011,2168.30212399,direct,,21.1706932969,,True
Q3-T-011,2170.30212399,direct,,20.9979066432,,True
Q3-T-011,2172.30212399,direct,,20.8277943695,,True
Q3-T-011,2174.30212399,direct,,20.6604396183,,True
Q3-T-011,2176.30212399,direct,,20.4956445485,,True
Q3-T-011,2178.30212399,direct,,20.3334920094,,True
Q3-T-011,2180.30212399,direct,,20.1737795914,,True
Q3-T-011,2182.30212399,direct,,20.016586719,,True
Q3-T-011,2184.30212399,direct,,19.8617253689,,True
Q3-T-011,2186.30212399,direct,,19.7092049083,,True
Q3-T-011,2188.30212399,direct,,19.5590317506,,True
Q3-T-011,2190.30212399,direct,,19.4110306251,,True
Q3-T-011,2192.30212399,direct,,19.2652628757,,True
Q3-T-011,2194.30212399,direct,,19.1215592244,,True
Q3-T-011,2196.30212399,direct,,18.9799881134,,True
Q3-T-011,2198.30212399,direct,,18.8403819933,,True
Q3-T-011,2200.30212399,direct,,18.7028122076,,True
Q3-T-011,2202.30212399,direct,,18.5671092928,,True
Q3-T-011,2204.30212399,direct,,18.4333438991,,True
Q3-T-011,2206.30212399,direct,,18.3013599513,,True
Q3-T-011,2208.30212399,direct,,18.1712235845,,True
Q3-T-011,2210.30212399,direct,,18.0427841848,,True
Q3-T-011,2212.30212399,direct,,17.9160585591,,True
Q3-T-011,2214.30212399,direct,,17.791051188,,True
Q3-T-011,2216.30212399,direct,,17.6676228193,,True
Q3-T-011,2218.30212399,direct,,17.5458383206,,True
Q3-T-011,2220.30212399,direct,,17.4255597524,,True
Q3-T-011,2222.30212399,direct,,17.3068515236,,True
Q3-T-011,2224.30212399,direct,,17.1895836312,,True
Q3-T-011,2226.30212399,direct,,17.073813443,,True
Q3-T-011,2228.30212399,direct,,16.9594154303,,True
Q3-T-011,2230.30212399,direct,,16.8464530914,,True
Q3-T-011,2232.30212399,direct,,16.7348017931,,True
Q3-T-011,2234.30212399,direct,,16.6245245679,,True
Q3-T-011,2236.30212399,direct,,16.5155038225,,True
Q3-T-011,2238.30212399,direct,,16.4077514622,,True
Q3-T-011,2240.30212399,direct,,16.3012872967,,True
Q3-T-011,2242.30212399,direct,,16.1959963003,,True
Q3-T-011,2244.30212399,direct,,16.0919402868,,True
Q3-T-011,2246.30212399,direct,,15.9890077324,,True
Q3-T-011,2248.30212399,direct,,15.8872627835,,True
Q3-T-011,2250.30212399,direct,,15.7865915205,,True
Q3-T-011,2252.30212399,direct,,15.6870575978,,True
Q3-T-011,2254.30212399,direct,,15.588555967,,True
Q3-T-011,2256.30212399,direct,,15.4911468717,,True
Q3-T-011,2258.30212399,direct,,15.3947282574,,True
Q3-T-011,2260.30212399,direct,,15.2993624878,,True
Q3-T-011,2262.30212399,direct,,15.2049449931,,True
Q3-T-011,2264.30212399,direct,,15.11153761,,True
Q3-T-011,2266.30212399,direct,,15.0190438318,,True
Q3-T-011,2268.30212399,direct,,14.9274843749,,True
Q3-T-011,2270.30212399,direct,,14.8368788955,,True
Q3-T-011,2272.30212399,direct,,14.7471372058,,True
Q3-T-011,2274.30212399,direct,,14.6583119899,,True
Q3-T-011,2276.30212399,direct,,14.5703154734,,True
Q3-T-011,2278.30212399,direct,,14.4832048071,,True
Q3-T-011,2280.30212399,direct,,14.3968919588,,True
Q3-T-011,2282.30212399,direct,,14.3114358918,,True
Q3-T-011,2284.30212399,direct,,14.2267459413,,True
Q3-T-011,2286.30212399,direct,,14.1428805144,,True
Q3-T-011,2288.30212399,direct,,14.0597558197,,True
Q3-T-011,2290.30212399,direct,,13.9774272719,,True
Q3-T-011,2292.30212399,direct,,13.895813057,,True
Q3-T-011,2294.30212399,direct,,13.8149368079,,True
Q3-T-011,2296.30212399,direct,,13.7348144519,,True
Q3-T-011,2298.30212399,direct,,13.6553692608,,True
Q3-T-011,2300.30212399,direct,,13.5766552058,,True
Q3-T-011,2302.30212399,direct,,13.4985950447,,True
Q3-T-011,2304.30212399,direct,,13.4212421756,,True
Q3-T-011,2306.30212399,direct,,13.3445231948,,True
Q3-T-011,2308.30212399,direct,,13.2684866209,,True
Q3-T-011,2310.30212399,direct,,13.1930606906,,True
Q3-T-011,2312.30212399,direct,,13.1182976669,,True
Q3-T-011,2314.30212399,direct,,13.0441251772,,True
Q3-T-011,2316.30212399,direct,,12.9705949236,,True
Q3-T-011,2318.30212399,direct,,12.8976380669,,True
Q3-T-011,2320.30212399,direct,,12.8252716984,,True
Q3-T-011,2322.30212399,direct,,12.7535182975,,True
Q3-T-011,2324.30212399,direct,,12.6823091119,,True
Q3-T-011,2326.30212399,direct,,12.6116944646,,True
Q3-T-011,2328.30212399,direct,,12.5416069532,,True
Q3-T-011,2330.30212399,direct,,12.472098305,,True
Q3-T-011,2332.30212399,direct,,12.4030985094,,True
Q3-T-011,2334.30212399,direct,,12.3346587738,,True
Q3-T-011,2336.30212399,direct,,12.2667142435,,True
Q3-T-011,2338.30212399,direct,,12.1993136364,,True
Q3-T-011,2340.30212399,direct,,12.1323933012,,True
Q3-T-011,2342.30212399,direct,,12.0660032925,,True
Q3-T-011,2344.30212399,direct,,12.0000773872,,True
Q3-T-011,2346.30212399,direct,,11.93463804,,True
Q3-T-011,2348.30212399,direct,,11.8697051738,,True
Q3-T-011,2350.30212399,direct,,11.8052179589,,True
Q3-T-011,2352.30212399,direct,,1.74122331667,,True
Q3-T-011,2354.30212399,direct,,11.6776632562,,True
Q3-T-011,2356.30212399,direct,,1.61458063096,,True
Q3-T-011,2358.30212399,direct,,1.55191848587,,True
Q3-T-011,2360.30212399,direct,,1.48972275482,,True
Q3-T-011,2362.30212399,direct,,1.4279356796,,True
Q3-T-011,2364.30212399,direct,,1.36660271094,,True
Q3-T-011,2366.30212399,direct,,1.30566875207,,True
Q3-T-011,2368.30212399,direct,,1.24517535462,,True
Q3-T-011,2370.30212399,direct,,1.18506835785,,True
Q3-T-011,2372.30212399,direct,,1.1253675377,,True
Q3-T-011,2374.30212399,direct,,1.06609210085,,True
Q3-T-011,2376.30212399,direct,,1.00718914897,,True
Q3-T-011,2378.30212399,direct,,0.948699189448,,True
Q3-T-011,2380.30212399,direct,,0.890570187127,,True
Q3-T-011,2382.30212399,direct,,0.832845507655,,True
Q3-T-011,2384.30212399,direct,,0.775472281368,,True
Q3-T-011,2386.30212399,direct,,0.718493430115,,True
Q3-T-011,2388.30212399,direct,,0.661858470352,,True
Q3-T-011,2390.30212399,direct,,0.605606705425,,True
Q3-T-011,2392.30212399,direct,,0.549688438087,,True
Q3-T-011,2394.30212399,direct,,0.49414572354,,True
Q3-T-011,2396.30212399,direct,,0.438928021495,,True
Q3-T-011,2398.30212399,direct,,0.384054227447,,True
Q3-T-011,2400.30212399,direct,,0.329544269188,,True
Q3-T-011,2402.30212399,direct,,0.275345631192,,True
Q3-T-011,2404.30212399,direct,,0.221500860377,,True
Q3-T-011,2406.30212399,relay,H170,0.167961204277,6.28422753771,True
Q3-T-011,2408.30212399,relay,H170,0.114767266978,6.31463361484,True
Q3-T-011,2410.30212399,relay,H170,0.0618709756409,6.34472002094,True
Q3-T-011,2412.30212399,relay,H170,0.00931400724428,6.37447497772,True
Q3-T-011,2414.30212399,relay,H170,-0.0429540042993,6.40386802251,True
Q3-T-011,2416.30212399,relay,H170,-0.0948917664126,6.43288763195,True
Q3-T-011,2418.30212399,relay,H170,-0.146546048937,6.46155290242,True
Q3-T-011,2420.30212399,relay,H170,-0.197877427546,6.48982780929,True
Q3-T-011,2422.30212399,relay,H170,-0.248932047171,6.51773082456,True
Q3-T-011,2424.30212399,relay,H170,-0.299690479235,6.5452659398,True
Q3-T-011,2426.30212399,relay,H170,-0.350138001493,6.57235905933,True
Q3-T-011,2428.30212399,relay,H170,-0.400318422762,6.5990538175,True
Q3-T-011,2430.30212399,relay,H170,-0.450193258732,6.62531566051,True
Q3-T-011,2432.30212399,relay,H170,-0.499807163983,6.6511614834,True
Q3-T-011,2434.30212399,relay,H170,-0.549122019601,6.67655742087,True
Q3-T-011,2436.30212399,relay,H170,-0.598180536906,6.70154708733,True
Q3-T-011,2438.30212399,relay,H170,-0.646947712572,6.72604283245,True
Q3-T-011,2440.30212399,relay,H170,-0.695465695828,6.75008746538,True
Q3-T-011,2442.30212399,relay,H170,-0.743697080931,6.77364867815,True
Q3-T-011,2444.30212399,relay,H170,-0.791684858677,6.79674147172,True
Q3-T-011,2446.30212399,relay,H170,-0.839391971316,6.81933440972,True
Q3-T-011,2448.30212399,relay,H170,-0.886859552983,6.84147021974,True
Q3-T-011,2450.30212399,relay,H170,-0.934073126078,6.86307269719,True
Q3-T-011,2452.30212399,relay,H170,-0.981014590643,6.88415126378,True
Q3-T-011,2454.30212399,relay,H170,-1.02772564454,6.90471936862,True
Q3-T-011,2456.30212399,relay,H170,-1.07417007578,6.92474803124,True
Q3-T-011,2458.30212399,relay,H170,-1.12038779215,6.94427921111,True
Q3-T-011,2460.30212399,relay,H170,-1.16634550701,6.96322692822,True
Q3-T-011,2462.30212399,relay,H170,-1.21208263798,6.98163239346,True
Q3-T-011,2464.30212399,relay,H170,-1.25756362555,6.99946887711,True
Q3-T-011,2466.30212399,relay,H170,-1.30282871711,7.01674802763,True
Q3-T-011,2468.30212399,relay,H170,-1.34784267165,7.03344433474,True
Q3-T-011,2470.30212399,relay,H170,-1.39264402041,7.04959880843,True
Q3-T-011,2472.30212399,relay,H170,-1.43720035273,7.06512745865,True
Q3-T-011,2474.30212399,relay,H170,-1.48154974322,7.0800705955,True
Q3-T-011,2476.30212399,relay,H170,-1.5256575728,7.09440532848,True
Q3-T-011,2478.30212399,relay,H170,-1.56956273783,7.10814159365,True
Q3-T-011,2480.30212399,relay,H170,-1.61324903535,7.1212653134,True
Q3-T-011,2482.30212399,relay,H170,-1.65669937633,7.13379426506,True
Q3-T-011,2484.30212399,relay,H170,-1.69995445776,7.14567638693,True
Q3-T-011,2486.30212399,relay,H170,-1.74297918678,7.15692291389,True
Q3-T-011,2488.30212399,relay,H170,-1.78581140258,7.16754242722,True
Q3-T-011,2490.30212399,relay,H170,-1.82841752833,7.17751715438,True
Q3-T-011,2492.30212399,relay,H170,-1.87083499664,7.18685515204,True
Q3-T-011,2494.30212399,relay,H170,-1.91302933517,7.19557141023,True
Q3-T-011,2496.30212399,relay,H170,-1.95503995024,7.20361116383,True
Q3-T-011,2498.30212399,relay,H170,-1.99683264677,7.21099093408,True
Q3-T-011,2500.30212399,relay,H170,-2.03844407039,7.21771775365,True
Q3-T-011,2502.30212399,relay,H170,-2.07984149328,7.22377868236,True
Q3-T-011,2504.30212399,relay,H170,-2.12106118008,7.22918025123,True
Q3-T-011,2506.30212399,relay,H170,-2.16208653985,7.23394675556,True
Q3-T-011,2508.30212399,relay,H170,-2.20290473238,7.23800919389,True
Q3-T-011,2510.30212399,relay,H170,-2.24355031063,7.24140488201,True
Q3-T-011,2512.30212399,relay,H170,-2.28399122494,7.24412512732,True
Q3-T-011,2514.30212399,relay,H170,-2.32426282197,7.24617522546,True
Q3-T-011,2516.30212399,relay,H170,-2.36433331612,7.2475482186,True
Q3-T-011,2518.30212399,relay,H170,-2.40423658167,7.24828071121,True
Q3-T-011,2520.30212399,relay,H170,-2.44394333491,7.24830391155,True
Q3-T-011,2522.30212399,relay,H170,-2.48348709814,7.2476539082,True
Q3-T-011,2524.30212399,relay,H170,-2.52283660209,7.2463272421,True
Q3-T-011,2526.30212399,relay,H170,-2.5620261526,7.24432773174,True
Q3-T-011,2528.30212399,relay,H170,-2.6010247328,7.24165367015,True
Q3-T-011,2530.30212399,relay,H170,-2.6398652267,7.23834021761,True
Q3-T-011,2532.30212399,relay,H170,-2.6785350853,7.23432405757,True
Q3-T-011,2534.30212399,relay,H170,-2.71701874973,7.22963884169,True
Q3-T-011,2536.30212399,relay,H170,-2.75534970505,7.22428712907,True
Q3-T-011,2536.67927823,relay,H170,-2.76254846438,7.22322102923,True
Q3-T-011,2538.30212399,relay,H170,-2.76202102479,7.22267347335,True
Q3-T-011,2540.30212399,relay,H170,-2.7613780359,7.2219728444,True
Q3-T-011,2542.30212399,relay,H170,-2.76074229868,7.22124320101,True
Q3-T-011,2544.30212399,relay,H170,-2.76011381634,7.22048455781,True
Q3-T-011,2546.30212399,relay,H170,-2.75949259202,7.21969693002,True
Q3-T-011,2548.30212399,relay,H170,-2.75887862886,7.21888033343,True
Q3-T-011,2550.30212399,relay,H170,-2.75827192995,7.21803478441,True
Q3-T-011,2552.30212399,relay,H170,-2.75767249836,7.2171602999,True
Q3-T-011,2554.30212399,relay,H170,-2.75708033709,7.2162568974,True
Q3-T-011,2556.30212399,relay,H170,-2.75649544914,7.21532459499,True
Q3-T-011,2558.30212399,relay,H170,-2.75591783745,7.21436341133,True
Q3-T-011,2560.30212399,relay,H170,-2.75534750494,7.21337336563,True
Q3-T-011,2562.30212399,relay,H170,-2.75478445449,7.21235447767,True
Q3-T-011,2564.30212399,relay,H170,-2.75422868894,7.2113067678,True
Q3-T-011,2566.30212399,relay,H170,-2.7536802111,7.21023025694,True
Q3-T-011,2568.30212399,relay,H170,-2.75313902373,7.20912496655,True
Q3-T-011,2570.30212399,relay,H170,-2.75260512957,7.20799091868,True
Q3-T-011,2572.30212399,relay,H170,-2.75207853132,7.20682813593,True
Q3-T-011,2574.30212399,relay,H170,-2.75155923164,7.20563664144,True
Q3-T-011,2576.30212399,relay,H170,-2.75104723317,7.20441645892,True
Q3-T-011,2578.30212399,relay,H170,-2.75054253847,7.20316761266,True
Q3-T-011,2580.30212399,relay,H170,-2.75004515012,7.20189012745,True
Q3-T-011,2582.30212399,relay,H170,-2.74955507063,7.20058402869,True
Q3-T-011,2584.30212399,relay,H170,-2.74907230247,7.19924934228,True
Q3-T-011,2586.30212399,relay,H170,-2.7485968481,7.1978860947,True
Q3-T-011,2588.30212399,relay,H170,-2.74812870992,7.19649431296,True
Q3-T-011,2590.30212399,relay,H170,-2.74766789031,7.19507402464,True
Q3-T-011,2592.30212399,relay,H170,-2.74721439159,7.19362525783,True
Q3-T-011,2594.30212399,relay,H170,-2.74676821607,7.19214804118,True
Q3-T-011,2596.30212399,relay,H170,-2.74632936601,7.19064240388,True
Q3-T-011,2598.30212399,relay,H170,-2.74589784364,7.18910837565,True
Q3-T-011,2600.30212399,relay,H170,-2.74547365114,7.18754598676,True
Q3-T-011,2602.30212399,relay,H170,-2.74505679067,7.185955268,True
Q3-T-011,2604.30212399,relay,H170,-2.74464726433,7.18433625069,True
Q3-T-011,2606.30212399,relay,H170,-2.74424507422,7.18268896668,True
Q3-T-011,2608.30212399,relay,H170,-2.74385022237,7.18101344837,True
Q3-T-011,2610.30212399,relay,H170,-2.74346271079,7.17930972866,True
Q3-T-011,2612.30212399,relay,H170,-2.74308254144,7.17757784099,True
Q3-T-011,2614.30212399,relay,H170,-2.74270971626,7.1758178193,True
Q3-T-011,2616.30212399,relay,H170,-2.74234423714,7.17402969807,True
Q3-T-011,2618.30212399,relay,H170,-2.74198610594,7.17221351229,True
Q3-T-011,2620.30212399,relay,H170,-2.74163532448,7.17036929746,True
Q3-T-011,2622.30212399,relay,H170,-2.74129189454,7.16849708961,True
Q3-T-011,2624.30212399,relay,H170,-2.74095581787,7.16659692525,True
Q3-T-011,2626.30212399,relay,H170,-2.74062709617,7.16466884143,True
Q3-T-011,2628.30212399,relay,H170,-2.74030573113,7.16271287567,True
Q3-T-011,2630.30212399,relay,H170,-2.73999172437,7.16072906603,True
Q3-T-011,2632.30212399,relay,H170,-2.7396850775,7.15871745105,True
Q3-T-011,2633.05823331,relay,H170,-2.73957108213,7.15794982696,True
Q3-T-011,2634.30212399,relay,H170,-2.73957108213,7.15794982696,True
Q3-T-011,2636.30212399,relay,H170,-2.73957108213,7.15794982696,True
Q3-T-011,2638.30212399,relay,H170,-2.73957108213,7.15794982696,True
Q3-T-011,2640.30212399,relay,H170,-2.73957108213,7.15794982696,True
Q3-T-011,2642.30212399,relay,H170,-2.73957108213,7.15794982696,True
Q3-T-011,2644.30212399,relay,H170,-2.73957108213,7.15794982696,True
Q3-T-011,2646.30212399,relay,H170,-2.73957108213,7.15794982696,True
Q3-T-011,2648.30212399,relay,H170,-2.73957108213,7.15794982696,True
Q3-T-011,2650.30212399,relay,H170,-2.73957108213,7.15794982696,True
Q3-T-011,2652.30212399,relay,H170,-2.73957108213,7.15794982696,True
Q3-T-011,2654.30212399,relay,H170,-2.73957108213,7.15794982696,True
Q3-T-011,2656.30212399,relay,H170,-2.73957108213,7.15794982696,True
Q3-T-011,2658.30212399,relay,H170,-2.73957108213,7.15794982696,True
Q3-T-011,2660.30212399,relay,H170,-2.73957108213,7.15794982696,True
Q3-T-011,2662.30212399,relay,H170,-2.73957108213,7.15794982696,True
Q3-T-011,2664.30212399,relay,H170,-2.73957108213,7.15794982696,True
Q3-T-011,2666.30212399,relay,H170,-2.73957108213,7.15794982696,True
Q3-T-011,2668.30212399,relay,H170,-2.73957108213,7.15794982696,True
Q3-T-011,2670.30212399,relay,H170,-2.73957108213,7.15794982696,True
Q3-T-011,2672.30212399,relay,H170,-2.73957108213,7.15794982696,True
Q3-T-011,2674.30212399,relay,H170,-2.73957108213,7.15794982696,True
Q3-T-011,2676.30212399,relay,H170,-2.73957108213,7.15794982696,True
Q3-T-011,2678.30212399,relay,H170,-2.73957108213,7.15794982696,True
Q3-T-011,2680.30212399,relay,H170,-2.73957108213,7.15794982696,True
Q3-T-011,2682.30212399,relay,H170,-2.73957108213,7.15794982696,True
Q3-T-011,2684.30212399,relay,H170,-2.73957108213,7.15794982696,True
Q3-T-011,2686.30212399,relay,H170,-2.73957108213,7.15794982696,True
Q3-T-011,2688.30212399,relay,H170,-2.73957108213,7.15794982696,True
Q3-T-011,2690.30212399,relay,H170,-2.73957108213,7.15794982696,True
Q3-T-011,2692.30212399,relay,H170,-2.73957108213,7.15794982696,True
Q3-T-011,2694.30212399,relay,H170,-2.73957108213,7.15794982696,True
Q3-T-011,2696.30212399,relay,H170,-2.73957108213,7.15794982696,True
Q3-T-011,2698.30212399,relay,H170,-2.73957108213,7.15794982696,True
Q3-T-011,2700.30212399,relay,H170,-2.73957108213,7.15794982696,True
Q3-T-011,2702.30212399,relay,H170,-2.73957108213,7.15794982696,True
Q3-T-011,2704.30212399,relay,H170,-2.73957108213,7.15794982696,True
Q3-T-011,2706.30212399,relay,H170,-2.73957108213,7.15794982696,True
Q3-T-011,2708.30212399,relay,H170,-2.73957108213,7.15794982696,True
Q3-T-011,2710.30212399,relay,H170,-2.73957108213,7.15794982696,True
Q3-T-011,2712.30212399,relay,H170,-2.73957108213,7.15794982696,True
Q3-T-011,2714.30212399,relay,H170,-2.73957108213,7.15794982696,True
Q3-T-011,2716.30212399,relay,H170,-2.73957108213,7.15794982696,True
Q3-T-011,2718.30212399,relay,H170,-2.73957108213,7.15794982696,True
Q3-T-011,2720.30212399,relay,H170,-2.73957108213,7.15794982696,True
Q3-T-011,2722.30212399,relay,H170,-2.73957108213,7.15794982696,True
Q3-T-011,2724.30212399,relay,H170,-2.73957108213,7.15794982696,True
Q3-T-011,2726.30212399,relay,H170,-2.73957108213,7.15794982696,True
Q3-T-011,2728.30212399,relay,H170,-2.73957108213,7.15794982696,True
Q3-T-011,2730.30212399,relay,H170,-2.73957108213,7.15794982696,True
Q3-T-011,2732.30212399,relay,H170,-2.73957108213,7.15794982696,True
Q3-T-011,2734.30212399,relay,H170,-2.73957108213,7.15794982696,True
Q3-T-011,2736.30212399,relay,H170,-2.73957108213,7.15794982696,True
Q3-T-011,2738.30212399,relay,H170,-2.73957108213,7.15794982696,True
Q3-T-011,2740.30212399,relay,H170,-2.73957108213,7.15794982696,True
Q3-T-011,2742.30212399,relay,H170,-2.73957108213,7.15794982696,True
Q3-T-011,2744.30212399,relay,H170,-2.73957108213,7.15794982696,True
Q3-T-011,2746.30212399,relay,H170,-2.73957108213,7.15794982696,True
Q3-T-011,2748.30212399,relay,H170,-2.73957108213,7.15794982696,True
Q3-T-011,2750.30212399,relay,H170,-2.73957108213,7.15794982696,True
Q3-T-011,2752.30212399,relay,H170,-2.73957108213,7.15794982696,True
Q3-T-011,2754.30212399,relay,H170,-2.73957108213,7.15794982696,True
Q3-T-011,2756.30212399,relay,H170,-2.73957108213,7.15794982696,True
Q3-T-011,2758.30212399,relay,H170,-2.73957108213,7.15794982696,True
Q3-T-011,2760.30212399,relay,H170,-2.73957108213,7.15794982696,True
Q3-T-011,2762.30212399,relay,H170,-2.73957108213,7.15794982696,True
Q3-T-011,2764.30212399,relay,H170,-2.73957108213,7.15794982696,True
Q3-T-011,2766.30212399,relay,H170,-2.73957108213,7.15794982696,True
Q3-T-011,2768.30212399,relay,H170,-2.73957108213,7.15794982696,True
Q3-T-011,2770.30212399,relay,H170,-2.73957108213,7.15794982696,True
Q3-T-011,2772.30212399,relay,H170,-2.73957108213,7.15794982696,True
Q3-T-011,2774.30212399,relay,H170,-2.73957108213,7.15794982696,True
Q3-T-011,2776.30212399,relay,H170,-2.73957108213,7.15794982696,True
Q3-T-011,2778.30212399,relay,H170,-2.73957108213,7.15794982696,True
Q3-T-011,2780.30212399,relay,H170,-2.73957108213,7.15794982696,True
Q3-T-011,2782.30212399,relay,H170,-2.73957108213,7.15794982696,True
Q3-T-011,2784.30212399,relay,H170,-2.73957108213,7.15794982696,True
Q3-T-011,2786.30212399,relay,H170,-2.73957108213,7.15794982696,True
Q3-T-011,2788.30212399,relay,H170,-2.73957108213,7.15794982696,True
Q3-T-011,2790.30212399,relay,H170,-2.73957108213,7.15794982696,True
Q3-T-011,2792.30212399,relay,H170,-2.73957108213,7.15794982696,True
Q3-T-011,2794.30212399,relay,H170,-2.73957108213,7.15794982696,True
Q3-T-011,2796.30212399,relay,H170,-2.73957108213,7.15794982696,True
Q3-T-011,2798.30212399,relay,H170,-2.73957108213,7.15794982696,True
Q3-T-011,2800.30212399,relay,H170,-2.73957108213,7.15794982696,True
Q3-T-011,2802.30212399,relay,H170,-2.73957108213,7.15794982696,True
Q3-T-011,2804.30212399,relay,H170,-2.73957108213,7.15794982696,True
Q3-T-011,2806.30212399,relay,H170,-2.73957108213,7.15794982696,True
Q3-T-011,2808.30212399,relay,H170,-2.73957108213,7.15794982696,True
Q3-T-011,2810.30212399,relay,H170,-2.73957108213,7.15794982696,True
Q3-T-011,2812.30212399,relay,H170,-2.73957108213,7.15794982696,True
Q3-T-011,2813.05823331,relay,H170,-2.73957108213,7.15794982696,True
Q3-T-011,2814.30212399,relay,H170,-2.73979706759,7.15946095633,True
Q3-T-011,2816.30212399,relay,H170,-2.74016917734,7.16185928377,True
Q3-T-011,2818.30212399,relay,H170,-2.74055188403,7.16421753993,True
Q3-T-011,2820.30212399,relay,H170,-2.74094518485,7.16653565879,True
Q3-T-011,2822.30212399,relay,H170,-2.74134907691,7.16881357535,True
Q3-T-011,2824.30212399,relay,H170,-2.74176355725,7.1710512257,True
Q3-T-011,2826.30212399,relay,H170,-2.74218862285,7.17324854693,True
Q3-T-011,2828.30212399,relay,H170,-2.74262427059,7.17540547723,True
Q3-T-011,2830.30212399,relay,H170,-2.74307049728,7.17752195585,True
Q3-T-011,2832.30212399,relay,H170,-2.74352729965,7.17959792309,True
Q3-T-011,2834.30212399,relay,H170,-2.74399467437,7.18163332035,True
Q3-T-011,2836.30212399,relay,H170,-2.74447261802,7.1836280901,True
Q3-T-011,2838.30212399,relay,H170,-2.7449611271,7.18558217588,True
Q3-T-011,2840.30212399,relay,H170,-2.74546019803,7.18749552237,True
Q3-T-011,2842.30212399,relay,H170,-2.74596982719,7.1893680753,True
Q3-T-011,2844.30212399,relay,H170,-2.74649001083,7.19119978152,True
Q3-T-011,2846.30212399,relay,H170,-2.74702074517,7.19299058899,True
Q3-T-011,2848.30212399,relay,H170,-2.74756202632,7.19474044679,True
Q3-T-011,2850.30212399,relay,H170,-2.74811385033,7.1964493051,True
Q3-T-011,2852.30212399,relay,H170,-2.74867621319,7.19811711523,True
Q3-T-011,2854.30212399,relay,H170,-2.74924911078,7.19974382961,True
Q3-T-011,2856.30212399,relay,H170,-2.74983253893,7.20132940182,True
Q3-T-011,2858.30212399,relay,H170,-2.75042649338,7.20287378656,True
Q3-T-011,2860.30212399,relay,H170,-2.7510309698,7.20437693966,True
Q3-T-011,2862.30212399,relay,H170,-2.7516459638,7.20583881811,True
Q3-T-011,2864.30212399,relay,H170,-2.75227147088,7.20725938005,True
Q3-T-011,2866.30212399,relay,H170,-2.7529074865,7.20863858476,True
Q3-T-011,2868.30212399,relay,H170,-2.75355400603,7.20997639268,True
Q3-T-011,2870.30212399,relay,H170,-2.75421102476,7.21127276541,True
Q3-T-011,2872.30212399,relay,H170,-2.75487853792,7.21252766571,True
Q3-T-011,2874.30212399,relay,H170,-2.75555654064,7.21374105752,True
Q3-T-011,2876.30212399,relay,H170,-2.75624502801,7.21491290592,True
Q3-T-011,2878.30212399,relay,H170,-2.75694399501,7.2160431772,True
Q3-T-011,2880.30212399,relay,H170,-2.75765343658,7.21713183881,True
Q3-T-011,2882.30212399,relay,H170,-2.75837334756,7.21817885936,True
Q3-T-011,2884.30212399,relay,H170,-2.75910372272,7.21918420868,True
Q3-T-011,2886.30212399,relay,H170,-2.75984455677,7.22014785775,True
Q3-T-011,2888.30212399,relay,H170,-2.76059584434,7.22106977877,True
Q3-T-011,2890.30212399,relay,H170,-2.76135757998,7.22194994512,True
Q3-T-011,2892.30212399,relay,H170,-2.76212975816,7.22278833135,True
Q3-T-011,2893.37402921,relay,H170,-2.76254846438,7.22322102923,True
Q3-T-011,2894.30212399,relay,H170,-2.74480306144,7.22583969995,True
Q3-T-011,2896.30212399,relay,H170,-2.70642574914,7.23100789105,True
Q3-T-011,2898.30212399,relay,H170,-2.66789642596,7.23547719994,True
Q3-T-011,2900.30212399,relay,H170,-2.62917939713,7.23930865492,True
Q3-T-011,2902.30212399,relay,H170,-2.5903064221,7.24246976774,True
Q3-T-011,2904.30212399,relay,H170,-2.55124364727,7.24495740093,True
Q3-T-011,2906.30212399,relay,H170,-2.51202199902,7.24677262794,True
Q3-T-011,2908.30212399,relay,H170,-2.47260729298,7.24791181039,True
Q3-T-011,2910.30212399,relay,H170,-2.43303182122,7.24834595804,True
Q3-T-011,2912.30212399,relay,H170,-2.39325883763,7.24813458567,True
Q3-T-011,2914.30212399,relay,H170,-2.35332088408,7.24725044033,True
Q3-T-011,2916.30212399,relay,H170,-2.31318309442,7.24568889531,True
Q3-T-011,2918.30212399,relay,H170,-2.27287715956,7.24345627678,True
Q3-T-011,2920.30212399,relay,H170,-2.23236786192,7.24054746697,True
Q3-T-011,2922.30212399,relay,H170,-2.19167134611,7.23693514088,True
Q3-T-011,2924.30212399,relay,H170,-2.15080061389,7.23268829466,True
Q3-T-011,2926.30212399,relay,H170,-2.10972104732,7.22776941056,True
Q3-T-011,2928.30212399,relay,H170,-2.06846500148,7.22218913324,True
Q3-T-011,2930.30212399,relay,H170,-2.02699634775,7.21594111206,True
Q3-T-011,2932.30212399,relay,H170,-1.98534771406,7.20903768192,True
Q3-T-011,2934.30212399,relay,H170,-1.94348377254,7.20144074532,True
Q3-T-011,2936.30212399,relay,H170,-1.9014350763,7.19322687014,True
Q3-T-011,2938.30212399,relay,H170,-1.85916590563,7.18435737999,True
Q3-T-011,2940.30212399,relay,H170,-1.81670944696,7.17484789649,True
Q3-T-011,2942.30212399,relay,H170,-1.77402841277,7.16469055084,True
Q3-T-011,2944.30212399,relay,H170,-1.73115748299,7.15387173735,True
Q3-T-011,2946.30212399,relay,H170,-1.68805655725,7.14244479343,True
Q3-T-011,2948.30212399,relay,H170,-1.64474255245,7.13039032685,True
Q3-T-011,2950.30212399,relay,H170,-1.60123150763,7.11772111868,True
Q3-T-011,2952.30212399,relay,H170,-1.55748510983,7.10442797905,True
Q3-T-011,2954.30212399,relay,H170,-1.51353756564,7.09053188245,True
Q3-T-011,2956.30212399,relay,H170,-1.46935137996,7.0759929362,True
Q3-T-011,2958.30212399,relay,H170,-1.4249585789,7.06089396814,True
Q3-T-011,2960.30212399,relay,H170,-1.38032122482,7.04519440998,True
Q3-T-011,2962.30212399,relay,H170,-1.33547413296,7.02891801309,True
Q3-T-011,2964.30212399,relay,H170,-1.29037768112,7.01205391831,True
Q3-T-011,2966.30212399,relay,H170,-1.24506699619,6.99462717913,True
Q3-T-011,2968.30212399,relay,H170,-1.19950328222,6.97659699113,True
Q3-T-011,2970.30212399,relay,H170,-1.15371942298,6.95804852779,True
Q3-T-011,2972.30212399,relay,H170,-1.10767614804,6.93894025712,True
Q3-T-011,2974.30212399,relay,H170,-1.06138993361,6.9192893799,True
Q3-T-011,2976.30212399,relay,H170,-1.01487762068,6.89911409642,True
Q3-T-011,2978.30212399,relay,H170,-0.968097939066,6.87840148303,True
Q3-T-011,2980.30212399,relay,H170,-0.921088471108,6.85715219909,True
Q3-T-011,2982.30212399,relay,H170,-0.873804807659,6.8354098043,True
Q3-T-011,2984.30212399,relay,H170,-0.826284858929,6.81317582228,True
Q3-T-011,2986.30212399,relay,H170,-0.778486348615,6.79043610226,True
Q3-T-011,2988.30212399,relay,H170,-0.73044620978,6.7672217494,True
Q3-T-011,2990.30212399,relay,H170,-0.682121644033,6.7435179897,True
Q3-T-011,2992.30212399,relay,H170,-0.633551299108,6.71932934579,True
Q3-T-011,2994.30212399,relay,H170,-0.584689111397,6.69469554183,True
Q3-T-011,2996.30212399,relay,H170,-0.535574072699,6.66962176177,True
Q3-T-011,2998.30212399,relay,H170,-0.486162299955,6.64409197271,True
Q3-T-011,3000.30212399,relay,H170,-0.436491781168,6.61813977596,True
Q3-T-011,3002.30212399,relay,H170,-0.38651806962,6.59174850583,True
Q3-T-011,3004.30212399,relay,H170,-0.336259982878,6.56491298686,True
Q3-T-011,3006.30212399,relay,H170,-0.285732520616,6.53770814184,True
Q3-T-011,3008.30212399,relay,H170,-0.234891770087,6.51008975639,True
Q3-T-011,3010.30212399,relay,H170,-0.183776638659,6.48209309692,True
Q3-T-011,3012.30212399,relay,H170,-0.132341203614,6.45369991877,True
Q3-T-011,3014.30212399,relay,H170,-0.0806247506778,6.42494605487,True
Q3-T-011,3016.30212399,relay,H170,-0.0285822046168,6.39578731715,True
Q3-T-011,3018.30212399,relay,H170,0.0237496879918,6.36631087228,True
Q3-T-011,3020.30212399,relay,H170,0.0764166469834,6.33647172548,True
Q3-T-011,3022.30212399,relay,H170,0.129378611153,6.30630668257,True
Q3-T-011,3024.30212399,relay,H170,0.182683411858,6.27579563852,True
Q3-T-011,3026.30212399,direct,,0.236289079523,,True
Q3-T-011,3028.30212399,direct,,0.290247130947,,True
Q3-T-011,3030.30212399,direct,,0.344537836741,,True
Q3-T-011,3032.30212399,direct,,0.399142488479,,True
Q3-T-011,3034.30212399,direct,,0.454110636073,,True
Q3-T-011,3036.30212399,direct,,0.509400798904,,True
Q3-T-011,3038.30212399,direct,,0.565061681481,,True
Q3-T-011,3040.30212399,direct,,0.621054509652,,True
Q3-T-011,3042.30212399,direct,,0.677428742629,,True
Q3-T-011,3044.30212399,direct,,0.734142051889,,True
Q3-T-011,3046.30212399,direct,,0.791246222888,,True
Q3-T-011,3048.30212399,direct,,0.84869849282,,True
Q3-T-011,3050.30212399,direct,,0.906549808139,,True
Q3-T-011,3052.30212399,direct,,0.964760214842,,True
Q3-T-011,3054.30212399,direct,,1.02338148633,,True
Q3-T-011,3056.30212399,direct,,1.08239458036,,True
Q3-T-011,3058.30212399,direct,,1.1417799022,,True
Q3-T-011,3060.30212399,direct,,1.2015921189,,True
Q3-T-011,3062.30212399,direct,,1.26178519498,,True
Q3-T-011,3064.30212399,direct,,1.32241806438,,True
Q3-T-011,3066.30212399,direct,,1.38344423705,,True
Q3-T-011,3068.30212399,direct,,1.44492017719,,True
Q3-T-011,3070.30212399,direct,,1.50680060728,,True
Q3-T-011,3072.30212399,direct,,1.56914293561,,True
Q3-T-011,3074.30212399,direct,,1.63189963433,,True
Q3-T-011,3076.30212399,direct,,11.6951326152,,True
Q3-T-011,3078.30212399,direct,,11.7587938753,,True
Q3-T-011,3080.30212399,direct,,11.8229428097,,True
Q3-T-011,3082.30212399,direct,,11.8875596333,,True
Q3-T-011,3084.30212399,direct,,11.9526239217,,True
Q3-T-011,3086.30212399,direct,,12.018194805,,True
Q3-T-011,3088.30212399,direct,,12.0842284707,,True
Q3-T-011,3090.30212399,direct,,12.1507851658,,True
Q3-T-011,3092.30212399,direct,,12.2178168818,,True
Q3-T-011,3094.30212399,direct,,12.285386845,,True
Q3-T-011,3096.30212399,direct,,12.3534465274,,True
Q3-T-011,3098.30212399,direct,,12.4220584079,,True
Q3-T-011,3100.30212399,direct,,12.4911772866,,True
Q3-T-011,3102.30212399,direct,,12.5608668897,,True
Q3-T-011,3104.30212399,direct,,12.6310776301,,True
Q3-T-011,3106.30212399,direct,,12.7018764341,,True
Q3-T-011,3108.30212399,direct,,12.7732409447,,True
Q3-T-011,3110.30212399,direct,,12.8451540828,,True
Q3-T-011,3112.30212399,direct,,12.9176827942,,True
Q3-T-011,3114.30212399,direct,,12.9907761326,,True
Q3-T-011,3116.30212399,direct,,13.0645044525,,True
Q3-T-011,3118.30212399,direct,,13.1388162539,,True
Q3-T-011,3120.30212399,direct,,13.2137812469,,True
Q3-T-011,3122.30212399,direct,,13.2893515837,,True
Q3-T-011,3124.30212399,direct,,13.365598524,,True
Q3-T-011,3126.30212399,direct,,13.4424694447,,True
Q3-T-011,3128.30212399,direct,,13.5200392998,,True
Q3-T-011,3130.30212399,direct,,13.598254898,,True
Q3-T-011,3132.30212399,direct,,13.6771906327,,True
Q3-T-011,3134.30212399,direct,,13.7568304238,,True
Q3-T-011,3136.30212399,direct,,13.8371506784,,True
Q3-T-011,3138.30212399,direct,,13.9182306567,,True
Q3-T-011,3140.30212399,direct,,14.0000157318,,True
Q3-T-011,3142.30212399,direct,,14.0825870234,,True
Q3-T-011,3144.30212399,direct,,14.1658869745,,True
Q3-T-011,3146.30212399,direct,,14.2500033312,,True
Q3-T-011,3148.30212399,direct,,14.3348779793,,True
Q3-T-011,3150.30212399,direct,,14.4205960194,,True
Q3-T-011,3152.30212399,direct,,14.5071010881,,True
Q3-T-011,3154.30212399,direct,,14.5944804196,,True
Q3-T-011,3156.30212399,direct,,14.6826745814,,True
Q3-T-011,3158.30212399,direct,,14.771778001,,True
Q3-T-011,3160.30212399,direct,,14.8617682839,,True
Q3-T-011,3162.30212399,direct,,14.9526244783,,True
Q3-T-011,3164.30212399,direct,,15.0444396189,,True
Q3-T-011,3166.30212399,direct,,15.1371553307,,True
Q3-T-011,3168.30212399,direct,,15.2308645282,,True
Q3-T-011,3170.30212399,direct,,15.325513536,,True
Q3-T-011,3172.30212399,direct,,15.4211979501,,True
Q3-T-011,3174.30212399,direct,,15.5178582731,,True
Q3-T-011,3176.30212399,direct,,15.6155955122,,True
Q3-T-011,3178.30212399,direct,,15.7143496205,,True
Q3-T-011,3180.30212399,direct,,15.814221723,,True
Q3-T-011,3182.30212399,direct,,15.9151568436,,True
Q3-T-011,3184.30212399,direct,,16.0172592324,,True
Q3-T-011,3186.30212399,direct,,16.120510932,,True
Q3-T-011,3188.30212399,direct,,16.2248927705,,True
Q3-T-011,3190.30212399,direct,,16.3305167435,,True
Q3-T-011,3192.30212399,direct,,16.437317949,,True
Q3-T-011,3194.30212399,direct,,16.545417912,,True
Q3-T-011,3196.30212399,direct,,16.6547512695,,True
Q3-T-011,3198.30212399,direct,,16.7654372629,,True
Q3-T-011,3200.30212399,direct,,16.8774130313,,True
Q3-T-011,3202.30212399,direct,,16.9907985315,,True
Q3-T-011,3204.30212399,direct,,17.1055368023,,True
Q3-T-011,3206.30212399,direct,,17.2217519706,,True
Q3-T-011,3208.30212399,direct,,17.339380246,,True
Q3-T-011,3210.30212399,direct,,17.4585532728,,True
Q3-T-011,3212.30212399,direct,,17.5792572985,,True
Q3-T-011,3214.30212399,direct,,17.7014736136,,True
Q3-T-011,3216.30212399,direct,,17.8253476872,,True
Q3-T-011,3218.30212399,direct,,17.9508111748,,True
Q3-T-011,3220.30212399,direct,,18.0780076051,,True
Q3-T-011,3222.30212399,direct,,18.2068715661,,True
Q3-T-011,3224.30212399,direct,,18.3375517466,,True
Q3-T-011,3226.30212399,direct,,18.4699784675,,True
Q3-T-011,3228.30212399,direct,,18.6043132434,,True
Q3-T-011,3230.30212399,direct,,18.7404858585,,True
Q3-T-011,3232.30212399,direct,,18.8786559751,,True
Q3-T-011,3234.30212399,direct,,19.0187563777,,True
Q3-T-011,3236.30212399,direct,,19.1609524929,,True
Q3-T-011,3238.30212399,direct,,19.3051721625,,True
Q3-T-011,3240.30212399,direct,,19.4515948071,,True
Q3-T-011,3242.30212399,direct,,19.6002094572,,True
Q3-T-011,3244.30212399,direct,,19.7510066699,,True
Q3-T-011,3246.30212399,direct,,19.9041666545,,True
Q3-T-011,3248.30212399,direct,,20.0596178748,,True
Q3-T-011,3250.30212399,direct,,20.2175418563,,True
Q3-T-011,3252.30212399,direct,,20.3778736553,,True
Q3-T-011,3254.30212399,direct,,20.5408003218,,True
Q3-T-011,3256.30212399,direct,,20.7062449248,,True
Q3-T-011,3258.30212399,direct,,20.8744037679,,True
Q3-T-011,3260.30212399,direct,,21.0451956338,,True
Q3-T-011,3262.30212399,direct,,21.2188157705,,True
Q3-T-011,3264.30212399,direct,,21.3951868022,,True
Q3-T-011,3266.30212399,direct,,21.5745063877,,True
Q3-T-011,3268.30212399,direct,,21.7567556028,,True
Q3-T-011,3270.30212399,direct,,21.9419079075,,True
Q3-T-011,3272.30212399,direct,,22.1301647258,,True
Q3-T-011,3274.30212399,direct,,22.3214069409,,True
Q3-T-011,3276.30212399,direct,,22.5158413263,,True
Q3-T-011,3278.30212399,direct,,22.7133306272,,True
Q3-T-011,3280.30212399,direct,,22.9140598656,,True
Q3-T-011,3282.30212399,direct,,23.11787206,,True
Q3-T-011,3284.30212399,direct,,23.3249275215,,True
Q3-T-011,3286.30212399,direct,,23.5350465457,,True
Q3-T-011,3288.30212399,direct,,23.7483598292,,True
Q3-T-011,3290.30212399,direct,,23.9646291116,,True
Q3-T-011,3292.30212399,direct,,24.1839463327,,True
Q3-T-011,3294.30212399,direct,,24.4061024031,,True
Q3-T-011,3296.30212399,direct,,24.6308397183,,True
Q3-T-011,3298.30212399,direct,,24.8581567106,,True
Q3-T-011,3300.30212399,direct,,25.0876059888,,True
Q3-T-011,3302.30212399,direct,,25.3190666778,,True
Q3-T-011,3304.30212399,direct,,25.5519663397,,True
Q3-T-011,3306.30212399,direct,,25.7860397979,,True
Q3-T-011,3308.30212399,direct,,26.0205378157,,True
Q3-T-011,3310.30212399,direct,,26.255019194,,True
Q3-T-011,3312.30212399,direct,,26.488520529,,True
Q3-T-011,3314.30212399,direct,,26.7203490408,,True
Q3-T-011,3316.30212399,direct,,26.9492900638,,True
Q3-T-011,3318.30212399,direct,,27.1743667359,,True
Q3-T-011,3320.30212399,direct,,27.3941584233,,True
Q3-T-011,3322.30212399,direct,,27.6071189601,,True
Q3-T-011,3324.30212399,direct,,27.8117994849,,True
Q3-T-011,3326.30212399,direct,,28.0062747017,,True
Q3-T-011,3328.30212399,direct,,28.1888357401,,True
Q3-T-011,3330.30212399,direct,,28.3573800447,,True
Q3-T-011,3332.30212399,direct,,28.5100558904,,True
Q3-T-011,3334.30212399,direct,,28.6447794878,,True
Q3-T-011,3336.30212399,direct,,28.7597805521,,True
Q3-T-011,3338.30212399,direct,,28.8532499333,,True
Q3-T-011,3340.30212399,direct,,28.9237907138,,True
Q3-T-011,3342.30212399,direct,,28.9701824136,,True
Q3-T-011,3344.30212399,direct,,28.9916742475,,True
Q3-T-011,3345.00205421,direct,,28.9932264362,,True
Q3-T-011,3346.30212399,direct,,29.0570033764,,True
Q3-T-011,3348.30212399,direct,,29.1560453804,,True
Q3-T-011,3350.30212399,direct,,29.2562297626,,True
Q3-T-011,3352.30212399,direct,,29.3575831837,,True
Q3-T-011,3354.30212399,direct,,29.4601332491,,True
Q3-T-011,3356.30212399,direct,,29.5639085532,,True
Q3-T-011,3358.30212399,direct,,29.6689387282,,True
Q3-T-011,3360.30212399,direct,,29.7752544942,,True
Q3-T-011,3362.30212399,direct,,29.8828877134,,True
Q3-T-011,3364.30212399,direct,,29.9918714473,,True
Q3-T-011,3366.30212399,direct,,30.1022400179,,True
Q3-T-011,3368.30212399,direct,,30.2140290723,,True
Q3-T-011,3370.30212399,direct,,30.3272756523,,True
Q3-T-011,3372.30212399,direct,,30.4420182672,,True
Q3-T-011,3374.30212399,direct,,30.5582969735,,True
Q3-T-011,3376.30212399,direct,,30.6761534579,,True
Q3-T-011,3378.30212399,direct,,30.7956311277,,True
Q3-T-011,3380.30212399,direct,,30.9167752063,,True
Q3-T-011,3382.30212399,direct,,31.0396328365,,True
Q3-T-011,3384.30212399,direct,,31.1642531899,,True
Q3-T-011,3386.30212399,direct,,31.2906875859,,True
Q3-T-011,3388.30212399,direct,,31.418989618,,True
Q3-T-011,3390.30212399,direct,,31.5492152903,,True
Q3-T-011,3392.30212399,direct,,31.6814231644,,True
Q3-T-011,3394.30212399,direct,,31.8156745177,,True
Q3-T-011,3396.30212399,direct,,31.9520335134,,True
Q3-T-011,3398.30212399,direct,,32.0905673852,,True
Q3-T-011,3400.30212399,direct,,32.2313466361,,True
Q3-T-011,3402.30212399,direct,,32.3744452539,,True
Q3-T-011,3404.30212399,direct,,32.5199409446,,True
Q3-T-011,3406.30212399,direct,,32.667915386,,True
Q3-T-011,3408.30212399,direct,,32.8184545032,,True
Q3-T-011,3410.30212399,direct,,32.9716487677,,True
Q3-T-011,3412.30212399,direct,,33.1275935245,,True
Q3-T-011,3414.30212399,direct,,33.2863893483,,True
Q3-T-011,3416.30212399,direct,,33.4481424331,,True
Q3-T-011,3418.30212399,direct,,33.612965019,,True
Q3-T-011,3420.30212399,direct,,33.7809758595,,True
Q3-T-011,3422.30212399,direct,,33.9523007361,,True
Q3-T-011,3424.30212399,direct,,34.1270730237,,True
Q3-T-011,3426.30212399,direct,,34.3054343143,,True
Q3-T-011,3428.30212399,direct,,34.4875351064,,True
Q3-T-011,3430.30212399,direct,,34.6735355679,,True
Q3-T-011,3432.30212399,direct,,34.8636063828,,True
Q3-T-011,3434.30212399,direct,,35.0579296921,,True
Q3-T-011,3436.30212399,direct,,35.2567001427,,True
Q3-T-011,3438.30212399,direct,,35.4601260598,,True
Q3-T-011,3440.30212399,direct,,35.6684307584,,True
Q3-T-011,3442.30212399,direct,,35.8818540174,,True
Q3-T-011,3444.30212399,direct,,36.1006537386,,True
Q3-T-011,3446.30212399,direct,,36.3251078208,,True
Q3-T-011,3448.30212399,direct,,36.5555162814,,True
Q3-T-011,3450.30212399,direct,,36.7922036684,,True
Q3-T-011,3452.30212399,direct,,37.0355218095,,True
Q3-T-011,3454.30212399,direct,,37.2858529579,,True
Q3-T-011,3456.30212399,direct,,37.543613405,,True
Q3-T-011,3458.30212399,direct,,37.8092576451,,True
Q3-T-011,3460.30212399,direct,,38.0832831987,,True
Q3-T-011,3462.30212399,direct,,38.3662362199,,True
Q3-T-011,3464.30212399,direct,,38.6587180501,,True
Q3-T-011,3466.30212399,direct,,38.9613929127,,True
Q3-T-011,3468.30212399,direct,,39.2749969984,,True
Q3-T-011,3470.30212399,direct,,39.6003492527,,True
Q3-T-011,3472.30212399,direct,,39.9383642634,,True
Q3-T-011,3474.30212399,direct,,40.2900677594,,True
Q3-T-011,3476.30212399,direct,,40.6566153812,,True
Q3-T-011,3478.30212399,direct,,41.03931559,,True
Q3-T-011,3480.30212399,direct,,41.4396578605,,True
Q3-T-011,3482.30212399,direct,,41.8593476901,,True
Q3-T-011,3484.30212399,direct,,42.300350505,,True
Q3-T-011,3486.30212399,direct,,42.7649473193,,True
Q3-T-011,3488.30212399,direct,,43.2558061409,,True
Q3-T-011,3490.30212399,direct,,43.7760747882,,True
Q3-T-011,3492.30212399,direct,,44.3295033202,,True
Q3-T-011,3494.30212399,direct,,44.9206081914,,True
Q3-T-011,3496.30212399,direct,,45.5548964549,,True
Q3-T-011,3498.30212399,direct,,46.2391784656,,True
Q3-T-011,3500.30212399,direct,,46.9820146256,,True
Q3-T-011,3502.30212399,direct,,47.7943716438,,True
Q3-T-011,3504.30212399,direct,,48.6906185321,,True
Q3-T-011,3506.30212399,direct,,49.6900980314,,True
Q3-T-011,3508.30212399,direct,,50.8197251504,,True
Q3-T-011,3510.30212399,direct,,52.1185412891,,True
Q3-T-011,3512.30212399,direct,,53.6463082064,,True
Q3-T-011,3514.30212399,direct,,55.5013892711,,True
Q3-T-011,3516.30212399,direct,,57.8633755126,,True
Q3-T-011,3518.30212399,direct,,61.1179214626,,True
Q3-T-011,3520.30212399,direct,,66.3827501581,,True
Q3-T-011,3522.30212399,direct,,81.9457751658,,True
Q3-T-011,3524.30212399,direct,,69.9045753392,,True
Q3-T-011,3526.30212399,direct,,62.860924977,,True
Q3-T-011,3528.30212399,direct,,59.0232144522,,True
Q3-T-011,3530.30212399,direct,,56.3707031467,,True
Q3-T-011,3530.70100929,direct,,55.9251752525,,True
Q3-T-012,2288.68662533,direct,,55.9251752525,,True
Q3-T-012,2290.68662533,direct,,58.4239499847,,True
Q3-T-012,2292.68662533,direct,,61.9457751658,,True
Q3-T-012,2294.68662533,direct,,67.966375079,,True
Q3-T-012,2296.68662533,direct,,141.945775166,,True
Q3-T-012,2298.68662533,direct,,67.966375079,,True
Q3-T-012,2300.68662533,direct,,61.9457751658,,True
Q3-T-012,2302.68662533,direct,,58.4239499847,,True
Q3-T-012,2304.68662533,direct,,55.9251752525,,True
Q3-T-012,2306.68662533,direct,,53.9869749923,,True
Q3-T-012,2308.68662533,direct,,52.4033500714,,True
Q3-T-012,2310.68662533,direct,,51.0644142788,,True
Q3-T-012,2312.68662533,direct,,49.9045753392,,True
Q3-T-012,2314.68662533,direct,,48.8815248903,,True
Q3-T-012,2316.68662533,direct,,47.966375079,,True
Q3-T-012,2318.68662533,direct,,47.1385213759,,True
Q3-T-012,2320.68662533,direct,,46.3827501581,,True
Q3-T-012,2322.68662533,direct,,45.6875080329,,True
Q3-T-012,2324.68662533,direct,,45.0438143655,,True
Q3-T-012,2326.68662533,direct,,44.4445498979,,True
Q3-T-012,2328.68662533,direct,,43.8839754259,,True
Q3-T-012,2330.68662533,direct,,43.3573966515,,True
Q3-T-012,2332.68662533,direct,,42.860924977,,True
Q3-T-012,2334.68662533,direct,,42.39130306,,True
Q3-T-012,2336.68662533,direct,,41.9457751658,,True
Q3-T-012,2338.68662533,direct,,41.5219891844,,True
Q3-T-012,2340.68662533,direct,,41.1179214626,,True
Q3-T-012,2342.68662533,direct,,40.7318183587,,True
Q3-T-012,2344.68662533,direct,,40.3621502448,,True
Q3-T-012,2346.68662533,direct,,40.0075749056,,True
Q3-T-012,2348.68662533,direct,,39.6669081196,,True
Q3-T-012,2350.68662533,direct,,39.3390997959,,True
Q3-T-012,2352.68662533,direct,,39.0232144522,,True
Q3-T-012,2354.68662533,direct,,38.7184151211,,True
Q3-T-012,2356.68662533,direct,,38.4239499847,,True
Q3-T-012,2358.68662533,direct,,38.1391412024,,True
Q3-T-012,2360.68662533,direct,,37.8633755126,,True
Q3-T-012,2362.68662533,direct,,37.5960962815,,True
Q3-T-012,2364.68662533,direct,,37.3367967382,,True
Q3-T-012,2366.68662533,direct,,37.085014192,,True
Q3-T-012,2368.68662533,direct,,36.8403250637,,True
Q3-T-012,2370.68662533,direct,,36.6023405977,,True
Q3-T-012,2372.68662533,direct,,36.3707031467,,True
Q3-T-012,2374.68662533,direct,,36.1450829385,,True
Q3-T-012,2376.68662533,direct,,35.9251752525,,True
Q3-T-012,2378.68662533,direct,,35.7106979447,,True
Q3-T-012,2380.68662533,direct,,35.5013892711,,True
Q3-T-012,2382.68662533,direct,,35.2970059675,,True
Q3-T-012,2384.68662533,direct,,35.0973215493,,True
Q3-T-012,2386.68662533,direct,,34.9021248035,,True
Q3-T-012,2388.68662533,direct,,34.7112184454,,True
Q3-T-012,2390.68662533,direct,,34.5244179203,,True
Q3-T-012,2392.68662533,direct,,34.3415503315,,True
Q3-T-012,2394.68662533,direct,,34.1624534785,,True
Q3-T-012,2396.68662533,direct,,33.9869749923,,True
Q3-T-012,2398.68662533,direct,,33.8149715571,,True
Q3-T-012,2400.68662533,direct,,33.6463082064,,True
Q3-T-012,2402.68662533,direct,,33.480857687,,True
Q3-T-012,2404.68662533,direct,,33.3184998826,,True
Q3-T-012,2406.68662533,direct,,33.1591212892,,True
Q3-T-012,2408.68662533,direct,,33.0026145389,,True
Q3-T-012,2410.68662533,direct,,32.8488779656,,True
Q3-T-012,2412.68662533,direct,,32.6978152078,,True
Q3-T-012,2414.68662533,direct,,32.5493348462,,True
Q3-T-012,2416.68662533,direct,,32.4033500714,,True
Q3-T-012,2418.68662533,direct,,32.2597783788,,True
Q3-T-012,2420.68662533,direct,,32.1185412891,,True
Q3-T-012,2422.68662533,direct,,31.97956409,,True
Q3-T-012,2424.68662533,direct,,31.8427755994,,True
Q3-T-012,2426.68662533,direct,,31.7081079462,,True
Q3-T-012,2428.68662533,direct,,31.5754963682,,True
Q3-T-012,2430.68662533,direct,,31.444879025,,True
Q3-T-012,2432.68662533,direct,,31.3161968249,,True
Q3-T-012,2434.68662533,direct,,31.1893932643,,True
Q3-T-012,2436.68662533,direct,,31.0644142788,,True
Q3-T-012,2438.68662533,direct,,30.9412081047,,True
Q3-T-012,2440.68662533,direct,,30.8197251504,,True
Q3-T-012,2442.68662533,direct,,30.6999178766,,True
Q3-T-012,2444.68662533,direct,,30.5817406844,,True
Q3-T-012,2446.68662533,direct,,30.4651498112,,True
Q3-T-012,2448.68662533,direct,,30.3501032334,,True
Q3-T-012,2450.68662533,direct,,30.2365605756,,True
Q3-T-012,2452.68662533,direct,,30.1244830252,,True
Q3-T-012,2454.68662533,direct,,30.0138332532,,True
Q3-T-012,2456.68662533,direct,,29.9045753392,,True
Q3-T-012,2458.68662533,direct,,29.7966747015,,True
Q3-T-012,2460.68662533,direct,,29.6900980314,,True
Q3-T-012,2462.32828061,direct,,29.6036705557,,True
Q3-T-012,2462.68662533,direct,,29.6029399499,,True
Q3-T-012,2464.68662533,direct,,29.5720936792,,True
Q3-T-012,2466.68662533,direct,,29.4967475583,,True
Q3-T-012,2468.68662533,direct,,29.3791915974,,True
Q3-T-012,2470.68662533,direct,,29.222749106,,True
Q3-T-012,2472.68662533,direct,,29.0316525839,,True
Q3-T-012,2474.68662533,direct,,28.8104128935,,True
Q3-T-012,2476.68662533,direct,,28.5639035371,,True
Q3-T-012,2478.68662533,direct,,28.2967247919,,True
Q3-T-012,2480.68662533,direct,,28.0133036706,,True
Q3-T-012,2482.68662533,direct,,27.7177032652,,True
Q3-T-012,2484.68662533,direct,,27.4132993116,,True
Q3-T-012,2486.68662533,direct,,27.103085242,,True
Q3-T-012,2488.68662533,direct,,26.7896418666,,True
Q3-T-012,2490.68662533,direct,,26.4751139622,,True
Q3-T-012,2492.68662533,direct,,26.1611943429,,True
Q3-T-012,2494.68662533,direct,,25.8491138479,,True
Q3-T-012,2496.68662533,direct,,25.540038229,,True
Q3-T-012,2498.68662533,direct,,25.2348473681,,True
Q3-T-012,2500.68662533,direct,,24.934072175,,True
Q3-T-012,2502.68662533,direct,,24.6383120642,,True
Q3-T-012,2504.68662533,direct,,24.3477708729,,True
Q3-T-012,2506.68662533,direct,,24.0626634997,,True
Q3-T-012,2508.68662533,direct,,23.7831723336,,True
Q3-T-012,2510.68662533,direct,,23.509363615,,True
Q3-T-012,2512.68662533,direct,,23.2413695628,,True
Q3-T-012,2514.68662533,direct,,22.9789170392,,True
Q3-T-012,2516.68662533,direct,,22.7220659399,,True
Q3-T-012,2518.68662533,direct,,22.4707285784,,True
Q3-T-012,2520.68662533,direct,,22.22483797,,True
Q3-T-012,2522.68662533,direct,,21.9842643836,,True
Q3-T-012,2524.68662533,direct,,21.7487783302,,True
Q3-T-012,2526.68662533,direct,,21.5183519288,,True
Q3-T-012,2528.68662533,direct,,21.2927713887,,True
Q3-T-012,2530.68662533,direct,,21.0719330836,,True
Q3-T-012,2532.68662533,direct,,20.8557579396,,True
Q3-T-012,2534.68662533,direct,,20.6440131834,,True
Q3-T-012,2536.68662533,direct,,20.4365555567,,True
Q3-T-012,2538.68662533,direct,,20.2332835401,,True
Q3-T-012,2540.68662533,direct,,20.0340641788,,True
Q3-T-012,2542.68662533,direct,,19.838855596,,True
Q3-T-012,2544.68662533,direct,,19.6473551508,,True
Q3-T-012,2546.68662533,direct,,19.459530352,,True
Q3-T-012,2548.68662533,direct,,19.2752928157,,True
Q3-T-012,2550.68662533,direct,,19.0944692708,,True
Q3-T-012,2552.68662533,direct,,18.9170312502,,True
Q3-T-012,2554.68662533,direct,,18.7427694791,,True
Q3-T-012,2556.68662533,direct,,18.5716617129,,True
Q3-T-012,2558.68662533,direct,,18.4035547044,,True
Q3-T-012,2560.68662533,direct,,18.2383820438,,True
Q3-T-012,2562.68662533,direct,,18.0761259859,,True
Q3-T-012,2564.68662533,direct,,17.9165523468,,True
Q3-T-012,2566.68662533,direct,,17.7596515468,,True
Q3-T-012,2568.68662533,direct,,17.6053430955,,True
Q3-T-012,2570.68662533,direct,,17.4535739421,,True
Q3-T-012,2572.68662533,direct,,17.3042639676,,True
Q3-T-012,2574.68662533,direct,,17.1572793379,,True
Q3-T-012,2576.68662533,direct,,17.012595288,,True
Q3-T-012,2578.68662533,direct,,16.8701686172,,True
Q3-T-012,2580.68662533,direct,,16.7298898796,,True
Q3-T-012,2582.68662533,direct,,16.5917212053,,True
Q3-T-012,2584.68662533,direct,,16.455665089,,True
Q3-T-012,2586.68662533,direct,,16.3215417391,,True
Q3-T-012,2588.68662533,direct,,16.1893589189,,True
Q3-T-012,2590.68662533,direct,,16.059064303,,True
Q3-T-012,2592.68662533,direct,,15.9306280974,,True
Q3-T-012,2594.68662533,direct,,15.8039970034,,True
Q3-T-012,2596.68662533,direct,,15.6790712896,,True
Q3-T-012,2598.68662533,direct,,15.5558628603,,True
Q3-T-012,2600.68662533,direct,,15.4342885214,,True
Q3-T-012,2602.68662533,direct,,15.3143264281,,True
Q3-T-012,2604.68662533,direct,,15.1959704961,,True
Q3-T-012,2606.68662533,direct,,15.0791314623,,True
Q3-T-012,2608.68662533,direct,,14.9637687594,,True
Q3-T-012,2610.68662533,direct,,14.8498650691,,True
Q3-T-012,2612.68662533,direct,,14.7373853355,,True
Q3-T-012,2614.68662533,direct,,14.6263457107,,True
Q3-T-012,2616.68662533,direct,,14.5166128356,,True
Q3-T-012,2618.68662533,direct,,14.4082057208,,True
Q3-T-012,2620.68662533,direct,,14.3011109724,,True
Q3-T-012,2622.68662533,direct,,14.1952644459,,True
Q3-T-012,2624.68662533,direct,,14.0906852505,,True
Q3-T-012,2626.68662533,direct,,13.9872846955,,True
Q3-T-012,2628.68662533,direct,,13.8850830699,,True
Q3-T-012,2630.68662533,direct,,13.7840214327,,True
Q3-T-012,2632.68662533,direct,,13.6840912439,,True
Q3-T-012,2634.68662533,direct,,13.5852968145,,True
Q3-T-012,2636.68662533,direct,,13.4875726067,,True
Q3-T-012,2638.68662533,direct,,13.3908931801,,True
Q3-T-012,2640.68662533,direct,,13.2952522195,,True
Q3-T-012,2642.68662533,direct,,13.2006434074,,True
Q3-T-012,2644.68662533,direct,,13.1070424965,,True
Q3-T-012,2646.68662533,direct,,13.0143899907,,True
Q3-T-012,2648.68662533,direct,,12.9226936841,,True
Q3-T-012,2650.68662533,direct,,12.8319490695,,True
Q3-T-012,2652.68662533,direct,,12.742108323,,True
Q3-T-012,2654.68662533,direct,,12.6531939755,,True
Q3-T-012,2656.68662533,direct,,12.5651508122,,True
Q3-T-012,2658.68662533,direct,,12.4779594821,,True
Q3-T-012,2660.68662533,direct,,12.3916177472,,True
Q3-T-012,2662.68662533,direct,,12.306109544,,True
Q3-T-012,2664.68662533,direct,,12.2214574336,,True
Q3-T-012,2666.68662533,direct,,12.1375694934,,True
Q3-T-012,2668.68662533,direct,,12.0544694877,,True
Q3-T-012,2670.68662533,direct,,11.9721430273,,True
Q3-T-012,2672.68662533,direct,,11.8905892097,,True
Q3-T-012,2674.68662533,direct,,11.8097915316,,True
Q3-T-012,2676.68662533,direct,,11.7297028044,,True
Q3-T-012,2678.68662533,direct,,11.6503465221,,True
Q3-T-012,2680.68662533,direct,,11.5716844645,,True
Q3-T-012,2682.68662533,direct,,11.4937172194,,True
Q3-T-012,2684.68662533,direct,,11.4164328186,,True
Q3-T-012,2686.68662533,direct,,11.3398541514,,True
Q3-T-012,2688.68662533,direct,,11.2639004329,,True
Q3-T-012,2690.68662533,direct,,11.1885954272,,True
Q3-T-012,2692.68662533,direct,,11.1139403137,,True
Q3-T-012,2694.68662533,direct,,11.0399004349,,True
Q3-T-012,2696.68662533,direct,,10.9664989145,,True
Q3-T-012,2698.68662533,direct,,10.8936828792,,True
Q3-T-012,2700.68662533,direct,,10.8214756248,,True
Q3-T-012,2702.68662533,direct,,10.7498442601,,True
Q3-T-012,2704.68662533,direct,,10.6787911338,,True
Q3-T-012,2706.68662533,direct,,10.608327581,,True
Q3-T-012,2708.68662533,direct,,10.5384148113,,True
Q3-T-012,2710.68662533,direct,,10.469042172,,True
Q3-T-012,2712.68662533,direct,,10.4002124732,,True
Q3-T-012,2714.68662533,direct,,10.3319283678,,True
Q3-T-012,2716.68662533,direct,,0.264179358683,,True
Q3-T-012,2718.68662533,relay,H161,0.196929031131,10.9251271506,True
Q3-T-012,2720.68662533,relay,H161,0.130189443334,10.9793500498,True
Q3-T-012,2722.68662533,relay,H161,0.0639636365424,11.031687147,True
Q3-T-012,2724.68662533,relay,H161,-0.00177721126194,11.0821601394,True
Q3-T-012,2726.68662533,relay,H161,-0.0670106915125,11.1306547871,True
Q3-T-012,2728.68662533,relay,H161,-0.131781982717,11.1770801237,True
Q3-T-012,2730.68662533,relay,H161,-0.196068616059,11.2213226479,True
Q3-T-012,2732.68662533,relay,H161,-0.259898166901,11.2634095979,True
Q3-T-012,2734.68662533,relay,H161,-0.323266896879,11.3032229068,True
Q3-T-012,2736.68662533,relay,H161,-0.386152943482,11.3406600266,True
Q3-T-012,2738.68662533,relay,H161,-0.448619706509,11.3757292771,True
Q3-T-012,2740.68662533,relay,H161,-0.510644849727,11.4083327143,True
Q3-T-012,2742.68662533,relay,H161,-0.572234511133,11.4384123328,True
Q3-T-012,2744.68662533,relay,H161,-0.633384866213,11.4658648874,True
Q3-T-012,2746.68662533,relay,H161,-0.694103895663,11.4907555902,True
Q3-T-012,2748.68662533,relay,H161,-0.754422886784,11.5129541243,True
Q3-T-012,2750.68662533,relay,H161,-0.814320085316,11.5323874241,True
Q3-T-012,2752.68662533,relay,H161,-0.873820370045,11.5491149645,True
Q3-T-012,2754.68662533,relay,H161,-0.932919471038,11.56305606,True
Q3-T-012,2756.68662533,relay,H161,-0.991605651616,11.5742060819,True
Q3-T-012,2758.68662533,relay,H161,-1.04990898833,11.5824522821,True
Q3-T-012,2760.68662533,relay,H161,-1.10783624627,11.5878941495,True
Q3-T-012,2762.68662533,relay,H161,-1.1653830024,11.590473659,True
Q3-T-012,2764.68662533,relay,H161,-1.22255418012,11.5901857065,True
Q3-T-012,2766.68662533,relay,H161,-1.27932896058,11.5870124694,True
Q3-T-012,2768.68662533,relay,H161,-1.33576354225,11.5809982956,True
Q3-T-012,2770.68662533,relay,H161,-1.39183675826,11.5721353471,True
Q3-T-012,2772.68662533,relay,H161,-1.44754420558,11.5603975895,True
Q3-T-012,2774.68662533,relay,H161,-1.50290834437,11.5458953896,True
Q3-T-012,2776.68662533,relay,H161,-1.55790855301,11.5286433429,True
Q3-T-012,2778.68662533,relay,H161,-1.61258122946,11.5086144246,True
Q3-T-012,2780.68662533,relay,H161,-1.66690577037,11.4858356597,True
Q3-T-012,2782.68662533,relay,H161,-1.7209038694,11.46043237,True
Q3-T-012,2784.68662533,relay,H161,-1.7745708105,11.4324102038,True
Q3-T-012,2786.68662533,relay,H161,-1.82788651055,11.4018153223,True
Q3-T-012,2788.68662533,relay,H161,-1.88090323057,11.3687145389,True
Q3-T-012,2790.68662533,relay,H161,-1.93360059837,11.3331600572,True
Q3-T-012,2792.68662533,relay,H161,-1.98598241078,11.2952137427,True
Q3-T-012,2794.68662533,relay,H161,-2.03804401882,11.2549045288,True
Q3-T-012,2796.68662533,relay,H161,-2.08980589465,11.2123720109,True
Q3-T-012,2798.68662533,relay,H161,-2.14124824856,11.1676854618,True
Q3-T-012,2800.68662533,relay,H161,-2.19240462987,11.1208437359,True
Q3-T-012,2802.68662533,relay,H161,-2.24325528172,11.0719229867,True
Q3-T-012,2804.68662533,relay,H161,-2.29382003894,11.0210633645,True
Q3-T-012,2806.68662533,relay,H161,-2.34409402926,10.9683063409,True
Q3-T-012,2808.68662533,relay,H161,-2.39405797601,10.9137350414,True
Q3-T-012,2810.68662533,relay,H161,-2.44376041474,10.8574111256,True
Q3-T-012,2812.68662533,relay,H161,-2.49318182936,10.7994170634,True
Q3-T-012,2814.68662533,relay,H161,-2.54232536002,10.7398285606,True
Q3-T-012,2816.68662533,relay,H161,-2.59118622961,10.6786936758,True
Q3-T-012,2818.68662533,relay,H161,-2.63976911724,10.6161809586,True
Q3-T-012,2820.68662533,relay,H161,-2.68809744365,10.5522588177,True
Q3-T-012,2822.68662533,relay,H161,-2.73615993654,10.4870386205,True
Q3-T-012,2824.68662533,relay,H161,-2.78395179347,10.4205676895,True
Q3-T-012,2826.68662533,relay,H161,-2.83149128807,10.3529654207,True
Q3-T-012,2828.68662533,relay,H161,-2.87875973245,10.2843145831,True
Q3-T-012,2830.68662533,relay,H161,-2.92577988689,10.2145822709,True
Q3-T-012,2832.68662533,relay,H161,-2.97255581629,10.1439178373,True
Q3-T-012,2834.68662533,relay,H161,-3.01908257776,10.072362229,True
Q3-T-012,2836.68662533,relay,H161,-3.06536279714,9.99997736829,True
Q3-T-012,2838.68662533,relay,H161,-3.11137825901,9.92684264306,True
Q3-T-012,2840.68662533,relay,H161,-3.15717321703,9.8529780588,True
Q3-T-012,2842.68662533,relay,H161,-3.20272926629,9.77845857718,True
Q3-T-012,2844.68662533,relay,H161,-3.24804157788,9.70332089143,True
Q3-T-012,2846.68662533,relay,H161,-3.29312720919,9.6276529559,True
Q3-T-012,2848.68662533,relay,H161,-3.33796817196,9.55152507986,True
Q3-T-012,2850.68662533,relay,H161,-3.38259298133,9.47490913289,True
Q3-T-012,2852.68662533,relay,H161,-3.42698369596,9.39787458853,True
Q3-T-012,2854.68662533,relay,H161,-3.47115693202,9.32049694392,True
Q3-T-012,2856.68662533,relay,H161,-3.51510775648,9.24280300026,True
Q3-T-012,2858.68662533,relay,H161,-3.55882566614,9.16487079381,True
Q3-T-012,2860.68662533,relay,H161,-3.60233134477,9.08665129422,True
Q3-T-012,2862.68662533,relay,H161,-3.64562820566,9.00824589479,True
Q3-T-012,2864.68662533,relay,H161,-3.68871132928,8.92967634278,True
Q3-T-012,2866.68662533,relay,H161,-3.73157590319,8.85096462935,True
Q3-T-012,2868.68662533,relay,H161,-3.77422541482,8.77220293912,True
Q3-T-012,2870.68662533,relay,H161,-3.81667983886,8.69333680773,True
Q3-T-012,2872.68662533,relay,H161,-3.85892870456,8.61443163012,True
Q3-T-012,2874.68662533,relay,H161,-3.90096721419,8.53550485358,True
Q3-T-012,2876.68662533,relay,H161,-3.94281088329,8.45660279996,True
Q3-T-012,2878.68662533,relay,H161,-3.98444271067,8.37777477652,True
Q3-T-012,2880.68662533,relay,H161,-4.02588219966,8.29896477493,True
Q3-T-012,2882.68662533,relay,H161,-4.0671324182,8.22024805238,True
Q3-T-012,2884.68662533,relay,H161,-4.10818849765,8.14163615215,True
Q3-T-012,2886.68662533,relay,H161,-4.14905224901,8.0631486026,True
Q3-T-012,2888.68662533,relay,H161,-4.18970707555,7.98483031756,True
Q3-T-012,2890.68662533,relay,H161,-4.23019158881,7.90664562671,True
Q3-T-012,2892.68662533,relay,H161,-4.27048905733,7.82863721398,True
Q3-T-012,2894.68662533,relay,H161,-4.31060119436,7.75082033294,True
Q3-T-012,2896.68662533,relay,H161,-4.35052326023,7.6732031732,True
Q3-T-012,2898.68662533,relay,H161,-4.39026981043,7.59581163373,True
Q3-T-012,2900.68662533,relay,H161,-4.42982451839,7.5186842336,True
Q3-T-012,2902.68662533,relay,H161,-4.46920573965,7.44176233413,True
Q3-T-012,2904.68662533,relay,H161,-4.50841622449,7.36510027776,True
Q3-T-012,2906.68662533,relay,H161,-4.54745118087,7.28870267947,True
Q3-T-012,2908.68662533,relay,H161,-4.58631216724,7.21257897222,True
Q3-T-012,2910.68662533,relay,H161,-4.62498323388,7.13676485356,True
Q3-T-012,2912.68662533,relay,H161,-4.66350095069,7.06121453278,True
Q3-T-012,2914.68662533,relay,H161,-4.70184925009,6.98596244741,True
Q3-T-012,2916.68662533,relay,H161,-4.74002961033,6.91101550638,True
Q3-T-012,2918.68662533,relay,H161,-4.7780373685,6.83637673049,True
Q3-T-012,2920.68662533,relay,H161,-4.81587522189,6.76208880972,True
Q3-T-012,2922.68662533,relay,H161,-4.85356051771,6.68809332986,True
Q3-T-012,2924.68662533,relay,H161,-4.891077555,6.6144226444,True
Q3-T-012,2926.68662533,relay,H161,-4.92843983134,6.54108681378,True
Q3-T-012,2928.68662533,relay,H161,-4.96564264548,6.46808690807,True
Q3-T-012,2930.68662533,relay,H161,-5.00267656816,6.39545533902,True
Q3-T-012,2932.68662533,relay,H161,-5.03955859719,6.32313545965,True
Q3-T-012,2934.68662533,relay,H161,-5.0762911307,6.25116334295,True
Q3-T-012,2936.68662533,relay,H161,-5.11286950282,6.17953933682,True
Q3-T-012,2938.68662533,relay,H161,-5.14928913105,6.10826413342,True
Q3-T-012,2940.68662533,relay,H161,-5.18555248538,6.03737050917,True
Q3-T-012,2942.68662533,relay,H161,-5.2216760829,5.96680279326,True
Q3-T-012,2944.68662533,relay,H161,-5.25765056074,5.89659025658,True
Q3-T-012,2946.58341181,relay,H161,-5.29162043631,5.8303437794,True
Q3-T-012,2946.68662533,relay,H161,-5.29160684987,5.83032189167,True
Q3-T-012,2948.68662533,relay,H161,-5.29133649051,5.82987705615,True
Q3-T-012,2950.68662533,relay,H161,-5.29106874005,5.82941873615,True
Q3-T-012,2952.68662533,relay,H161,-5.29080359898,5.82894693593,True
Q3-T-012,2954.68662533,relay,H161,-5.29054106776,5.82846165989,True
Q3-T-012,2956.68662533,relay,H161,-5.29028114688,5.82796291256,True
Q3-T-012,2958.68662533,relay,H161,-5.2900238368,5.82745069858,True
Q3-T-012,2960.68662533,relay,H161,-5.28976913799,5.82692502272,True
Q3-T-012,2962.68662533,relay,H161,-5.28951705091,5.82638588989,True
Q3-T-012,2964.68662533,relay,H161,-5.28926757602,5.82583330508,True
Q3-T-012,2966.68662533,relay,H161,-5.28902071376,5.82526727346,True
Q3-T-012,2968.68662533,relay,H161,-5.28877646459,5.82468780029,True
Q3-T-012,2970.68662533,relay,H161,-5.28853482894,5.82409489095,True
Q3-T-012,2972.68662533,relay,H161,-5.28829580726,5.82348855096,True
Q3-T-012,2974.68662533,relay,H161,-5.28805939997,5.82286878596,True
Q3-T-012,2976.68662533,relay,H161,-5.2878256075,5.8222356017,True
Q3-T-012,2978.68662533,relay,H161,-5.28759443027,5.82158900407,True
Q3-T-012,2980.68662533,relay,H161,-5.28736586871,5.82092899907,True
Q3-T-012,2982.68662533,relay,H161,-5.28713992322,5.82025559282,True
Q3-T-012,2984.68662533,relay,H161,-5.28691659422,5.81956879158,True
Q3-T-012,2986.68662533,relay,H161,-5.28669588212,5.81886860171,True
Q3-T-012,2988.68662533,relay,H161,-5.2864777873,5.81815502971,True
Q3-T-012,2990.68662533,relay,H161,-5.28626231016,5.81742808219,True
Q3-T-012,2992.68662533,relay,H161,-5.2860494511,5.81668776589,True
Q3-T-012,2994.68662533,relay,H161,-5.2858392105,5.81593408766,True
Q3-T-012,2996.68662533,relay,H161,-5.28563158874,5.81516705449,True
Q3-T-012,2998.68662533,relay,H161,-5.2854265862,5.81438667346,True
Q3-T-012,3000.68662533,relay,H161,-5.28522420324,5.8135929518,True
Q3-T-012,3002.68662533,relay,H161,-5.28502444024,5.81278589684,True
Q3-T-012,3004.68662533,relay,H161,-5.28482729756,5.81196551606,True
Q3-T-012,3006.68662533,relay,H161,-5.28463277555,5.81113181701,True
Q3-T-012,3008.68662533,relay,H161,-5.28444087457,5.81028480741,True
Q3-T-012,3010.68662533,relay,H161,-5.28425159497,5.80942449507,True
Q3-T-012,3012.68662533,relay,H161,-5.28406493708,5.80855088793,True
Q3-T-012,3014.68662533,relay,H161,-5.28388090125,5.80766399404,True
Q3-T-012,3016.68662533,relay,H161,-5.2836994878,5.80676382158,True
Q3-T-012,3018.68662533,relay,H161,-5.28352069708,5.80585037884,True
Q3-T-012,3020.68662533,relay,H161,-5.2833445294,5.80492367423,True
Q3-T-012,3022.68662533,relay,H161,-5.28317098509,5.80398371628,True
Q3-T-012,3024.68662533,relay,H161,-5.28300006445,5.80303051364,True
Q3-T-012,3026.68662533,relay,H161,-5.28283176779,5.80206407508,True
Q3-T-012,3028.68662533,relay,H161,-5.28266609544,5.80108440946,True
Q3-T-012,3030.68662533,relay,H161,-5.28250304767,5.8000915258,True
Q3-T-012,3032.68662533,relay,H161,-5.28234262479,5.7990854332,True
Q3-T-012,3034.68662533,relay,H161,-5.2821848271,5.79806614089,True
Q3-T-012,3036.68662533,relay,H161,-5.28202965487,5.79703365823,True
Q3-T-012,3038.68662533,relay,H161,-5.28187710839,5.79598799468,True
Q3-T-012,3040.68662533,relay,H161,-5.28172718793,5.7949291598,True
Q3-T-012,3042.68662533,relay,H161,-5.28157989378,5.79385716331,True
Q3-T-012,3044.68662533,relay,H161,-5.28143522618,5.79277201499,True
Q3-T-012,3046.68662533,relay,H161,-5.28129318542,5.79167372479,True
Q3-T-012,3048.68662533,relay,H161,-5.28115377174,5.79056230272,True
Q3-T-012,3050.68662533,relay,H161,-5.2810169854,5.78943775896,True
Q3-T-012,3052.68662533,relay,H161,-5.28088282664,5.78830010375,True
Q3-T-012,3054.68662533,relay,H161,-5.28075129572,5.78714934747,True
Q3-T-012,3056.68662533,relay,H161,-5.28062239286,5.78598550063,True
Q3-T-012,3058.23548091,relay,H161,-5.28052430092,5.78507452221,True
Q3-T-012,3058.68662533,relay,H161,-5.28052430092,5.78507452221,True
Q3-T-012,3060.68662533,relay,H161,-5.28052430092,5.78507452221,True
Q3-T-012,3062.68662533,relay,H161,-5.28052430092,5.78507452221,True
Q3-T-012,3064.68662533,relay,H161,-5.28052430092,5.78507452221,True
Q3-T-012,3066.68662533,relay,H161,-5.28052430092,5.78507452221,True
Q3-T-012,3068.68662533,relay,H161,-5.28052430092,5.78507452221,True
Q3-T-012,3070.68662533,relay,H161,-5.28052430092,5.78507452221,True
Q3-T-012,3072.68662533,relay,H161,-5.28052430092,5.78507452221,True
Q3-T-012,3074.68662533,relay,H161,-5.28052430092,5.78507452221,True
Q3-T-012,3076.68662533,relay,H161,-5.28052430092,5.78507452221,True
Q3-T-012,3078.68662533,relay,H161,-5.28052430092,5.78507452221,True
Q3-T-012,3080.68662533,relay,H161,-5.28052430092,5.78507452221,True
Q3-T-012,3082.68662533,relay,H161,-5.28052430092,5.78507452221,True
Q3-T-012,3084.68662533,relay,H161,-5.28052430092,5.78507452221,True
Q3-T-012,3086.68662533,relay,H161,-5.28052430092,5.78507452221,True
Q3-T-012,3088.68662533,relay,H161,-5.28052430092,5.78507452221,True
Q3-T-012,3090.68662533,relay,H161,-5.28052430092,5.78507452221,True
Q3-T-012,3092.68662533,relay,H161,-5.28052430092,5.78507452221,True
Q3-T-012,3094.68662533,relay,H161,-5.28052430092,5.78507452221,True
Q3-T-012,3096.68662533,relay,H161,-5.28052430092,5.78507452221,True
Q3-T-012,3098.68662533,relay,H161,-5.28052430092,5.78507452221,True
Q3-T-012,3100.68662533,relay,H161,-5.28052430092,5.78507452221,True
Q3-T-012,3102.68662533,relay,H161,-5.28052430092,5.78507452221,True
Q3-T-012,3104.68662533,relay,H161,-5.28052430092,5.78507452221,True
Q3-T-012,3106.68662533,relay,H161,-5.28052430092,5.78507452221,True
Q3-T-012,3108.68662533,relay,H161,-5.28052430092,5.78507452221,True
Q3-T-012,3110.68662533,relay,H161,-5.28052430092,5.78507452221,True
Q3-T-012,3112.68662533,relay,H161,-5.28052430092,5.78507452221,True
Q3-T-012,3114.68662533,relay,H161,-5.28052430092,5.78507452221,True
Q3-T-012,3116.68662533,relay,H161,-5.28052430092,5.78507452221,True
Q3-T-012,3118.68662533,relay,H161,-5.28052430092,5.78507452221,True
Q3-T-012,3120.68662533,relay,H161,-5.28052430092,5.78507452221,True
Q3-T-012,3122.68662533,relay,H161,-5.28052430092,5.78507452221,True
Q3-T-012,3124.68662533,relay,H161,-5.28052430092,5.78507452221,True
Q3-T-012,3126.68662533,relay,H161,-5.28052430092,5.78507452221,True
Q3-T-012,3128.68662533,relay,H161,-5.28052430092,5.78507452221,True
Q3-T-012,3130.68662533,relay,H161,-5.28052430092,5.78507452221,True
Q3-T-012,3132.68662533,relay,H161,-5.28052430092,5.78507452221,True
Q3-T-012,3134.68662533,relay,H161,-5.28052430092,5.78507452221,True
Q3-T-012,3136.68662533,relay,H161,-5.28052430092,5.78507452221,True
Q3-T-012,3138.68662533,relay,H161,-5.28052430092,5.78507452221,True
Q3-T-012,3140.68662533,relay,H161,-5.28052430092,5.78507452221,True
Q3-T-012,3142.68662533,relay,H161,-5.28052430092,5.78507452221,True
Q3-T-012,3144.68662533,relay,H161,-5.28052430092,5.78507452221,True
Q3-T-012,3146.68662533,relay,H161,-5.28052430092,5.78507452221,True
Q3-T-012,3148.68662533,relay,H161,-5.28052430092,5.78507452221,True
Q3-T-012,3150.68662533,relay,H161,-5.28052430092,5.78507452221,True
Q3-T-012,3152.68662533,relay,H161,-5.28052430092,5.78507452221,True
Q3-T-012,3154.68662533,relay,H161,-5.28052430092,5.78507452221,True
Q3-T-012,3156.68662533,relay,H161,-5.28052430092,5.78507452221,True
Q3-T-012,3158.68662533,relay,H161,-5.28052430092,5.78507452221,True
Q3-T-012,3160.68662533,relay,H161,-5.28052430092,5.78507452221,True
Q3-T-012,3162.68662533,relay,H161,-5.28052430092,5.78507452221,True
Q3-T-012,3164.68662533,relay,H161,-5.28052430092,5.78507452221,True
Q3-T-012,3166.68662533,relay,H161,-5.28052430092,5.78507452221,True
Q3-T-012,3168.68662533,relay,H161,-5.28052430092,5.78507452221,True
Q3-T-012,3170.68662533,relay,H161,-5.28052430092,5.78507452221,True
Q3-T-012,3172.68662533,relay,H161,-5.28052430092,5.78507452221,True
Q3-T-012,3174.68662533,relay,H161,-5.28052430092,5.78507452221,True
Q3-T-012,3176.68662533,relay,H161,-5.28052430092,5.78507452221,True
Q3-T-012,3178.68662533,relay,H161,-5.28052430092,5.78507452221,True
Q3-T-012,3180.68662533,relay,H161,-5.28052430092,5.78507452221,True
Q3-T-012,3182.68662533,relay,H161,-5.28052430092,5.78507452221,True
Q3-T-012,3184.68662533,relay,H161,-5.28052430092,5.78507452221,True
Q3-T-012,3186.68662533,relay,H161,-5.28052430092,5.78507452221,True
Q3-T-012,3188.68662533,relay,H161,-5.28052430092,5.78507452221,True
Q3-T-012,3190.68662533,relay,H161,-5.28052430092,5.78507452221,True
Q3-T-012,3192.68662533,relay,H161,-5.28052430092,5.78507452221,True
Q3-T-012,3194.68662533,relay,H161,-5.28052430092,5.78507452221,True
Q3-T-012,3196.68662533,relay,H161,-5.28052430092,5.78507452221,True
Q3-T-012,3198.68662533,relay,H161,-5.28052430092,5.78507452221,True
Q3-T-012,3200.68662533,relay,H161,-5.28052430092,5.78507452221,True
Q3-T-012,3202.68662533,relay,H161,-5.28052430092,5.78507452221,True
Q3-T-012,3204.68662533,relay,H161,-5.28052430092,5.78507452221,True
Q3-T-012,3206.68662533,relay,H161,-5.28052430092,5.78507452221,True
Q3-T-012,3208.68662533,relay,H161,-5.28052430092,5.78507452221,True
Q3-T-012,3210.68662533,relay,H161,-5.28052430092,5.78507452221,True
Q3-T-012,3212.68662533,relay,H161,-5.28052430092,5.78507452221,True
Q3-T-012,3214.68662533,relay,H161,-5.28052430092,5.78507452221,True
Q3-T-012,3216.68662533,relay,H161,-5.28052430092,5.78507452221,True
Q3-T-012,3218.68662533,relay,H161,-5.28052430092,5.78507452221,True
Q3-T-012,3220.68662533,relay,H161,-5.28052430092,5.78507452221,True
Q3-T-012,3222.68662533,relay,H161,-5.28052430092,5.78507452221,True
Q3-T-012,3224.68662533,relay,H161,-5.28052430092,5.78507452221,True
Q3-T-012,3226.68662533,relay,H161,-5.28052430092,5.78507452221,True
Q3-T-012,3228.68662533,relay,H161,-5.28052430092,5.78507452221,True
Q3-T-012,3230.68662533,relay,H161,-5.28052430092,5.78507452221,True
Q3-T-012,3232.68662533,relay,H161,-5.28052430092,5.78507452221,True
Q3-T-012,3234.68662533,relay,H161,-5.28052430092,5.78507452221,True
Q3-T-012,3236.68662533,relay,H161,-5.28052430092,5.78507452221,True
Q3-T-012,3238.68662533,relay,H161,-5.28052430092,5.78507452221,True
Q3-T-012,3240.68662533,relay,H161,-5.28052430092,5.78507452221,True
Q3-T-012,3242.68662533,relay,H161,-5.28052430092,5.78507452221,True
Q3-T-012,3244.68662533,relay,H161,-5.28052430092,5.78507452221,True
Q3-T-012,3246.68662533,relay,H161,-5.28052430092,5.78507452221,True
Q3-T-012,3248.68662533,relay,H161,-5.28052430092,5.78507452221,True
Q3-T-012,3250.68662533,relay,H161,-5.28052430092,5.78507452221,True
Q3-T-012,3252.68662533,relay,H161,-5.28052430092,5.78507452221,True
Q3-T-012,3254.68662533,relay,H161,-5.28052430092,5.78507452221,True
Q3-T-012,3256.68662533,relay,H161,-5.28052430092,5.78507452221,True
Q3-T-012,3258.68662533,relay,H161,-5.28052430092,5.78507452221,True
Q3-T-012,3260.68662533,relay,H161,-5.28052430092,5.78507452221,True
Q3-T-012,3262.68662533,relay,H161,-5.28052430092,5.78507452221,True
Q3-T-012,3264.68662533,relay,H161,-5.28052430092,5.78507452221,True
Q3-T-012,3266.68662533,relay,H161,-5.28052430092,5.78507452221,True
Q3-T-012,3268.68662533,relay,H161,-5.28052430092,5.78507452221,True
Q3-T-012,3270.68662533,relay,H161,-5.28052430092,5.78507452221,True
Q3-T-012,3272.68662533,relay,H161,-5.28052430092,5.78507452221,True
Q3-T-012,3274.68662533,relay,H161,-5.28052430092,5.78507452221,True
Q3-T-012,3276.68662533,relay,H161,-5.28052430092,5.78507452221,True
Q3-T-012,3278.68662533,relay,H161,-5.28052430092,5.78507452221,True
Q3-T-012,3280.68662533,relay,H161,-5.28052430092,5.78507452221,True
Q3-T-012,3282.68662533,relay,H161,-5.28052430092,5.78507452221,True
Q3-T-012,3284.68662533,relay,H161,-5.28052430092,5.78507452221,True
Q3-T-012,3286.68662533,relay,H161,-5.28052430092,5.78507452221,True
Q3-T-012,3288.68662533,relay,H161,-5.28052430092,5.78507452221,True
Q3-T-012,3290.68662533,relay,H161,-5.28052430092,5.78507452221,True
Q3-T-012,3292.68662533,relay,H161,-5.28052430092,5.78507452221,True
Q3-T-012,3294.68662533,relay,H161,-5.28052430092,5.78507452221,True
Q3-T-012,3296.68662533,relay,H161,-5.28052430092,5.78507452221,True
Q3-T-012,3298.68662533,relay,H161,-5.28052430092,5.78507452221,True
Q3-T-012,3300.68662533,relay,H161,-5.28052430092,5.78507452221,True
Q3-T-012,3302.68662533,relay,H161,-5.28052430092,5.78507452221,True
Q3-T-012,3304.68662533,relay,H161,-5.28052430092,5.78507452221,True
Q3-T-012,3306.68662533,relay,H161,-5.28052430092,5.78507452221,True
Q3-T-012,3308.68662533,relay,H161,-5.28052430092,5.78507452221,True
Q3-T-012,3310.68662533,relay,H161,-5.28052430092,5.78507452221,True
Q3-T-012,3312.68662533,relay,H161,-5.28052430092,5.78507452221,True
Q3-T-012,3314.68662533,relay,H161,-5.28052430092,5.78507452221,True
Q3-T-012,3316.68662533,relay,H161,-5.28052430092,5.78507452221,True
Q3-T-012,3318.68662533,relay,H161,-5.28052430092,5.78507452221,True
Q3-T-012,3320.68662533,relay,H161,-5.28052430092,5.78507452221,True
Q3-T-012,3322.68662533,relay,H161,-5.28052430092,5.78507452221,True
Q3-T-012,3324.68662533,relay,H161,-5.28052430092,5.78507452221,True
Q3-T-012,3326.68662533,relay,H161,-5.28052430092,5.78507452221,True
Q3-T-012,3328.68662533,relay,H161,-5.28052430092,5.78507452221,True
Q3-T-012,3330.68662533,relay,H161,-5.28052430092,5.78507452221,True
Q3-T-012,3332.68662533,relay,H161,-5.28052430092,5.78507452221,True
Q3-T-012,3334.68662533,relay,H161,-5.28052430092,5.78507452221,True
Q3-T-012,3336.68662533,relay,H161,-5.28052430092,5.78507452221,True
Q3-T-012,3338.68662533,relay,H161,-5.28052430092,5.78507452221,True
Q3-T-012,3340.68662533,relay,H161,-5.28052430092,5.78507452221,True
Q3-T-012,3342.68662533,relay,H161,-5.28052430092,5.78507452221,True
Q3-T-012,3344.68662533,relay,H161,-5.28052430092,5.78507452221,True
Q3-T-012,3346.68662533,relay,H161,-5.28052430092,5.78507452221,True
Q3-T-012,3348.68662533,relay,H161,-5.28052430092,5.78507452221,True
Q3-T-012,3350.68662533,relay,H161,-5.28052430092,5.78507452221,True
Q3-T-012,3352.68662533,relay,H161,-5.28052430092,5.78507452221,True
Q3-T-012,3354.68662533,relay,H161,-5.28052430092,5.78507452221,True
Q3-T-012,3356.68662533,relay,H161,-5.28052430092,5.78507452221,True
Q3-T-012,3358.68662533,relay,H161,-5.28052430092,5.78507452221,True
Q3-T-012,3360.68662533,relay,H161,-5.28052430092,5.78507452221,True
Q3-T-012,3362.68662533,relay,H161,-5.28052430092,5.78507452221,True
Q3-T-012,3364.68662533,relay,H161,-5.28052430092,5.78507452221,True
Q3-T-012,3366.68662533,relay,H161,-5.28052430092,5.78507452221,True
Q3-T-012,3368.68662533,relay,H161,-5.28052430092,5.78507452221,True
Q3-T-012,3370.68662533,relay,H161,-5.28052430092,5.78507452221,True
Q3-T-012,3372.68662533,relay,H161,-5.28052430092,5.78507452221,True
Q3-T-012,3374.68662533,relay,H161,-5.28052430092,5.78507452221,True
Q3-T-012,3376.68662533,relay,H161,-5.28052430092,5.78507452221,True
Q3-T-012,3378.68662533,relay,H161,-5.28052430092,5.78507452221,True
Q3-T-012,3380.68662533,relay,H161,-5.28052430092,5.78507452221,True
Q3-T-012,3382.68662533,relay,H161,-5.28052430092,5.78507452221,True
Q3-T-012,3384.68662533,relay,H161,-5.28052430092,5.78507452221,True
Q3-T-012,3386.68662533,relay,H161,-5.28052430092,5.78507452221,True
Q3-T-012,3388.68662533,relay,H161,-5.28052430092,5.78507452221,True
Q3-T-012,3390.68662533,relay,H161,-5.28052430092,5.78507452221,True
Q3-T-012,3392.68662533,relay,H161,-5.28052430092,5.78507452221,True
Q3-T-012,3394.68662533,relay,H161,-5.28052430092,5.78507452221,True
Q3-T-012,3396.68662533,relay,H161,-5.28052430092,5.78507452221,True
Q3-T-012,3398.68662533,relay,H161,-5.28052430092,5.78507452221,True
Q3-T-012,3400.68662533,relay,H161,-5.28052430092,5.78507452221,True
Q3-T-012,3402.68662533,relay,H161,-5.28052430092,5.78507452221,True
Q3-T-012,3404.68662533,relay,H161,-5.28052430092,5.78507452221,True
Q3-T-012,3406.68662533,relay,H161,-5.28052430092,5.78507452221,True
Q3-T-012,3408.68662533,relay,H161,-5.28052430092,5.78507452221,True
Q3-T-012,3410.68662533,relay,H161,-5.28052430092,5.78507452221,True
Q3-T-012,3412.68662533,relay,H161,-5.28052430092,5.78507452221,True
Q3-T-012,3414.68662533,relay,H161,-5.28052430092,5.78507452221,True
Q3-T-012,3416.68662533,relay,H161,-5.28052430092,5.78507452221,True
Q3-T-012,3418.68662533,relay,H161,-5.28052430092,5.78507452221,True
Q3-T-012,3420.68662533,relay,H161,-5.28052430092,5.78507452221,True
Q3-T-012,3422.68662533,relay,H161,-5.28052430092,5.78507452221,True
Q3-T-012,3424.68662533,relay,H161,-5.28052430092,5.78507452221,True
Q3-T-012,3426.68662533,relay,H161,-5.28052430092,5.78507452221,True
Q3-T-012,3428.68662533,relay,H161,-5.28052430092,5.78507452221,True
Q3-T-012,3430.68662533,relay,H161,-5.28052430092,5.78507452221,True
Q3-T-012,3432.68662533,relay,H161,-5.28052430092,5.78507452221,True
Q3-T-012,3434.68662533,relay,H161,-5.28052430092,5.78507452221,True
Q3-T-012,3436.68662533,relay,H161,-5.28052430092,5.78507452221,True
Q3-T-012,3438.68662533,relay,H161,-5.28052430092,5.78507452221,True
Q3-T-012,3440.68662533,relay,H161,-5.28052430092,5.78507452221,True
Q3-T-012,3442.68662533,relay,H161,-5.28052430092,5.78507452221,True
Q3-T-012,3444.68662533,relay,H161,-5.28052430092,5.78507452221,True
Q3-T-012,3446.68662533,relay,H161,-5.28052430092,5.78507452221,True
Q3-T-012,3448.68662533,relay,H161,-5.28052430092,5.78507452221,True
Q3-T-012,3450.68662533,relay,H161,-5.28052430092,5.78507452221,True
Q3-T-012,3452.68662533,relay,H161,-5.28052430092,5.78507452221,True
Q3-T-012,3454.23548091,relay,H161,-5.28052430092,5.78507452221,True
Q3-T-012,3454.68662533,relay,H161,-5.28055987417,5.78540749814,True
Q3-T-012,3456.68662533,relay,H161,-5.28071979539,5.78686831654,True
Q3-T-012,3458.68662533,relay,H161,-5.28088382305,5.78830868493,True
Q3-T-012,3460.68662533,relay,H161,-5.2810519567,5.7897285828,True
Q3-T-012,3462.68662533,relay,H161,-5.28122419585,5.79112798991,True
Q3-T-012,3464.68662533,relay,H161,-5.28140054002,5.79250688628,True
Q3-T-012,3466.68662533,relay,H161,-5.28158098871,5.79386525224,True
Q3-T-012,3468.68662533,relay,H161,-5.2817655414,5.79520306838,True
Q3-T-012,3470.68662533,relay,H161,-5.28195419757,5.79652031558,True
Q3-T-012,3472.68662533,relay,H161,-5.28214695668,5.79781697498,True
Q3-T-012,3474.68662533,relay,H161,-5.2823438182,5.79909302803,True
Q3-T-012,3476.68662533,relay,H161,-5.28254478155,5.80034845644,True
Q3-T-012,3478.68662533,relay,H161,-5.28274984618,5.80158324221,True
Q3-T-012,3480.68662533,relay,H161,-5.28295901149,5.80279736763,True
Q3-T-012,3482.68662533,relay,H161,-5.2831722769,5.80399081527,True
Q3-T-012,3484.68662533,relay,H161,-5.28338964181,5.80516356799,True
Q3-T-012,3486.68662533,relay,H161,-5.28361110559,5.80631560892,True
Q3-T-012,3488.68662533,relay,H161,-5.28383666762,5.8074469215,True
Q3-T-012,3490.68662533,relay,H161,-5.28406632725,5.80855748944,True
Q3-T-012,3492.68662533,relay,H161,-5.28430008385,5.80964729676,True
Q3-T-012,3494.68662533,relay,H161,-5.28453793674,5.81071632775,True
Q3-T-012,3496.68662533,relay,H161,-5.28477988526,5.81176456699,True
Q3-T-012,3498.68662533,relay,H161,-5.28502592871,5.81279199936,True
Q3-T-012,3500.68662533,relay,H161,-5.28527606641,5.81379861004,True
Q3-T-012,3502.68662533,relay,H161,-5.28553029763,5.81478438449,True
Q3-T-012,3504.68662533,relay,H161,-5.28578862167,5.81574930846,True
Q3-T-012,3506.68662533,relay,H161,-5.2860510378,5.816693368,True
Q3-T-012,3508.68662533,relay,H161,-5.28631754526,5.81761654946,True
Q3-T-012,3510.68662533,relay,H161,-5.2865881433,5.81851883948,True
Q3-T-012,3512.68662533,relay,H161,-5.28686283117,5.81940022499,True
Q3-T-012,3514.68662533,relay,H161,-5.28714160808,5.82026069323,True
Q3-T-012,3516.68662533,relay,H161,-5.28742447324,5.82110023172,True
Q3-T-012,3518.68662533,relay,H161,-5.28771142586,5.82191882829,True
Q3-T-012,3520.68662533,relay,H161,-5.28800246511,5.82271647107,True
Q3-T-012,3522.68662533,relay,H161,-5.28829759019,5.82349314849,True
Q3-T-012,3524.68662533,relay,H161,-5.28859680025,5.82424884926,True
Q3-T-012,3526.68662533,relay,H161,-5.28890009446,5.82498356241,True
Q3-T-012,3528.68662533,relay,H161,-5.28920747194,5.82569727727,True
Q3-T-012,3530.68662533,relay,H161,-5.28951893184,5.82638998345,True
Q3-T-012,3532.68662533,relay,H161,-5.28983447328,5.8270616709,True
Q3-T-012,3534.68662533,relay,H161,-5.29015409536,5.82771232983,True
Q3-T-012,3536.68662533,relay,H161,-5.29047779718,5.82834195079,True
Q3-T-012,3538.68662533,relay,H161,-5.29080557782,5.82895052459,True
Q3-T-012,3540.68662533,relay,H161,-5.29113743637,5.82953804239,True
Q3-T-012,3542.68662533,relay,H161,-5.29147337188,5.83010449562,True
Q3-T-012,3543.55713619,relay,H161,-5.29162043631,5.8303437794,True
Q3-T-012,3544.68662533,relay,H161,-5.27140943355,5.86974948856,True
Q3-T-012,3546.68662533,relay,H161,-5.23549182621,5.93982541034,True
Q3-T-012,3548.68662533,relay,H161,-5.19943140274,6.01025825894,True
Q3-T-012,3550.68662533,relay,H161,-5.16322587309,6.08101649946,True
Q3-T-012,3552.68662533,relay,H161,-5.12685867755,6.15215522331,True
Q3-T-012,3554.68662533,relay,H161,-5.09033909314,6.22364502209,True
Q3-T-012,3556.68662533,relay,H161,-5.05367177323,6.29548574544,True
Q3-T-012,3558.68662533,relay,H161,-5.01684358595,6.36767129924,True
Q3-T-012,3560.68662533,relay,H161,-4.97986993545,6.44017176598,True
Q3-T-012,3562.68662533,relay,H161,-4.94272792449,6.51304175696,True
Q3-T-012,3564.68662533,relay,H161,-4.90543300456,6.58625174864,True
Q3-T-012,3566.68662533,relay,H161,-4.86797177407,6.65979279072,True
Q3-T-012,3568.68662533,relay,H161,-4.83034886168,6.73366309732,True
Q3-T-012,3570.68662533,relay,H161,-4.7925800255,6.80783110715,True
Q3-T-012,3572.68662533,relay,H161,-4.75462961643,6.88234539099,True
Q3-T-012,3574.68662533,relay,H161,-4.71651328187,6.95717346941,True
Q3-T-012,3576.68662533,relay,H161,-4.67822957003,7.03230919139,True
Q3-T-012,3578.68662533,relay,H161,-4.63978322991,7.10775000979,True
Q3-T-012,3580.68662533,relay,H161,-4.60117164717,7.18344927537,True
Q3-T-012,3582.68662533,relay,H161,-4.56237697867,7.25946545504,True
Q3-T-012,3584.68662533,relay,H161,-4.52341523583,7.33576384985,True
Q3-T-012,3586.68662533,relay,H161,-4.48427228969,7.41232577382,True
Q3-T-012,3588.68662533,relay,H161,-4.44495284423,7.48914599237,True
Q3-T-012,3590.68662533,relay,H161,-4.40546685117,7.56618133419,True
Q3-T-012,3592.68662533,relay,H161,-4.36579607907,7.64349129344,True
Q3-T-012,3594.68662533,relay,H161,-4.32593757661,7.72101966316,True
Q3-T-012,3596.68662533,relay,H161,-4.28589607469,7.79875910117,True
Q3-T-012,3598.68662533,relay,H161,-4.2456698922,7.87669566299,True
Q3-T-012,3600.68662533,relay,H161,-4.2052638625,7.95482170984,True
Q3-T-012,3602.68662533,relay,H161,-4.16467508033,8.03307317852,True
Q3-T-012,3604.68662533,relay,H161,-4.12388462212,8.11150794618,True
Q3-T-012,3606.68662533,relay,H161,-4.0829091537,8.19008252809,True
Q3-T-012,3608.68662533,relay,H161,-4.04173364521,8.26876164289,True
Q3-T-012,3610.68662533,relay,H161,-4.00036286883,8.34753296069,True
Q3-T-012,3612.68662533,relay,H161,-3.95880712273,8.42633975036,True
Q3-T-012,3614.68662533,relay,H161,-3.91704704199,8.50523936111,True
Q3-T-012,3616.68662533,relay,H161,-3.87507933195,8.58415349261,True
Q3-T-012,3618.68662533,relay,H161,-3.83290878436,8.66306612393,True
Q3-T-012,3620.68662533,relay,H161,-3.79053343813,8.74195039635,True
Q3-T-012,3622.68662533,relay,H161,-3.74797064108,8.82075311031,True
Q3-T-012,3624.68662533,relay,H161,-3.70517979504,8.89949438242,True
Q3-T-012,3626.68662533,relay,H161,-3.66217809516,8.97811768395,True
Q3-T-012,3628.68662533,relay,H161,-3.61897045526,9.05660290393,True
Q3-T-012,3630.68662533,relay,H161,-3.57554081727,9.13488990207,True
Q3-T-012,3632.68662533,relay,H161,-3.53190675836,9.21291726626,True
Q3-T-012,3634.68662533,relay,H161,-3.48804065076,9.29072142848,True
Q3-T-012,3636.68662533,relay,H161,-3.44396011961,9.36824015492,True
Q3-T-012,3638.68662533,relay,H161,-3.39964869597,9.44540207287,True
Q3-T-012,3640.68662533,relay,H161,-3.35511120563,9.52217791325,True
Q3-T-012,3642.68662533,relay,H161,-3.31036567366,9.59850048123,True
Q3-T-012,3644.68662533,relay,H161,-3.26536920024,9.67436569457,True
Q3-T-012,3646.68662533,relay,H161,-3.22013963517,9.74970204087,True
Q3-T-012,3648.68662533,relay,H161,-3.17467456395,9.8244580056,True
Q3-T-012,3650.68662533,relay,H161,-3.12897893024,9.89859927695,True
Q3-T-012,3652.68662533,relay,H161,-3.08304892449,9.97199390842,True
Q3-T-012,3654.68662533,relay,H161,-3.03686257948,10.0446805834,True
Q3-T-012,3656.68662533,relay,H161,-2.99043068856,10.116561261,True
Q3-T-012,3658.68662533,relay,H161,-2.94375819597,10.1875965622,True
Q3-T-012,3660.68662533,relay,H161,-2.89682738245,10.2576804709,True
Q3-T-012,3662.68662533,relay,H161,-2.8496568648,10.3267303194,True
Q3-T-012,3664.68662533,relay,H161,-2.80222406457,10.3947815034,True
Q3-T-012,3666.68662533,relay,H161,-2.75452460948,10.4616797131,True
Q3-T-012,3668.68662533,relay,H161,-2.70656330859,10.5273785159,True
Q3-T-012,3670.68662533,relay,H161,-2.6583372887,10.5918068568,True
Q3-T-012,3672.68662533,relay,H161,-2.60986565863,10.654880683,True
Q3-T-012,3674.68662533,relay,H161,-2.56110151437,10.7165509843,True
Q3-T-012,3676.68662533,relay,H161,-2.51206374523,10.7767308305,True
Q3-T-012,3678.68662533,relay,H161,-2.4627572644,10.835374405,True
Q3-T-012,3680.68662533,relay,H161,-2.4131630338,10.8923484586,True
Q3-T-012,3682.68662533,relay,H161,-2.36330040398,10.94756783,True
Q3-T-012,3684.68662533,relay,H161,-2.31313705916,11.0010323985,True
Q3-T-012,3686.68662533,relay,H161,-2.26269238755,11.0526608515,True
Q3-T-012,3688.68662533,relay,H161,-2.21194676556,11.1023140491,True
Q3-T-012,3690.68662533,relay,H161,-2.16090491684,11.1499491649,True
Q3-T-012,3692.68662533,relay,H161,-2.10957840258,11.1954567227,True
Q3-T-012,3694.68662533,relay,H161,-2.0579421245,11.2388730313,True
Q3-T-012,3696.68662533,relay,H161,-2.00599076368,11.2800211546,True
Q3-T-012,3698.68662533,relay,H161,-1.95372899075,11.3188676869,True
Q3-T-012,3700.68662533,relay,H161,-1.90116161205,11.3553846727,True
Q3-T-012,3702.68662533,relay,H161,-1.84826788588,11.3894343046,True
Q3-T-012,3704.68662533,relay,H161,-1.79506799932,11.420960404,True
Q3-T-012,3706.68662533,relay,H161,-1.74152700826,11.4499735261,True
Q3-T-012,3708.68662533,relay,H161,-1.68766512615,11.4764276487,True
Q3-T-012,3710.68662533,relay,H161,-1.63346091232,11.5001933205,True
Q3-T-012,3712.68662533,relay,H161,-1.578918908,11.5212659494,True
Q3-T-012,3714.68662533,relay,H161,-1.52405096543,11.5395755117,True
Q3-T-012,3716.68662533,relay,H161,-1.46882973651,11.5551908898,True
Q3-T-012,3718.68662533,relay,H161,-1.41324898726,11.5679653478,True
Q3-T-012,3720.68662533,relay,H161,-1.35731315991,11.577916593,True
Q3-T-012,3722.68662533,relay,H161,-1.30102684165,11.5850700158,True
Q3-T-012,3724.68662533,relay,H161,-1.24438382318,11.5892960811,True
Q3-T-012,3726.68662533,relay,H161,-1.18735541393,11.5906840148,True
Q3-T-012,3728.68662533,relay,H161,-1.12995328954,11.5892040458,True
Q3-T-012,3730.68662533,relay,H161,-1.07218191947,11.5849058612,True
Q3-T-012,3732.68662533,relay,H161,-1.01401767054,11.5777049176,True
Q3-T-012,3734.68662533,relay,H161,-0.955481889132,11.567639821,True
Q3-T-012,3736.68662533,relay,H161,-0.896544791326,11.5548228226,True
Q3-T-012,3738.68662533,relay,H161,-0.837199083634,11.5391608511,True
Q3-T-012,3740.68662533,relay,H161,-0.777448857408,11.5207316954,True
Q3-T-012,3742.68662533,relay,H161,-0.717288613252,11.4995706781,True
Q3-T-012,3744.68662533,relay,H161,-0.656740276587,11.4757492885,True
Q3-T-012,3746.68662533,relay,H161,-0.595743240495,11.4492505602,True
Q3-T-012,3748.68662533,relay,H161,-0.534319008203,11.4201537298,True
Q3-T-012,3750.68662533,relay,H161,-0.472461614801,11.3885117733,True
Q3-T-012,3752.68662533,relay,H161,-0.410175061218,11.3544305252,True
Q3-T-012,3754.68662533,relay,H161,-0.34745138411,11.3178588863,True
Q3-T-012,3756.68662533,relay,H161,-0.284257662234,11.2789356468,True
Q3-T-012,3758.68662533,relay,H161,-0.220615953634,11.2377620189,True
Q3-T-012,3760.68662533,relay,H161,-0.156499089944,11.1943078557,True
Q3-T-012,3762.68662533,relay,H161,-0.0919105416247,11.1486925857,True
Q3-T-012,3764.68662533,relay,H161,-0.0268624410593,11.1009796963,True
Q3-T-012,3766.68662533,relay,H161,0.0386796033998,11.051309063,True
Q3-T-012,3768.68662533,relay,H161,0.104725065788,10.9996482052,True
Q3-T-012,3770.68662533,relay,H161,0.171270785042,10.9461212019,True
Q3-T-012,3772.68662533,direct,,0.238313441936,,True
Q3-T-012,3774.68662533,direct,,10.3058626141,,True
Q3-T-012,3776.68662533,direct,,10.3739548156,,True
Q3-T-012,3778.68662533,direct,,10.4425784868,,True
Q3-T-012,3780.68662533,direct,,10.5117306753,,True
Q3-T-012,3782.68662533,direct,,10.581442151,,True
Q3-T-012,3784.68662533,direct,,10.6516898642,,True
Q3-T-012,3786.68662533,direct,,10.7225236405,,True
Q3-T-012,3788.68662533,direct,,10.7939205532,,True
Q3-T-012,3790.68662533,direct,,10.865912922,,True
Q3-T-012,3792.68662533,direct,,10.9384987616,,True
Q3-T-012,3794.68662533,direct,,11.0116545016,,True
Q3-T-012,3796.68662533,direct,,11.0854564094,,True
Q3-T-012,3798.68662533,direct,,11.1598816718,,True
Q3-T-012,3800.68662533,direct,,11.2349407464,,True
Q3-T-012,3802.68662533,direct,,11.3106320806,,True
Q3-T-012,3804.68662533,direct,,11.3869687337,,True
Q3-T-012,3806.68662533,direct,,11.4639943382,,True
Q3-T-012,3808.68662533,direct,,11.5416982768,,True
Q3-T-012,3810.68662533,direct,,11.6200796924,,True
Q3-T-012,3812.68662533,direct,,11.6991760474,,True
Q3-T-012,3814.68662533,direct,,11.7789872224,,True
Q3-T-012,3816.68662533,direct,,11.8594893718,,True
Q3-T-012,3818.68662533,direct,,11.940768607,,True
Q3-T-012,3820.68662533,direct,,12.0228021073,,True
Q3-T-012,3822.68662533,direct,,12.1056037361,,True
Q3-T-012,3824.68662533,direct,,12.18917418,,True
Q3-T-012,3826.68662533,direct,,12.2735303253,,True
Q3-T-012,3828.68662533,direct,,12.358722992,,True
Q3-T-012,3830.68662533,direct,,12.4447291962,,True
Q3-T-012,3832.68662533,direct,,12.5315925948,,True
Q3-T-012,3834.68662533,direct,,12.6193157151,,True
Q3-T-012,3836.68662533,direct,,12.707889402,,True
Q3-T-012,3838.68662533,direct,,12.7973681055,,True
Q3-T-012,3840.68662533,direct,,12.8877728035,,True
Q3-T-012,3842.68662533,direct,,12.9791074487,,True
Q3-T-012,3844.68662533,direct,,13.0713909081,,True
Q3-T-012,3846.68662533,direct,,13.1646001465,,True
Q3-T-012,3848.68662533,direct,,13.2588396616,,True
Q3-T-012,3850.68662533,direct,,13.3540880562,,True
Q3-T-012,3852.68662533,direct,,13.4503509661,,True
Q3-T-012,3854.68662533,direct,,13.547681384,,True
Q3-T-012,3856.68662533,direct,,13.6460576014,,True
Q3-T-012,3858.68662533,direct,,13.74556032,,True
Q3-T-012,3860.68662533,direct,,13.8461687246,,True
Q3-T-012,3862.68662533,direct,,13.9479401211,,True
Q3-T-012,3864.68662533,direct,,14.0508839916,,True
Q3-T-012,3866.68662533,direct,,14.1549962584,,True
Q3-T-012,3868.68662533,direct,,14.2603478889,,True
Q3-T-012,3870.68662533,direct,,14.3669709491,,True
Q3-T-012,3872.68662533,direct,,14.4748777316,,True
Q3-T-012,3874.68662533,direct,,14.5840806886,,True
Q3-T-012,3876.68662533,direct,,14.6946138495,,True
Q3-T-012,3878.68662533,direct,,14.8065564662,,True
Q3-T-012,3880.68662533,direct,,14.919909913,,True
Q3-T-012,3882.68662533,direct,,15.0346901355,,True
Q3-T-012,3884.68662533,direct,,15.1509700024,,True
Q3-T-012,3886.68662533,direct,,15.2687336234,,True
Q3-T-012,3888.68662533,direct,,15.388068735,,True
Q3-T-012,3890.68662533,direct,,15.5090195612,,True
Q3-T-012,3892.68662533,direct,,15.6316082564,,True
Q3-T-012,3894.68662533,direct,,15.7558776391,,True
Q3-T-012,3896.68662533,direct,,15.8818146498,,True
Q3-T-012,3898.68662533,direct,,16.0095795097,,True
Q3-T-012,3900.68662533,direct,,16.1391633668,,True
Q3-T-012,3902.68662533,direct,,16.2706158793,,True
Q3-T-012,3904.68662533,direct,,16.4039669326,,True
Q3-T-012,3906.68662533,direct,,16.5392733779,,True
Q3-T-012,3908.68662533,direct,,16.6766484294,,True
Q3-T-012,3910.68662533,direct,,16.8160880749,,True
Q3-T-012,3912.68662533,direct,,16.9576974582,,True
Q3-T-012,3914.68662533,direct,,17.1015167669,,True
Q3-T-012,3916.68662533,direct,,17.2476110274,,True
Q3-T-012,3918.68662533,direct,,17.3959800937,,True
Q3-T-012,3920.68662533,direct,,17.5468287921,,True
Q3-T-012,3922.68662533,direct,,17.7001636267,,True
Q3-T-012,3924.68662533,direct,,17.8560354051,,True
Q3-T-012,3926.68662533,direct,,18.0145737105,,True
Q3-T-012,3928.68662533,direct,,18.1757886456,,True
Q3-T-012,3930.68662533,direct,,18.3398600702,,True
Q3-T-012,3932.68662533,direct,,18.5068034628,,True
Q3-T-012,3934.68662533,direct,,18.6767655825,,True
Q3-T-012,3936.68662533,direct,,18.8498162892,,True
Q3-T-012,3938.68662533,direct,,19.026004088,,True
Q3-T-012,3940.68662533,direct,,19.2055067627,,True
Q3-T-012,3942.68662533,direct,,19.3884395629,,True
Q3-T-012,3944.68662533,direct,,19.5748860378,,True
Q3-T-012,3946.68662533,direct,,19.7649315066,,True
Q3-T-012,3948.68662533,direct,,19.9587005436,,True
Q3-T-012,3950.68662533,direct,,20.1564000441,,True
Q3-T-012,3952.68662533,direct,,20.3581021101,,True
Q3-T-012,3954.68662533,direct,,20.5639048387,,True
Q3-T-012,3956.68662533,direct,,20.7740095738,,True
Q3-T-012,3958.68662533,direct,,20.9884579396,,True
Q3-T-012,3960.68662533,direct,,21.2075149049,,True
Q3-T-012,3962.68662533,direct,,21.4312233012,,True
Q3-T-012,3964.68662533,direct,,21.6597968165,,True
Q3-T-012,3966.68662533,direct,,21.893340041,,True
Q3-T-012,3968.68662533,direct,,22.1318810301,,True
Q3-T-012,3970.68662533,direct,,22.375768016,,True
Q3-T-012,3972.68662533,direct,,22.6250179112,,True
Q3-T-012,3974.68662533,direct,,22.879742688,,True
Q3-T-012,3976.68662533,direct,,23.1399953552,,True
Q3-T-012,3978.68662533,direct,,23.4058547578,,True
Q3-T-012,3980.68662533,direct,,23.6774782084,,True
Q3-T-012,3982.68662533,direct,,23.9547492138,,True
Q3-T-012,3984.68662533,direct,,24.2377134169,,True
Q3-T-012,3986.68662533,direct,,24.5262197901,,True
Q3-T-012,3988.68662533,direct,,24.8199957525,,True
Q3-T-012,3990.68662533,direct,,25.1188784921,,True
Q3-T-012,3992.68662533,direct,,25.4224702374,,True
Q3-T-012,3994.68662533,direct,,25.7301609945,,True
Q3-T-012,3996.68662533,direct,,26.0412016969,,True
Q3-T-012,3998.68662533,direct,,26.3544744579,,True
Q3-T-012,4000.68662533,direct,,26.6690170032,,True
Q3-T-012,4002.68662533,direct,,26.9831209642,,True
Q3-T-012,4004.68662533,direct,,27.2947981594,,True
Q3-T-012,4006.68662533,direct,,27.6017905068,,True
Q3-T-012,4008.68662533,direct,,27.9011396887,,True
Q3-T-012,4010.68662533,direct,,28.1897106922,,True
Q3-T-012,4012.68662533,direct,,28.4635748167,,True
Q3-T-012,4014.68662533,direct,,28.7185796872,,True
Q3-T-012,4016.68662533,direct,,28.9500923745,,True
Q3-T-012,4018.68662533,direct,,29.1532584385,,True
Q3-T-012,4020.68662533,direct,,29.3235455543,,True
Q3-T-012,4022.68662533,direct,,29.4564805039,,True
Q3-T-012,4024.68662533,direct,,29.5483585698,,True
Q3-T-012,4026.68662533,direct,,29.5964568658,,True
Q3-T-012,4027.81226739,direct,,29.6036705557,,True
Q3-T-012,4028.68662533,direct,,29.6402445467,,True
Q3-T-012,4030.68662533,direct,,29.7249112629,,True
Q3-T-012,4032.68662533,direct,,29.8104114083,,True
Q3-T-012,4034.68662533,direct,,29.8967615542,,True
Q3-T-012,4036.68662533,direct,,29.983978771,,True
Q3-T-012,4038.68662533,direct,,30.0720806485,,True
Q3-T-012,4040.68662533,direct,,30.1610853175,,True
Q3-T-012,4042.68662533,direct,,30.2510114715,,True
Q3-T-012,4044.68662533,direct,,30.3418783912,,True
Q3-T-012,4046.68662533,direct,,30.4337059686,,True
Q3-T-012,4048.68662533,direct,,30.5265147331,,True
Q3-T-012,4050.68662533,direct,,30.6203258798,,True
Q3-T-012,4052.68662533,direct,,30.7151612977,,True
Q3-T-012,4054.68662533,direct,,30.8110436008,,True
Q3-T-012,4056.68662533,direct,,30.9079961605,,True
Q3-T-012,4058.68662533,direct,,31.0060431395,,True
Q3-T-012,4060.68662533,direct,,31.1052095282,,True
Q3-T-012,4062.68662533,direct,,31.2055211829,,True
Q3-T-012,4064.68662533,direct,,31.3070048661,,True
Q3-T-012,4066.68662533,direct,,31.4096882896,,True
Q3-T-012,4068.68662533,direct,,31.5136001598,,True
Q3-T-012,4070.68662533,direct,,31.6187702259,,True
Q3-T-012,4072.68662533,direct,,31.7252293308,,True
Q3-T-012,4074.68662533,direct,,31.8330094659,,True
Q3-T-012,4076.68662533,direct,,31.9421438284,,True
Q3-T-012,4078.68662533,direct,,32.0526668826,,True
Q3-T-012,4080.68662533,direct,,32.1646144258,,True
Q3-T-012,4082.68662533,direct,,32.2780236572,,True
Q3-T-012,4084.68662533,direct,,32.3929332527,,True
Q3-T-012,4086.68662533,direct,,32.5093834436,,True
Q3-T-012,4088.68662533,direct,,32.6274161015,,True
Q3-T-012,4090.68662533,direct,,32.7470748287,,True
Q3-T-012,4092.68662533,direct,,32.8684050546,,True
Q3-T-012,4094.68662533,direct,,32.9914541395,,True
Q3-T-012,4096.68662533,direct,,33.1162714855,,True
Q3-T-012,4098.68662533,direct,,33.2429086556,,True
Q3-T-012,4100.68662533,direct,,33.3714195017,,True
Q3-T-012,4102.68662533,direct,,33.5018603018,,True
Q3-T-012,4104.68662533,direct,,33.6342899084,,True
Q3-T-012,4106.68662533,direct,,33.7687699075,,True
Q3-T-012,4108.68662533,direct,,33.9053647911,,True
Q3-T-012,4110.68662533,direct,,34.0441421423,,True
Q3-T-012,4112.68662533,direct,,34.1851728366,,True
Q3-T-012,4114.68662533,direct,,34.3285312589,,True
Q3-T-012,4116.68662533,direct,,34.4742955396,,True
Q3-T-012,4118.68662533,direct,,34.6225478097,,True
Q3-T-012,4120.68662533,direct,,34.7733744791,,True
Q3-T-012,4122.68662533,direct,,34.926866539,,True
Q3-T-012,4124.68662533,direct,,35.0831198917,,True
Q3-T-012,4126.68662533,direct,,35.2422357104,,True
Q3-T-012,4128.68662533,direct,,35.4043208324,,True
Q3-T-012,4130.68662533,direct,,35.5694881906,,True
Q3-T-012,4132.68662533,direct,,35.7378572856,,True
Q3-T-012,4134.68662533,direct,,35.9095547054,,True
Q3-T-012,4136.68662533,direct,,36.0847146972,,True
Q3-T-012,4138.68662533,direct,,36.2634797977,,True
Q3-T-012,4140.68662533,direct,,36.4460015304,,True
Q3-T-012,4142.68662533,direct,,36.6324411767,,True
Q3-T-012,4144.68662533,direct,,36.8229706331,,True
Q3-T-012,4146.68662533,direct,,37.0177733627,,True
Q3-T-012,4148.68662533,direct,,37.2170454574,,True
Q3-T-012,4150.68662533,direct,,37.4209968242,,True
Q3-T-012,4152.68662533,direct,,37.629852514,,True
Q3-T-012,4154.68662533,direct,,37.8438542142,,True
Q3-T-012,4156.68662533,direct,,38.0632619306,,True
Q3-T-012,4158.68662533,direct,,38.288355886,,True
Q3-T-012,4160.68662533,direct,,38.5194386726,,True
Q3-T-012,4162.68662533,direct,,38.756837698,,True
Q3-T-012,4164.68662533,direct,,39.0009079749,,True
Q3-T-012,4166.68662533,direct,,39.2520353146,,True
Q3-T-012,4168.68662533,direct,,39.510639996,,True
Q3-T-012,4170.68662533,direct,,39.7771809973,,True
Q3-T-012,4172.68662533,direct,,40.0521608983,,True
Q3-T-012,4174.68662533,direct,,40.3361315844,,True
Q3-T-012,4176.68662533,direct,,40.6297009143,,True
Q3-T-012,4178.68662533,direct,,40.9335405552,,True
Q3-T-012,4180.68662533,direct,,41.2483952385,,True
Q3-T-012,4182.68662533,direct,,41.5750937572,,True
Q3-T-012,4184.68662533,direct,,41.9145621129,,True
Q3-T-012,4186.68662533,direct,,42.2678393392,,True
Q3-T-012,4188.68662533,direct,,42.6360966809,,True
Q3-T-012,4190.68662533,direct,,43.0206610218,,True
Q3-T-012,4192.68662533,direct,,43.4230437444,,True
Q3-T-012,4194.68662533,direct,,43.8449766042,,True
Q3-T-012,4196.68662533,direct,,44.2884567713,,True
Q3-T-012,4198.68662533,direct,,44.755804002,,True
Q3-T-012,4200.68662533,direct,,45.2497340848,,True
Q3-T-012,4202.68662533,direct,,45.7734544572,,True
Q3-T-012,4204.68662533,direct,,46.3307905437,,True
Q3-T-012,4206.68662533,direct,,46.926355477,,True
Q3-T-012,4208.68662533,direct,,47.5657824082,,True
Q3-T-012,4210.68662533,direct,,48.256049322,,True
Q3-T-012,4212.68662533,direct,,49.0059444162,,True
Q3-T-012,4214.68662533,direct,,49.8267520145,,True
Q3-T-012,4216.68662533,direct,,50.7332976748,,True
Q3-T-012,4218.68662533,direct,,51.745604907,,True
Q3-T-012,4220.68662533,direct,,52.8916506355,,True
Q3-T-012,4222.68662533,direct,,54.2122294866,,True
Q3-T-012,4224.68662533,direct,,55.7702196925,,True
Q3-T-012,4226.68662533,direct,,57.6701091791,,True
Q3-T-012,4228.68662533,direct,,60.1054057507,,True
Q3-T-012,4230.68662533,direct,,63.501649617,,True
Q3-T-012,4232.68662533,direct,,69.1560453804,,True
Q3-T-012,4234.68662533,direct,,90.8197251504,,True
Q3-T-012,4236.68662533,direct,,70.7237474928,,True
Q3-T-012,4238.68662533,direct,,64.2839079943,,True
Q3-T-012,4240.68662533,direct,,60.6267155595,,True
Q3-T-012,4242.68662533,direct,,58.0610401913,,True
Q3-T-012,4244.68662533,direct,,56.0829454967,,True
Q3-T-012,4244.86433649,direct,,55.9251752525,,True
Q3-T-013,4170.05892162,direct,,55.9251752525,,True
Q3-T-013,4172.05892162,direct,,58.4239499847,,True
Q3-T-013,4174.05892162,direct,,61.9457751658,,True
Q3-T-013,4176.05892162,direct,,67.966375079,,True
Q3-T-013,4178.05892162,direct,,141.945775166,,True
Q3-T-013,4180.05892162,direct,,67.966375079,,True
Q3-T-013,4182.05892162,direct,,61.9457751658,,True
Q3-T-013,4184.05892162,direct,,58.4239499847,,True
Q3-T-013,4186.05892162,direct,,55.9251752525,,True
Q3-T-013,4188.05892162,direct,,53.9869749923,,True
Q3-T-013,4190.05892162,direct,,52.4033500714,,True
Q3-T-013,4192.05892162,direct,,51.0644142788,,True
Q3-T-013,4194.05892162,direct,,49.9045753392,,True
Q3-T-013,4196.05892162,direct,,48.8815248903,,True
Q3-T-013,4198.05892162,direct,,47.966375079,,True
Q3-T-013,4200.05892162,direct,,47.1385213759,,True
Q3-T-013,4202.05892162,direct,,46.3827501581,,True
Q3-T-013,4204.05892162,direct,,45.6875080329,,True
Q3-T-013,4206.05892162,direct,,45.0438143655,,True
Q3-T-013,4208.05892162,direct,,44.4445498979,,True
Q3-T-013,4210.05892162,direct,,43.8839754259,,True
Q3-T-013,4212.05892162,direct,,43.3573966515,,True
Q3-T-013,4214.05892162,direct,,42.860924977,,True
Q3-T-013,4216.05892162,direct,,42.39130306,,True
Q3-T-013,4218.05892162,direct,,41.9457751658,,True
Q3-T-013,4220.05892162,direct,,41.5219891844,,True
Q3-T-013,4222.05892162,direct,,41.1179214626,,True
Q3-T-013,4224.05892162,direct,,40.7318183587,,True
Q3-T-013,4226.05892162,direct,,40.3621502448,,True
Q3-T-013,4228.05892162,direct,,40.0075749056,,True
Q3-T-013,4230.05892162,direct,,39.6669081196,,True
Q3-T-013,4232.05892162,direct,,39.3390997959,,True
Q3-T-013,4234.05892162,direct,,39.0232144522,,True
Q3-T-013,4236.05892162,direct,,38.7184151211,,True
Q3-T-013,4238.05892162,direct,,38.4239499847,,True
Q3-T-013,4240.05892162,direct,,38.1391412024,,True
Q3-T-013,4242.05892162,direct,,37.8633755126,,True
Q3-T-013,4244.05892162,direct,,37.5960962815,,True
Q3-T-013,4246.05892162,direct,,37.3367967382,,True
Q3-T-013,4248.05892162,direct,,37.085014192,,True
Q3-T-013,4250.05892162,direct,,36.8403250637,,True
Q3-T-013,4252.05892162,direct,,36.6023405977,,True
Q3-T-013,4254.05892162,direct,,36.3707031467,,True
Q3-T-013,4256.05892162,direct,,36.1450829385,,True
Q3-T-013,4258.05892162,direct,,35.9251752525,,True
Q3-T-013,4260.05892162,direct,,35.7106979447,,True
Q3-T-013,4262.05892162,direct,,35.5013892711,,True
Q3-T-013,4264.05892162,direct,,35.2970059675,,True
Q3-T-013,4266.05892162,direct,,35.0973215493,,True
Q3-T-013,4268.05892162,direct,,34.9021248035,,True
Q3-T-013,4270.05892162,direct,,34.7112184454,,True
Q3-T-013,4272.05892162,direct,,34.5244179203,,True
Q3-T-013,4274.05892162,direct,,34.3415503315,,True
Q3-T-013,4276.05892162,direct,,34.1624534785,,True
Q3-T-013,4278.05892162,direct,,33.9869749923,,True
Q3-T-013,4278.27458814,direct,,33.968233704,,True
Q3-T-013,4280.05892162,direct,,33.9189448144,,True
Q3-T-013,4282.05892162,direct,,33.7507956604,,True
Q3-T-013,4284.05892162,direct,,33.4763548809,,True
Q3-T-013,4286.05892162,direct,,33.1146082212,,True
Q3-T-013,4288.05892162,direct,,32.6869505379,,True
Q3-T-013,4290.05892162,direct,,32.2137042255,,True
Q3-T-013,4292.05892162,direct,,31.7124227266,,True
Q3-T-013,4294.05892162,direct,,31.1966281476,,True
Q3-T-013,4296.05892162,direct,,30.6768685841,,True
Q3-T-013,4298.05892162,direct,,30.160572554,,True
Q3-T-013,4300.05892162,direct,,29.6528405544,,True
Q3-T-013,4302.05892162,direct,,29.1571173014,,True
Q3-T-013,4304.05892162,direct,,28.6751162871,,True
Q3-T-013,4306.05892162,direct,,28.2081151634,,True
Q3-T-013,4308.05892162,direct,,27.7565889573,,True
Q3-T-013,4310.05892162,direct,,27.3207362588,,True
Q3-T-013,4312.05892162,direct,,26.8999954771,,True
Q3-T-013,4314.05892162,direct,,26.4941001036,,True
Q3-T-013,4316.05892162,direct,,26.1025098024,,True
Q3-T-013,4318.05892162,direct,,25.7246216149,,True
Q3-T-013,4320.05892162,direct,,25.3599344151,,True
Q3-T-013,4322.05892162,direct,,25.0075451612,,True
Q3-T-013,4324.05892162,direct,,24.666960721,,True
Q3-T-013,4326.05892162,direct,,24.337571673,,True
Q3-T-013,4328.05892162,direct,,24.0188974648,,True
Q3-T-013,4330.05892162,direct,,23.7101801462,,True
Q3-T-013,4332.05892162,direct,,23.4109804229,,True
Q3-T-013,4334.05892162,direct,,23.1208117527,,True
Q3-T-013,4336.05892162,direct,,22.8392070444,,True
Q3-T-013,4338.05892162,direct,,22.5658173007,,True
Q3-T-013,4340.05892162,direct,,22.300058685,,True
Q3-T-013,4342.05892162,direct,,22.0416209945,,True
Q3-T-013,4344.05892162,direct,,21.79015241,,True
Q3-T-013,4346.05892162,direct,,21.545395463,,True
Q3-T-013,4348.05892162,direct,,21.3068716012,,True
Q3-T-013,4350.05892162,direct,,21.0743743315,,True
Q3-T-013,4352.05892162,direct,,20.8476109258,,True
Q3-T-013,4354.05892162,direct,,20.6264011451,,True
Q3-T-013,4356.05892162,direct,,20.4103538805,,True
Q3-T-013,4358.05892162,direct,,20.1993139483,,True
Q3-T-013,4360.05892162,direct,,19.9930722914,,True
Q3-T-013,4362.05892162,direct,,19.7914126996,,True
Q3-T-013,4364.05892162,direct,,19.5942157306,,True
Q3-T-013,4366.05892162,direct,,19.4011706888,,True
Q3-T-013,4368.05892162,direct,,19.2121741401,,True
Q3-T-013,4370.05892162,direct,,19.0270719968,,True
Q3-T-013,4372.05892162,direct,,18.8457606933,,True
Q3-T-013,4374.05892162,direct,,18.6679831566,,True
Q3-T-013,4376.05892162,direct,,18.4936650407,,True
Q3-T-013,4378.05892162,direct,,18.3226784235,,True
Q3-T-013,4380.05892162,direct,,18.1549074929,,True
Q3-T-013,4382.05892162,direct,,17.9902805788,,True
Q3-T-013,4384.05892162,direct,,17.8285848893,,True
Q3-T-013,4386.05892162,direct,,17.6697719961,,True
Q3-T-013,4388.05892162,direct,,17.5137434762,,True
Q3-T-013,4390.05892162,direct,,17.360461083,,True
Q3-T-013,4392.05892162,direct,,17.2097240812,,True
Q3-T-013,4394.05892162,direct,,17.0615039455,,True
Q3-T-013,4396.05892162,direct,,16.9157198127,,True
Q3-T-013,4398.05892162,direct,,16.7722945649,,True
Q3-T-013,4400.05892162,direct,,16.6312055955,,True
Q3-T-013,4402.05892162,direct,,16.4922798569,,True
Q3-T-013,4404.05892162,direct,,16.3555020039,,True
Q3-T-013,4406.05892162,direct,,16.2208078312,,True
Q3-T-013,4408.05892162,direct,,16.0881795969,,True
Q3-T-013,4410.05892162,direct,,15.957474704,,True
Q3-T-013,4412.05892162,direct,,15.828672705,,True
Q3-T-013,4414.05892162,direct,,15.7017238987,,True
Q3-T-013,4416.05892162,direct,,15.5766177574,,True
Q3-T-013,4418.05892162,direct,,15.4532216182,,True
Q3-T-013,4420.05892162,direct,,15.3315335548,,True
Q3-T-013,4422.05892162,direct,,15.2114999118,,True
Q3-T-013,4424.05892162,direct,,15.0930806877,,True
Q3-T-013,4426.05892162,direct,,14.9762721144,,True
Q3-T-013,4428.05892162,direct,,14.8609560233,,True
Q3-T-013,4430.05892162,direct,,14.7471323123,,True
Q3-T-013,4432.05892162,direct,,14.6347669399,,True
Q3-T-013,4434.05892162,direct,,14.5238529236,,True
Q3-T-013,4436.05892162,direct,,14.41428538,,True
Q3-T-013,4438.05892162,direct,,14.3060676594,,True
Q3-T-013,4440.05892162,direct,,14.1991672745,,True
Q3-T-013,4442.05892162,direct,,14.0935562872,,True
Q3-T-013,4444.05892162,direct,,13.9892320152,,True
Q3-T-013,4446.05892162,direct,,13.8860994685,,True
Q3-T-013,4448.05892162,direct,,13.7841652631,,True
Q3-T-013,4450.05892162,direct,,13.6834021419,,True
Q3-T-013,4452.05892162,direct,,13.5838198284,,True
Q3-T-013,4454.05892162,direct,,13.4853203024,,True
Q3-T-013,4456.05892162,direct,,13.3879154027,,True
Q3-T-013,4458.05892162,direct,,13.2915812834,,True
Q3-T-013,4460.05892162,direct,,13.1962948619,,True
Q3-T-013,4462.05892162,direct,,13.1020679286,,True
Q3-T-013,4464.05892162,direct,,13.0088101909,,True
Q3-T-013,4466.05892162,direct,,12.9165351825,,True
Q3-T-013,4468.05892162,direct,,12.8252225719,,True
Q3-T-013,4470.05892162,direct,,12.7348824712,,True
Q3-T-013,4472.05892162,direct,,12.6454386971,,True
Q3-T-013,4474.05892162,direct,,12.5568970375,,True
Q3-T-013,4476.05892162,direct,,12.4692424098,,True
Q3-T-013,4478.05892162,direct,,12.3824573441,,True
Q3-T-013,4480.05892162,direct,,12.2965532444,,True
Q3-T-013,4482.05892162,direct,,12.2114593739,,True
Q3-T-013,4484.05892162,direct,,12.127182857,,True
Q3-T-013,4486.05892162,direct,,12.0437109129,,True
Q3-T-013,4488.05892162,direct,,11.9610557226,,True
Q3-T-013,4490.05892162,direct,,11.8791477357,,True
Q3-T-013,4492.05892162,direct,,11.7980028345,,True
Q3-T-013,4494.05892162,direct,,11.717601853,,True
Q3-T-013,4496.05892162,direct,,11.6379602124,,True
Q3-T-013,4498.05892162,direct,,11.5590118934,,True
Q3-T-013,4500.05892162,direct,,11.4807706271,,True
Q3-T-013,4502.05892162,direct,,11.4032264358,,True
Q3-T-013,4504.05892162,direct,,11.3263621371,,True
Q3-T-013,4506.05892162,direct,,11.2501935814,,True
Q3-T-013,4508.05892162,direct,,11.1746586845,,True
Q3-T-013,4510.05892162,direct,,11.0997715894,,True
Q3-T-013,4512.05892162,direct,,11.0255237337,,True
Q3-T-013,4514.05892162,direct,,10.9519239387,,True
Q3-T-013,4516.05892162,direct,,10.878915359,,True
Q3-T-013,4518.05892162,direct,,10.8065123578,,True
Q3-T-013,4520.05892162,direct,,10.7347050201,,True
Q3-T-013,4522.05892162,direct,,10.6634859712,,True
Q3-T-013,4524.05892162,direct,,10.5928644915,,True
Q3-T-013,4526.05892162,direct,,10.522786816,,True
Q3-T-013,4528.05892162,direct,,10.4532674762,,True
Q3-T-013,4530.05892162,direct,,10.384297685,,True
Q3-T-013,4532.05892162,direct,,10.3158936811,,True
Q3-T-013,4534.05892162,direct,,10.2479972472,,True
Q3-T-013,4536.05892162,direct,,10.1806252084,,True
Q3-T-013,4538.05892162,direct,,10.1137695603,,True
Q3-T-013,4540.05892162,direct,,10.0474224798,,True
Q3-T-013,4542.05892162,direct,,9.98160020669,,True
Q3-T-013,4544.05892162,direct,,9.91624731093,,True
Q3-T-013,4546.05892162,direct,,9.85138054935,,True
Q3-T-013,4548.05892162,direct,,9.78699277105,,True
Q3-T-013,4550.05892162,direct,,9.72309810617,,True
Q3-T-013,4552.05892162,direct,,9.65964935775,,True
Q3-T-013,4554.05892162,direct,,9.59665699609,,True
Q3-T-013,4556.05892162,direct,,9.53411653256,,True
Q3-T-013,4558.05892162,direct,,9.47202155299,,True
Q3-T-013,4560.05892162,direct,,9.41038615897,,True
Q3-T-013,4562.05892162,direct,,9.34916527666,,True
Q3-T-013,4564.05892162,direct,,9.28836944187,,True
Q3-T-013,4566.05892162,direct,,9.2279947506,,True
Q3-T-013,4568.05892162,direct,,9.16805524968,,True
Q3-T-013,4570.05892162,direct,,9.10850550312,,True
Q3-T-013,4572.05892162,direct,,9.04936183756,,True
Q3-T-013,4574.05892162,direct,,8.99061498653,,True
Q3-T-013,4576.05892162,direct,,8.93228084346,,True
Q3-T-013,4578.05892162,direct,,8.87431547738,,True
Q3-T-013,4580.05892162,direct,,8.81673319567,,True
Q3-T-013,4582.05892162,direct,,8.75953083199,,True
Q3-T-013,4584.05892162,direct,,8.7026997601,,True
Q3-T-013,4586.05892162,direct,,8.64625568798,,True
Q3-T-013,4588.05892162,direct,,8.59015642691,,True
Q3-T-013,4590.05892162,direct,,8.53441612845,,True
Q3-T-013,4592.05892162,direct,,8.47903203104,,True
Q3-T-013,4594.05892162,direct,,8.42401427722,,True
Q3-T-013,4596.05892162,direct,,8.36932377369,,True
Q3-T-013,4598.05892162,direct,,8.31497453462,,True
Q3-T-013,4600.05892162,direct,,8.26096233903,,True
Q3-T-013,4602.05892162,direct,,8.20728477852,,True
Q3-T-013,4604.05892162,direct,,8.15395194868,,True
Q3-T-013,4606.05892162,direct,,8.10092620705,,True
Q3-T-013,4608.05892162,direct,,8.04822138407,,True
Q3-T-013,4610.05892162,direct,,7.99583362855,,True
Q3-T-013,4612.05892162,direct,,7.94377638094,,True
Q3-T-013,4614.05892162,direct,,7.89201305119,,True
Q3-T-013,4616.05892162,direct,,7.84055395936,,True
Q3-T-013,4618.05892162,direct,,7.78939720283,,True
Q3-T-013,4620.05892162,direct,,7.73853925828,,True
Q3-T-013,4622.05892162,direct,,7.68799338783,,True
Q3-T-013,4624.05892162,direct,,7.63772426908,,True
Q3-T-013,4626.05892162,direct,,7.58774212006,,True
Q3-T-013,4628.05892162,direct,,7.53804528802,,True
Q3-T-013,4630.05892162,direct,,7.48864688719,,True
Q3-T-013,4632.05892162,direct,,7.43951095704,,True
Q3-T-013,4634.05892162,direct,,7.39065239213,,True
Q3-T-013,4636.05892162,direct,,7.34206495273,,True
Q3-T-013,4638.05892162,direct,,7.29374720651,,True
Q3-T-013,4640.05892162,direct,,7.2457120783,,True
Q3-T-013,4642.05892162,direct,,7.19792476706,,True
Q3-T-013,4644.05892162,direct,,7.1503999186,,True
Q3-T-013,4646.05892162,direct,,7.10313162337,,True
Q3-T-013,4648.05892162,direct,,7.05613419741,,True
Q3-T-013,4650.05892162,direct,,7.00937371286,,True
Q3-T-013,4652.05892162,direct,,6.96286311332,,True
Q3-T-013,4654.05892162,relay,H039,-3.08339875655,20.6981660624,True
Q3-T-013,4656.05892162,relay,H039,-3.12940228043,21.1228998203,True
Q3-T-013,4658.05892162,relay,H039,-3.17517905335,21.5652802589,True
Q3-T-013,4660.05892162,relay,H039,-3.22071629746,22.0260634733,True
Q3-T-013,4662.05892162,relay,H039,-3.26601650161,22.5060449456,True
Q3-T-013,4664.05892162,relay,H039,-3.31108065894,23.0058112681,True
Q3-T-013,4666.05892162,relay,H039,-3.35589926984,23.525487514,True
Q3-T-013,4668.05892162,relay,H039,-3.40050298939,24.0651231251,True
Q3-T-013,4670.05892162,relay,H039,-3.44487924624,24.6234056533,True
Q3-T-013,4672.05892162,relay,H039,-3.4890303444,25.1978703421,True
Q3-T-013,4674.05892162,relay,H039,-3.5329425971,25.7838717292,True
Q3-T-013,4676.05892162,relay,H039,-3.5766502314,26.3745769904,True
Q3-T-013,4678.05892162,relay,H039,-3.62013941233,26.9586071936,True
Q3-T-013,4680.05892162,relay,H039,-3.66341230894,27.5197462795,True
Q3-T-013,4682.05892162,relay,H039,-3.70647105817,28.0359054957,True
Q3-T-013,4684.05892162,relay,H039,-3.74930220141,28.4792201283,True
Q3-T-013,4686.05892162,relay,H039,-3.79193901758,28.8189861889,True
Q3-T-013,4688.05892162,relay,H039,-3.83436791015,29.0257275888,True
Q3-T-013,4690.05892162,relay,H039,-3.87659089386,29.0788934776,True
Q3-T-013,4692.05892162,relay,H039,-3.91859604914,28.9728958551,True
Q3-T-013,4694.05892162,relay,H039,-3.96041185774,28.7187866365,True
Q3-T-013,4696.05892162,relay,H039,-4.00202898762,28.3408393381,True
Q3-T-013,4698.05892162,relay,H039,-4.04344798146,27.86966334,True
Q3-T-013,4700.05892162,relay,H039,-4.08467071398,27.3356087223,True
Q3-T-013,4702.05892162,relay,H039,-4.12568545532,26.7648367831,True
Q3-T-013,4704.05892162,relay,H039,-4.16651992687,26.1770598116,True
Q3-T-013,4706.05892162,relay,H039,-4.2071649309,25.586831654,True
Q3-T-013,4708.05892162,relay,H039,-4.2476209123,25.0039029548,True
Q3-T-013,4710.05892162,relay,H039,-4.28787629112,24.434663527,True
Q3-T-013,4712.05892162,relay,H039,-4.3279595065,23.8824220873,True
Q3-T-013,4714.05892162,relay,H039,-4.36785757836,23.3493480691,True
Q3-T-013,4716.05892162,relay,H039,-4.40757477015,22.8362182311,True
Q3-T-013,4718.05892162,relay,H039,-4.447111439,22.3431170086,True
Q3-T-013,4720.05892162,relay,H039,-4.48645618964,21.8697980579,True
Q3-T-013,4722.05892162,relay,H039,-4.52563674292,21.4152668812,True
Q3-T-013,4724.05892162,relay,H039,-4.56464033923,20.9788605913,True
Q3-T-013,4726.05892162,relay,H039,-4.60347107409,20.5596384635,True
Q3-T-013,4728.05892162,relay,H039,-4.64211643032,20.1568104088,True
Q3-T-013,4730.05892162,relay,H039,-4.68060358055,19.7691835231,True
Q3-T-013,4732.05892162,relay,H039,-4.71892117742,19.3959981862,True
Q3-T-013,4734.05892162,relay,H039,-4.75706947218,19.0364113719,True
Q3-T-013,4736.05892162,relay,H039,-4.7950398319,18.6897057974,True
Q3-T-013,4738.05892162,relay,H039,-4.8328576634,18.35490629,True
Q3-T-013,4740.05892162,relay,H039,-4.87051176733,18.0314227461,True
Q3-T-013,4742.05892162,relay,H039,-4.90800355342,17.7185965217,True
Q3-T-013,4744.05892162,relay,H039,-4.94533320562,17.4158250229,True
Q3-T-013,4746.05892162,relay,H039,-4.98249221384,17.1226159008,True
Q3-T-013,4748.05892162,relay,H039,-5.01950538256,16.8382570331,True
Q3-T-013,4750.05892162,relay,H039,-5.05636169384,16.5623575756,True
Q3-T-013,4752.05892162,relay,H039,-5.09306246989,16.294462971,True
Q3-T-013,4754.05892162,relay,H039,-5.12959573596,16.0342445223,True
Q3-T-013,4756.05892162,relay,H039,-5.16598939744,15.7811204327,True
Q3-T-013,4758.05892162,relay,H039,-5.20223139123,15.5348219447,True
Q3-T-013,4760.05892162,relay,H039,-5.2383229747,15.295009364,True
Q3-T-013,4762.05892162,relay,H039,-5.27426538963,15.0613661615,True
Q3-T-013,4764.05892162,relay,H039,-5.31004685492,14.8336790015,True
Q3-T-013,4766.05892162,relay,H039,-5.34569465048,14.611506409,True
Q3-T-013,4768.05892162,relay,H039,-5.3811969117,14.3946746983,True
Q3-T-013,4770.05892162,relay,H039,-5.41655482069,14.182942757,True
Q3-T-013,4772.05892162,relay,H039,-5.45175788719,13.9761525696,True
Q3-T-013,4774.05892162,relay,H039,-5.48682949309,13.7739616515,True
Q3-T-013,4776.05892162,relay,H039,-5.52176134694,13.5762275117,True
Q3-T-013,4778.05892162,relay,H039,-5.55655343555,13.3827699703,True
Q3-T-013,4780.05892162,relay,H039,-5.59120687165,13.1934133072,True
Q3-T-013,4782.05892162,relay,H039,-5.62571132762,13.0080529409,True
Q3-T-013,4784.05892162,relay,H039,-5.66009078929,12.8264099498,True
Q3-T-013,4786.05892162,relay,H039,-5.69433374977,12.6484050746,True
Q3-T-013,4788.05892162,relay,H039,-5.72844349048,12.4738878415,True
Q3-T-013,4790.05892162,relay,H039,-5.76240869884,12.3027889907,True
Q3-T-013,4792.05892162,relay,H039,-5.79625295277,12.1348707636,True
Q3-T-013,4792.58669787,relay,H039,-5.8051624007,12.0910828023,True
Q3-T-013,4794.05892162,relay,H039,-5.80505528315,12.0887430061,True
Q3-T-013,4796.05892162,relay,H039,-5.80491206136,12.0855227761,True
Q3-T-013,4798.05892162,relay,H039,-5.80477116766,12.0822478389,True
Q3-T-013,4800.05892162,relay,H039,-5.80463260228,12.0789183199,True
Q3-T-013,4802.05892162,relay,H039,-5.80449636543,12.0755343465,True
Q3-T-013,4804.05892162,relay,H039,-5.80436245735,12.0720960479,True
Q3-T-013,4806.05892162,relay,H039,-5.80423087823,12.0686035552,True
Q3-T-013,4808.05892162,relay,H039,-5.8041016283,12.0650570011,True
Q3-T-013,4810.05892162,relay,H039,-5.80397470777,12.0614565203,True
Q3-T-013,4812.05892162,relay,H039,-5.80385011683,12.0578022493,True
Q3-T-013,4814.05892162,relay,H039,-5.80372785569,12.0540943262,True
Q3-T-013,4816.05892162,relay,H039,-5.80360792454,12.050332891,True
Q3-T-013,4818.05892162,relay,H039,-5.80349032359,12.0465180853,True
Q3-T-013,4820.05892162,relay,H039,-5.80337505301,12.0426500526,True
Q3-T-013,4822.05892162,relay,H039,-5.80326211299,12.0387289379,True
Q3-T-013,4824.05892162,relay,H039,-5.80315150372,12.034754888,True
Q3-T-013,4826.05892162,relay,H039,-5.80304322537,12.0307280514,True
Q3-T-013,4828.05892162,relay,H039,-5.80293727813,12.0266485781,True
Q3-T-013,4830.05892162,relay,H039,-5.80283366215,12.0225166199,True
Q3-T-013,4832.05892162,relay,H039,-5.8027323776,12.01833233,True
Q3-T-013,4834.05892162,relay,H039,-5.80263342465,12.0140958635,True
Q3-T-013,4836.05892162,relay,H039,-5.80253680346,12.0098073767,True
Q3-T-013,4838.05892162,relay,H039,-5.80244251419,12.0054670278,True
Q3-T-013,4840.05892162,relay,H039,-5.80235055698,12.0010749763,True
Q3-T-013,4842.05892162,relay,H039,-5.80226093198,11.9966313834,True
Q3-T-013,4844.05892162,relay,H039,-5.80217363935,11.9921364116,True
Q3-T-013,4846.05892162,relay,H039,-5.80208867921,11.987590225,True
Q3-T-013,4848.05892162,relay,H039,-5.80200605171,11.9829929893,True
Q3-T-013,4850.05892162,relay,H039,-5.80192575697,11.9783448713,True
Q3-T-013,4852.05892162,relay,H039,-5.80184779514,11.9736460396,True
Q3-T-013,4854.05892162,relay,H039,-5.80177216633,11.9688966639,True
Q3-T-013,4856.05892162,relay,H039,-5.80169887066,11.9640969155,True
Q3-T-013,4858.05892162,relay,H039,-5.80162790826,11.9592469669,True
Q3-T-013,4860.05892162,relay,H039,-5.80155927924,11.9543469921,True
Q3-T-013,4862.05892162,relay,H039,-5.8014929837,11.9493971665,True
Q3-T-013,4864.05892162,relay,H039,-5.80142902177,11.9443976664,True
Q3-T-013,4866.05892162,relay,H039,-5.80136739353,11.9393486699,True
Q3-T-013,4868.05892162,relay,H039,-5.80130809909,11.934250356,True
Q3-T-013,4870.05892162,relay,H039,-5.80125113854,11.9291029052,True
Q3-T-013,4872.05892162,relay,H039,-5.80119651198,11.923906499,True
Q3-T-013,4874.05892162,relay,H039,-5.8011442195,11.9186613203,True
Q3-T-013,4876.05892162,relay,H039,-5.80109426117,11.9133675532,True
Q3-T-013,4877.55628102,relay,H039,-5.80105844188,11.9093788385,True
Q3-T-013,4878.05892162,relay,H039,-5.80105844188,11.9093788385,True
Q3-T-013,4880.05892162,relay,H039,-5.80105844188,11.9093788385,True
Q3-T-013,4882.05892162,relay,H039,-5.80105844188,11.9093788385,True
Q3-T-013,4884.05892162,relay,H039,-5.80105844188,11.9093788385,True
Q3-T-013,4886.05892162,relay,H039,-5.80105844188,11.9093788385,True
Q3-T-013,4888.05892162,relay,H039,-5.80105844188,11.9093788385,True
Q3-T-013,4890.05892162,relay,H039,-5.80105844188,11.9093788385,True
Q3-T-013,4892.05892162,relay,H039,-5.80105844188,11.9093788385,True
Q3-T-013,4894.05892162,relay,H039,-5.80105844188,11.9093788385,True
Q3-T-013,4896.05892162,relay,H039,-5.80105844188,11.9093788385,True
Q3-T-013,4898.05892162,relay,H039,-5.80105844188,11.9093788385,True
Q3-T-013,4900.05892162,relay,H039,-5.80105844188,11.9093788385,True
Q3-T-013,4902.05892162,relay,H039,-5.80105844188,11.9093788385,True
Q3-T-013,4904.05892162,relay,H039,-5.80105844188,11.9093788385,True
Q3-T-013,4906.05892162,relay,H039,-5.80105844188,11.9093788385,True
Q3-T-013,4908.05892162,relay,H039,-5.80105844188,11.9093788385,True
Q3-T-013,4910.05892162,relay,H039,-5.80105844188,11.9093788385,True
Q3-T-013,4912.05892162,relay,H039,-5.80105844188,11.9093788385,True
Q3-T-013,4914.05892162,relay,H039,-5.80105844188,11.9093788385,True
Q3-T-013,4916.05892162,relay,H039,-5.80105844188,11.9093788385,True
Q3-T-013,4918.05892162,relay,H039,-5.80105844188,11.9093788385,True
Q3-T-013,4920.05892162,relay,H039,-5.80105844188,11.9093788385,True
Q3-T-013,4922.05892162,relay,H039,-5.80105844188,11.9093788385,True
Q3-T-013,4924.05892162,relay,H039,-5.80105844188,11.9093788385,True
Q3-T-013,4926.05892162,relay,H039,-5.80105844188,11.9093788385,True
Q3-T-013,4928.05892162,relay,H039,-5.80105844188,11.9093788385,True
Q3-T-013,4930.05892162,relay,H039,-5.80105844188,11.9093788385,True
Q3-T-013,4932.05892162,relay,H039,-5.80105844188,11.9093788385,True
Q3-T-013,4934.05892162,relay,H039,-5.80105844188,11.9093788385,True
Q3-T-013,4936.05892162,relay,H039,-5.80105844188,11.9093788385,True
Q3-T-013,4938.05892162,relay,H039,-5.80105844188,11.9093788385,True
Q3-T-013,4940.05892162,relay,H039,-5.80105844188,11.9093788385,True
Q3-T-013,4942.05892162,relay,H039,-5.80105844188,11.9093788385,True
Q3-T-013,4944.05892162,relay,H039,-5.80105844188,11.9093788385,True
Q3-T-013,4946.05892162,relay,H039,-5.80105844188,11.9093788385,True
Q3-T-013,4948.05892162,relay,H039,-5.80105844188,11.9093788385,True
Q3-T-013,4950.05892162,relay,H039,-5.80105844188,11.9093788385,True
Q3-T-013,4952.05892162,relay,H039,-5.80105844188,11.9093788385,True
Q3-T-013,4954.05892162,relay,H039,-5.80105844188,11.9093788385,True
Q3-T-013,4956.05892162,relay,H039,-5.80105844188,11.9093788385,True
Q3-T-013,4958.05892162,relay,H039,-5.80105844188,11.9093788385,True
Q3-T-013,4960.05892162,relay,H039,-5.80105844188,11.9093788385,True
Q3-T-013,4962.05892162,relay,H039,-5.80105844188,11.9093788385,True
Q3-T-013,4964.05892162,relay,H039,-5.80105844188,11.9093788385,True
Q3-T-013,4966.05892162,relay,H039,-5.80105844188,11.9093788385,True
Q3-T-013,4968.05892162,relay,H039,-5.80105844188,11.9093788385,True
Q3-T-013,4970.05892162,relay,H039,-5.80105844188,11.9093788385,True
Q3-T-013,4972.05892162,relay,H039,-5.80105844188,11.9093788385,True
Q3-T-013,4974.05892162,relay,H039,-5.80105844188,11.9093788385,True
Q3-T-013,4976.05892162,relay,H039,-5.80105844188,11.9093788385,True
Q3-T-013,4978.05892162,relay,H039,-5.80105844188,11.9093788385,True
Q3-T-013,4980.05892162,relay,H039,-5.80105844188,11.9093788385,True
Q3-T-013,4982.05892162,relay,H039,-5.80105844188,11.9093788385,True
Q3-T-013,4984.05892162,relay,H039,-5.80105844188,11.9093788385,True
Q3-T-013,4986.05892162,relay,H039,-5.80105844188,11.9093788385,True
Q3-T-013,4988.05892162,relay,H039,-5.80105844188,11.9093788385,True
Q3-T-013,4990.05892162,relay,H039,-5.80105844188,11.9093788385,True
Q3-T-013,4992.05892162,relay,H039,-5.80105844188,11.9093788385,True
Q3-T-013,4994.05892162,relay,H039,-5.80105844188,11.9093788385,True
Q3-T-013,4996.05892162,relay,H039,-5.80105844188,11.9093788385,True
Q3-T-013,4998.05892162,relay,H039,-5.80105844188,11.9093788385,True
Q3-T-013,5000.05892162,relay,H039,-5.80105844188,11.9093788385,True
Q3-T-013,5002.05892162,relay,H039,-5.80105844188,11.9093788385,True
Q3-T-013,5004.05892162,relay,H039,-5.80105844188,11.9093788385,True
Q3-T-013,5006.05892162,relay,H039,-5.80105844188,11.9093788385,True
Q3-T-013,5008.05892162,relay,H039,-5.80105844188,11.9093788385,True
Q3-T-013,5010.05892162,relay,H039,-5.80105844188,11.9093788385,True
Q3-T-013,5012.05892162,relay,H039,-5.80105844188,11.9093788385,True
Q3-T-013,5014.05892162,relay,H039,-5.80105844188,11.9093788385,True
Q3-T-013,5016.05892162,relay,H039,-5.80105844188,11.9093788385,True
Q3-T-013,5018.05892162,relay,H039,-5.80105844188,11.9093788385,True
Q3-T-013,5020.05892162,relay,H039,-5.80105844188,11.9093788385,True
Q3-T-013,5022.05892162,relay,H039,-5.80105844188,11.9093788385,True
Q3-T-013,5024.05892162,relay,H039,-5.80105844188,11.9093788385,True
Q3-T-013,5026.05892162,relay,H039,-5.80105844188,11.9093788385,True
Q3-T-013,5028.05892162,relay,H039,-5.80105844188,11.9093788385,True
Q3-T-013,5030.05892162,relay,H039,-5.80105844188,11.9093788385,True
Q3-T-013,5032.05892162,relay,H039,-5.80105844188,11.9093788385,True
Q3-T-013,5034.05892162,relay,H039,-5.80105844188,11.9093788385,True
Q3-T-013,5036.05892162,relay,H039,-5.80105844188,11.9093788385,True
Q3-T-013,5038.05892162,relay,H039,-5.80105844188,11.9093788385,True
Q3-T-013,5040.05892162,relay,H039,-5.80105844188,11.9093788385,True
Q3-T-013,5042.05892162,relay,H039,-5.80105844188,11.9093788385,True
Q3-T-013,5044.05892162,relay,H039,-5.80105844188,11.9093788385,True
Q3-T-013,5046.05892162,relay,H039,-5.80105844188,11.9093788385,True
Q3-T-013,5048.05892162,relay,H039,-5.80105844188,11.9093788385,True
Q3-T-013,5050.05892162,relay,H039,-5.80105844188,11.9093788385,True
Q3-T-013,5052.05892162,relay,H039,-5.80105844188,11.9093788385,True
Q3-T-013,5054.05892162,relay,H039,-5.80105844188,11.9093788385,True
Q3-T-013,5056.05892162,relay,H039,-5.80105844188,11.9093788385,True
Q3-T-013,5058.05892162,relay,H039,-5.80105844188,11.9093788385,True
Q3-T-013,5060.05892162,relay,H039,-5.80105844188,11.9093788385,True
Q3-T-013,5062.05892162,relay,H039,-5.80105844188,11.9093788385,True
Q3-T-013,5064.05892162,relay,H039,-5.80105844188,11.9093788385,True
Q3-T-013,5066.05892162,relay,H039,-5.80105844188,11.9093788385,True
Q3-T-013,5068.05892162,relay,H039,-5.80105844188,11.9093788385,True
Q3-T-013,5070.05892162,relay,H039,-5.80105844188,11.9093788385,True
Q3-T-013,5072.05892162,relay,H039,-5.80105844188,11.9093788385,True
Q3-T-013,5074.05892162,relay,H039,-5.80105844188,11.9093788385,True
Q3-T-013,5076.05892162,relay,H039,-5.80105844188,11.9093788385,True
Q3-T-013,5078.05892162,relay,H039,-5.80105844188,11.9093788385,True
Q3-T-013,5080.05892162,relay,H039,-5.80105844188,11.9093788385,True
Q3-T-013,5082.05892162,relay,H039,-5.80105844188,11.9093788385,True
Q3-T-013,5084.05892162,relay,H039,-5.80105844188,11.9093788385,True
Q3-T-013,5086.05892162,relay,H039,-5.80105844188,11.9093788385,True
Q3-T-013,5088.05892162,relay,H039,-5.80105844188,11.9093788385,True
Q3-T-013,5090.05892162,relay,H039,-5.80105844188,11.9093788385,True
Q3-T-013,5092.05892162,relay,H039,-5.80105844188,11.9093788385,True
Q3-T-013,5094.05892162,relay,H039,-5.80105844188,11.9093788385,True
Q3-T-013,5096.05892162,relay,H039,-5.80105844188,11.9093788385,True
Q3-T-013,5098.05892162,relay,H039,-5.80105844188,11.9093788385,True
Q3-T-013,5100.05892162,relay,H039,-5.80105844188,11.9093788385,True
Q3-T-013,5102.05892162,relay,H039,-5.80105844188,11.9093788385,True
Q3-T-013,5104.05892162,relay,H039,-5.80105844188,11.9093788385,True
Q3-T-013,5106.05892162,relay,H039,-5.80105844188,11.9093788385,True
Q3-T-013,5108.05892162,relay,H039,-5.80105844188,11.9093788385,True
Q3-T-013,5110.05892162,relay,H039,-5.80105844188,11.9093788385,True
Q3-T-013,5112.05892162,relay,H039,-5.80105844188,11.9093788385,True
Q3-T-013,5114.05892162,relay,H039,-5.80105844188,11.9093788385,True
Q3-T-013,5116.05892162,relay,H039,-5.80105844188,11.9093788385,True
Q3-T-013,5118.05892162,relay,H039,-5.80105844188,11.9093788385,True
Q3-T-013,5120.05892162,relay,H039,-5.80105844188,11.9093788385,True
Q3-T-013,5122.05892162,relay,H039,-5.80105844188,11.9093788385,True
Q3-T-013,5124.05892162,relay,H039,-5.80105844188,11.9093788385,True
Q3-T-013,5126.05892162,relay,H039,-5.80105844188,11.9093788385,True
Q3-T-013,5128.05892162,relay,H039,-5.80105844188,11.9093788385,True
Q3-T-013,5130.05892162,relay,H039,-5.80105844188,11.9093788385,True
Q3-T-013,5132.05892162,relay,H039,-5.80105844188,11.9093788385,True
Q3-T-013,5134.05892162,relay,H039,-5.80105844188,11.9093788385,True
Q3-T-013,5136.05892162,relay,H039,-5.80105844188,11.9093788385,True
Q3-T-013,5138.05892162,relay,H039,-5.80105844188,11.9093788385,True
Q3-T-013,5140.05892162,relay,H039,-5.80105844188,11.9093788385,True
Q3-T-013,5142.05892162,relay,H039,-5.80105844188,11.9093788385,True
Q3-T-013,5144.05892162,relay,H039,-5.80105844188,11.9093788385,True
Q3-T-013,5146.05892162,relay,H039,-5.80105844188,11.9093788385,True
Q3-T-013,5148.05892162,relay,H039,-5.80105844188,11.9093788385,True
Q3-T-013,5150.05892162,relay,H039,-5.80105844188,11.9093788385,True
Q3-T-013,5152.05892162,relay,H039,-5.80105844188,11.9093788385,True
Q3-T-013,5154.05892162,relay,H039,-5.80105844188,11.9093788385,True
Q3-T-013,5156.05892162,relay,H039,-5.80105844188,11.9093788385,True
Q3-T-013,5158.05892162,relay,H039,-5.80105844188,11.9093788385,True
Q3-T-013,5160.05892162,relay,H039,-5.80105844188,11.9093788385,True
Q3-T-013,5162.05892162,relay,H039,-5.80105844188,11.9093788385,True
Q3-T-013,5164.05892162,relay,H039,-5.80105844188,11.9093788385,True
Q3-T-013,5166.05892162,relay,H039,-5.80105844188,11.9093788385,True
Q3-T-013,5168.05892162,relay,H039,-5.80105844188,11.9093788385,True
Q3-T-013,5170.05892162,relay,H039,-5.80105844188,11.9093788385,True
Q3-T-013,5172.05892162,relay,H039,-5.80105844188,11.9093788385,True
Q3-T-013,5174.05892162,relay,H039,-5.80105844188,11.9093788385,True
Q3-T-013,5176.05892162,relay,H039,-5.80105844188,11.9093788385,True
Q3-T-013,5178.05892162,relay,H039,-5.80105844188,11.9093788385,True
Q3-T-013,5180.05892162,relay,H039,-5.80105844188,11.9093788385,True
Q3-T-013,5182.05892162,relay,H039,-5.80105844188,11.9093788385,True
Q3-T-013,5184.05892162,relay,H039,-5.80105844188,11.9093788385,True
Q3-T-013,5186.05892162,relay,H039,-5.80105844188,11.9093788385,True
Q3-T-013,5188.05892162,relay,H039,-5.80105844188,11.9093788385,True
Q3-T-013,5190.05892162,relay,H039,-5.80105844188,11.9093788385,True
Q3-T-013,5192.05892162,relay,H039,-5.80105844188,11.9093788385,True
Q3-T-013,5194.05892162,relay,H039,-5.80105844188,11.9093788385,True
Q3-T-013,5196.05892162,relay,H039,-5.80105844188,11.9093788385,True
Q3-T-013,5198.05892162,relay,H039,-5.80105844188,11.9093788385,True
Q3-T-013,5200.05892162,relay,H039,-5.80105844188,11.9093788385,True
Q3-T-013,5202.05892162,relay,H039,-5.80105844188,11.9093788385,True
Q3-T-013,5204.05892162,relay,H039,-5.80105844188,11.9093788385,True
Q3-T-013,5206.05892162,relay,H039,-5.80105844188,11.9093788385,True
Q3-T-013,5208.05892162,relay,H039,-5.80105844188,11.9093788385,True
Q3-T-013,5210.05892162,relay,H039,-5.80105844188,11.9093788385,True
Q3-T-013,5212.05892162,relay,H039,-5.80105844188,11.9093788385,True
Q3-T-013,5214.05892162,relay,H039,-5.80105844188,11.9093788385,True
Q3-T-013,5216.05892162,relay,H039,-5.80105844188,11.9093788385,True
Q3-T-013,5218.05892162,relay,H039,-5.80105844188,11.9093788385,True
Q3-T-013,5220.05892162,relay,H039,-5.80105844188,11.9093788385,True
Q3-T-013,5222.05892162,relay,H039,-5.80105844188,11.9093788385,True
Q3-T-013,5224.05892162,relay,H039,-5.80105844188,11.9093788385,True
Q3-T-013,5226.05892162,relay,H039,-5.80105844188,11.9093788385,True
Q3-T-013,5228.05892162,relay,H039,-5.80105844188,11.9093788385,True
Q3-T-013,5230.05892162,relay,H039,-5.80105844188,11.9093788385,True
Q3-T-013,5232.05892162,relay,H039,-5.80105844188,11.9093788385,True
Q3-T-013,5234.05892162,relay,H039,-5.80105844188,11.9093788385,True
Q3-T-013,5236.05892162,relay,H039,-5.80105844188,11.9093788385,True
Q3-T-013,5238.05892162,relay,H039,-5.80105844188,11.9093788385,True
Q3-T-013,5240.05892162,relay,H039,-5.80105844188,11.9093788385,True
Q3-T-013,5242.05892162,relay,H039,-5.80105844188,11.9093788385,True
Q3-T-013,5244.05892162,relay,H039,-5.80105844188,11.9093788385,True
Q3-T-013,5246.05892162,relay,H039,-5.80105844188,11.9093788385,True
Q3-T-013,5248.05892162,relay,H039,-5.80105844188,11.9093788385,True
Q3-T-013,5250.05892162,relay,H039,-5.80105844188,11.9093788385,True
Q3-T-013,5252.05892162,relay,H039,-5.80105844188,11.9093788385,True
Q3-T-013,5254.05892162,relay,H039,-5.80105844188,11.9093788385,True
Q3-T-013,5256.05892162,relay,H039,-5.80105844188,11.9093788385,True
Q3-T-013,5258.05892162,relay,H039,-5.80105844188,11.9093788385,True
Q3-T-013,5260.05892162,relay,H039,-5.80105844188,11.9093788385,True
Q3-T-013,5262.05892162,relay,H039,-5.80105844188,11.9093788385,True
Q3-T-013,5264.05892162,relay,H039,-5.80105844188,11.9093788385,True
Q3-T-013,5266.05892162,relay,H039,-5.80105844188,11.9093788385,True
Q3-T-013,5268.05892162,relay,H039,-5.80105844188,11.9093788385,True
Q3-T-013,5270.05892162,relay,H039,-5.80105844188,11.9093788385,True
Q3-T-013,5272.05892162,relay,H039,-5.80105844188,11.9093788385,True
Q3-T-013,5273.55628102,relay,H039,-5.80105844188,11.9093788385,True
Q3-T-013,5274.05892162,relay,H039,-5.80107337729,11.9110629938,True
Q3-T-013,5276.05892162,relay,H039,-5.80113492798,11.917698827,True
Q3-T-013,5278.05892162,relay,H039,-5.80120012582,11.9242587934,True
Q3-T-013,5280.05892162,relay,H039,-5.80126897064,11.9307425336,True
Q3-T-013,5282.05892162,relay,H039,-5.80134146227,11.9371496909,True
Q3-T-013,5284.05892162,relay,H039,-5.80141760052,11.9434799116,True
Q3-T-013,5286.05892162,relay,H039,-5.80149738521,11.949732845,True
Q3-T-013,5288.05892162,relay,H039,-5.80158081613,11.9559081437,True
Q3-T-013,5290.05892162,relay,H039,-5.80166789307,11.9620054632,True
Q3-T-013,5292.05892162,relay,H039,-5.80175861582,11.9680244624,True
Q3-T-013,5294.05892162,relay,H039,-5.80185298414,11.9739648033,True
Q3-T-013,5296.05892162,relay,H039,-5.80195099779,11.9798261515,True
Q3-T-013,5298.05892162,relay,H039,-5.80205265654,11.9856081757,True
Q3-T-013,5300.05892162,relay,H039,-5.80215796012,11.9913105482,True
Q3-T-013,5302.05892162,relay,H039,-5.80226690827,11.9969329447,True
Q3-T-013,5304.05892162,relay,H039,-5.80237950071,12.0024750447,True
Q3-T-013,5306.05892162,relay,H039,-5.80249573717,12.0079365311,True
Q3-T-013,5308.05892162,relay,H039,-5.80261561734,12.0133170906,True
Q3-T-013,5310.05892162,relay,H039,-5.80273914093,12.0186164134,True
Q3-T-013,5312.05892162,relay,H039,-5.80286630762,12.0238341939,True
Q3-T-013,5314.05892162,relay,H039,-5.8029971171,12.02897013,True
Q3-T-013,5316.05892162,relay,H039,-5.80313156904,12.0340239236,True
Q3-T-013,5318.05892162,relay,H039,-5.80326966309,12.0389952807,True
Q3-T-013,5320.05892162,relay,H039,-5.80341139892,12.0438839112,True
Q3-T-013,5322.05892162,relay,H039,-5.80355677615,12.0486895289,True
Q3-T-013,5324.05892162,relay,H039,-5.80370579444,12.053411852,True
Q3-T-013,5326.05892162,relay,H039,-5.8038584534,12.0580506027,True
Q3-T-013,5328.05892162,relay,H039,-5.80401475264,12.0626055075,True
Q3-T-013,5330.05892162,relay,H039,-5.80417469178,12.0670762972,True
Q3-T-013,5332.05892162,relay,H039,-5.80433827042,12.0714627068,True
Q3-T-013,5334.05892162,relay,H039,-5.80450548813,12.0757644759,True
Q3-T-013,5336.05892162,relay,H039,-5.80467634451,12.0799813482,True
Q3-T-013,5338.05892162,relay,H039,-5.80485083912,12.0841130722,True
Q3-T-013,5340.05892162,relay,H039,-5.80502897152,12.0881594007,True
Q3-T-013,5341.53194754,relay,H039,-5.8051624007,12.0910828023,True
Q3-T-013,5342.05892162,relay,H039,-5.79626415795,12.1348155848,True
Q3-T-013,5344.05892162,relay,H039,-5.7624311966,12.3026765251,True
Q3-T-013,5346.05892162,relay,H039,-5.72845478339,12.4738305145,True
Q3-T-013,5348.05892162,relay,H039,-5.69434508706,12.6483466109,True
Q3-T-013,5350.05892162,relay,H039,-5.66010217132,12.8263503047,True
Q3-T-013,5352.05892162,relay,H039,-5.62572275474,13.007992067,True
Q3-T-013,5354.05892162,relay,H039,-5.59121834421,13.1933511546,True
Q3-T-013,5356.05892162,relay,H039,-5.55656495392,13.3827064853,True
Q3-T-013,5358.05892162,relay,H039,-5.52177291149,13.5761626378,True
Q3-T-013,5360.05892162,relay,H039,-5.48684223895,13.7738888468,True
Q3-T-013,5362.05892162,relay,H039,-5.45178120322,13.9760168985,True
Q3-T-013,5364.05892162,relay,H039,-5.416566526,14.1828733408,True
Q3-T-013,5366.05892162,relay,H039,-5.3812086647,14.3946036286,True
Q3-T-013,5368.05892162,relay,H039,-5.34570645156,14.6114336085,True
Q3-T-013,5370.05892162,relay,H039,-5.31007171208,14.8335224822,True
Q3-T-013,5372.05892162,relay,H039,-5.27427728804,15.0612896464,True
Q3-T-013,5374.05892162,relay,H039,-5.23833492239,15.2949308524,True
Q3-T-013,5376.05892162,relay,H039,-5.20224338862,15.5347413353,True
Q3-T-013,5378.05892162,relay,H039,-5.16600144493,15.7810376168,True
Q3-T-013,5380.05892162,relay,H039,-5.1296211143,16.0340659243,True
Q3-T-013,5382.05892162,relay,H039,-5.09307461883,16.2943753841,True
Q3-T-013,5384.05892162,relay,H039,-5.05637389415,16.562267405,True
Q3-T-013,5386.05892162,relay,H039,-5.01951763469,16.8381641335,True
Q3-T-013,5388.05892162,relay,H039,-4.98251682258,17.1224243318,True
Q3-T-013,5390.05892162,relay,H039,-4.94534677035,17.4157165257,True
Q3-T-013,5392.05892162,relay,H039,-4.90801596364,17.7184944484,True
Q3-T-013,5394.05892162,relay,H039,-4.87052423117,18.0313172416,True
Q3-T-013,5396.05892162,relay,H039,-4.83287018131,18.3547971436,True
Q3-T-013,5398.05892162,relay,H039,-4.7950649768,18.6894797692,True
Q3-T-013,5400.05892162,relay,H039,-4.75708333374,19.0362828009,True
Q3-T-013,5402.05892162,relay,H039,-4.71893386039,19.3958766914,True
Q3-T-013,5404.05892162,relay,H039,-4.68061631952,19.7690573818,True
Q3-T-013,5406.05892162,relay,H039,-4.64214202123,20.1565482536,True
Q3-T-013,5408.05892162,relay,H039,-4.60348392653,20.5595021467,True
Q3-T-013,5410.05892162,relay,H039,-4.56465451088,20.9787048598,True
Q3-T-013,5412.05892162,relay,H039,-4.52564971088,21.4151191555,True
Q3-T-013,5414.05892162,relay,H039,-4.48646921615,21.8696441795,True
Q3-T-013,5416.05892162,relay,H039,-4.44712452456,22.3429567223,True
Q3-T-013,5418.05892162,relay,H039,-4.40758791533,22.8360513473,True
Q3-T-013,5420.05892162,relay,H039,-4.36787207426,23.3491575594,True
Q3-T-013,5422.05892162,relay,H039,-4.32797277254,23.8822420008,True
Q3-T-013,5424.05892162,relay,H039,-4.28790294571,24.4342911458,True
Q3-T-013,5426.05892162,relay,H039,-4.24763430143,25.0037115591,True
Q3-T-013,5428.05892162,relay,H039,-4.20717838244,25.5866366427,True
Q3-T-013,5430.05892162,relay,H039,-4.16653476219,26.1768446068,True
Q3-T-013,5432.05892162,relay,H039,-4.12569903344,26.7646436437,True
Q3-T-013,5434.05892162,relay,H039,-4.08468435626,27.3354241611,True
Q3-T-013,5436.05892162,relay,H039,-4.04346168854,27.8694950194,True
Q3-T-013,5438.05892162,relay,H039,-4.00204276012,28.3406967478,True
Q3-T-013,5440.05892162,relay,H039,-3.96042704873,28.7186697908,True
Q3-T-013,5442.05892162,relay,H039,-3.91862385954,28.9727742708,True
Q3-T-013,5444.05892162,relay,H039,-3.87660486637,29.0788845336,True
Q3-T-013,5446.05892162,relay,H039,-3.83438195063,29.0257714647,True
Q3-T-013,5448.05892162,relay,H039,-3.7919531267,28.8190782861,True
Q3-T-013,5450.05892162,relay,H039,-3.74933194392,28.4794962741,True
Q3-T-013,5452.05892162,relay,H039,-3.70648530658,28.0360663218,True
Q3-T-013,5454.05892162,relay,H039,-3.66342662803,27.5199263496,True
Q3-T-013,5456.05892162,relay,H039,-3.62015380281,26.9587981869,True
Q3-T-013,5458.05892162,relay,H039,-3.57666469398,26.3747725797,True
Q3-T-013,5460.05892162,relay,H039,-3.53297166791,25.784263137,True
Q3-T-013,5462.05892162,relay,H039,-3.48904495335,25.1980631693,True
Q3-T-013,5464.05892162,relay,H039,-3.44489392951,24.6235937173,True
Q3-T-013,5466.05892162,relay,H039,-3.40051774772,24.0653053238,True
Q3-T-013,5468.05892162,relay,H039,-3.35592893817,23.5258390457,True
Q3-T-013,5470.05892162,relay,H039,-3.31109556971,23.005980386,True
Q3-T-013,5472.05892162,relay,H039,-3.26603148981,22.5062074274,True
Q3-T-013,5474.05892162,relay,H039,-3.22073136387,22.0262194725,True
Q3-T-013,5476.05892162,relay,H039,-3.17519419881,21.5654300137,True
Q3-T-013,5478.05892162,relay,H039,-3.12943273107,21.123187412,True
Q3-T-013,5480.05892162,relay,H039,-3.08341406258,20.6983042047,True
Q3-T-013,5482.05892162,direct,,6.96284772572,,True
Q3-T-013,5484.05892162,direct,,7.0093582428,,True
Q3-T-013,5486.05892162,direct,,7.05610309065,,True
Q3-T-013,5488.05892162,direct,,7.10311598577,,True
Q3-T-013,5490.05892162,direct,,7.15038419584,,True
Q3-T-013,5492.05892162,direct,,7.19790895823,,True
Q3-T-013,5494.05892162,direct,,7.24569618244,,True
Q3-T-013,5496.05892162,direct,,7.29373122268,,True
Q3-T-013,5498.05892162,direct,,7.34204887993,,True
Q3-T-013,5500.05892162,direct,,7.39063622937,,True
Q3-T-013,5502.05892162,direct,,7.43949470331,,True
Q3-T-013,5504.05892162,direct,,7.48861419576,,True
Q3-T-013,5506.05892162,direct,,7.53802884928,,True
Q3-T-013,5508.05892162,direct,,7.5877255872,,True
Q3-T-013,5510.05892162,direct,,7.63770764103,,True
Q3-T-013,5512.05892162,direct,,7.68795993921,,True
Q3-T-013,5514.05892162,direct,,7.73852243658,,True
Q3-T-013,5516.05892162,direct,,7.78938028258,,True
Q3-T-013,5518.05892162,direct,,7.84053693941,,True
Q3-T-013,5520.05892162,direct,,7.89199593035,,True
Q3-T-013,5522.05892162,direct,,7.94374193514,,True
Q3-T-013,5524.05892162,direct,,7.99581630237,,True
Q3-T-013,5526.05892162,direct,,8.04820395334,,True
Q3-T-013,5528.05892162,direct,,8.1009086705,,True
Q3-T-013,5530.05892162,direct,,8.15391666141,,True
Q3-T-013,5532.05892162,direct,,8.20726529157,,True
Q3-T-013,5534.05892162,direct,,8.26094447725,,True
Q3-T-013,5536.05892162,direct,,8.31495656172,,True
Q3-T-013,5538.05892162,direct,,8.3693056883,,True
Q3-T-013,5540.05892162,direct,,8.42397787863,,True
Q3-T-013,5542.05892162,direct,,8.47901192651,,True
Q3-T-013,5544.05892162,direct,,8.53439769701,,True
Q3-T-013,5546.05892162,direct,,8.59013787715,,True
Q3-T-013,5548.05892162,direct,,8.64621834881,,True
Q3-T-013,5550.05892162,direct,,8.70268096914,,True
Q3-T-013,5552.05892162,direct,,8.75951006958,,True
Q3-T-013,5554.05892162,direct,,8.81671415714,,True
Q3-T-013,5556.05892162,direct,,8.87429631261,,True
Q3-T-013,5558.05892162,direct,,8.93224225812,,True
Q3-T-013,5560.05892162,direct,,8.99059556424,,True
Q3-T-013,5562.05892162,direct,,9.04934037291,,True
Q3-T-013,5564.05892162,direct,,9.1084858163,,True
Q3-T-013,5566.05892162,direct,,9.1680156061,,True
Q3-T-013,5568.05892162,direct,,9.22797479198,,True
Q3-T-013,5570.05892162,direct,,9.28834934452,,True
Q3-T-013,5572.05892162,direct,,9.34914306076,,True
Q3-T-013,5574.05892162,direct,,9.4103657783,,True
Q3-T-013,5576.05892162,direct,,9.4720010277,,True
Q3-T-013,5578.05892162,direct,,9.53409586054,,True
Q3-T-013,5580.05892162,direct,,9.59663617523,,True
Q3-T-013,5582.05892162,direct,,9.65962633632,,True
Q3-T-013,5584.05892162,direct,,9.72305585619,,True
Q3-T-013,5586.05892162,direct,,9.78697149065,,True
Q3-T-013,5588.05892162,direct,,9.85135911123,,True
Q3-T-013,5590.05892162,direct,,9.91622571275,,True
Q3-T-013,5592.05892162,direct,,9.98155455876,,True
Q3-T-013,5594.05892162,direct,,10.0474005543,,True
Q3-T-013,5596.05892162,direct,,10.1137474674,,True
Q3-T-013,5598.05892162,direct,,10.1806029455,,True
Q3-T-013,5600.05892162,direct,,10.2479748117,,True
Q3-T-013,5602.05892162,direct,,10.3158462497,,True
Q3-T-013,5604.05892162,direct,,10.3842748962,,True
Q3-T-013,5606.05892162,direct,,10.4532445065,,True
Q3-T-013,5608.05892162,direct,,10.5227636626,,True
Q3-T-013,5610.05892162,direct,,10.5928178113,,True
Q3-T-013,5612.05892162,direct,,10.6634601418,,True
Q3-T-013,5614.05892162,direct,,10.7346812976,,True
Q3-T-013,5616.05892162,direct,,10.8064884392,,True
Q3-T-013,5618.05892162,direct,,10.8788912412,,True
Q3-T-013,5620.05892162,direct,,10.9518752981,,True
Q3-T-013,5622.05892162,direct,,11.0254968104,,True
Q3-T-013,5624.05892162,direct,,11.0997468536,,True
Q3-T-013,5626.05892162,direct,,11.1746337357,,True
Q3-T-013,5628.05892162,direct,,11.2501432505,,True
Q3-T-013,5630.05892162,direct,,11.3263367511,,True
Q3-T-013,5632.05892162,direct,,11.4031983225,,True
Q3-T-013,5634.05892162,direct,,11.4807447884,,True
Q3-T-013,5636.05892162,direct,,11.5589858223,,True
Q3-T-013,5638.05892162,direct,,11.6379075968,,True
Q3-T-013,5640.05892162,direct,,11.7175753042,,True
Q3-T-013,5642.05892162,direct,,11.7979760404,,True
Q3-T-013,5644.05892162,direct,,11.8791206917,,True
Q3-T-013,5646.05892162,direct,,11.9610011253,,True
Q3-T-013,5648.05892162,direct,,12.0436833549,,True
Q3-T-013,5650.05892162,direct,,12.1271550347,,True
Q3-T-013,5652.05892162,direct,,12.2114312821,,True
Q3-T-013,5654.05892162,direct,,12.2965248779,,True
Q3-T-013,5656.05892162,direct,,12.3824286976,,True
Q3-T-013,5658.05892162,direct,,12.4692134777,,True
Q3-T-013,5660.05892162,direct,,12.5568678141,,True
Q3-T-013,5662.05892162,direct,,12.6454091765,,True
Q3-T-013,5664.05892162,direct,,12.7348228235,,True
Q3-T-013,5666.05892162,direct,,12.8251924386,,True
Q3-T-013,5668.05892162,direct,,12.9165047332,,True
Q3-T-013,5670.05892162,direct,,13.0087794191,,True
Q3-T-013,5672.05892162,direct,,13.1020057262,,True
Q3-T-013,5674.05892162,direct,,13.1962634243,,True
Q3-T-013,5676.05892162,direct,,13.291549502,,True
Q3-T-013,5678.05892162,direct,,13.38788327,,True
Q3-T-013,5680.05892162,direct,,13.4852878105,,True
Q3-T-013,5682.05892162,direct,,13.5837541104,,True
Q3-T-013,5684.05892162,direct,,13.6833689076,,True
Q3-T-013,5686.05892162,direct,,13.7841316447,,True
Q3-T-013,5688.05892162,direct,,13.8860654571,,True
Q3-T-013,5690.05892162,direct,,13.9891631883,,True
Q3-T-013,5692.05892162,direct,,14.0935214622,,True
Q3-T-013,5694.05892162,direct,,14.199132028,,True
Q3-T-013,5696.05892162,direct,,14.3060319811,,True
Q3-T-013,5698.05892162,direct,,14.4142492594,,True
Q3-T-013,5700.05892162,direct,,14.5237797759,,True
Q3-T-013,5702.05892162,direct,,14.6347299015,,True
Q3-T-013,5704.05892162,direct,,14.7470947974,,True
Q3-T-013,5706.05892162,direct,,14.8609180197,,True
Q3-T-013,5708.05892162,direct,,14.9761951044,,True
Q3-T-013,5710.05892162,direct,,15.0930416681,,True
Q3-T-013,5712.05892162,direct,,15.2114603638,,True
Q3-T-013,5714.05892162,direct,,15.331489546,,True
Q3-T-013,5716.05892162,direct,,15.4531809699,,True
Q3-T-013,5718.05892162,direct,,15.5765353147,,True
Q3-T-013,5720.05892162,direct,,15.7016820882,,True
Q3-T-013,5722.05892162,direct,,15.8286302884,,True
Q3-T-013,5724.05892162,direct,,15.9574274576,,True
Q3-T-013,5726.05892162,direct,,16.0880922332,,True
Q3-T-013,5728.05892162,direct,,16.2207634885,,True
Q3-T-013,5730.05892162,direct,,16.3554569803,,True
Q3-T-013,5732.05892162,direct,,16.4922341317,,True
Q3-T-013,5734.05892162,direct,,16.6311546073,,True
Q3-T-013,5736.05892162,direct,,16.7722473702,,True
Q3-T-013,5738.05892162,direct,,16.9156718479,,True
Q3-T-013,5740.05892162,direct,,17.0614551856,,True
Q3-T-013,5742.05892162,direct,,17.2096745,,True
Q3-T-013,5744.05892162,direct,,17.3603552949,,True
Q3-T-013,5746.05892162,direct,,17.513692169,,True
Q3-T-013,5748.05892162,direct,,17.669719781,,True
Q3-T-013,5750.05892162,direct,,17.8285317345,,True
Q3-T-013,5752.05892162,direct,,17.9901723233,,True
Q3-T-013,5754.05892162,direct,,18.1548469684,,True
Q3-T-013,5756.05892162,direct,,18.322622242,,True
Q3-T-013,5758.05892162,direct,,18.4936077745,,True
Q3-T-013,5760.05892162,direct,,18.6679247645,,True
Q3-T-013,5762.05892162,direct,,18.8456415702,,True
Q3-T-013,5764.05892162,direct,,19.0270052801,,True
Q3-T-013,5766.05892162,direct,,19.2121120988,,True
Q3-T-013,5768.05892162,direct,,19.4011073315,,True
Q3-T-013,5770.05892162,direct,,19.5940862755,,True
Q3-T-013,5772.05892162,direct,,19.7913465439,,True
Q3-T-013,5774.05892162,direct,,19.9929980347,,True
Q3-T-013,5776.05892162,direct,,20.1992447475,,True
Q3-T-013,5778.05892162,direct,,20.4102830552,,True
Q3-T-013,5780.05892162,direct,,20.6262560983,,True
Q3-T-013,5782.05892162,direct,,20.8475366258,,True
Q3-T-013,5784.05892162,direct,,21.0742907279,,True
Q3-T-013,5786.05892162,direct,,21.3067934912,,True
Q3-T-013,5788.05892162,direct,,21.5452351542,,True
Q3-T-013,5790.05892162,direct,,21.7900701097,,True
Q3-T-013,5792.05892162,direct,,22.0415364396,,True
Q3-T-013,5794.05892162,direct,,22.2999632645,,True
Q3-T-013,5796.05892162,direct,,22.5657278817,,True
Q3-T-013,5798.05892162,direct,,22.8391150005,,True
Q3-T-013,5800.05892162,direct,,23.1207169421,,True
Q3-T-013,5802.05892162,direct,,23.4108826957,,True
Q3-T-013,5804.05892162,direct,,23.7100694908,,True
Q3-T-013,5806.05892162,direct,,24.0186893661,,True
Q3-T-013,5808.05892162,direct,,24.3374641982,,True
Q3-T-013,5810.05892162,direct,,24.6668496309,,True
Q3-T-013,5812.05892162,direct,,25.0074302574,,True
Q3-T-013,5814.05892162,direct,,25.3596965703,,True
Q3-T-013,5816.05892162,direct,,25.7244984636,,True
Q3-T-013,5818.05892162,direct,,26.1023822097,,True
Q3-T-013,5820.05892162,direct,,26.4939678632,,True
Q3-T-013,5822.05892162,direct,,26.899858397,,True
Q3-T-013,5824.05892162,direct,,27.3204520932,,True
Q3-T-013,5826.05892162,direct,,27.7564417561,,True
Q3-T-013,5828.05892162,direct,,28.2079628022,,True
Q3-T-013,5830.05892162,direct,,28.6749588424,,True
Q3-T-013,5832.05892162,direct,,29.1567927462,,True
Q3-T-013,5834.05892162,direct,,29.6526739462,,True
Q3-T-013,5836.05892162,direct,,30.1604024774,,True
Q3-T-013,5838.05892162,direct,,30.6766964021,,True
Q3-T-013,5840.05892162,direct,,31.1964559016,,True
Q3-T-013,5842.05892162,direct,,31.7120839477,,True
Q3-T-013,5844.05892162,direct,,32.2135416889,,True
Q3-T-013,5846.05892162,direct,,32.6868000505,,True
Q3-T-013,5848.05892162,direct,,33.1144761059,,True
Q3-T-013,5850.05892162,direct,,33.4761414761,,True
Q3-T-013,5852.05892162,direct,,33.7507212901,,True
Q3-T-013,5854.05892162,direct,,33.9189083604,,True
Q3-T-013,5855.84405727,direct,,33.968233704,,True
Q3-T-013,5856.05892162,direct,,33.9831540414,,True
Q3-T-013,5858.05892162,direct,,34.1231899574,,True
Q3-T-013,5860.05892162,direct,,34.2655206115,,True
Q3-T-013,5862.05892162,direct,,34.4102224653,,True
Q3-T-013,5864.05892162,direct,,34.5573758665,,True
Q3-T-013,5866.05892162,direct,,34.7070653173,,True
Q3-T-013,5868.05892162,direct,,34.8593797659,,True
Q3-T-013,5870.05892162,direct,,35.0144129235,,True
Q3-T-013,5872.05892162,direct,,35.1722636107,,True
Q3-T-013,5874.05892162,direct,,35.3330361362,,True
Q3-T-013,5876.05892162,direct,,35.4968407106,,True
Q3-T-013,5878.05892162,direct,,35.6637938999,,True
Q3-T-013,5880.05892162,direct,,35.8340191243,,True
Q3-T-013,5882.05892162,direct,,36.0076472062,,True
Q3-T-013,5884.05892162,direct,,36.1848169739,,True
Q3-T-013,5886.05892162,direct,,36.3656759289,,True
Q3-T-013,5888.05892162,direct,,36.5503809833,,True
Q3-T-013,5890.05892162,direct,,36.7390992784,,True
Q3-T-013,5892.05892162,direct,,36.9320090929,,True
Q3-T-013,5894.05892162,direct,,37.1293008554,,True
Q3-T-013,5896.05892162,direct,,37.3311782742,,True
Q3-T-013,5898.05892162,direct,,37.5378596011,,True
Q3-T-013,5900.05892162,direct,,37.7495790501,,True
Q3-T-013,5902.05892162,direct,,37.9665883924,,True
Q3-T-013,5904.05892162,direct,,38.1891587569,,True
Q3-T-013,5906.05892162,direct,,38.4175826667,,True
Q3-T-013,5908.05892162,direct,,38.6521763507,,True
Q3-T-013,5910.05892162,direct,,38.8932823768,,True
Q3-T-013,5912.05892162,direct,,39.1412726604,,True
Q3-T-013,5914.05892162,direct,,39.3965519155,,True
Q3-T-013,5916.05892162,direct,,39.6595616284,,True
Q3-T-013,5918.05892162,direct,,39.930784652,,True
Q3-T-013,5920.05892162,direct,,40.2107505409,,True
Q3-T-013,5922.05892162,direct,,40.5000417756,,True
Q3-T-013,5924.05892162,direct,,40.7993010584,,True
Q3-T-013,5926.05892162,direct,,41.109239913,,True
Q3-T-013,5928.05892162,direct,,41.4306488751,,True
Q3-T-013,5930.05892162,direct,,41.7644096419,,True
Q3-T-013,5932.05892162,direct,,42.1115096515,,True
Q3-T-013,5934.05892162,direct,,42.4730596974,,True
Q3-T-013,5936.05892162,direct,,42.850315372,,True
Q3-T-013,5938.05892162,direct,,43.2447033811,,True
Q3-T-013,5940.05892162,direct,,43.6578541232,,True
Q3-T-013,5942.05892162,direct,,44.0916424097,,True
Q3-T-013,5944.05892162,direct,,44.5482389004,,True
Q3-T-013,5946.05892162,direct,,45.0301758235,,True
Q3-T-013,5948.05892162,direct,,45.5404320225,,True
Q3-T-013,5950.05892162,direct,,46.0825445809,,True
Q3-T-013,5952.05892162,direct,,46.660757657,,True
Q3-T-013,5954.05892162,direct,,47.2802244871,,True
Q3-T-013,5956.05892162,direct,,47.9472871109,,True
Q3-T-013,5958.05892162,direct,,48.6698727214,,True
Q3-T-013,5960.05892162,direct,,49.4580703374,,True
Q3-T-013,5962.05892162,direct,,50.3249961903,,True
Q3-T-013,5964.05892162,direct,,51.2881407776,,True
Q3-T-013,5966.05892162,direct,,52.3715600555,,True
Q3-T-013,5968.05892162,direct,,53.6096377293,,True
Q3-T-013,5970.05892162,direct,,55.0540003142,,True
Q3-T-013,5972.05892162,direct,,56.7874061595,,True
Q3-T-013,5974.05892162,direct,,58.9552348907,,True
Q3-T-013,5976.05892162,direct,,61.8507520539,,True
Q3-T-013,5978.05892162,direct,,66.2249509609,,True
Q3-T-013,5980.05892162,direct,,75.4601260598,,True
Q3-T-013,5982.05892162,direct,,76.4165390823,,True
Q3-T-013,5984.05892162,direct,,66.54346927,,True
Q3-T-013,5986.05892162,direct,,62.0418493338,,True
Q3-T-013,5988.05892162,direct,,59.091730251,,True
Q3-T-013,5990.05892162,direct,,56.8935683544,,True
Q3-T-013,5991.11364042,direct,,55.9251752525,,True
Q3-T-014,3313.73586055,direct,,55.9251752525,,True
Q3-T-014,3315.73586055,direct,,59.0232144522,,True
Q3-T-014,3317.73586055,direct,,63.8839754259,,True
Q3-T-014,3319.73586055,direct,,75.9251752525,,True
Q3-T-014,3321.73586055,direct,,69.9045753392,,True
Q3-T-014,3323.73586055,direct,,61.9457751658,,True
Q3-T-014,3325.73586055,direct,,57.8633755126,,True
Q3-T-014,3327.73586055,direct,,55.0973215493,,True
Q3-T-014,3329.73586055,direct,,53.0026145389,,True
Q3-T-014,3331.73586055,direct,,51.3161968249,,True
Q3-T-014,3333.73586055,direct,,49.9045753392,,True
Q3-T-014,3335.73586055,direct,,48.6906185321,,True
Q3-T-014,3337.73586055,direct,,47.6257082931,,True
Q3-T-014,3339.73586055,direct,,46.6772152945,,True
Q3-T-014,3341.73586055,direct,,45.8221756861,,True
Q3-T-014,3343.73586055,direct,,45.0438143655,,True
Q3-T-014,3345.73586055,direct,,44.3295033202,,True
Q3-T-014,3347.73586055,direct,,43.6694981181,,True
Q3-T-014,3349.73586055,direct,,43.0561217228,,True
Q3-T-014,3351.73586055,direct,,42.4832180938,,True
Q3-T-014,3353.73586055,direct,,41.9457751658,,True
Q3-T-014,3355.73586055,direct,,41.4396578605,,True
Q3-T-014,3357.73586055,direct,,40.9614147124,,True
Q3-T-014,3359.73586055,direct,,40.5081350196,,True
Q3-T-014,3361.73586055,direct,,40.0773414625,,True
Q3-T-014,3363.73586055,direct,,39.6669081196,,True
Q3-T-014,3365.73586055,direct,,39.2749969984,,True
Q3-T-014,3367.73586055,direct,,38.9000082781,,True
Q3-T-014,3369.73586055,direct,,38.5405408579,,True
Q3-T-014,3371.73586055,direct,,38.195360749,,True
Q3-T-014,3373.73586055,direct,,37.8633755126,,True
Q3-T-014,3375.73586055,direct,,37.543613405,,True
Q3-T-014,3377.73586055,direct,,37.2352062276,,True
Q3-T-014,3379.73586055,direct,,36.9373751196,,True
Q3-T-014,3381.73586055,direct,,36.6494187056,,True
Q3-T-014,3383.73586055,direct,,36.3707031467,,True
Q3-T-014,3385.73586055,direct,,36.1006537386,,True
Q3-T-014,3387.73586055,direct,,35.8387477768,,True
Q3-T-014,3389.73586055,direct,,35.5845084665,,True
Q3-T-014,3391.73586055,direct,,35.3374996988,,True
Q3-T-014,3393.73586055,direct,,35.0973215493,,True
Q3-T-014,3395.73586055,direct,,34.8636063828,,True
Q3-T-014,3397.73586055,direct,,34.6360154679,,True
Q3-T-014,3399.73586055,direct,,34.4142360246,,True
Q3-T-014,3401.73586055,direct,,34.197978639,,True
Q3-T-014,3403.73586055,direct,,33.9869749923,,True
Q3-T-014,3405.73586055,direct,,33.7809758595,,True
Q3-T-014,3407.73586055,direct,,33.5797493394,,True
Q3-T-014,3409.73586055,direct,,33.3830792852,,True
Q3-T-014,3411.73586055,direct,,33.1907639094,,True
Q3-T-014,3413.73586055,direct,,33.0026145389,,True
Q3-T-014,3415.73586055,direct,,32.8184545032,,True
Q3-T-014,3417.73586055,direct,,32.6381181368,,True
Q3-T-014,3419.73586055,direct,,32.4614498842,,True
Q3-T-014,3421.73586055,direct,,32.2883034936,,True
Q3-T-014,3423.73586055,direct,,32.1185412891,,True
Q3-T-014,3425.73586055,direct,,31.9520335134,,True
Q3-T-014,3427.73586055,direct,,31.7886577319,,True
Q3-T-014,3429.73586055,direct,,31.6282982915,,True
Q3-T-014,3431.73586055,direct,,31.4708458295,,True
Q3-T-014,3433.73586055,direct,,31.3161968249,,True
Q3-T-014,3435.73586055,direct,,31.1642531899,,True
Q3-T-014,3437.73586055,direct,,31.0149218962,,True
Q3-T-014,3439.73586055,direct,,30.8681146329,,True
Q3-T-014,3441.73586055,direct,,30.7237474928,,True
Q3-T-014,3443.73586055,direct,,30.5817406844,,True
Q3-T-014,3445.73586055,direct,,30.4420182672,,True
Q3-T-014,3447.73586055,direct,,30.3045079075,,True
Q3-T-014,3449.73586055,direct,,30.1691406539,,True
Q3-T-014,3451.73586055,direct,,30.0358507293,,True
Q3-T-014,3453.73586055,direct,,29.9045753392,,True
Q3-T-014,3455.73586055,direct,,29.7752544942,,True
Q3-T-014,3457.73586055,direct,,29.6478308451,,True
Q3-T-014,3459.73586055,direct,,29.5222495303,,True
Q3-T-014,3461.73586055,direct,,29.3984580339,,True
Q3-T-014,3461.76894568,direct,,29.3964097166,,True
Q3-T-014,3463.73586055,direct,,29.3754455933,,True
Q3-T-014,3465.73586055,direct,,29.3117410635,,True
Q3-T-014,3467.73586055,direct,,29.2071661717,,True
Q3-T-014,3469.73586055,direct,,29.0645644288,,True
Q3-T-014,3471.73586055,direct,,28.8877019589,,True
Q3-T-014,3473.73586055,direct,,28.680696114,,True
Q3-T-014,3475.73586055,direct,,28.4481362826,,True
Q3-T-014,3477.73586055,direct,,28.1942169944,,True
Q3-T-014,3479.73586055,direct,,27.923316787,,True
Q3-T-014,3481.73586055,direct,,27.6391626243,,True
Q3-T-014,3483.73586055,direct,,27.3452688263,,True
Q3-T-014,3485.73586055,direct,,27.044714076,,True
Q3-T-014,3487.73586055,direct,,26.7399071001,,True
Q3-T-014,3489.73586055,direct,,26.4332114426,,True
Q3-T-014,3491.73586055,direct,,26.1261044174,,True
Q3-T-014,3493.73586055,direct,,25.8202399212,,True
Q3-T-014,3495.73586055,direct,,25.5166091322,,True
Q3-T-014,3497.73586055,direct,,25.2162649084,,True
Q3-T-014,3499.73586055,direct,,24.9197515966,,True
Q3-T-014,3501.73586055,direct,,24.6278070045,,True
Q3-T-014,3503.73586055,direct,,24.3405423138,,True
Q3-T-014,3505.73586055,direct,,24.0584385385,,True
Q3-T-014,3507.73586055,direct,,23.7815340867,,True
Q3-T-014,3509.73586055,direct,,23.5100071391,,True
Q3-T-014,3511.73586055,direct,,23.2439717117,,True
Q3-T-014,3513.73586055,direct,,22.9832953016,,True
Q3-T-014,3515.73586055,direct,,22.72812924,,True
Q3-T-014,3517.73586055,direct,,22.4781702716,,True
Q3-T-014,3519.73586055,direct,,22.2335158576,,True
Q3-T-014,3521.73586055,direct,,21.993942079,,True
Q3-T-014,3523.73586055,direct,,21.7594568147,,True
Q3-T-014,3525.73586055,direct,,21.5298211229,,True
Q3-T-014,3527.73586055,direct,,21.3050240007,,True
Q3-T-014,3529.73586055,direct,,21.0848701443,,True
Q3-T-014,3531.73586055,direct,,20.8691888798,,True
Q3-T-014,3533.73586055,direct,,20.6579497391,,True
Q3-T-014,3535.73586055,direct,,20.4509156049,,True
Q3-T-014,3537.73586055,direct,,20.2480614738,,True
Q3-T-014,3539.73586055,direct,,20.0491584365,,True
Q3-T-014,3541.73586055,direct,,19.8541824909,,True
Q3-T-014,3543.73586055,direct,,19.6629560336,,True
Q3-T-014,3545.73586055,direct,,19.4753740643,,True
Q3-T-014,3547.73586055,direct,,19.2912704036,,True
Q3-T-014,3549.73586055,direct,,19.1106272467,,True
Q3-T-014,3551.73586055,direct,,18.9332469512,,True
Q3-T-014,3553.73586055,direct,,18.7591156635,,True
Q3-T-014,3555.73586055,direct,,18.5880834113,,True
Q3-T-014,3557.73586055,direct,,18.4200236816,,True
Q3-T-014,3559.73586055,direct,,18.2549230203,,True
Q3-T-014,3561.73586055,direct,,18.092609443,,True
Q3-T-014,3563.73586055,direct,,17.9330790171,,True
Q3-T-014,3565.73586055,direct,,17.7761691254,,True
Q3-T-014,3567.73586055,direct,,17.6218794705,,True
Q3-T-014,3569.73586055,direct,,17.4700891494,,True
Q3-T-014,3571.73586055,direct,,17.3207348193,,True
Q3-T-014,3573.73586055,direct,,17.1737042957,,True
Q3-T-014,3575.73586055,direct,,17.0290037028,,True
Q3-T-014,3577.73586055,direct,,16.8864949776,,True
Q3-T-014,3579.73586055,direct,,16.7461519905,,True
Q3-T-014,3581.73586055,direct,,16.6079488016,,True
Q3-T-014,3583.73586055,direct,,16.4717872948,,True
Q3-T-014,3585.73586055,direct,,16.337620429,,True
Q3-T-014,3587.73586055,direct,,16.2053568137,,True
Q3-T-014,3589.73586055,direct,,16.0750110711,,True
Q3-T-014,3591.73586055,direct,,15.9464676204,,True
Q3-T-014,3593.73586055,direct,,15.8197429422,,True
Q3-T-014,3595.73586055,direct,,15.6947268473,,True
Q3-T-014,3597.73586055,direct,,15.5714642488,,True
Q3-T-014,3599.73586055,direct,,15.4497960151,,True
Q3-T-014,3601.73586055,direct,,15.3297688693,,True
Q3-T-014,3603.73586055,direct,,15.2112822551,,True
Q3-T-014,3605.73586055,direct,,15.0943277828,,True
Q3-T-014,3607.73586055,direct,,14.9788968635,,True
Q3-T-014,3609.73586055,direct,,14.8649200622,,True
Q3-T-014,3611.73586055,direct,,14.7523699476,,True
Q3-T-014,3613.73586055,direct,,14.6411812595,,True
Q3-T-014,3615.73586055,direct,,14.5313773258,,True
Q3-T-014,3617.73586055,direct,,14.4228713878,,True
Q3-T-014,3619.73586055,direct,,14.3156875453,,True
Q3-T-014,3621.73586055,direct,,14.2097423924,,True
Q3-T-014,3623.73586055,direct,,14.1050834613,,True
Q3-T-014,3625.73586055,direct,,14.0015846759,,True
Q3-T-014,3627.73586055,direct,,13.8992688182,,True
Q3-T-014,3629.73586055,direct,,13.7981352877,,True
Q3-T-014,3631.73586055,direct,,13.6981081286,,True
Q3-T-014,3633.73586055,direct,,13.5992133558,,True
Q3-T-014,3635.73586055,direct,,13.5013776667,,True
Q3-T-014,3637.73586055,direct,,13.4046484937,,True
Q3-T-014,3639.73586055,direct,,13.3089126925,,True
Q3-T-014,3641.73586055,direct,,13.2142182241,,True
Q3-T-014,3643.73586055,direct,,13.120496613,,True
Q3-T-014,3645.73586055,direct,,13.0277747785,,True
Q3-T-014,3647.73586055,direct,,12.9359864443,,True
Q3-T-014,3649.73586055,direct,,12.8451587189,,True
Q3-T-014,3651.73586055,direct,,12.7552469687,,True
Q3-T-014,3653.73586055,direct,,12.6662168305,,True
Q3-T-014,3655.73586055,direct,,12.578092652,,True
Q3-T-014,3657.73586055,direct,,12.4908131166,,True
Q3-T-014,3659.73586055,direct,,12.4044056141,,True
Q3-T-014,3661.73586055,direct,,12.3188106207,,True
Q3-T-014,3663.73586055,direct,,12.2340740292,,True
Q3-T-014,3665.73586055,direct,,12.1501009281,,True
Q3-T-014,3667.73586055,direct,,12.0669374054,,True
Q3-T-014,3669.73586055,direct,,11.9845272386,,True
Q3-T-014,3671.73586055,direct,,11.9028978745,,True
Q3-T-014,3673.73586055,direct,,11.8219946126,,True
Q3-T-014,3675.73586055,direct,,11.7418247975,,True
Q3-T-014,3677.73586055,direct,,11.6624126803,,True
Q3-T-014,3679.73586055,direct,,11.5836709463,,True
Q3-T-014,3681.73586055,direct,,11.5056443764,,True
Q3-T-014,3683.73586055,direct,,1.42828174766,,True
Q3-T-014,3685.73586055,direct,,1.35161030236,,True
Q3-T-014,3687.73586055,direct,,1.27558009109,,True
Q3-T-014,3689.73586055,direct,,1.20021825838,,True
Q3-T-014,3691.73586055,direct,,1.12549234693,,True
Q3-T-014,3693.73586055,direct,,1.05139669496,,True
Q3-T-014,3695.73586055,direct,,0.977900139944,,True
Q3-T-014,3697.73586055,direct,,0.905029591066,,True
Q3-T-014,3699.73586055,direct,,0.832738571555,,True
Q3-T-014,3701.73586055,direct,,0.761035898486,,True
Q3-T-014,3703.73586055,direct,,0.689930022298,,True
Q3-T-014,3705.73586055,direct,,0.619391400334,,True
Q3-T-014,3707.73586055,direct,,0.54941572595,,True
Q3-T-014,3709.73586055,direct,,0.479974565597,,True
Q3-T-014,3711.73586055,direct,,0.411094320024,,True
Q3-T-014,3713.73586055,direct,,0.342732004937,,True
Q3-T-014,3715.73586055,direct,,0.274913859094,,True
Q3-T-014,3717.73586055,direct,,0.207612469846,,True
Q3-T-014,3719.73586055,relay,H161,0.140824461822,16.4291888192,True
Q3-T-014,3721.73586055,relay,H161,0.0745234015586,16.7068386642,True
Q3-T-014,3723.73586055,relay,H161,0.00871870192563,16.9934942074,True
Q3-T-014,3725.73586055,relay,H161,-0.0565805615785,17.2896714029,True
Q3-T-014,3727.73586055,relay,H161,-0.121414368064,17.5961696882,True
Q3-T-014,3729.73586055,relay,H161,-0.185757084675,17.9135518095,True
Q3-T-014,3731.73586055,relay,H161,-0.249633983751,18.2426970353,True
Q3-T-014,3733.73586055,relay,H161,-0.313047562084,18.5844628196,True
Q3-T-014,3735.73586055,relay,H161,-0.376022238072,18.9399288979,True
Q3-T-014,3737.73586055,relay,H161,-0.43853274397,19.3100084299,True
Q3-T-014,3739.73586055,relay,H161,-0.500616800122,19.6961111149,True
Q3-T-014,3741.73586055,relay,H161,-0.562249324665,20.0994176755,True
Q3-T-014,3743.73586055,relay,H161,-0.623467341192,20.5216826517,True
Q3-T-014,3745.73586055,relay,H161,-0.684247938723,20.9644648539,True
Q3-T-014,3747.73586055,relay,H161,-0.744608358877,21.429834492,True
Q3-T-014,3749.73586055,relay,H161,-0.804571284217,21.9202075972,True
Q3-T-014,3751.73586055,relay,H161,-0.864112103553,22.4379403221,True
Q3-T-014,3753.73586055,relay,H161,-0.923266207731,22.986277952,True
Q3-T-014,3755.73586055,relay,H161,-0.982009175294,23.5683692027,True
Q3-T-014,3757.73586055,relay,H161,-1.04037578419,24.1884345147,True
Q3-T-014,3759.73586055,relay,H161,-1.09832916281,24.8504927718,True
Q3-T-014,3761.73586055,relay,H161,-1.15592886068,25.560223483,True
Q3-T-014,3763.73586055,relay,H161,-1.21313811242,26.3227010094,True
Q3-T-014,3765.73586055,relay,H161,-1.2699905329,27.1441535032,True
Q3-T-014,3767.73586055,relay,H161,-1.32646227078,28.0296352204,True
Q3-T-014,3769.73586055,relay,H161,-1.3825863886,28.9831859813,True
Q3-T-014,3771.73586055,relay,H161,-1.4383410445,30.0028191752,True
Q3-T-014,3773.73586055,relay,H161,-1.49374122472,31.0752962666,True
Q3-T-014,3775.73586055,relay,H161,-1.54880696058,32.1628641432,True
Q3-T-014,3777.73586055,relay,H161,-1.60351487339,33.1820293393,True
Q3-T-014,3779.73586055,relay,H161,-1.65789672281,33.9875162581,True
Q3-T-014,3781.73586055,relay,H161,-1.71192931791,34.3926822093,True
Q3-T-014,3783.73586055,relay,H161,-1.76564392612,34.2723481623,True
Q3-T-014,3785.73586055,relay,H161,-1.81900590151,33.6664788575,True
Q3-T-014,3787.73586055,relay,H161,-1.87206938858,32.7435589418,True
Q3-T-014,3789.73586055,relay,H161,-1.92479985582,31.6799425288,True
Q3-T-014,3791.73586055,relay,H161,-1.9772276317,30.5919487152,True
Q3-T-014,3793.73586055,relay,H161,-2.02934314853,29.539958258,True
Q3-T-014,3795.73586055,relay,H161,-2.0811370874,28.5492074684,True
Q3-T-014,3797.73586055,relay,H161,-2.13263910959,27.6261577563,True
Q3-T-014,3799.73586055,relay,H161,-2.18381568876,26.7701301525,True
Q3-T-014,3801.73586055,relay,H161,-2.23471845546,25.9756198266,True
Q3-T-014,3803.73586055,relay,H161,-2.28531399874,25.2374660651,True
Q3-T-014,3805.73586055,relay,H161,-2.33563113592,24.5495250444,True
Q3-T-014,3807.73586055,relay,H161,-2.38564786737,23.9067855321,True
Q3-T-014,3809.73586055,relay,H161,-2.43539260664,23.3041224582,True
Q3-T-014,3811.73586055,relay,H161,-2.48484353196,22.7376109297,True
Q3-T-014,3813.73586055,relay,H161,-2.53401793655,22.2033833066,True
Q3-T-014,3815.73586055,relay,H161,-2.5829156907,21.6982548966,True
Q3-T-014,3817.73586055,relay,H161,-2.63155364589,21.2192841619,True
Q3-T-014,3819.73586055,relay,H161,-2.67992246061,20.7641497475,True
Q3-T-014,3821.73586055,relay,H161,-2.72801301532,20.3308115222,True
Q3-T-014,3823.73586055,relay,H161,-2.7758523977,19.9171665359,True
Q3-T-014,3825.73586055,relay,H161,-2.82340901655,19.5218466153,True
Q3-T-014,3827.73586055,relay,H161,-2.87073041713,19.1430103949,True
Q3-T-014,3829.73586055,relay,H161,-2.91778512172,18.77963242,True
Q3-T-014,3831.73586055,relay,H161,-2.96459951604,18.4303672422,True
Q3-T-014,3833.73586055,relay,H161,-3.01115272604,18.094351314,True
Q3-T-014,3835.73586055,relay,H161,-3.05747080031,17.7704829623,True
Q3-T-014,3837.73586055,relay,H161,-3.10353303136,17.4580859191,True
Q3-T-014,3839.73586055,relay,H161,-3.14935514084,17.1563100395,True
Q3-T-014,3841.73586055,relay,H161,-3.19494807047,16.8644169065,True
Q3-T-014,3843.73586055,relay,H161,-3.24029286359,16.5819201993,True
Q3-T-014,3845.73586055,relay,H161,-3.28541476361,16.3081102428,True
Q3-T-014,3847.73586055,relay,H161,-3.33029347147,16.0426067593,True
Q3-T-014,3849.73586055,relay,H161,-3.3749539227,15.7848019566,True
Q3-T-014,3851.73586055,relay,H161,-3.4193759784,15.5343905988,True
Q3-T-014,3853.73586055,relay,H161,-3.46357462864,15.2908992645,True
Q3-T-014,3855.73586055,relay,H161,-3.50754923173,15.0539755389,True
Q3-T-014,3857.73586055,relay,H161,-3.55131443597,14.8232139676,True
Q3-T-014,3859.73586055,relay,H161,-3.59485041725,14.5984159246,True
Q3-T-014,3861.73586055,relay,H161,-3.63818123228,14.3791765707,True
Q3-T-014,3862.41993848,relay,H161,-3.6529442698,14.3054706007,True
Q3-T-014,3863.73586055,relay,H161,-3.65261165977,14.3031024282,True
Q3-T-014,3865.73586055,relay,H161,-3.65211108506,14.299382634,True
Q3-T-014,3867.73586055,relay,H161,-3.65161643698,14.2955175199,True
Q3-T-014,3869.73586055,relay,H161,-3.65112771755,14.2915074765,True
Q3-T-014,3871.73586055,relay,H161,-3.65064492879,14.2873529079,True
Q3-T-014,3873.73586055,relay,H161,-3.65016807267,14.2830542322,True
Q3-T-014,3875.73586055,relay,H161,-3.64969715117,14.2786118809,True
Q3-T-014,3877.73586055,relay,H161,-3.64923216621,14.2740262988,True
Q3-T-014,3879.73586055,relay,H161,-3.64877311971,14.2692979439,True
Q3-T-014,3881.73586055,relay,H161,-3.64832001356,14.2644272875,True
Q3-T-014,3883.73586055,relay,H161,-3.64787284962,14.2594148136,True
Q3-T-014,3885.73586055,relay,H161,-3.64743162973,14.2542610191,True
Q3-T-014,3887.73586055,relay,H161,-3.64699635571,14.2489664134,True
Q3-T-014,3889.73586055,relay,H161,-3.64656702935,14.2435315185,True
Q3-T-014,3891.73586055,relay,H161,-3.64614365242,14.2379568685,True
Q3-T-014,3893.73586055,relay,H161,-3.64572622666,14.2322430097,True
Q3-T-014,3895.73586055,relay,H161,-3.6453147538,14.2263905003,True
Q3-T-014,3897.73586055,relay,H161,-3.64490923552,14.2203999104,True
Q3-T-014,3899.73586055,relay,H161,-3.64450967351,14.2142718216,True
Q3-T-014,3901.33964063,relay,H161,-3.6441935299,14.2092581371,True
Q3-T-014,3901.73586055,relay,H161,-3.6441935299,14.2092581371,True
Q3-T-014,3903.73586055,relay,H161,-3.6441935299,14.2092581371,True
Q3-T-014,3905.73586055,relay,H161,-3.6441935299,14.2092581371,True
Q3-T-014,3907.73586055,relay,H161,-3.6441935299,14.2092581371,True
Q3-T-014,3909.73586055,relay,H161,-3.6441935299,14.2092581371,True
Q3-T-014,3911.73586055,relay,H161,-3.6441935299,14.2092581371,True
Q3-T-014,3913.73586055,relay,H161,-3.6441935299,14.2092581371,True
Q3-T-014,3915.73586055,relay,H161,-3.6441935299,14.2092581371,True
Q3-T-014,3917.73586055,relay,H161,-3.6441935299,14.2092581371,True
Q3-T-014,3919.73586055,relay,H161,-3.6441935299,14.2092581371,True
Q3-T-014,3921.73586055,relay,H161,-3.6441935299,14.2092581371,True
Q3-T-014,3923.73586055,relay,H161,-3.6441935299,14.2092581371,True
Q3-T-014,3925.73586055,relay,H161,-3.6441935299,14.2092581371,True
Q3-T-014,3927.73586055,relay,H161,-3.6441935299,14.2092581371,True
Q3-T-014,3929.73586055,relay,H161,-3.6441935299,14.2092581371,True
Q3-T-014,3931.73586055,relay,H161,-3.6441935299,14.2092581371,True
Q3-T-014,3933.73586055,relay,H161,-3.6441935299,14.2092581371,True
Q3-T-014,3935.73586055,relay,H161,-3.6441935299,14.2092581371,True
Q3-T-014,3937.73586055,relay,H161,-3.6441935299,14.2092581371,True
Q3-T-014,3939.73586055,relay,H161,-3.6441935299,14.2092581371,True
Q3-T-014,3941.73586055,relay,H161,-3.6441935299,14.2092581371,True
Q3-T-014,3943.73586055,relay,H161,-3.6441935299,14.2092581371,True
Q3-T-014,3945.73586055,relay,H161,-3.6441935299,14.2092581371,True
Q3-T-014,3947.73586055,relay,H161,-3.6441935299,14.2092581371,True
Q3-T-014,3949.73586055,relay,H161,-3.6441935299,14.2092581371,True
Q3-T-014,3951.73586055,relay,H161,-3.6441935299,14.2092581371,True
Q3-T-014,3953.73586055,relay,H161,-3.6441935299,14.2092581371,True
Q3-T-014,3955.73586055,relay,H161,-3.6441935299,14.2092581371,True
Q3-T-014,3957.73586055,relay,H161,-3.6441935299,14.2092581371,True
Q3-T-014,3959.73586055,relay,H161,-3.6441935299,14.2092581371,True
Q3-T-014,3961.73586055,relay,H161,-3.6441935299,14.2092581371,True
Q3-T-014,3963.73586055,relay,H161,-3.6441935299,14.2092581371,True
Q3-T-014,3965.73586055,relay,H161,-3.6441935299,14.2092581371,True
Q3-T-014,3967.73586055,relay,H161,-3.6441935299,14.2092581371,True
Q3-T-014,3969.73586055,relay,H161,-3.6441935299,14.2092581371,True
Q3-T-014,3971.73586055,relay,H161,-3.6441935299,14.2092581371,True
Q3-T-014,3973.73586055,relay,H161,-3.6441935299,14.2092581371,True
Q3-T-014,3975.73586055,relay,H161,-3.6441935299,14.2092581371,True
Q3-T-014,3977.73586055,relay,H161,-3.6441935299,14.2092581371,True
Q3-T-014,3979.73586055,relay,H161,-3.6441935299,14.2092581371,True
Q3-T-014,3981.73586055,relay,H161,-3.6441935299,14.2092581371,True
Q3-T-014,3983.73586055,relay,H161,-3.6441935299,14.2092581371,True
Q3-T-014,3985.73586055,relay,H161,-3.6441935299,14.2092581371,True
Q3-T-014,3987.73586055,relay,H161,-3.6441935299,14.2092581371,True
Q3-T-014,3989.73586055,relay,H161,-3.6441935299,14.2092581371,True
Q3-T-014,3991.73586055,relay,H161,-3.6441935299,14.2092581371,True
Q3-T-014,3993.73586055,relay,H161,-3.6441935299,14.2092581371,True
Q3-T-014,3995.73586055,relay,H161,-3.6441935299,14.2092581371,True
Q3-T-014,3997.73586055,relay,H161,-3.6441935299,14.2092581371,True
Q3-T-014,3999.73586055,relay,H161,-3.6441935299,14.2092581371,True
Q3-T-014,4001.73586055,relay,H161,-3.6441935299,14.2092581371,True
Q3-T-014,4003.73586055,relay,H161,-3.6441935299,14.2092581371,True
Q3-T-014,4005.73586055,relay,H161,-3.6441935299,14.2092581371,True
Q3-T-014,4007.73586055,relay,H161,-3.6441935299,14.2092581371,True
Q3-T-014,4009.73586055,relay,H161,-3.6441935299,14.2092581371,True
Q3-T-014,4011.73586055,relay,H161,-3.6441935299,14.2092581371,True
Q3-T-014,4013.73586055,relay,H161,-3.6441935299,14.2092581371,True
Q3-T-014,4015.73586055,relay,H161,-3.6441935299,14.2092581371,True
Q3-T-014,4017.73586055,relay,H161,-3.6441935299,14.2092581371,True
Q3-T-014,4019.73586055,relay,H161,-3.6441935299,14.2092581371,True
Q3-T-014,4021.73586055,relay,H161,-3.6441935299,14.2092581371,True
Q3-T-014,4023.73586055,relay,H161,-3.6441935299,14.2092581371,True
Q3-T-014,4025.73586055,relay,H161,-3.6441935299,14.2092581371,True
Q3-T-014,4027.73586055,relay,H161,-3.6441935299,14.2092581371,True
Q3-T-014,4029.73586055,relay,H161,-3.6441935299,14.2092581371,True
Q3-T-014,4031.73586055,relay,H161,-3.6441935299,14.2092581371,True
Q3-T-014,4033.73586055,relay,H161,-3.6441935299,14.2092581371,True
Q3-T-014,4035.73586055,relay,H161,-3.6441935299,14.2092581371,True
Q3-T-014,4037.73586055,relay,H161,-3.6441935299,14.2092581371,True
Q3-T-014,4039.73586055,relay,H161,-3.6441935299,14.2092581371,True
Q3-T-014,4041.73586055,relay,H161,-3.6441935299,14.2092581371,True
Q3-T-014,4043.73586055,relay,H161,-3.6441935299,14.2092581371,True
Q3-T-014,4045.73586055,relay,H161,-3.6441935299,14.2092581371,True
Q3-T-014,4047.73586055,relay,H161,-3.6441935299,14.2092581371,True
Q3-T-014,4049.73586055,relay,H161,-3.6441935299,14.2092581371,True
Q3-T-014,4051.73586055,relay,H161,-3.6441935299,14.2092581371,True
Q3-T-014,4053.73586055,relay,H161,-3.6441935299,14.2092581371,True
Q3-T-014,4055.73586055,relay,H161,-3.6441935299,14.2092581371,True
Q3-T-014,4057.73586055,relay,H161,-3.6441935299,14.2092581371,True
Q3-T-014,4059.73586055,relay,H161,-3.6441935299,14.2092581371,True
Q3-T-014,4061.73586055,relay,H161,-3.6441935299,14.2092581371,True
Q3-T-014,4063.73586055,relay,H161,-3.6441935299,14.2092581371,True
Q3-T-014,4065.73586055,relay,H161,-3.6441935299,14.2092581371,True
Q3-T-014,4067.73586055,relay,H161,-3.6441935299,14.2092581371,True
Q3-T-014,4069.73586055,relay,H161,-3.6441935299,14.2092581371,True
Q3-T-014,4071.73586055,relay,H161,-3.6441935299,14.2092581371,True
Q3-T-014,4073.73586055,relay,H161,-3.6441935299,14.2092581371,True
Q3-T-014,4075.73586055,relay,H161,-3.6441935299,14.2092581371,True
Q3-T-014,4077.73586055,relay,H161,-3.6441935299,14.2092581371,True
Q3-T-014,4079.73586055,relay,H161,-3.6441935299,14.2092581371,True
Q3-T-014,4081.73586055,relay,H161,-3.6441935299,14.2092581371,True
Q3-T-014,4083.73586055,relay,H161,-3.6441935299,14.2092581371,True
Q3-T-014,4085.73586055,relay,H161,-3.6441935299,14.2092581371,True
Q3-T-014,4087.73586055,relay,H161,-3.6441935299,14.2092581371,True
Q3-T-014,4089.73586055,relay,H161,-3.6441935299,14.2092581371,True
Q3-T-014,4091.73586055,relay,H161,-3.6441935299,14.2092581371,True
Q3-T-014,4093.73586055,relay,H161,-3.6441935299,14.2092581371,True
Q3-T-014,4095.73586055,relay,H161,-3.6441935299,14.2092581371,True
Q3-T-014,4097.73586055,relay,H161,-3.6441935299,14.2092581371,True
Q3-T-014,4099.73586055,relay,H161,-3.6441935299,14.2092581371,True
Q3-T-014,4101.73586055,relay,H161,-3.6441935299,14.2092581371,True
Q3-T-014,4103.73586055,relay,H161,-3.6441935299,14.2092581371,True
Q3-T-014,4105.73586055,relay,H161,-3.6441935299,14.2092581371,True
Q3-T-014,4107.73586055,relay,H161,-3.6441935299,14.2092581371,True
Q3-T-014,4109.73586055,relay,H161,-3.6441935299,14.2092581371,True
Q3-T-014,4111.73586055,relay,H161,-3.6441935299,14.2092581371,True
Q3-T-014,4113.73586055,relay,H161,-3.6441935299,14.2092581371,True
Q3-T-014,4115.73586055,relay,H161,-3.6441935299,14.2092581371,True
Q3-T-014,4117.73586055,relay,H161,-3.6441935299,14.2092581371,True
Q3-T-014,4119.73586055,relay,H161,-3.6441935299,14.2092581371,True
Q3-T-014,4121.73586055,relay,H161,-3.6441935299,14.2092581371,True
Q3-T-014,4123.73586055,relay,H161,-3.6441935299,14.2092581371,True
Q3-T-014,4125.73586055,relay,H161,-3.6441935299,14.2092581371,True
Q3-T-014,4127.73586055,relay,H161,-3.6441935299,14.2092581371,True
Q3-T-014,4129.73586055,relay,H161,-3.6441935299,14.2092581371,True
Q3-T-014,4131.73586055,relay,H161,-3.6441935299,14.2092581371,True
Q3-T-014,4133.73586055,relay,H161,-3.6441935299,14.2092581371,True
Q3-T-014,4135.73586055,relay,H161,-3.6441935299,14.2092581371,True
Q3-T-014,4137.73586055,relay,H161,-3.6441935299,14.2092581371,True
Q3-T-014,4139.73586055,relay,H161,-3.6441935299,14.2092581371,True
Q3-T-014,4141.33964063,relay,H161,-3.6441935299,14.2092581371,True
Q3-T-014,4141.73586055,relay,H161,-3.64428694815,14.2107551589,True
Q3-T-014,4143.73586055,relay,H161,-3.64476310541,14.2181851709,True
Q3-T-014,4145.73586055,relay,H161,-3.64524784056,14.2254174939,True
Q3-T-014,4147.73586055,relay,H161,-3.64574115071,14.2324511178,True
Q3-T-014,4149.73586055,relay,H161,-3.64624303293,14.2392850563,True
Q3-T-014,4151.73586055,relay,H161,-3.64675348425,14.2459183476,True
Q3-T-014,4153.73586055,relay,H161,-3.64727250165,14.2523500546,True
Q3-T-014,4155.73586055,relay,H161,-3.64780008203,14.2585792657,True
Q3-T-014,4157.73586055,relay,H161,-3.64833622228,14.2646050949,True
Q3-T-014,4159.73586055,relay,H161,-3.64888091922,14.2704266821,True
Q3-T-014,4161.73586055,relay,H161,-3.64943416962,14.276043194,True
Q3-T-014,4163.73586055,relay,H161,-3.6499959702,14.281453824,True
Q3-T-014,4165.73586055,relay,H161,-3.65056631764,14.2866577926,True
Q3-T-014,4167.73586055,relay,H161,-3.65114520855,14.2916543483,True
Q3-T-014,4169.73586055,relay,H161,-3.65173263952,14.2964427673,True
Q3-T-014,4171.73586055,relay,H161,-3.65232860706,14.3010223541,True
Q3-T-014,4173.73586055,relay,H161,-3.65293310766,14.3053924421,True
Q3-T-014,4173.77272575,relay,H161,-3.6529442698,14.3054706007,True
Q3-T-014,4175.73586055,relay,H161,-3.6104957683,14.5187484467,True
Q3-T-014,4177.73586055,relay,H161,-3.56703793305,14.7414899907,True
Q3-T-014,4179.73586055,relay,H161,-3.52335167528,14.9700868249,True
Q3-T-014,4181.73586055,relay,H161,-3.47945679107,15.2047300942,True
Q3-T-014,4183.73586055,relay,H161,-3.43532898999,15.4458686264,True
Q3-T-014,4185.73586055,relay,H161,-3.39098822428,15.6937390422,True
Q3-T-014,4187.73586055,relay,H161,-3.34641968744,15.9487976883,True
Q3-T-014,4189.73586055,relay,H161,-3.30162398901,16.2114496013,True
Q3-T-014,4191.73586055,relay,H161,-3.25658597383,16.4822314967,True
Q3-T-014,4193.73586055,relay,H161,-3.21131449814,16.7615801204,True
Q3-T-014,4195.73586055,relay,H161,-3.16581861614,17.0499709286,True
Q3-T-014,4197.73586055,relay,H161,-3.1200729843,17.3481514108,True
Q3-T-014,4199.73586055,relay,H161,-3.0740981159,17.6566340698,True
Q3-T-014,4201.73586055,relay,H161,-3.02787848752,17.9762339405,True
Q3-T-014,4203.73586055,relay,H161,-2.98141455373,18.3077384703,True
Q3-T-014,4205.73586055,relay,H161,-2.93469041085,18.6521433155,True
Q3-T-014,4207.73586055,relay,H161,-2.88772690279,19.0102742077,True
Q3-T-014,4209.73586055,relay,H161,-2.84049770526,19.3834275368,True
Q3-T-014,4211.73586055,relay,H161,-2.7930238302,19.7726663828,True
Q3-T-014,4213.73586055,relay,H161,-2.74527860874,20.1795939795,True
Q3-T-014,4215.73586055,relay,H161,-2.69728164667,20.6056083481,True
Q3-T-014,4217.73586055,relay,H161,-2.64902123696,21.0525811032,True
Q3-T-014,4219.73586055,relay,H161,-2.60048064794,21.5226933133,True
Q3-T-014,4221.73586055,relay,H161,-2.55168131945,22.0180436046,True
Q3-T-014,4223.73586055,relay,H161,-2.50259567905,22.541554117,True
Q3-T-014,4225.73586055,relay,H161,-2.45324534081,23.0960258263,True
Q3-T-014,4227.73586055,relay,H161,-2.40361324215,23.6851227308,True
Q3-T-014,4229.73586055,relay,H161,-2.35369945688,24.3128353917,True
Q3-T-014,4231.73586055,relay,H161,-2.30348647057,24.9839478449,True
Q3-T-014,4233.73586055,relay,H161,-2.2529962507,25.7032865112,True
Q3-T-014,4235.73586055,relay,H161,-2.20220005357,26.4768664998,True
Q3-T-014,4237.73586055,relay,H161,-2.1511200258,27.3101373745,True
Q3-T-014,4239.73586055,relay,H161,-2.09972701016,28.208780028,True
Q3-T-014,4241.73586055,relay,H161,-2.04804163646,29.175307406,True
Q3-T-014,4243.73586055,relay,H161,-1.99605082255,30.2067114558,True
Q3-T-014,4245.73586055,relay,H161,-1.9437360417,31.2863625683,True
Q3-T-014,4247.73586055,relay,H161,-1.89111989489,32.3687419881,True
Q3-T-014,4249.73586055,relay,H161,-1.83817213547,33.360166108,True
Q3-T-014,4251.73586055,relay,H161,-1.78491554861,34.1026110622,True
Q3-T-014,4253.73586055,relay,H161,-1.73131942806,34.4117837801,True
Q3-T-014,4255.73586055,relay,H161,-1.67741857606,34.1890067658,True
Q3-T-014,4257.73586055,relay,H161,-1.62315822254,33.5065982355,True
Q3-T-014,4259.73586055,relay,H161,-1.56857328364,32.5444127293,True
Q3-T-014,4261.73586055,relay,H161,-1.51363208962,31.4687883522,True
Q3-T-014,4263.73586055,relay,H161,-1.45834403812,30.3844625569,True
Q3-T-014,4265.73586055,relay,H161,-1.40271879534,29.3433272079,True
Q3-T-014,4267.73586055,relay,H161,-1.34672392715,28.3652803161,True
Q3-T-014,4269.73586055,relay,H161,-1.29039542748,27.4557908835,True
Q3-T-014,4271.73586055,relay,H161,-1.23367567923,26.6117499276,True
Q3-T-014,4273.73586055,relay,H161,-1.17660078647,25.8287577562,True
Q3-T-014,4275.73586055,relay,H161,-1.11913723529,25.1006051048,True
Q3-T-014,4277.73586055,relay,H161,-1.06130903271,24.4219461211,True
Q3-T-014,4279.73586055,relay,H161,-1.00308209686,23.7871824439,True
Q3-T-014,4281.73586055,relay,H161,-0.944493488889,23.1920712918,True
Q3-T-014,4283.73586055,relay,H161,-0.885482897829,22.6319311285,True
Q3-T-014,4285.73586055,relay,H161,-0.826087489196,22.1035795334,True
Q3-T-014,4287.73586055,relay,H161,-0.766271984256,21.6036140323,True
Q3-T-014,4289.73586055,relay,H161,-0.706045762988,21.1294362692,True
Q3-T-014,4291.73586055,relay,H161,-0.645418506621,20.6787677474,True
Q3-T-014,4293.73586055,relay,H161,-0.584353980981,20.2492893714,True
Q3-T-014,4295.73586055,relay,H161,-0.522890543974,19.8394664519,True
Q3-T-014,4297.73586055,relay,H161,-0.460964395552,19.4472916761,True
Q3-T-014,4299.73586055,relay,H161,-0.39861398705,19.071618625,True
Q3-T-014,4301.73586055,relay,H161,-0.335801725691,18.710982602,True
Q3-T-014,4303.73586055,relay,H161,-0.272552845839,18.3644279144,True
Q3-T-014,4305.73586055,relay,H161,-0.208829035906,18.030762524,True
Q3-T-014,4307.73586055,relay,H161,-0.144655714516,17.7092409366,True
Q3-T-014,4309.73586055,relay,H161,-0.0800080185422,17.3989453049,True
Q3-T-014,4311.73586055,relay,H161,-0.01486682108,17.0990788515,True
Q3-T-014,4313.73586055,relay,H161,0.0507442968411,16.8091087625,True
Q3-T-014,4315.73586055,relay,H161,0.11686557128,16.5282771961,True
Q3-T-014,4317.73586055,relay,H161,0.18347113494,16.2561680354,True
Q3-T-014,4319.73586055,direct,,0.250602049331,,True
Q3-T-014,4321.73586055,direct,,0.318232273978,,True
Q3-T-014,4323.73586055,direct,,0.386388761547,,True
Q3-T-014,4325.73586055,direct,,0.455075123727,,True
Q3-T-014,4327.73586055,direct,,0.524319325578,,True
Q3-T-014,4329.73586055,direct,,0.594094995109,,True
Q3-T-014,4331.73586055,direct,,0.664445886957,,True
Q3-T-014,4333.73586055,direct,,0.735345472421,,True
Q3-T-014,4335.73586055,direct,,0.806822782749,,True
Q3-T-014,4337.73586055,direct,,0.878900612939,,True
Q3-T-014,4339.73586055,direct,,0.951554544563,,True
Q3-T-014,4341.73586055,direct,,1.02483086081,,True
Q3-T-014,4343.73586055,direct,,1.09870267596,,True
Q3-T-014,4345.73586055,direct,,1.1732173676,,True
Q3-T-014,4347.73586055,direct,,1.24834792423,,True
Q3-T-014,4349.73586055,direct,,1.32412622008,,True
Q3-T-014,4351.73586055,direct,,1.40055828484,,True
Q3-T-014,4353.73586055,direct,,1.47767733741,,True
Q3-T-014,4355.73586055,direct,,11.555456152,,True
Q3-T-014,4357.73586055,direct,,11.6339457172,,True
Q3-T-014,4359.73586055,direct,,11.713138726,,True
Q3-T-014,4361.73586055,direct,,11.7930274816,,True
Q3-T-014,4363.73586055,direct,,11.8736472691,,True
Q3-T-014,4365.73586055,direct,,11.9550059563,,True
Q3-T-014,4367.73586055,direct,,12.0371404202,,True
Q3-T-014,4369.73586055,direct,,12.1200232182,,True
Q3-T-014,4371.73586055,direct,,12.2037102925,,True
Q3-T-014,4373.73586055,direct,,12.2881741868,,True
Q3-T-014,4375.73586055,direct,,12.3734724336,,True
Q3-T-014,4377.73586055,direct,,12.459558659,,True
Q3-T-014,4379.73586055,direct,,12.5465297483,,True
Q3-T-014,4381.73586055,direct,,12.6343395533,,True
Q3-T-014,4383.73586055,direct,,12.7230490599,,True
Q3-T-014,4385.73586055,direct,,12.8126535901,,True
Q3-T-014,4387.73586055,direct,,12.9031480681,,True
Q3-T-014,4389.73586055,direct,,12.994576233,,True
Q3-T-014,4391.73586055,direct,,13.0869509487,,True
Q3-T-014,4393.73586055,direct,,13.1803182089,,True
Q3-T-014,4395.73586055,direct,,13.2746510568,,True
Q3-T-014,4397.73586055,direct,,13.3700175613,,True
Q3-T-014,4399.73586055,direct,,13.4663909965,,True
Q3-T-014,4401.73586055,direct,,13.5638417439,,True
Q3-T-014,4403.73586055,direct,,13.6623216957,,True
Q3-T-014,4405.73586055,direct,,13.761946791,,True
Q3-T-014,4407.73586055,direct,,13.8626949901,,True
Q3-T-014,4409.73586055,direct,,13.9645653233,,True
Q3-T-014,4411.73586055,direct,,14.0676346316,,True
Q3-T-014,4413.73586055,direct,,14.1718774951,,True
Q3-T-014,4415.73586055,direct,,14.2773736472,,True
Q3-T-014,4417.73586055,direct,,14.3840747278,,True
Q3-T-014,4419.73586055,direct,,14.4921102566,,True
Q3-T-014,4421.73586055,direct,,14.6014327952,,True
Q3-T-014,4423.73586055,direct,,14.7121284807,,True
Q3-T-014,4425.73586055,direct,,14.8241738374,,True
Q3-T-014,4427.73586055,direct,,14.9376585522,,True
Q3-T-014,4429.73586055,direct,,15.0525600207,,True
Q3-T-014,4431.73586055,direct,,15.1689461133,,True
Q3-T-014,4433.73586055,direct,,15.286875999,,True
Q3-T-014,4435.73586055,direct,,15.4063324228,,True
Q3-T-014,4437.73586055,direct,,15.5274151412,,True
Q3-T-014,4439.73586055,direct,,15.650104348,,True
Q3-T-014,4441.73586055,direct,,15.774504374,,True
Q3-T-014,4443.73586055,direct,,15.9005690443,,True
Q3-T-014,4445.73586055,direct,,16.0284627852,,True
Q3-T-014,4447.73586055,direct,,16.1581414079,,True
Q3-T-014,4449.73586055,direct,,16.2897194906,,True
Q3-T-014,4451.73586055,direct,,16.4231820593,,True
Q3-T-014,4453.73586055,direct,,16.5586494326,,True
Q3-T-014,4455.73586055,direct,,16.6961435226,,True
Q3-T-014,4457.73586055,direct,,16.83565558,,True
Q3-T-014,4459.73586055,direct,,16.9773764529,,True
Q3-T-014,4461.73586055,direct,,17.1212664775,,True
Q3-T-014,4463.73586055,direct,,17.2674624061,,True
Q3-T-014,4465.73586055,direct,,17.4159575937,,True
Q3-T-014,4467.73586055,direct,,17.5668962917,,True
Q3-T-014,4469.73586055,direct,,17.7202748661,,True
Q3-T-014,4471.73586055,direct,,17.8762112419,,True
Q3-T-014,4473.73586055,direct,,18.0347733063,,True
Q3-T-014,4475.73586055,direct,,18.1960882175,,True
Q3-T-014,4477.73586055,direct,,18.3601592337,,True
Q3-T-014,4479.73586055,direct,,18.5271566078,,True
Q3-T-014,4481.73586055,direct,,18.6971305559,,True
Q3-T-014,4483.73586055,direct,,18.8701317852,,True
Q3-T-014,4485.73586055,direct,,19.0463065883,,True
Q3-T-014,4487.73586055,direct,,19.2257451568,,True
Q3-T-014,4489.73586055,direct,,19.40860501,,True
Q3-T-014,4491.73586055,direct,,19.5949032597,,True
Q3-T-014,4493.73586055,direct,,19.7848463837,,True
Q3-T-014,4495.73586055,direct,,19.9784551417,,True
Q3-T-014,4497.73586055,direct,,20.1759030675,,True
Q3-T-014,4499.73586055,direct,,20.3773001522,,True
Q3-T-014,4501.73586055,direct,,20.5828308427,,True
Q3-T-014,4503.73586055,direct,,20.7925734133,,True
Q3-T-014,4505.73586055,direct,,21.0066038291,,True
Q3-T-014,4507.73586055,direct,,21.2251612654,,True
Q3-T-014,4509.73586055,direct,,21.4482674588,,True
Q3-T-014,4511.73586055,direct,,21.6761149093,,True
Q3-T-014,4513.73586055,direct,,21.9088166002,,True
Q3-T-014,4515.73586055,direct,,22.1465635417,,True
Q3-T-014,4517.73586055,direct,,22.3893521378,,True
Q3-T-014,4519.73586055,direct,,22.6374100761,,True
Q3-T-014,4521.73586055,direct,,22.8907036536,,True
Q3-T-014,4523.73586055,direct,,23.1494319381,,True
Q3-T-014,4525.73586055,direct,,23.4134524632,,True
Q3-T-014,4527.73586055,direct,,23.6830264608,,True
Q3-T-014,4529.73586055,direct,,23.9580012673,,True
Q3-T-014,4531.73586055,direct,,24.2382219421,,True
Q3-T-014,4533.73586055,direct,,24.5236776444,,True
Q3-T-014,4535.73586055,direct,,24.8139880964,,True
Q3-T-014,4537.73586055,direct,,25.1089571559,,True
Q3-T-014,4539.73586055,direct,,25.4078988712,,True
Q3-T-014,4541.73586055,direct,,25.7104642266,,True
Q3-T-014,4543.73586055,direct,,26.0156141379,,True
Q3-T-014,4545.73586055,direct,,26.322450076,,True
Q3-T-014,4547.73586055,direct,,26.6294941831,,True
Q3-T-014,4549.73586055,direct,,26.9352601008,,True
Q3-T-014,4551.73586055,direct,,27.2376017116,,True
Q3-T-014,4553.73586055,direct,,27.5341714325,,True
Q3-T-014,4555.73586055,direct,,27.8222110999,,True
Q3-T-014,4557.73586055,direct,,28.0982887307,,True
Q3-T-014,4559.73586055,direct,,28.3588238485,,True
Q3-T-014,4561.73586055,direct,,28.5995936783,,True
Q3-T-014,4563.73586055,direct,,28.8163621235,,True
Q3-T-014,4565.73586055,direct,,29.0045317326,,True
Q3-T-014,4567.73586055,direct,,29.1599608648,,True
Q3-T-014,4569.73586055,direct,,29.2786145862,,True
Q3-T-014,4571.73586055,direct,,29.3573362682,,True
Q3-T-014,4573.73586055,direct,,29.3938422605,,True
Q3-T-014,4574.42371855,direct,,29.3964097166,,True
Q3-T-014,4575.73586055,direct,,29.4638477252,,True
Q3-T-014,4577.73586055,direct,,29.5676676842,,True
Q3-T-014,4579.73586055,direct,,29.6727436007,,True
Q3-T-014,4581.73586055,direct,,29.7791062352,,True
Q3-T-014,4583.73586055,direct,,29.8867874918,,True
Q3-T-014,4585.73586055,direct,,29.9958204765,,True
Q3-T-014,4587.73586055,direct,,30.1062395578,,True
Q3-T-014,4589.73586055,direct,,30.2180804319,,True
Q3-T-014,4591.73586055,direct,,30.3313801918,,True
Q3-T-014,4593.73586055,direct,,30.4461774015,,True
Q3-T-014,4595.73586055,direct,,30.5625121744,,True
Q3-T-014,4597.73586055,direct,,30.6804262577,,True
Q3-T-014,4599.73586055,direct,,30.7999631222,,True
Q3-T-014,4601.73586055,direct,,30.9211680589,,True
Q3-T-014,4603.73586055,direct,,31.0440882813,,True
Q3-T-014,4605.73586055,direct,,31.1687730366,,True
Q3-T-014,4607.73586055,direct,,31.2952737235,,True
Q3-T-014,4609.73586055,direct,,31.42364402,,True
Q3-T-014,4611.73586055,direct,,31.5539400196,,True
Q3-T-014,4613.73586055,direct,,31.6862203789,,True
Q3-T-014,4615.73586055,direct,,31.8205464761,,True
Q3-T-014,4617.73586055,direct,,31.9569825817,,True
Q3-T-014,4619.73586055,direct,,32.0955960436,,True
Q3-T-014,4621.73586055,direct,,32.2364574863,,True
Q3-T-014,4623.73586055,direct,,32.3796410273,,True
Q3-T-014,4625.73586055,direct,,32.5252245112,,True
Q3-T-014,4627.73586055,direct,,32.6732897636,,True
Q3-T-014,4629.73586055,direct,,32.823922868,,True
Q3-T-014,4631.73586055,direct,,32.9772144655,,True
Q3-T-014,4633.73586055,direct,,33.1332600831,,True
Q3-T-014,4635.73586055,direct,,33.2921604907,,True
Q3-T-014,4637.73586055,direct,,33.4540220924,,True
Q3-T-014,4639.73586055,direct,,33.6189573543,,True
Q3-T-014,4641.73586055,direct,,33.7870852738,,True
Q3-T-014,4643.73586055,direct,,33.9585318955,,True
Q3-T-014,4645.73586055,direct,,34.133430879,,True
Q3-T-014,4647.73586055,direct,,34.3119241246,,True
Q3-T-014,4649.73586055,direct,,34.4941624651,,True
Q3-T-014,4651.73586055,direct,,34.680306432,,True
Q3-T-014,4653.73586055,direct,,34.8705271044,,True
Q3-T-014,4655.73586055,direct,,35.0650070549,,True
Q3-T-014,4657.73586055,direct,,35.2639414017,,True
Q3-T-014,4659.73586055,direct,,35.4675389858,,True
Q3-T-014,4661.73586055,direct,,35.6760236885,,True
Q3-T-014,4663.73586055,direct,,35.8896359109,,True
Q3-T-014,4665.73586055,direct,,36.1086342411,,True
Q3-T-014,4667.73586055,direct,,36.3332973355,,True
Q3-T-014,4669.73586055,direct,,36.563926051,,True
Q3-T-014,4671.73586055,direct,,36.8008458676,,True
Q3-T-014,4673.73586055,direct,,37.0444096514,,True
Q3-T-014,4675.73586055,direct,,37.2950008152,,True
Q3-T-014,4677.73586055,direct,,37.5530369496,,True
Q3-T-014,4679.73586055,direct,,37.8189740102,,True
Q3-T-014,4681.73586055,direct,,38.0933111655,,True
Q3-T-014,4683.73586055,direct,,38.3765964367,,True
Q3-T-014,4685.73586055,direct,,38.6694332878,,True
Q3-T-014,4687.73586055,direct,,38.9724883661,,True
Q3-T-014,4689.73586055,direct,,39.2865006432,,True
Q3-T-014,4691.73586055,direct,,39.6122922698,,True
Q3-T-014,4693.73586055,direct,,39.9507815488,,True
Q3-T-014,4695.73586055,direct,,40.3029985379,,True
Q3-T-014,4697.73586055,direct,,40.6701039538,,True
Q3-T-014,4699.73586055,direct,,41.0534122493,,True
Q3-T-014,4701.73586055,direct,,41.4544200218,,True
Q3-T-014,4703.73586055,direct,,41.8748413037,,True
Q3-T-014,4705.73586055,direct,,42.3166518353,,True
Q3-T-014,4707.73586055,direct,,42.7821452145,,True
Q3-T-014,4709.73586055,direct,,43.2740049618,,True
Q3-T-014,4711.73586055,direct,,43.7953982436,,True
Q3-T-014,4713.73586055,direct,,44.350099564,,True
Q3-T-014,4715.73586055,direct,,44.9426567173,,True
Q3-T-014,4717.73586055,direct,,45.5786176066,,True
Q3-T-014,4719.73586055,direct,,46.2648468496,,True
Q3-T-014,4721.73586055,direct,,47.0099785227,,True
Q3-T-014,4723.73586055,direct,,47.8250819515,,True
Q3-T-014,4725.73586055,direct,,48.7246734687,,True
Q3-T-014,4727.73586055,direct,,49.7283151582,,True
Q3-T-014,4729.73586055,direct,,50.8632635355,,True
Q3-T-014,4731.73586055,direct,,52.1691224781,,True
Q3-T-014,4733.73586055,direct,,53.7066504072,,True
Q3-T-014,4735.73586055,direct,,55.5761606623,,True
Q3-T-014,4737.73586055,direct,,57.9616455825,,True
Q3-T-014,4739.73586055,direct,,61.2612299504,,True
Q3-T-014,4741.73586055,direct,,66.6473154728,,True
Q3-T-014,4743.73586055,direct,,83.6694981181,,True
Q3-T-014,4745.73586055,direct,,69.5222495303,,True
Q3-T-014,4747.73586055,direct,,62.6889215417,,True
Q3-T-014,4749.73586055,direct,,58.9122505488,,True
Q3-T-014,4751.73586055,direct,,56.2888031091,,True
Q3-T-014,4752.06342071,direct,,55.9251752525,,True
Q3-T-015,3727.88725055,direct,,55.9251752525,,True
Q3-T-015,3729.88725055,direct,,59.0232144522,,True
Q3-T-015,3731.88725055,direct,,63.8839754259,,True
Q3-T-015,3733.88725055,direct,,75.9251752525,,True
Q3-T-015,3735.88725055,direct,,69.9045753392,,True
Q3-T-015,3737.88725055,direct,,61.9457751658,,True
Q3-T-015,3739.88725055,direct,,57.8633755126,,True
Q3-T-015,3741.88725055,direct,,55.0973215493,,True
Q3-T-015,3743.88725055,direct,,53.0026145389,,True
Q3-T-015,3745.88725055,direct,,51.3161968249,,True
Q3-T-015,3747.88725055,direct,,49.9045753392,,True
Q3-T-015,3749.88725055,direct,,48.6906185321,,True
Q3-T-015,3751.88725055,direct,,47.6257082931,,True
Q3-T-015,3753.88725055,direct,,46.6772152945,,True
Q3-T-015,3755.88725055,direct,,45.8221756861,,True
Q3-T-015,3757.88725055,direct,,45.0438143655,,True
Q3-T-015,3759.88725055,direct,,44.3295033202,,True
Q3-T-015,3761.88725055,direct,,43.6694981181,,True
Q3-T-015,3763.88725055,direct,,43.0561217228,,True
Q3-T-015,3765.88725055,direct,,42.4832180938,,True
Q3-T-015,3767.88725055,direct,,41.9457751658,,True
Q3-T-015,3769.88725055,direct,,41.4396578605,,True
Q3-T-015,3771.88725055,direct,,40.9614147124,,True
Q3-T-015,3773.88725055,direct,,40.5081350196,,True
Q3-T-015,3775.88725055,direct,,40.0773414625,,True
Q3-T-015,3777.88725055,direct,,39.6669081196,,True
Q3-T-015,3779.88725055,direct,,39.2749969984,,True
Q3-T-015,3781.88725055,direct,,38.9000082781,,True
Q3-T-015,3783.06355468,direct,,38.6867245789,,True
Q3-T-015,3783.88725055,direct,,38.6555412182,,True
Q3-T-015,3785.88725055,direct,,38.3335461094,,True
Q3-T-015,3787.88725055,direct,,37.7274887743,,True
Q3-T-015,3789.88725055,direct,,36.9412411204,,True
Q3-T-015,3791.88725055,direct,,36.0689486467,,True
Q3-T-015,3793.88725055,direct,,35.1753947981,,True
Q3-T-015,3795.88725055,direct,,34.2980886895,,True
Q3-T-015,3797.88725055,direct,,33.4563168045,,True
Q3-T-015,3799.88725055,direct,,32.6587188369,,True
Q3-T-015,3801.88725055,direct,,31.9066653681,,True
Q3-T-015,3803.88725055,direct,,31.1995591094,,True
Q3-T-015,3805.88725055,direct,,30.5348660234,,True
Q3-T-015,3807.88725055,direct,,29.9092551516,,True
Q3-T-015,3809.88725055,direct,,29.3195260643,,True
Q3-T-015,3811.88725055,direct,,28.7628875485,,True
Q3-T-015,3813.88725055,direct,,28.2359460451,,True
Q3-T-015,3815.88725055,direct,,27.7363772505,,True
Q3-T-015,3817.88725055,direct,,27.2617972659,,True
Q3-T-015,3819.88725055,direct,,26.8099147925,,True
Q3-T-015,3821.88725055,direct,,26.3789682643,,True
Q3-T-015,3823.88725055,direct,,25.9671115114,,True
Q3-T-015,3825.88725055,direct,,25.5728385443,,True
Q3-T-015,3827.88725055,direct,,25.1950075589,,True
Q3-T-015,3829.88725055,direct,,24.8320618656,,True
Q3-T-015,3831.88725055,direct,,24.483121415,,True
Q3-T-015,3833.88725055,direct,,24.1471998762,,True
Q3-T-015,3835.88725055,direct,,23.8232955569,,True
Q3-T-015,3837.88725055,direct,,23.5106143606,,True
Q3-T-015,3839.88725055,direct,,23.2086013847,,True
Q3-T-015,3841.88725055,direct,,22.91632396,,True
Q3-T-015,3843.88725055,direct,,22.6333501694,,True
Q3-T-015,3845.88725055,direct,,22.3591288065,,True
Q3-T-015,3847.88725055,direct,,22.0930633934,,True
Q3-T-015,3849.88725055,direct,,21.8346987457,,True
Q3-T-015,3851.88725055,direct,,21.5837542041,,True
Q3-T-015,3853.88725055,direct,,21.3396138286,,True
Q3-T-015,3855.88725055,direct,,21.1020591878,,True
Q3-T-015,3857.88725055,direct,,20.8707568357,,True
Q3-T-015,3859.88725055,direct,,20.6453198472,,True
Q3-T-015,3861.88725055,direct,,20.4255329063,,True
Q3-T-015,3863.88725055,direct,,20.211055635,,True
Q3-T-015,3865.88725055,direct,,20.0016453817,,True
Q3-T-015,3867.88725055,direct,,19.7971885081,,True
Q3-T-015,3869.88725055,direct,,19.5972863187,,True
Q3-T-015,3871.88725055,direct,,19.4018535092,,True
Q3-T-015,3873.88725055,direct,,19.2107020084,,True
Q3-T-015,3875.88725055,direct,,19.0235905664,,True
Q3-T-015,3877.88725055,direct,,18.8403575069,,True
Q3-T-015,3879.88725055,direct,,18.6609498337,,True
Q3-T-015,3881.88725055,direct,,18.4850602332,,True
Q3-T-015,3883.88725055,direct,,18.3126526384,,True
Q3-T-015,3885.88725055,direct,,18.1435975409,,True
Q3-T-015,3887.88725055,direct,,17.9777150494,,True
Q3-T-015,3889.88725055,direct,,17.8148926464,,True
Q3-T-015,3891.88725055,direct,,17.6551121399,,True
Q3-T-015,3893.88725055,direct,,17.4981265165,,True
Q3-T-015,3895.88725055,direct,,17.3439282292,,True
Q3-T-015,3897.88725055,direct,,17.1924246716,,True
Q3-T-015,3899.88725055,direct,,17.0434761332,,True
Q3-T-015,3901.88725055,direct,,16.8970454836,,True
Q3-T-015,3903.88725055,direct,,16.7530033142,,True
Q3-T-015,3905.88725055,direct,,16.6112764306,,True
Q3-T-015,3907.88725055,direct,,16.4718722149,,True
Q3-T-015,3909.88725055,direct,,6.3345967503,,True
Q3-T-015,3911.88725055,direct,,6.19946352923,,True
Q3-T-015,3913.88725055,direct,,6.06641050688,,True
Q3-T-015,3915.88725055,direct,,5.93533280439,,True
Q3-T-015,3917.88725055,direct,,5.80617568075,,True
Q3-T-015,3919.88725055,direct,,5.67895719626,,True
Q3-T-015,3921.88725055,direct,,5.55351098672,,True
Q3-T-015,3923.88725055,direct,,5.42985929976,,True
Q3-T-015,3925.88725055,direct,,5.30795486899,,True
Q3-T-015,3927.88725055,direct,,5.18771051242,,True
Q3-T-015,3929.88725055,direct,,5.06908436811,,True
Q3-T-015,3931.88725055,direct,,4.95210105333,,True
Q3-T-015,3933.88725055,direct,,4.83661513062,,True
Q3-T-015,3935.88725055,direct,,4.72265416479,,True
Q3-T-015,3937.88725055,direct,,4.61018142354,,True
Q3-T-015,3939.88725055,direct,,4.49912289424,,True
Q3-T-015,3941.88725055,direct,,4.38947894896,,True
Q3-T-015,3943.88725055,direct,,4.28117922158,,True
Q3-T-015,3945.88725055,direct,,4.17419358762,,True
Q3-T-015,3947.88725055,direct,,4.06855157989,,True
Q3-T-015,3949.88725055,direct,,3.96412877463,,True
Q3-T-015,3951.88725055,direct,,3.86095661494,,True
Q3-T-015,3953.88725055,direct,,3.75900816964,,True
Q3-T-015,3955.88725055,direct,,3.65822232174,,True
Q3-T-015,3957.88725055,direct,,3.55857510959,,True
Q3-T-015,3959.88725055,direct,,3.4600980017,,True
Q3-T-015,3961.88725055,direct,,3.36267876054,,True
Q3-T-015,3963.88725055,direct,,3.26635026429,,True
Q3-T-015,3965.88725055,direct,,3.17109082426,,True
Q3-T-015,3967.88725055,direct,,3.0768466055,,True
Q3-T-015,3969.88725055,direct,,2.98359830073,,True
Q3-T-015,3971.88725055,direct,,2.89137838517,,True
Q3-T-015,3973.88725055,direct,,2.80008462336,,True
Q3-T-015,3975.88725055,direct,,2.7097505468,,True
Q3-T-015,3977.88725055,direct,,2.62035848067,,True
Q3-T-015,3979.88725055,direct,,2.53186043357,,True
Q3-T-015,3981.88725055,direct,,2.44426706256,,True
Q3-T-015,3983.88725055,direct,,2.35753207065,,True
Q3-T-015,3985.88725055,direct,,2.27164073229,,True
Q3-T-015,3987.88725055,direct,,2.18662594761,,True
Q3-T-015,3989.88725055,direct,,2.10239630749,,True
Q3-T-015,3991.88725055,direct,,2.01898544525,,True
Q3-T-015,3993.88725055,direct,,1.93637969311,,True
Q3-T-015,3995.88725055,direct,,1.85453722486,,True
Q3-T-015,3997.88725055,direct,,1.77344589061,,True
Q3-T-015,3999.88725055,direct,,1.69313847177,,True
Q3-T-015,4001.88725055,direct,,1.61353025802,,True
Q3-T-015,4003.88725055,direct,,1.53465459525,,True
Q3-T-015,4005.88725055,direct,,1.45650009757,,True
Q3-T-015,4007.88725055,direct,,1.37902865792,,True
Q3-T-015,4009.88725055,direct,,1.30223017101,,True
Q3-T-015,4011.88725055,direct,,1.22613706314,,True
Q3-T-015,4013.88725055,direct,,1.15067038514,,True
Q3-T-015,4015.88725055,direct,,1.0758630016,,True
Q3-T-015,4017.88725055,direct,,1.00170535605,,True
Q3-T-015,4019.88725055,direct,,0.928162474594,,True
Q3-T-015,4021.88725055,direct,,0.855247878331,,True
Q3-T-015,4023.88725055,direct,,0.782927529592,,True
Q3-T-015,4025.88725055,direct,,0.711193439464,,True
Q3-T-015,4027.88725055,direct,,0.640077329799,,True
Q3-T-015,4029.88725055,direct,,0.569506783925,,True
Q3-T-015,4031.88725055,direct,,0.499513839908,,True
Q3-T-015,4033.88725055,direct,,0.430090854759,,True
Q3-T-015,4035.88725055,direct,,0.361206327125,,True
Q3-T-015,4037.88725055,direct,,0.292853513072,,True
Q3-T-015,4039.88725055,direct,,0.225063501202,,True
Q3-T-015,4041.88725055,relay,H161,0.157768085428,2.32517920319,True
Q3-T-015,4043.88725055,relay,H161,0.0909986034139,2.30347019416,True
Q3-T-015,4045.88725055,relay,H161,0.0247485489241,2.28151477066,True
Q3-T-015,4047.88725055,relay,H161,-0.0410113897853,2.25935332257,True
Q3-T-015,4049.88725055,relay,H161,-0.106286934195,2.23695369489,True
Q3-T-015,4051.88725055,relay,H161,-0.171047679615,2.21435575358,True
Q3-T-015,4053.88725055,relay,H161,-0.235358099872,2.19152762682,True
Q3-T-015,4055.88725055,relay,H161,-0.299187593377,2.16850886898,True
Q3-T-015,4057.88725055,relay,H161,-0.362541725543,2.1452683472,True
Q3-T-015,4059.88725055,relay,H161,-0.425447901165,2.12184461676,True
Q3-T-015,4061.88725055,relay,H161,-0.487892156191,2.0982072221,True
Q3-T-015,4063.88725055,relay,H161,-0.549901313661,2.07439409876,True
Q3-T-015,4065.88725055,relay,H161,-0.611479999021,2.05037453468,True
Q3-T-015,4067.88725055,relay,H161,-0.672598758304,2.02618823835,True
Q3-T-015,4069.88725055,relay,H161,-0.733317701427,2.00180245459,True
Q3-T-015,4071.88725055,relay,H161,-0.79360723001,1.9772565422,True
Q3-T-015,4073.88725055,relay,H161,-0.853471892479,1.95252075839,True
Q3-T-015,4075.88725055,relay,H161,-0.91293690639,1.92763116654,True
Q3-T-015,4077.88725055,relay,H161,-0.972006231447,1.90255810118,True
Q3-T-015,4079.88725055,relay,H161,-1.03065113563,1.87734099442,True
Q3-T-015,4081.88725055,relay,H161,-1.08892883784,1.85194652847,True
Q3-T-015,4083.88725055,relay,H161,-1.14681049154,1.82641376529,True
Q3-T-015,4085.88725055,relay,H161,-1.20430002247,1.80071396876,True
Q3-T-015,4087.88725055,relay,H161,-1.26142122542,1.77488132728,True
Q3-T-015,4089.88725055,relay,H161,-1.31817749984,1.74888719146,True
Q3-T-015,4091.88725055,relay,H161,-1.37454083161,1.72277060365,True
Q3-T-015,4093.88725055,relay,H161,-1.43056582349,1.69649777028,True
Q3-T-015,4095.88725055,relay,H161,-1.4862243707,1.67010734946,True
Q3-T-015,4097.88725055,relay,H161,-1.54151987154,1.64357158185,True
Q3-T-015,4099.88725055,relay,H161,-1.59647485198,1.61692279687,True
Q3-T-015,4101.88725055,relay,H161,-1.65107575701,1.59013561213,True
Q3-T-015,4103.88725055,relay,H161,-1.70534471973,1.56324174384,True
Q3-T-015,4105.88725055,relay,H161,-1.75928452345,1.53621385116,True
Q3-T-015,4107.88725055,relay,H161,-1.81286809332,1.50909031336,True
Q3-T-015,4109.88725055,relay,H161,-1.86614690702,1.48183683652,True
Q3-T-015,4111.88725055,relay,H161,-1.91909382367,1.4544914057,True
Q3-T-015,4113.88725055,relay,H161,-1.9717116574,1.42702751928,True
Q3-T-015,4115.88725055,relay,H161,-2.02402144236,1.39947508036,True
Q3-T-015,4117.88725055,relay,H161,-2.07602557869,1.37180769601,True
Q3-T-015,4119.88725055,relay,H161,-2.1276976768,1.34406316338,True
Q3-T-015,4121.88725055,relay,H161,-2.17908710358,1.31620691132,True
Q3-T-015,4123.88725055,relay,H161,-2.23016741782,1.28827634088,True
Q3-T-015,4125.88725055,relay,H161,-2.28094106785,1.26024586171,True
Q3-T-015,4127.88725055,relay,H161,-2.33142809512,1.23214361302,True
Q3-T-015,4129.88725055,relay,H161,-2.38163057139,1.20394412207,True
Q3-T-015,4131.88725055,relay,H161,-2.43152277287,1.17568454858,True
Q3-T-015,4133.88725055,relay,H161,-2.4811521278,1.14733012475,True
Q3-T-015,4135.88725055,relay,H161,-2.53049287243,1.11891761632,True
Q3-T-015,4137.88725055,relay,H161,-2.57954713981,1.09042231784,True
Q3-T-015,4139.88725055,relay,H161,-2.62833407045,1.06187066348,True
Q3-T-015,4141.88725055,relay,H161,-2.67684080758,1.03324160728,True
Q3-T-015,4143.88725055,relay,H161,-2.72508620964,1.00456102948,True
Q3-T-015,4145.88725055,relay,H161,-2.77307198028,0.975804642546,True
Q3-T-015,4147.88725055,relay,H161,-2.82077325053,0.947008693618,True
Q3-T-015,4149.88725055,relay,H161,-2.86823509644,0.91813827089,True
Q3-T-015,4151.88725055,relay,H161,-2.91543262137,0.889229235296,True
Q3-T-015,4153.88725055,relay,H161,-2.96236760268,0.860258021664,True
Q3-T-015,4155.88725055,relay,H161,-3.00905810184,0.831248894471,True
Q3-T-015,4157.88725055,relay,H161,-3.05550558942,0.802178424631,True
Q3-T-015,4159.88725055,relay,H161,-3.10168581194,0.773082142839,True
Q3-T-015,4161.88725055,relay,H161,-3.14764223384,0.743925111572,True
Q3-T-015,4163.41711781,relay,H161,-3.18262159269,0.721607518353,True
Q3-T-015,4163.88725055,relay,H161,-3.18257598405,0.721484874087,True
Q3-T-015,4165.88725055,relay,H161,-3.18238684204,0.720961203824,True
Q3-T-015,4167.88725055,relay,H161,-3.1822043592,0.720431077107,True
Q3-T-015,4169.88725055,relay,H161,-3.18202853636,0.71989449631,True
Q3-T-015,4171.88725055,relay,H161,-3.18185937434,0.719351463832,True
Q3-T-015,4173.88725055,relay,H161,-3.18169687391,0.718801982101,True
Q3-T-015,4175.88725055,relay,H161,-3.18154103582,0.718246053573,True
Q3-T-015,4177.88725055,relay,H161,-3.18139186079,0.717683680732,True
Q3-T-015,4179.88725055,relay,H161,-3.1812493495,0.717114866092,True
Q3-T-015,4181.88725055,relay,H161,-3.18111350262,0.716539612192,True
Q3-T-015,4183.88725055,relay,H161,-3.18098432076,0.715957921601,True
Q3-T-015,4185.88725055,relay,H161,-3.18086180452,0.715369796915,True
Q3-T-015,4187.88725055,relay,H161,-3.18074595447,0.714775240758,True
Q3-T-015,4188.70868275,relay,H161,-3.18070038293,0.714529614332,True
Q3-T-015,4189.88725055,relay,H161,-3.18070038293,0.714529614332,True
Q3-T-015,4191.88725055,relay,H161,-3.18070038293,0.714529614332,True
Q3-T-015,4193.88725055,relay,H161,-3.18070038293,0.714529614332,True
Q3-T-015,4195.88725055,relay,H161,-3.18070038293,0.714529614332,True
Q3-T-015,4197.88725055,relay,H161,-3.18070038293,0.714529614332,True
Q3-T-015,4199.88725055,relay,H161,-3.18070038293,0.714529614332,True
Q3-T-015,4201.88725055,relay,H161,-3.18070038293,0.714529614332,True
Q3-T-015,4203.88725055,relay,H161,-3.18070038293,0.714529614332,True
Q3-T-015,4205.88725055,relay,H161,-3.18070038293,0.714529614332,True
Q3-T-015,4207.88725055,relay,H161,-3.18070038293,0.714529614332,True
Q3-T-015,4209.88725055,relay,H161,-3.18070038293,0.714529614332,True
Q3-T-015,4211.88725055,relay,H161,-3.18070038293,0.714529614332,True
Q3-T-015,4213.88725055,relay,H161,-3.18070038293,0.714529614332,True
Q3-T-015,4215.88725055,relay,H161,-3.18070038293,0.714529614332,True
Q3-T-015,4217.88725055,relay,H161,-3.18070038293,0.714529614332,True
Q3-T-015,4219.88725055,relay,H161,-3.18070038293,0.714529614332,True
Q3-T-015,4221.88725055,relay,H161,-3.18070038293,0.714529614332,True
Q3-T-015,4223.88725055,relay,H161,-3.18070038293,0.714529614332,True
Q3-T-015,4225.88725055,relay,H161,-3.18070038293,0.714529614332,True
Q3-T-015,4227.88725055,relay,H161,-3.18070038293,0.714529614332,True
Q3-T-015,4229.88725055,relay,H161,-3.18070038293,0.714529614332,True
Q3-T-015,4231.88725055,relay,H161,-3.18070038293,0.714529614332,True
Q3-T-015,4233.88725055,relay,H161,-3.18070038293,0.714529614332,True
Q3-T-015,4235.88725055,relay,H161,-3.18070038293,0.714529614332,True
Q3-T-015,4237.88725055,relay,H161,-3.18070038293,0.714529614332,True
Q3-T-015,4239.88725055,relay,H161,-3.18070038293,0.714529614332,True
Q3-T-015,4241.88725055,relay,H161,-3.18070038293,0.714529614332,True
Q3-T-015,4243.88725055,relay,H161,-3.18070038293,0.714529614332,True
Q3-T-015,4245.88725055,relay,H161,-3.18070038293,0.714529614332,True
Q3-T-015,4247.88725055,relay,H161,-3.18070038293,0.714529614332,True
Q3-T-015,4249.88725055,relay,H161,-3.18070038293,0.714529614332,True
Q3-T-015,4251.88725055,relay,H161,-3.18070038293,0.714529614332,True
Q3-T-015,4253.88725055,relay,H161,-3.18070038293,0.714529614332,True
Q3-T-015,4255.88725055,relay,H161,-3.18070038293,0.714529614332,True
Q3-T-015,4257.88725055,relay,H161,-3.18070038293,0.714529614332,True
Q3-T-015,4259.88725055,relay,H161,-3.18070038293,0.714529614332,True
Q3-T-015,4261.88725055,relay,H161,-3.18070038293,0.714529614332,True
Q3-T-015,4263.88725055,relay,H161,-3.18070038293,0.714529614332,True
Q3-T-015,4265.88725055,relay,H161,-3.18070038293,0.714529614332,True
Q3-T-015,4267.88725055,relay,H161,-3.18070038293,0.714529614332,True
Q3-T-015,4269.88725055,relay,H161,-3.18070038293,0.714529614332,True
Q3-T-015,4271.88725055,relay,H161,-3.18070038293,0.714529614332,True
Q3-T-015,4273.88725055,relay,H161,-3.18070038293,0.714529614332,True
Q3-T-015,4275.88725055,relay,H161,-3.18070038293,0.714529614332,True
Q3-T-015,4277.88725055,relay,H161,-3.18070038293,0.714529614332,True
Q3-T-015,4279.88725055,relay,H161,-3.18070038293,0.714529614332,True
Q3-T-015,4281.88725055,relay,H161,-3.18070038293,0.714529614332,True
Q3-T-015,4283.88725055,relay,H161,-3.18070038293,0.714529614332,True
Q3-T-015,4285.88725055,relay,H161,-3.18070038293,0.714529614332,True
Q3-T-015,4287.88725055,relay,H161,-3.18070038293,0.714529614332,True
Q3-T-015,4289.88725055,relay,H161,-3.18070038293,0.714529614332,True
Q3-T-015,4291.88725055,relay,H161,-3.18070038293,0.714529614332,True
Q3-T-015,4293.88725055,relay,H161,-3.18070038293,0.714529614332,True
Q3-T-015,4295.88725055,relay,H161,-3.18070038293,0.714529614332,True
Q3-T-015,4297.88725055,relay,H161,-3.18070038293,0.714529614332,True
Q3-T-015,4299.88725055,relay,H161,-3.18070038293,0.714529614332,True
Q3-T-015,4301.88725055,relay,H161,-3.18070038293,0.714529614332,True
Q3-T-015,4303.88725055,relay,H161,-3.18070038293,0.714529614332,True
Q3-T-015,4305.88725055,relay,H161,-3.18070038293,0.714529614332,True
Q3-T-015,4307.88725055,relay,H161,-3.18070038293,0.714529614332,True
Q3-T-015,4309.88725055,relay,H161,-3.18070038293,0.714529614332,True
Q3-T-015,4311.88725055,relay,H161,-3.18070038293,0.714529614332,True
Q3-T-015,4313.88725055,relay,H161,-3.18070038293,0.714529614332,True
Q3-T-015,4315.88725055,relay,H161,-3.18070038293,0.714529614332,True
Q3-T-015,4317.88725055,relay,H161,-3.18070038293,0.714529614332,True
Q3-T-015,4319.88725055,relay,H161,-3.18070038293,0.714529614332,True
Q3-T-015,4321.88725055,relay,H161,-3.18070038293,0.714529614332,True
Q3-T-015,4323.88725055,relay,H161,-3.18070038293,0.714529614332,True
Q3-T-015,4325.88725055,relay,H161,-3.18070038293,0.714529614332,True
Q3-T-015,4327.88725055,relay,H161,-3.18070038293,0.714529614332,True
Q3-T-015,4329.88725055,relay,H161,-3.18070038293,0.714529614332,True
Q3-T-015,4331.88725055,relay,H161,-3.18070038293,0.714529614332,True
Q3-T-015,4333.88725055,relay,H161,-3.18070038293,0.714529614332,True
Q3-T-015,4335.88725055,relay,H161,-3.18070038293,0.714529614332,True
Q3-T-015,4337.88725055,relay,H161,-3.18070038293,0.714529614332,True
Q3-T-015,4339.88725055,relay,H161,-3.18070038293,0.714529614332,True
Q3-T-015,4341.88725055,relay,H161,-3.18070038293,0.714529614332,True
Q3-T-015,4343.88725055,relay,H161,-3.18070038293,0.714529614332,True
Q3-T-015,4345.88725055,relay,H161,-3.18070038293,0.714529614332,True
Q3-T-015,4347.88725055,relay,H161,-3.18070038293,0.714529614332,True
Q3-T-015,4349.88725055,relay,H161,-3.18070038293,0.714529614332,True
Q3-T-015,4351.88725055,relay,H161,-3.18070038293,0.714529614332,True
Q3-T-015,4353.88725055,relay,H161,-3.18070038293,0.714529614332,True
Q3-T-015,4355.88725055,relay,H161,-3.18070038293,0.714529614332,True
Q3-T-015,4357.88725055,relay,H161,-3.18070038293,0.714529614332,True
Q3-T-015,4359.88725055,relay,H161,-3.18070038293,0.714529614332,True
Q3-T-015,4361.88725055,relay,H161,-3.18070038293,0.714529614332,True
Q3-T-015,4363.88725055,relay,H161,-3.18070038293,0.714529614332,True
Q3-T-015,4365.88725055,relay,H161,-3.18070038293,0.714529614332,True
Q3-T-015,4367.88725055,relay,H161,-3.18070038293,0.714529614332,True
Q3-T-015,4369.88725055,relay,H161,-3.18070038293,0.714529614332,True
Q3-T-015,4371.88725055,relay,H161,-3.18070038293,0.714529614332,True
Q3-T-015,4373.88725055,relay,H161,-3.18070038293,0.714529614332,True
Q3-T-015,4375.88725055,relay,H161,-3.18070038293,0.714529614332,True
Q3-T-015,4377.88725055,relay,H161,-3.18070038293,0.714529614332,True
Q3-T-015,4379.88725055,relay,H161,-3.18070038293,0.714529614332,True
Q3-T-015,4381.88725055,relay,H161,-3.18070038293,0.714529614332,True
Q3-T-015,4383.88725055,relay,H161,-3.18070038293,0.714529614332,True
Q3-T-015,4385.88725055,relay,H161,-3.18070038293,0.714529614332,True
Q3-T-015,4387.88725055,relay,H161,-3.18070038293,0.714529614332,True
Q3-T-015,4389.88725055,relay,H161,-3.18070038293,0.714529614332,True
Q3-T-015,4391.88725055,relay,H161,-3.18070038293,0.714529614332,True
Q3-T-015,4393.88725055,relay,H161,-3.18070038293,0.714529614332,True
Q3-T-015,4395.88725055,relay,H161,-3.18070038293,0.714529614332,True
Q3-T-015,4397.88725055,relay,H161,-3.18070038293,0.714529614332,True
Q3-T-015,4399.88725055,relay,H161,-3.18070038293,0.714529614332,True
Q3-T-015,4401.88725055,relay,H161,-3.18070038293,0.714529614332,True
Q3-T-015,4403.88725055,relay,H161,-3.18070038293,0.714529614332,True
Q3-T-015,4405.88725055,relay,H161,-3.18070038293,0.714529614332,True
Q3-T-015,4407.88725055,relay,H161,-3.18070038293,0.714529614332,True
Q3-T-015,4409.88725055,relay,H161,-3.18070038293,0.714529614332,True
Q3-T-015,4411.88725055,relay,H161,-3.18070038293,0.714529614332,True
Q3-T-015,4413.88725055,relay,H161,-3.18070038293,0.714529614332,True
Q3-T-015,4415.88725055,relay,H161,-3.18070038293,0.714529614332,True
Q3-T-015,4417.88725055,relay,H161,-3.18070038293,0.714529614332,True
Q3-T-015,4419.88725055,relay,H161,-3.18070038293,0.714529614332,True
Q3-T-015,4421.88725055,relay,H161,-3.18070038293,0.714529614332,True
Q3-T-015,4423.88725055,relay,H161,-3.18070038293,0.714529614332,True
Q3-T-015,4425.88725055,relay,H161,-3.18070038293,0.714529614332,True
Q3-T-015,4427.88725055,relay,H161,-3.18070038293,0.714529614332,True
Q3-T-015,4428.70868275,relay,H161,-3.18070038293,0.714529614332,True
Q3-T-015,4429.88725055,relay,H161,-3.18077978048,0.714953091055,True
Q3-T-015,4431.88725055,relay,H161,-3.18092198438,0.715663487094,True
Q3-T-015,4433.88725055,relay,H161,-3.18107378719,0.71636461993,True
Q3-T-015,4435.88725055,relay,H161,-3.18123518789,0.717056485056,True
Q3-T-015,4437.88725055,relay,H161,-3.18140618543,0.717739078026,True
Q3-T-015,4439.88725055,relay,H161,-3.18158677866,0.718412394449,True
Q3-T-015,4441.88725055,relay,H161,-3.18177696639,0.719076429994,True
Q3-T-015,4443.88725055,relay,H161,-3.18197674736,0.719731180386,True
Q3-T-015,4445.88725055,relay,H161,-3.18218612024,0.72037664141,True
Q3-T-015,4447.88725055,relay,H161,-3.18240508365,0.72101280891,True
Q3-T-015,4449.78498687,relay,H161,-3.18262159269,0.721607518353,True
Q3-T-015,4449.88725055,relay,H161,-3.18029308858,0.723096339267,True
Q3-T-015,4451.88725055,relay,H161,-3.13450943732,0.752282197617,True
Q3-T-015,4453.88725055,relay,H161,-3.08850374473,0.781408852653,True
Q3-T-015,4455.88725055,relay,H161,-3.04223273022,0.810511240564,True
Q3-T-015,4457.88725055,relay,H161,-2.99572057552,0.839553917162,True
Q3-T-015,4459.88725055,relay,H161,-2.94896583565,0.868560211113,True
Q3-T-015,4461.88725055,relay,H161,-2.90195053936,0.897506045422,True
Q3-T-015,4463.88725055,relay,H161,-2.8546729379,0.926414885672,True
Q3-T-015,4465.88725055,relay,H161,-2.80715785259,0.955250954058,True
Q3-T-015,4467.88725055,relay,H161,-2.75936040558,0.98404916903,True
Q3-T-015,4469.88725055,relay,H161,-2.71130539144,1.01277336749,True
Q3-T-015,4471.88725055,relay,H161,-2.66299113604,1.04144773348,True
Q3-T-015,4473.88725055,relay,H161,-2.61439887952,1.07004658267,True
Q3-T-015,4475.88725055,relay,H161,-2.5655266171,1.09859422869,True
Q3-T-015,4477.88725055,relay,H161,-2.51639981368,1.12705420645,True
Q3-T-015,4479.88725055,relay,H161,-2.46697186699,1.15546134731,True
Q3-T-015,4481.88725055,relay,H161,-2.41726820652,1.18377879427,True
Q3-T-015,4483.88725055,relay,H161,-2.36728689357,1.21203161276,True
Q3-T-015,4485.88725055,relay,H161,-2.31700830475,1.2401924425,True
Q3-T-015,4487.88725055,relay,H161,-2.26643014005,1.2682864704,True
Q3-T-015,4489.88725055,relay,H161,-2.21557853145,1.29627657721,True
Q3-T-015,4491.88725055,relay,H161,-2.16440500891,1.3241974328,True
Q3-T-015,4493.88725055,relay,H161,-2.11295128576,1.35200864718,True
Q3-T-015,4495.88725055,relay,H161,-2.06116823432,1.37974481909,True
Q3-T-015,4497.88725055,relay,H161,-2.00908216392,1.40736822458,True
Q3-T-015,4499.88725055,relay,H161,-1.95669071615,1.43490514568,True
Q3-T-015,4501.88725055,relay,H161,-1.90397298023,1.46232589191,True
Q3-T-015,4503.88725055,relay,H161,-1.85092618852,1.48965685508,True
Q3-T-015,4505.88725055,relay,H161,-1.79757739754,1.51686011642,True
Q3-T-015,4507.88725055,relay,H161,-1.7438753905,1.5439700072,True
Q3-T-015,4509.88725055,relay,H161,-1.6898471598,1.57094821399,True
Q3-T-015,4511.88725055,relay,H161,-1.63548997093,1.59782196336,True
Q3-T-015,4513.88725055,relay,H161,-1.58078182764,1.62455975704,True
Q3-T-015,4515.88725055,relay,H161,-1.52571954366,1.65118892211,True
Q3-T-015,4517.88725055,relay,H161,-1.47033089317,1.6776710132,True
Q3-T-015,4519.88725055,relay,H161,-1.41456237682,1.70404001067,True
Q3-T-015,4521.88725055,relay,H161,-1.3584416873,1.73025708047,True
Q3-T-015,4523.88725055,relay,H161,-1.30196564936,1.75635042227,True
Q3-T-015,4525.88725055,relay,H161,-1.24511105961,1.78228669148,True
Q3-T-015,4527.88725055,relay,H161,-1.18787424158,1.8080941788,True
Q3-T-015,4529.88725055,relay,H161,-1.13028370464,1.8337339928,True
Q3-T-015,4531.88725055,relay,H161,-1.07228344477,1.85923967721,True
Q3-T-015,4533.88725055,relay,H161,-1.01391960146,1.88457057109,True
Q3-T-015,4535.88725055,relay,H161,-0.955135280678,1.90976005338,True
Q3-T-015,4537.88725055,relay,H161,-0.895959128634,1.93476873279,True
Q3-T-015,4539.88725055,relay,H161,-0.836387257406,1.9596261523,True
Q3-T-015,4541.88725055,relay,H161,-0.776394627629,1.98429647184,True
Q3-T-015,4543.88725055,relay,H161,-0.715976770641,2.00880931284,True
Q3-T-015,4545.88725055,relay,H161,-0.655163195075,2.03312534554,True
Q3-T-015,4547.88725055,relay,H161,-0.593894150806,2.05727739663,True
Q3-T-015,4549.88725055,relay,H161,-0.532199005985,2.08122578387,True
Q3-T-015,4551.88725055,relay,H161,-0.470073220682,2.10500109319,True
Q3-T-015,4553.88725055,relay,H161,-0.407490173519,2.12856561095,True
Q3-T-015,4555.88725055,relay,H161,-0.344444671311,2.1519499923,True
Q3-T-015,4557.88725055,relay,H161,-0.280966976644,2.17511472104,True
Q3-T-015,4559.88725055,relay,H161,-0.216994168096,2.1980919855,True
Q3-T-015,4561.88725055,relay,H161,-0.152556331058,2.22084194355,True
Q3-T-015,4563.88725055,relay,H161,-0.0876481463865,2.24339625467,True
Q3-T-015,4565.88725055,relay,H161,-0.0222411965587,2.26571535331,True
Q3-T-015,4567.88725055,relay,H161,0.0436705774979,2.28783095925,True
Q3-T-015,4569.88725055,relay,H161,0.110056167994,2.309703514,True
Q3-T-015,4571.88725055,relay,H161,0.17698203879,2.33136448343,True
Q3-T-015,4573.88725055,direct,,0.244396912077,,True
Q3-T-015,4575.88725055,direct,,0.312368526523,,True
Q3-T-015,4577.88725055,direct,,0.380865872798,,True
Q3-T-015,4579.88725055,direct,,0.44989556254,,True
Q3-T-015,4581.88725055,direct,,0.519488819876,,True
Q3-T-015,4583.88725055,direct,,0.589653140676,,True
Q3-T-015,4585.88725055,direct,,0.660356567496,,True
Q3-T-015,4587.88725055,direct,,0.731670987986,,True
Q3-T-015,4589.88725055,direct,,0.803564751989,,True
Q3-T-015,4591.88725055,direct,,0.876045686742,,True
Q3-T-015,4593.88725055,direct,,0.949147507507,,True
Q3-T-015,4595.88725055,direct,,1.02287906247,,True
Q3-T-015,4597.88725055,direct,,1.09720774884,,True
Q3-T-015,4599.88725055,direct,,1.17221016713,,True
Q3-T-015,4601.88725055,direct,,1.24785410644,,True
Q3-T-015,4603.88725055,direct,,1.32414888583,,True
Q3-T-015,4605.88725055,direct,,1.40113113086,,True
Q3-T-015,4607.88725055,direct,,1.47881135106,,True
Q3-T-015,4609.88725055,direct,,1.557156399,,True
Q3-T-015,4611.88725055,direct,,1.63624827533,,True
Q3-T-015,4613.88725055,direct,,1.71603006498,,True
Q3-T-015,4615.88725055,direct,,1.79658574777,,True
Q3-T-015,4617.88725055,direct,,1.87788257405,,True
Q3-T-015,4619.88725055,direct,,1.95993242552,,True
Q3-T-015,4621.88725055,direct,,2.04277665028,,True
Q3-T-015,4623.88725055,direct,,2.12642861655,,True
Q3-T-015,4625.88725055,direct,,2.21085471209,,True
Q3-T-015,4627.88725055,direct,,2.29614549255,,True
Q3-T-015,4629.88725055,direct,,2.38226805605,,True
Q3-T-015,4631.88725055,direct,,2.46923678854,,True
Q3-T-015,4633.88725055,direct,,2.55709740897,,True
Q3-T-015,4635.88725055,direct,,2.64586608544,,True
Q3-T-015,4637.88725055,direct,,2.73550917236,,True
Q3-T-015,4639.88725055,direct,,2.82612495087,,True
Q3-T-015,4641.88725055,direct,,2.91768070642,,True
Q3-T-015,4643.88725055,direct,,3.01019401536,,True
Q3-T-015,4645.88725055,direct,,3.10371591633,,True
Q3-T-015,4647.88725055,direct,,3.1982661536,,True
Q3-T-015,4649.88725055,direct,,3.29381147532,,True
Q3-T-015,4651.88725055,direct,,3.39045936061,,True
Q3-T-015,4653.88725055,direct,,3.48814804406,,True
Q3-T-015,4655.88725055,direct,,3.58698847083,,True
Q3-T-015,4657.88725055,direct,,3.68694901146,,True
Q3-T-015,4659.88725055,direct,,3.78805300477,,True
Q3-T-015,4661.88725055,direct,,3.89036061068,,True
Q3-T-015,4663.88725055,direct,,3.99389805769,,True
Q3-T-015,4665.88725055,direct,,4.09863367921,,True
Q3-T-015,4667.88725055,direct,,4.2046903124,,True
Q3-T-015,4669.88725055,direct,,4.3120381315,,True
Q3-T-015,4671.88725055,direct,,4.42070642988,,True
Q3-T-015,4673.88725055,direct,,4.53076434746,,True
Q3-T-015,4675.88725055,direct,,4.64224484493,,True
Q3-T-015,4677.88725055,direct,,4.75511871608,,True
Q3-T-015,4679.88725055,direct,,4.86952352997,,True
Q3-T-015,4681.88725055,direct,,4.98543261437,,True
Q3-T-015,4683.88725055,direct,,5.10288328398,,True
Q3-T-015,4685.88725055,direct,,5.22195630415,,True
Q3-T-015,4687.88725055,direct,,5.34269375137,,True
Q3-T-015,4689.88725055,direct,,5.46507063943,,True
Q3-T-015,4691.88725055,direct,,5.58924319131,,True
Q3-T-015,4693.88725055,direct,,5.71515157857,,True
Q3-T-015,4695.88725055,direct,,5.84295937742,,True
Q3-T-015,4697.88725055,direct,,5.97264756964,,True
Q3-T-015,4699.88725055,direct,,6.10426911908,,True
Q3-T-015,4701.88725055,direct,,16.2379264973,,True
Q3-T-015,4703.88725055,direct,,16.3736797033,,True
Q3-T-015,4705.88725055,direct,,16.5115139624,,True
Q3-T-015,4707.88725055,direct,,16.6516194729,,True
Q3-T-015,4709.88725055,direct,,16.7939872927,,True
Q3-T-015,4711.88725055,direct,,16.9386880374,,True
Q3-T-015,4713.88725055,direct,,17.0858477314,,True
Q3-T-015,4715.88725055,direct,,17.23554678,,True
Q3-T-015,4717.88725055,direct,,17.3877839662,,True
Q3-T-015,4719.88725055,direct,,17.5427855705,,True
Q3-T-015,4721.88725055,direct,,17.7005591293,,True
Q3-T-015,4723.88725055,direct,,17.8612012916,,True
Q3-T-015,4725.88725055,direct,,18.0248717886,,True
Q3-T-015,4727.88725055,direct,,18.1916814345,,True
Q3-T-015,4729.88725055,direct,,18.3616515259,,True
Q3-T-015,4731.88725055,direct,,18.5350592021,,True
Q3-T-015,4733.88725055,direct,,18.7118853167,,True
Q3-T-015,4735.88725055,direct,,18.8924287067,,True
Q3-T-015,4737.88725055,direct,,19.0767371805,,True
Q3-T-015,4739.88725055,direct,,19.2649652663,,True
Q3-T-015,4741.88725055,direct,,19.4573453693,,True
Q3-T-015,4743.88725055,direct,,19.6540569896,,True
Q3-T-015,4745.88725055,direct,,19.8551780043,,True
Q3-T-015,4747.88725055,direct,,20.0610939537,,True
Q3-T-015,4749.88725055,direct,,20.271909284,,True
Q3-T-015,4751.88725055,direct,,20.4878545978,,True
Q3-T-015,4753.88725055,direct,,20.7092556182,,True
Q3-T-015,4755.88725055,direct,,20.9363838889,,True
Q3-T-015,4757.88725055,direct,,21.1693998015,,True
Q3-T-015,4759.88725055,direct,,21.4088278036,,True
Q3-T-015,4761.88725055,direct,,21.6548752546,,True
Q3-T-015,4763.88725055,direct,,21.9079051319,,True
Q3-T-015,4765.88725055,direct,,22.1684031918,,True
Q3-T-015,4767.88725055,direct,,22.4368046505,,True
Q3-T-015,4769.88725055,direct,,22.7134262641,,True
Q3-T-015,4771.88725055,direct,,22.9990326731,,True
Q3-T-015,4773.88725055,direct,,23.2939392806,,True
Q3-T-015,4775.88725055,direct,,23.5990296097,,True
Q3-T-015,4777.88725055,direct,,23.9148144565,,True
Q3-T-015,4779.88725055,direct,,24.2420338016,,True
Q3-T-015,4781.88725055,direct,,24.5816247431,,True
Q3-T-015,4783.88725055,direct,,24.9345034856,,True
Q3-T-015,4785.88725055,direct,,25.3014767564,,True
Q3-T-015,4787.88725055,direct,,25.6840012358,,True
Q3-T-015,4789.88725055,direct,,26.0831224272,,True
Q3-T-015,4791.88725055,direct,,26.5002305274,,True
Q3-T-015,4793.88725055,direct,,26.9370353979,,True
Q3-T-015,4795.88725055,direct,,27.3952976943,,True
Q3-T-015,4797.88725055,direct,,27.8767127054,,True
Q3-T-015,4799.88725055,direct,,28.3839120038,,True
Q3-T-015,4801.88725055,direct,,28.9190699179,,True
Q3-T-015,4803.88725055,direct,,29.4848796119,,True
Q3-T-015,4805.88725055,direct,,30.084494938,,True
Q3-T-015,4807.88725055,direct,,30.7210841128,,True
Q3-T-015,4809.88725055,direct,,31.3974886229,,True
Q3-T-015,4811.88725055,direct,,32.1173160646,,True
Q3-T-015,4813.88725055,direct,,32.882154195,,True
Q3-T-015,4815.88725055,direct,,33.6930531174,,True
Q3-T-015,4817.88725055,direct,,34.5461188262,,True
Q3-T-015,4819.88725055,direct,,35.4305897199,,True
Q3-T-015,4821.88725055,direct,,36.3230572484,,True
Q3-T-015,4823.88725055,direct,,37.178765133,,True
Q3-T-015,4825.88725055,direct,,37.9238384806,,True
Q3-T-015,4827.88725055,direct,,38.4589720567,,True
Q3-T-015,4829.88725055,direct,,38.6838151894,,True
Q3-T-015,4830.13855,direct,,38.6867245789,,True
Q3-T-015,4831.88725055,direct,,38.951542172,,True
Q3-T-015,4833.88725055,direct,,39.264784311,,True
Q3-T-015,4835.88725055,direct,,39.5897470058,,True
Q3-T-015,4837.88725055,direct,,39.9273415594,,True
Q3-T-015,4839.88725055,direct,,40.2785898726,,True
Q3-T-015,4841.88725055,direct,,40.6446430986,,True
Q3-T-015,4843.88725055,direct,,41.0268044037,,True
Q3-T-015,4845.88725055,direct,,41.4265569686,,True
Q3-T-015,4847.88725055,direct,,41.8455987523,,True
Q3-T-015,4849.88725055,direct,,42.2858860726,,True
Q3-T-015,4851.88725055,direct,,42.7496888356,,True
Q3-T-015,4853.88725055,direct,,43.23966136,,True
Q3-T-015,4855.88725055,direct,,43.7589343985,,True
Q3-T-015,4857.88725055,direct,,44.3112364582,,True
Q3-T-015,4859.88725055,direct,,44.9010563775,,True
Q3-T-015,4861.88725055,direct,,45.5338652349,,True
Q3-T-015,4863.88725055,direct,,46.216425631,,True
Q3-T-015,4865.88725055,direct,,46.9572331833,,True
Q3-T-015,4867.88725055,direct,,47.7671644496,,True
Q3-T-015,4869.88725055,direct,,48.6604591628,,True
Q3-T-015,4871.88725055,direct,,49.656267844,,True
Q3-T-015,4873.88725055,direct,,50.7812067297,,True
Q3-T-015,4875.88725055,direct,,52.0738261858,,True
Q3-T-015,4877.88725055,direct,,53.5930203727,,True
Q3-T-015,4879.88725055,direct,,55.4354618985,,True
Q3-T-015,4881.88725055,direct,,57.776948037,,True
Q3-T-015,4883.88725055,direct,,60.9924912737,,True
Q3-T-015,4885.88725055,direct,,66.1541609225,,True
Q3-T-015,4887.88725055,direct,,80.6566153812,,True
Q3-T-015,4889.88725055,direct,,70.2591506784,,True
Q3-T-015,4891.88725055,direct,,63.0167298655,,True
Q3-T-015,4893.88725055,direct,,59.1230533634,,True
Q3-T-015,4895.88725055,direct,,56.4441571966,,True
Q3-T-015,4896.35011496,direct,,55.9251752525,,True
Q3-T-016,4694.86433649,direct,,55.9251752525,,True
Q3-T-016,4696.86433649,direct,,58.4239499847,,True
Q3-T-016,4698.86433649,direct,,61.9457751658,,True
Q3-T-016,4700.86433649,direct,,67.966375079,,True
Q3-T-016,4702.86433649,direct,,141.945775166,,True
Q3-T-016,4704.86433649,direct,,67.966375079,,True
Q3-T-016,4706.86433649,direct,,61.9457751658,,True
Q3-T-016,4708.86433649,direct,,58.4239499847,,True
Q3-T-016,4710.86433649,direct,,55.9251752525,,True
Q3-T-016,4712.86433649,direct,,53.9869749923,,True
Q3-T-016,4714.86433649,direct,,52.4033500714,,True
Q3-T-016,4716.86433649,direct,,51.0644142788,,True
Q3-T-016,4718.86433649,direct,,49.9045753392,,True
Q3-T-016,4720.86433649,direct,,48.8815248903,,True
Q3-T-016,4722.86433649,direct,,47.966375079,,True
Q3-T-016,4724.86433649,direct,,47.1385213759,,True
Q3-T-016,4726.86433649,direct,,46.3827501581,,True
Q3-T-016,4728.86433649,direct,,45.6875080329,,True
Q3-T-016,4730.86433649,direct,,45.0438143655,,True
Q3-T-016,4732.86433649,direct,,44.4445498979,,True
Q3-T-016,4734.86433649,direct,,43.8839754259,,True
Q3-T-016,4736.86433649,direct,,43.3573966515,,True
Q3-T-016,4738.86433649,direct,,42.860924977,,True
Q3-T-016,4740.86433649,direct,,42.39130306,,True
Q3-T-016,4742.86433649,direct,,41.9457751658,,True
Q3-T-016,4744.86433649,direct,,41.5219891844,,True
Q3-T-016,4746.86433649,direct,,41.1179214626,,True
Q3-T-016,4748.86433649,direct,,40.7318183587,,True
Q3-T-016,4750.86433649,direct,,40.3621502448,,True
Q3-T-016,4752.86433649,direct,,40.0075749056,,True
Q3-T-016,4754.86433649,direct,,39.6669081196,,True
Q3-T-016,4756.86433649,direct,,39.3390997959,,True
Q3-T-016,4758.86433649,direct,,39.0232144522,,True
Q3-T-016,4760.86433649,direct,,38.7184151211,,True
Q3-T-016,4762.86433649,direct,,38.4239499847,,True
Q3-T-016,4764.86433649,direct,,38.1391412024,,True
Q3-T-016,4766.86433649,direct,,37.8633755126,,True
Q3-T-016,4768.86433649,direct,,37.5960962815,,True
Q3-T-016,4770.86433649,direct,,37.3367967382,,True
Q3-T-016,4772.86433649,direct,,37.085014192,,True
Q3-T-016,4774.86433649,direct,,36.8403250637,,True
Q3-T-016,4776.86433649,direct,,36.6023405977,,True
Q3-T-016,4778.86433649,direct,,36.3707031467,,True
Q3-T-016,4780.86433649,direct,,36.1450829385,,True
Q3-T-016,4782.86433649,direct,,35.9251752525,,True
Q3-T-016,4784.86433649,direct,,35.7106979447,,True
Q3-T-016,4786.86433649,direct,,35.5013892711,,True
Q3-T-016,4788.86433649,direct,,35.2970059675,,True
Q3-T-016,4790.86433649,direct,,35.0973215493,,True
Q3-T-016,4792.86433649,direct,,34.9021248035,,True
Q3-T-016,4792.94806941,direct,,34.894021754,,True
Q3-T-016,4794.86433649,direct,,34.8238267775,,True
Q3-T-016,4796.86433649,direct,,34.6081705349,,True
Q3-T-016,4798.86433649,direct,,34.2671641618,,True
Q3-T-016,4800.86433649,direct,,33.828673683,,True
Q3-T-016,4802.86433649,direct,,33.3217487206,,True
Q3-T-016,4804.86433649,direct,,32.7724245353,,True
Q3-T-016,4806.86433649,direct,,32.2009929666,,True
Q3-T-016,4808.86433649,direct,,31.6228425126,,True
Q3-T-016,4810.86433649,direct,,31.0486662657,,True
Q3-T-016,4812.86433649,direct,,30.4855749872,,True
Q3-T-016,4814.86433649,direct,,29.9375213336,,True
Q3-T-016,4816.86433649,direct,,29.4071471336,,True
Q3-T-016,4818.86433649,direct,,28.8956050475,,True
Q3-T-016,4820.86433649,direct,,28.4034834555,,True
Q3-T-016,4822.86433649,direct,,27.9302375926,,True
Q3-T-016,4824.86433649,direct,,27.4755099074,,True
Q3-T-016,4826.86433649,direct,,27.0385826815,,True
Q3-T-016,4828.86433649,direct,,26.6186323551,,True
Q3-T-016,4830.86433649,direct,,26.2148877428,,True
Q3-T-016,4832.86433649,direct,,25.8262724602,,True
Q3-T-016,4834.86433649,direct,,25.4520294744,,True
Q3-T-016,4836.86433649,direct,,25.0913317907,,True
Q3-T-016,4838.86433649,direct,,24.7435037348,,True
Q3-T-016,4840.86433649,direct,,24.4075524884,,True
Q3-T-016,4842.86433649,direct,,24.0829482998,,True
Q3-T-016,4844.86433649,direct,,23.7690145206,,True
Q3-T-016,4846.86433649,direct,,23.4652417923,,True
Q3-T-016,4848.86433649,direct,,23.1708687557,,True
Q3-T-016,4850.86433649,direct,,22.8854492629,,True
Q3-T-016,4852.86433649,direct,,22.6085391682,,True
Q3-T-016,4854.86433649,direct,,22.3397488019,,True
Q3-T-016,4856.86433649,direct,,22.078482214,,True
Q3-T-016,4858.86433649,direct,,21.8244356899,,True
Q3-T-016,4860.86433649,direct,,21.577244127,,True
Q3-T-016,4862.86433649,direct,,21.3365492129,,True
Q3-T-016,4864.86433649,direct,,21.102145748,,True
Q3-T-016,4866.86433649,direct,,20.8735670453,,True
Q3-T-016,4868.86433649,direct,,20.6506136783,,True
Q3-T-016,4870.86433649,direct,,20.4330271143,,True
Q3-T-016,4872.86433649,direct,,20.2206173944,,True
Q3-T-016,4874.86433649,direct,,20.0130525066,,True
Q3-T-016,4876.86433649,direct,,19.8101730455,,True
Q3-T-016,4878.86433649,direct,,19.611779319,,True
Q3-T-016,4880.86433649,direct,,19.4177459309,,True
Q3-T-016,4882.86433649,direct,,19.2277560323,,True
Q3-T-016,4884.86433649,direct,,19.0417360716,,True
Q3-T-016,4886.86433649,direct,,18.8595145979,,True
Q3-T-016,4888.86433649,direct,,18.6810010648,,True
Q3-T-016,4890.86433649,direct,,18.5059399747,,True
Q3-T-016,4892.86433649,direct,,18.3342578031,,True
Q3-T-016,4894.86433649,direct,,18.1658168514,,True
Q3-T-016,4896.86433649,direct,,18.0005777336,,True
Q3-T-016,4898.86433649,direct,,17.838308102,,True
Q3-T-016,4900.86433649,direct,,17.6789557304,,True
Q3-T-016,4902.86433649,direct,,17.5224196597,,True
Q3-T-016,4904.86433649,direct,,17.3685922953,,True
Q3-T-016,4906.86433649,direct,,17.2174546153,,True
Q3-T-016,4908.86433649,direct,,17.0688098939,,True
Q3-T-016,4910.86433649,direct,,16.9226249637,,True
Q3-T-016,4912.86433649,direct,,16.7788210827,,True
Q3-T-016,4914.86433649,direct,,16.6373687,,True
Q3-T-016,4916.86433649,direct,,16.4980938021,,True
Q3-T-016,4918.86433649,direct,,16.360995568,,True
Q3-T-016,4920.86433649,direct,,16.2259978802,,True
Q3-T-016,4922.86433649,direct,,16.093081048,,True
Q3-T-016,4924.86433649,direct,,15.9620990326,,True
Q3-T-016,4926.86433649,direct,,15.8330282478,,True
Q3-T-016,4928.86433649,direct,,15.7058336345,,True
Q3-T-016,4930.86433649,direct,,15.5804930846,,True
Q3-T-016,4932.86433649,direct,,15.4568748865,,True
Q3-T-016,4934.86433649,direct,,15.3349716707,,True
Q3-T-016,4936.86433649,direct,,15.2147278956,,True
Q3-T-016,4938.86433649,direct,,15.09611741,,True
Q3-T-016,4940.86433649,direct,,14.9791258358,,True
Q3-T-016,4942.86433649,direct,,14.8636360886,,True
Q3-T-016,4944.86433649,direct,,14.749646789,,True
Q3-T-016,4946.86433649,direct,,14.6371198314,,True
Q3-T-016,4948.86433649,direct,,14.5260458891,,True
Q3-T-016,4950.86433649,direct,,14.4163345647,,True
Q3-T-016,4952.86433649,direct,,14.3079795153,,True
Q3-T-016,4954.86433649,direct,,14.2009479134,,True
Q3-T-016,4956.86433649,direct,,14.0952421938,,True
Q3-T-016,4958.86433649,direct,,13.9907552603,,True
Q3-T-016,4960.86433649,direct,,13.8875081343,,True
Q3-T-016,4962.86433649,direct,,13.7854642945,,True
Q3-T-016,4964.86433649,direct,,13.6846287696,,True
Q3-T-016,4966.86433649,direct,,13.5849095432,,True
Q3-T-016,4968.86433649,direct,,13.4863063227,,True
Q3-T-016,4970.86433649,direct,,13.3888093552,,True
Q3-T-016,4972.86433649,direct,,13.2923870075,,True
Q3-T-016,4974.86433649,direct,,13.1970467834,,True
Q3-T-016,4976.86433649,direct,,13.1027042887,,True
Q3-T-016,4978.86433649,direct,,13.0093688176,,True
Q3-T-016,4980.86433649,direct,,12.917012205,,True
Q3-T-016,4982.86433649,direct,,12.825657605,,True
Q3-T-016,4984.86433649,direct,,12.7352187745,,True
Q3-T-016,4986.86433649,direct,,12.6457062655,,True
Q3-T-016,4988.86433649,direct,,12.5571014082,,True
Q3-T-016,4990.86433649,direct,,12.4694077175,,True
Q3-T-016,4992.86433649,direct,,12.3825641396,,True
Q3-T-016,4994.86433649,direct,,12.2965754543,,True
Q3-T-016,4996.86433649,direct,,12.2114250873,,True
Q3-T-016,4998.86433649,direct,,12.127124163,,True
Q3-T-016,5000.86433649,direct,,12.0436023309,,True
Q3-T-016,5002.86433649,direct,,11.9608655714,,True
Q3-T-016,5004.86433649,direct,,11.8789117734,,True
Q3-T-016,5006.86433649,direct,,11.7977202006,,True
Q3-T-016,5008.86433649,direct,,11.7173028505,,True
Q3-T-016,5010.86433649,direct,,11.6375939363,,True
Q3-T-016,5012.86433649,direct,,11.5586004197,,True
Q3-T-016,5014.86433649,direct,,11.4803215154,,True
Q3-T-016,5016.86433649,direct,,11.4027636633,,True
Q3-T-016,5018.86433649,direct,,11.325864319,,True
Q3-T-016,5020.86433649,direct,,11.2496368676,,True
Q3-T-016,5022.86433649,direct,,11.174063959,,True
Q3-T-016,5024.86433649,direct,,11.0991700716,,True
Q3-T-016,5026.86433649,direct,,11.0248897835,,True
Q3-T-016,5028.86433649,direct,,10.9512367725,,True
Q3-T-016,5030.86433649,direct,,10.8782005755,,True
Q3-T-016,5032.86433649,direct,,10.8057943869,,True
Q3-T-016,5034.86433649,direct,,10.7339557852,,True
Q3-T-016,5036.86433649,direct,,10.662709652,,True
Q3-T-016,5038.86433649,direct,,10.5920409863,,True
Q3-T-016,5040.86433649,direct,,10.5219405371,,True
Q3-T-016,5042.86433649,direct,,10.4524217423,,True
Q3-T-016,5044.86433649,direct,,10.3834254056,,True
Q3-T-016,5046.86433649,direct,,10.314976129,,True
Q3-T-016,5048.86433649,direct,,10.2470601962,,True
Q3-T-016,5050.86433649,direct,,10.1796911656,,True
Q3-T-016,5052.86433649,direct,,10.1128172856,,True
Q3-T-016,5054.86433649,direct,,10.0464526537,,True
Q3-T-016,5056.86433649,direct,,9.98058457363,,True
Q3-T-016,5058.86433649,direct,,9.91523675723,,True
Q3-T-016,5060.86433649,direct,,9.85035439894,,True
Q3-T-016,5062.86433649,direct,,9.78595161161,,True
Q3-T-016,5064.86433649,direct,,9.72202137965,,True
Q3-T-016,5066.86433649,direct,,9.65857251089,,True
Q3-T-016,5068.86433649,direct,,9.59556683503,,True
Q3-T-016,5070.86433649,direct,,9.5330135662,,True
Q3-T-016,5072.86433649,direct,,9.47090627261,,True
Q3-T-016,5074.86433649,direct,,9.40923865827,,True
Q3-T-016,5076.86433649,direct,,9.34801968141,,True
Q3-T-016,5078.86433649,direct,,9.28721295674,,True
Q3-T-016,5080.86433649,direct,,9.22682780233,,True
Q3-T-016,5082.86433649,direct,,9.16685842876,,True
Q3-T-016,5084.86433649,direct,,9.10731841975,,True
Q3-T-016,5086.86433649,direct,,9.04816357856,,True
Q3-T-016,5088.86433649,relay,H161,-1.01059663605,8.83491464888,True
Q3-T-016,5090.86433649,relay,H161,-1.06895856204,8.82486426161,True
Q3-T-016,5092.86433649,relay,H161,-1.12691319925,8.81333634411,True
Q3-T-016,5094.86433649,relay,H161,-1.18450328563,8.80031801504,True
Q3-T-016,5096.86433649,relay,H161,-1.24171497787,8.78583478603,True
Q3-T-016,5098.86433649,relay,H161,-1.2985575419,8.7699363664,True
Q3-T-016,5100.86433649,relay,H161,-1.35500884685,8.75258303164,True
Q3-T-016,5102.86433649,relay,H161,-1.4111146347,8.73379902399,True
Q3-T-016,5104.86433649,relay,H161,-1.46686117628,8.71361690785,True
Q3-T-016,5106.86433649,relay,H161,-1.52225303225,8.69205646904,True
Q3-T-016,5108.86433649,relay,H161,-1.57728107941,8.66918822226,True
Q3-T-016,5110.86433649,relay,H161,-1.63197698906,8.6449349724,True
Q3-T-016,5112.86433649,relay,H161,-1.68633138597,8.61936916637,True
Q3-T-016,5114.86433649,relay,H161,-1.74034849905,8.59251465523,True
Q3-T-016,5116.86433649,relay,H161,-1.79403247933,8.56439613821,True
Q3-T-016,5118.86433649,relay,H161,-1.84737014651,8.53505691674,True
Q3-T-016,5120.86433649,relay,H161,-1.90040416513,8.5045195726,True
Q3-T-016,5122.86433649,relay,H161,-1.95311298139,8.47276465753,True
Q3-T-016,5124.86433649,relay,H161,-2.00550452613,8.43985161033,True
Q3-T-016,5126.86433649,relay,H161,-2.05756574467,8.40582741788,True
Q3-T-016,5128.86433649,relay,H161,-2.10933414567,8.3706825257,True
Q3-T-016,5130.86433649,relay,H161,-2.1608003692,8.33449439351,True
Q3-T-016,5132.86433649,relay,H161,-2.21196012605,8.29723171818,True
Q3-T-016,5134.86433649,relay,H161,-2.26280444631,8.258974249,True
Q3-T-016,5136.86433649,relay,H161,-2.313369795,8.21971128592,True
Q3-T-016,5138.86433649,relay,H161,-2.36364303245,8.17949228673,True
Q3-T-016,5140.86433649,relay,H161,-2.41362750798,8.13834684493,True
Q3-T-016,5142.86433649,relay,H161,-2.46331423207,8.09635344715,True
Q3-T-016,5144.86433649,relay,H161,-2.51273107379,8.05344370262,True
Q3-T-016,5146.86433649,relay,H161,-2.56186886283,8.00969610849,True
Q3-T-016,5148.86433649,relay,H161,-2.61073072743,7.96513997507,True
Q3-T-016,5150.86433649,relay,H161,-2.65931974361,7.91980442393,True
Q3-T-016,5152.86433649,relay,H161,-2.70762699474,7.87376630191,True
Q3-T-016,5154.86433649,relay,H161,-2.75567940482,7.82695810418,True
Q3-T-016,5156.86433649,relay,H161,-2.80346789194,7.77945630935,True
Q3-T-016,5158.86433649,relay,H161,-2.85099533451,7.73128889495,True
Q3-T-016,5160.86433649,relay,H161,-2.8982492717,7.68250605923,True
Q3-T-016,5162.86433649,relay,H161,-2.94526674699,7.63311403892,True
Q3-T-016,5164.86433649,relay,H161,-2.99202792606,7.58311353998,True
Q3-T-016,5166.86433649,relay,H161,-3.03853911592,7.53255535689,True
Q3-T-016,5168.86433649,relay,H161,-3.08478800291,7.48148837517,True
Q3-T-016,5170.86433649,relay,H161,-3.13080721462,7.42989203882,True
Q3-T-016,5172.86433649,relay,H161,-3.1765842745,7.37781415282,True
Q3-T-016,5174.86433649,relay,H161,-3.22212519141,7.3253010344,True
Q3-T-016,5176.86433649,relay,H161,-3.26741082632,7.2723555893,True
Q3-T-016,5178.86433649,relay,H161,-3.31247651833,7.21897685875,True
Q3-T-016,5180.86433649,relay,H161,-3.35730994906,7.16521084791,True
Q3-T-016,5182.86433649,relay,H161,-3.40191349675,7.11107976442,True
Q3-T-016,5184.86433649,relay,H161,-3.44629289262,7.05662550504,True
Q3-T-016,5186.86433649,relay,H161,-3.49042936121,7.00185185998,True
Q3-T-016,5188.86433649,relay,H161,-3.53435722493,6.94675292704,True
Q3-T-016,5190.86433649,relay,H161,-3.57806436238,6.89137216707,True
Q3-T-016,5192.86433649,relay,H161,-3.62155297751,6.83572899213,True
Q3-T-016,5194.86433649,relay,H161,-3.66481454409,6.77988446498,True
Q3-T-016,5196.86433649,relay,H161,-3.70787264874,6.72377216006,True
Q3-T-016,5198.86433649,relay,H161,-3.75071864821,6.6674523454,True
Q3-T-016,5200.86433649,relay,H161,-3.79335461908,6.61094222757,True
Q3-T-016,5202.86433649,relay,H161,-3.8357688776,6.55428202368,True
Q3-T-016,5204.86433649,relay,H161,-3.8779909669,6.49744075343,True
Q3-T-016,5206.86433649,relay,H161,-3.92001228686,6.44047442104,True
Q3-T-016,5208.86433649,relay,H161,-3.96182836166,6.38336417698,True
Q3-T-016,5210.86433649,relay,H161,-4.00343087934,6.32616517973,True
Q3-T-016,5212.86433649,relay,H161,-4.04484874298,6.26884458061,True
Q3-T-016,5214.86433649,relay,H161,-4.08607029637,6.21143946031,True
Q3-T-016,5216.86433649,relay,H161,-4.12710052341,6.15397837861,True
Q3-T-016,5218.86433649,relay,H161,-4.16793496503,6.09644283686,True
Q3-T-016,5220.86433649,relay,H161,-4.20856541449,6.03888397992,True
Q3-T-016,5222.86433649,relay,H161,-4.24902001404,5.98126700462,True
Q3-T-016,5224.86433649,relay,H161,-4.2892872968,5.92362650464,True
Q3-T-016,5226.86433649,relay,H161,-4.32936898737,5.86597335178,True
Q3-T-016,5228.86433649,relay,H161,-4.36925692155,5.80835493877,True
Q3-T-016,5230.86433649,relay,H161,-4.40897255215,5.75070713348,True
Q3-T-016,5232.86433649,relay,H161,-4.44850762354,5.69307682889,True
Q3-T-016,5234.86433649,relay,H161,-4.48786376816,5.63547329034,True
Q3-T-016,5236.86433649,relay,H161,-4.52702991546,5.57792817735,True
Q3-T-016,5238.86433649,relay,H161,-4.56603605273,5.52041715642,True
Q3-T-016,5240.86433649,relay,H161,-4.60486503635,5.46294551966,True
Q3-T-016,5242.86433649,relay,H161,-4.64352140628,5.40553406921,True
Q3-T-016,5244.86433649,relay,H161,-4.68199423175,5.34821278115,True
Q3-T-016,5246.86433649,relay,H161,-4.72030998756,5.29094379226,True
Q3-T-016,5248.86433649,relay,H161,-4.75846056242,5.23376819742,True
Q3-T-016,5250.86433649,relay,H161,-4.79644158125,5.17666899167,True
Q3-T-016,5252.86433649,relay,H161,-4.83425741928,5.11966432473,True
Q3-T-016,5254.86433649,relay,H161,-4.87189731765,5.06278226113,True
Q3-T-016,5256.86433649,relay,H161,-4.90938711509,5.00598425356,True
Q3-T-016,5258.86433649,relay,H161,-4.9467159633,4.94929790792,True
Q3-T-016,5260.86433649,relay,H161,-4.98388807692,4.89273892284,True
Q3-T-016,5262.86433649,relay,H161,-5.02088714015,4.83631276768,True
Q3-T-016,5264.86433649,relay,H161,-5.05774135733,4.77999125579,True
Q3-T-016,5266.86433649,relay,H161,-5.09444001953,4.72380068511,True
Q3-T-016,5268.86433649,relay,H161,-5.13098443305,4.66774529648,True
Q3-T-016,5270.86433649,relay,H161,-5.16736688791,4.61186015162,True
Q3-T-016,5272.86433649,relay,H161,-5.20360669523,4.55608674077,True
Q3-T-016,5274.86433649,relay,H161,-5.23969607535,4.50045997558,True
Q3-T-016,5276.86433649,relay,H161,-5.27563627074,4.44498328078,True
Q3-T-016,5278.86433649,relay,H161,-5.31141692143,4.38968093598,True
Q3-T-016,5280.86433649,relay,H161,-5.34706246105,4.33451382864,True
Q3-T-016,5282.86433649,relay,H161,-5.38256516472,4.27951465948,True
Q3-T-016,5284.86433649,relay,H161,-5.41792077862,4.2246686357,True
Q3-T-016,5286.86433649,relay,H161,-5.45313319493,4.16998715305,True
Q3-T-016,5288.86433649,relay,H161,-5.488192214,4.11549320465,True
Q3-T-016,5290.86433649,relay,H161,-5.5231217294,4.06114778759,True
Q3-T-016,5292.86433649,relay,H161,-5.55791412662,4.00698165917,True
Q3-T-016,5294.86433649,relay,H161,-5.59256519117,3.95298073844,True
Q3-T-016,5296.86433649,relay,H161,-5.62706751833,3.89917519469,True
Q3-T-016,5298.86433649,relay,H161,-5.66144458703,3.84552622211,True
Q3-T-016,5300.86433649,relay,H161,-5.69568625302,3.79205573279,True
Q3-T-016,5302.86433649,relay,H161,-5.72979618437,3.73877251773,True
Q3-T-016,5304.86433649,relay,H161,-5.76375920735,3.68568306573,True
Q3-T-016,5306.86433649,relay,H161,-5.79760101754,3.63275628065,True
Q3-T-016,5308.86433649,relay,H161,-5.8313115971,3.58001326844,True
Q3-T-016,5310.86433649,relay,H161,-5.86489195901,3.52745509306,True
Q3-T-016,5312.86433649,relay,H161,-5.89833227393,3.47510220977,True
Q3-T-016,5314.86433649,relay,H161,-5.93165778109,3.42292302588,True
Q3-T-016,5316.86433649,relay,H161,-5.96485348346,3.37092461317,True
Q3-T-016,5318.86433649,relay,H161,-5.99792290488,3.31911438495,True
Q3-T-016,5320.86433649,relay,H161,-6.0308670017,3.26749296845,True
Q3-T-016,5322.86433649,relay,H161,-6.06367609288,3.21607994845,True
Q3-T-016,5324.86433649,relay,H161,-6.09637490529,3.1648436981,True
Q3-T-016,5326.86433649,relay,H161,-6.1289486894,3.11379153768,True
Q3-T-016,5328.86433649,relay,H161,-6.16140086759,3.06292996461,True
Q3-T-016,5330.86433649,relay,H161,-6.19372187496,3.01227793176,True
Q3-T-016,5331.55543267,relay,H161,-6.20486586232,2.99481268045,True
Q3-T-016,5332.86433649,relay,H161,-6.20478785964,2.99444416289,True
Q3-T-016,5334.86433649,relay,H161,-6.20467052948,2.99387577305,True
Q3-T-016,5336.86433649,relay,H161,-6.2045553238,2.99330041573,True
Q3-T-016,5338.86433649,relay,H161,-6.20444224277,2.99271809372,True
Q3-T-016,5340.86433649,relay,H161,-6.20433128657,2.99212880982,True
Q3-T-016,5342.86433649,relay,H161,-6.20422245535,2.99153256688,True
Q3-T-016,5344.86433649,relay,H161,-6.20411574927,2.99092936777,True
Q3-T-016,5346.86433649,relay,H161,-6.2040111685,2.9903192154,True
Q3-T-016,5348.86433649,relay,H161,-6.20390871318,2.98970211272,True
Q3-T-016,5350.86433649,relay,H161,-6.20380838346,2.9890780627,True
Q3-T-016,5352.86433649,relay,H161,-6.20371017949,2.98844706835,True
Q3-T-016,5354.86433649,relay,H161,-6.20361410142,2.98780913271,True
Q3-T-016,5356.86433649,relay,H161,-6.20352014939,2.98716425884,True
Q3-T-016,5358.86433649,relay,H161,-6.20342832354,2.98651244985,True
Q3-T-016,5360.86433649,relay,H161,-6.20333862399,2.98585370889,True
Q3-T-016,5362.86433649,relay,H161,-6.20325105089,2.98518803911,True
Q3-T-016,5364.86433649,relay,H161,-6.20316560435,2.98451544373,True
Q3-T-016,5366.86433649,relay,H161,-6.20308228452,2.98383592596,True
Q3-T-016,5368.86433649,relay,H161,-6.2030010915,2.98314948908,True
Q3-T-016,5370.86433649,relay,H161,-6.20292202542,2.98245613639,True
Q3-T-016,5372.86433649,relay,H161,-6.20284508639,2.98175587121,True
Q3-T-016,5374.86433649,relay,H161,-6.20277027453,2.98104869691,True
Q3-T-016,5376.86433649,relay,H161,-6.20269758995,2.98033461687,True
Q3-T-016,5378.86433649,relay,H161,-6.20262703275,2.97961363453,True
Q3-T-016,5380.86433649,relay,H161,-6.20255860305,2.97888575334,True
Q3-T-016,5382.56009882,relay,H161,-6.2025022745,2.97826347566,True
Q3-T-016,5382.86433649,relay,H161,-6.2025022745,2.97826347566,True
Q3-T-016,5384.86433649,relay,H161,-6.2025022745,2.97826347566,True
Q3-T-016,5386.86433649,relay,H161,-6.2025022745,2.97826347566,True
Q3-T-016,5388.86433649,relay,H161,-6.2025022745,2.97826347566,True
Q3-T-016,5390.86433649,relay,H161,-6.2025022745,2.97826347566,True
Q3-T-016,5392.86433649,relay,H161,-6.2025022745,2.97826347566,True
Q3-T-016,5394.86433649,relay,H161,-6.2025022745,2.97826347566,True
Q3-T-016,5396.86433649,relay,H161,-6.2025022745,2.97826347566,True
Q3-T-016,5398.86433649,relay,H161,-6.2025022745,2.97826347566,True
Q3-T-016,5400.86433649,relay,H161,-6.2025022745,2.97826347566,True
Q3-T-016,5402.86433649,relay,H161,-6.2025022745,2.97826347566,True
Q3-T-016,5404.86433649,relay,H161,-6.2025022745,2.97826347566,True
Q3-T-016,5406.86433649,relay,H161,-6.2025022745,2.97826347566,True
Q3-T-016,5408.86433649,relay,H161,-6.2025022745,2.97826347566,True
Q3-T-016,5410.86433649,relay,H161,-6.2025022745,2.97826347566,True
Q3-T-016,5412.86433649,relay,H161,-6.2025022745,2.97826347566,True
Q3-T-016,5414.86433649,relay,H161,-6.2025022745,2.97826347566,True
Q3-T-016,5416.86433649,relay,H161,-6.2025022745,2.97826347566,True
Q3-T-016,5418.86433649,relay,H161,-6.2025022745,2.97826347566,True
Q3-T-016,5420.86433649,relay,H161,-6.2025022745,2.97826347566,True
Q3-T-016,5422.86433649,relay,H161,-6.2025022745,2.97826347566,True
Q3-T-016,5424.86433649,relay,H161,-6.2025022745,2.97826347566,True
Q3-T-016,5426.86433649,relay,H161,-6.2025022745,2.97826347566,True
Q3-T-016,5428.86433649,relay,H161,-6.2025022745,2.97826347566,True
Q3-T-016,5430.86433649,relay,H161,-6.2025022745,2.97826347566,True
Q3-T-016,5432.86433649,relay,H161,-6.2025022745,2.97826347566,True
Q3-T-016,5434.86433649,relay,H161,-6.2025022745,2.97826347566,True
Q3-T-016,5436.86433649,relay,H161,-6.2025022745,2.97826347566,True
Q3-T-016,5438.86433649,relay,H161,-6.2025022745,2.97826347566,True
Q3-T-016,5440.86433649,relay,H161,-6.2025022745,2.97826347566,True
Q3-T-016,5442.86433649,relay,H161,-6.2025022745,2.97826347566,True
Q3-T-016,5444.86433649,relay,H161,-6.2025022745,2.97826347566,True
Q3-T-016,5446.86433649,relay,H161,-6.2025022745,2.97826347566,True
Q3-T-016,5448.86433649,relay,H161,-6.2025022745,2.97826347566,True
Q3-T-016,5450.86433649,relay,H161,-6.2025022745,2.97826347566,True
Q3-T-016,5452.86433649,relay,H161,-6.2025022745,2.97826347566,True
Q3-T-016,5454.86433649,relay,H161,-6.2025022745,2.97826347566,True
Q3-T-016,5456.86433649,relay,H161,-6.2025022745,2.97826347566,True
Q3-T-016,5458.86433649,relay,H161,-6.2025022745,2.97826347566,True
Q3-T-016,5460.86433649,relay,H161,-6.2025022745,2.97826347566,True
Q3-T-016,5462.86433649,relay,H161,-6.2025022745,2.97826347566,True
Q3-T-016,5464.86433649,relay,H161,-6.2025022745,2.97826347566,True
Q3-T-016,5466.86433649,relay,H161,-6.2025022745,2.97826347566,True
Q3-T-016,5468.86433649,relay,H161,-6.2025022745,2.97826347566,True
Q3-T-016,5470.86433649,relay,H161,-6.2025022745,2.97826347566,True
Q3-T-016,5472.86433649,relay,H161,-6.2025022745,2.97826347566,True
Q3-T-016,5474.86433649,relay,H161,-6.2025022745,2.97826347566,True
Q3-T-016,5476.86433649,relay,H161,-6.2025022745,2.97826347566,True
Q3-T-016,5478.86433649,relay,H161,-6.2025022745,2.97826347566,True
Q3-T-016,5480.86433649,relay,H161,-6.2025022745,2.97826347566,True
Q3-T-016,5482.86433649,relay,H161,-6.2025022745,2.97826347566,True
Q3-T-016,5484.86433649,relay,H161,-6.2025022745,2.97826347566,True
Q3-T-016,5486.86433649,relay,H161,-6.2025022745,2.97826347566,True
Q3-T-016,5488.86433649,relay,H161,-6.2025022745,2.97826347566,True
Q3-T-016,5490.86433649,relay,H161,-6.2025022745,2.97826347566,True
Q3-T-016,5492.86433649,relay,H161,-6.2025022745,2.97826347566,True
Q3-T-016,5494.86433649,relay,H161,-6.2025022745,2.97826347566,True
Q3-T-016,5496.86433649,relay,H161,-6.2025022745,2.97826347566,True
Q3-T-016,5498.86433649,relay,H161,-6.2025022745,2.97826347566,True
Q3-T-016,5500.86433649,relay,H161,-6.2025022745,2.97826347566,True
Q3-T-016,5502.86433649,relay,H161,-6.2025022745,2.97826347566,True
Q3-T-016,5504.86433649,relay,H161,-6.2025022745,2.97826347566,True
Q3-T-016,5506.86433649,relay,H161,-6.2025022745,2.97826347566,True
Q3-T-016,5508.86433649,relay,H161,-6.2025022745,2.97826347566,True
Q3-T-016,5510.86433649,relay,H161,-6.2025022745,2.97826347566,True
Q3-T-016,5512.86433649,relay,H161,-6.2025022745,2.97826347566,True
Q3-T-016,5514.86433649,relay,H161,-6.2025022745,2.97826347566,True
Q3-T-016,5516.86433649,relay,H161,-6.2025022745,2.97826347566,True
Q3-T-016,5518.86433649,relay,H161,-6.2025022745,2.97826347566,True
Q3-T-016,5520.86433649,relay,H161,-6.2025022745,2.97826347566,True
Q3-T-016,5522.86433649,relay,H161,-6.2025022745,2.97826347566,True
Q3-T-016,5524.86433649,relay,H161,-6.2025022745,2.97826347566,True
Q3-T-016,5526.86433649,relay,H161,-6.2025022745,2.97826347566,True
Q3-T-016,5528.86433649,relay,H161,-6.2025022745,2.97826347566,True
Q3-T-016,5530.86433649,relay,H161,-6.2025022745,2.97826347566,True
Q3-T-016,5532.86433649,relay,H161,-6.2025022745,2.97826347566,True
Q3-T-016,5534.86433649,relay,H161,-6.2025022745,2.97826347566,True
Q3-T-016,5536.86433649,relay,H161,-6.2025022745,2.97826347566,True
Q3-T-016,5538.86433649,relay,H161,-6.2025022745,2.97826347566,True
Q3-T-016,5540.86433649,relay,H161,-6.2025022745,2.97826347566,True
Q3-T-016,5542.86433649,relay,H161,-6.2025022745,2.97826347566,True
Q3-T-016,5544.86433649,relay,H161,-6.2025022745,2.97826347566,True
Q3-T-016,5546.86433649,relay,H161,-6.2025022745,2.97826347566,True
Q3-T-016,5548.86433649,relay,H161,-6.2025022745,2.97826347566,True
Q3-T-016,5550.86433649,relay,H161,-6.2025022745,2.97826347566,True
Q3-T-016,5552.86433649,relay,H161,-6.2025022745,2.97826347566,True
Q3-T-016,5554.86433649,relay,H161,-6.2025022745,2.97826347566,True
Q3-T-016,5556.86433649,relay,H161,-6.2025022745,2.97826347566,True
Q3-T-016,5558.86433649,relay,H161,-6.2025022745,2.97826347566,True
Q3-T-016,5560.86433649,relay,H161,-6.2025022745,2.97826347566,True
Q3-T-016,5562.86433649,relay,H161,-6.2025022745,2.97826347566,True
Q3-T-016,5564.86433649,relay,H161,-6.2025022745,2.97826347566,True
Q3-T-016,5566.86433649,relay,H161,-6.2025022745,2.97826347566,True
Q3-T-016,5568.86433649,relay,H161,-6.2025022745,2.97826347566,True
Q3-T-016,5570.86433649,relay,H161,-6.2025022745,2.97826347566,True
Q3-T-016,5572.86433649,relay,H161,-6.2025022745,2.97826347566,True
Q3-T-016,5574.86433649,relay,H161,-6.2025022745,2.97826347566,True
Q3-T-016,5576.86433649,relay,H161,-6.2025022745,2.97826347566,True
Q3-T-016,5578.86433649,relay,H161,-6.2025022745,2.97826347566,True
Q3-T-016,5580.86433649,relay,H161,-6.2025022745,2.97826347566,True
Q3-T-016,5582.86433649,relay,H161,-6.2025022745,2.97826347566,True
Q3-T-016,5584.86433649,relay,H161,-6.2025022745,2.97826347566,True
Q3-T-016,5586.86433649,relay,H161,-6.2025022745,2.97826347566,True
Q3-T-016,5588.86433649,relay,H161,-6.2025022745,2.97826347566,True
Q3-T-016,5590.86433649,relay,H161,-6.2025022745,2.97826347566,True
Q3-T-016,5592.86433649,relay,H161,-6.2025022745,2.97826347566,True
Q3-T-016,5594.86433649,relay,H161,-6.2025022745,2.97826347566,True
Q3-T-016,5596.86433649,relay,H161,-6.2025022745,2.97826347566,True
Q3-T-016,5598.86433649,relay,H161,-6.2025022745,2.97826347566,True
Q3-T-016,5600.86433649,relay,H161,-6.2025022745,2.97826347566,True
Q3-T-016,5602.86433649,relay,H161,-6.2025022745,2.97826347566,True
Q3-T-016,5604.86433649,relay,H161,-6.2025022745,2.97826347566,True
Q3-T-016,5606.86433649,relay,H161,-6.2025022745,2.97826347566,True
Q3-T-016,5608.86433649,relay,H161,-6.2025022745,2.97826347566,True
Q3-T-016,5610.86433649,relay,H161,-6.2025022745,2.97826347566,True
Q3-T-016,5612.86433649,relay,H161,-6.2025022745,2.97826347566,True
Q3-T-016,5614.86433649,relay,H161,-6.2025022745,2.97826347566,True
Q3-T-016,5616.86433649,relay,H161,-6.2025022745,2.97826347566,True
Q3-T-016,5618.86433649,relay,H161,-6.2025022745,2.97826347566,True
Q3-T-016,5620.86433649,relay,H161,-6.2025022745,2.97826347566,True
Q3-T-016,5622.86433649,relay,H161,-6.2025022745,2.97826347566,True
Q3-T-016,5624.86433649,relay,H161,-6.2025022745,2.97826347566,True
Q3-T-016,5626.86433649,relay,H161,-6.2025022745,2.97826347566,True
Q3-T-016,5628.86433649,relay,H161,-6.2025022745,2.97826347566,True
Q3-T-016,5630.86433649,relay,H161,-6.2025022745,2.97826347566,True
Q3-T-016,5632.86433649,relay,H161,-6.2025022745,2.97826347566,True
Q3-T-016,5634.86433649,relay,H161,-6.2025022745,2.97826347566,True
Q3-T-016,5636.86433649,relay,H161,-6.2025022745,2.97826347566,True
Q3-T-016,5638.86433649,relay,H161,-6.2025022745,2.97826347566,True
Q3-T-016,5640.86433649,relay,H161,-6.2025022745,2.97826347566,True
Q3-T-016,5642.86433649,relay,H161,-6.2025022745,2.97826347566,True
Q3-T-016,5644.86433649,relay,H161,-6.2025022745,2.97826347566,True
Q3-T-016,5646.86433649,relay,H161,-6.2025022745,2.97826347566,True
Q3-T-016,5648.86433649,relay,H161,-6.2025022745,2.97826347566,True
Q3-T-016,5650.86433649,relay,H161,-6.2025022745,2.97826347566,True
Q3-T-016,5652.86433649,relay,H161,-6.2025022745,2.97826347566,True
Q3-T-016,5654.86433649,relay,H161,-6.2025022745,2.97826347566,True
Q3-T-016,5656.86433649,relay,H161,-6.2025022745,2.97826347566,True
Q3-T-016,5658.86433649,relay,H161,-6.2025022745,2.97826347566,True
Q3-T-016,5660.86433649,relay,H161,-6.2025022745,2.97826347566,True
Q3-T-016,5662.86433649,relay,H161,-6.2025022745,2.97826347566,True
Q3-T-016,5664.86433649,relay,H161,-6.2025022745,2.97826347566,True
Q3-T-016,5666.86433649,relay,H161,-6.2025022745,2.97826347566,True
Q3-T-016,5668.86433649,relay,H161,-6.2025022745,2.97826347566,True
Q3-T-016,5670.86433649,relay,H161,-6.2025022745,2.97826347566,True
Q3-T-016,5672.86433649,relay,H161,-6.2025022745,2.97826347566,True
Q3-T-016,5674.86433649,relay,H161,-6.2025022745,2.97826347566,True
Q3-T-016,5676.86433649,relay,H161,-6.2025022745,2.97826347566,True
Q3-T-016,5678.86433649,relay,H161,-6.2025022745,2.97826347566,True
Q3-T-016,5680.86433649,relay,H161,-6.2025022745,2.97826347566,True
Q3-T-016,5682.86433649,relay,H161,-6.2025022745,2.97826347566,True
Q3-T-016,5684.86433649,relay,H161,-6.2025022745,2.97826347566,True
Q3-T-016,5686.86433649,relay,H161,-6.2025022745,2.97826347566,True
Q3-T-016,5688.86433649,relay,H161,-6.2025022745,2.97826347566,True
Q3-T-016,5690.86433649,relay,H161,-6.2025022745,2.97826347566,True
Q3-T-016,5692.86433649,relay,H161,-6.2025022745,2.97826347566,True
Q3-T-016,5694.86433649,relay,H161,-6.2025022745,2.97826347566,True
Q3-T-016,5696.86433649,relay,H161,-6.2025022745,2.97826347566,True
Q3-T-016,5698.86433649,relay,H161,-6.2025022745,2.97826347566,True
Q3-T-016,5700.86433649,relay,H161,-6.2025022745,2.97826347566,True
Q3-T-016,5702.86433649,relay,H161,-6.2025022745,2.97826347566,True
Q3-T-016,5704.86433649,relay,H161,-6.2025022745,2.97826347566,True
Q3-T-016,5706.86433649,relay,H161,-6.2025022745,2.97826347566,True
Q3-T-016,5708.86433649,relay,H161,-6.2025022745,2.97826347566,True
Q3-T-016,5710.86433649,relay,H161,-6.2025022745,2.97826347566,True
Q3-T-016,5712.86433649,relay,H161,-6.2025022745,2.97826347566,True
Q3-T-016,5714.86433649,relay,H161,-6.2025022745,2.97826347566,True
Q3-T-016,5716.86433649,relay,H161,-6.2025022745,2.97826347566,True
Q3-T-016,5718.86433649,relay,H161,-6.2025022745,2.97826347566,True
Q3-T-016,5720.86433649,relay,H161,-6.2025022745,2.97826347566,True
Q3-T-016,5722.86433649,relay,H161,-6.2025022745,2.97826347566,True
Q3-T-016,5724.86433649,relay,H161,-6.2025022745,2.97826347566,True
Q3-T-016,5726.86433649,relay,H161,-6.2025022745,2.97826347566,True
Q3-T-016,5728.86433649,relay,H161,-6.2025022745,2.97826347566,True
Q3-T-016,5730.86433649,relay,H161,-6.2025022745,2.97826347566,True
Q3-T-016,5732.86433649,relay,H161,-6.2025022745,2.97826347566,True
Q3-T-016,5734.86433649,relay,H161,-6.2025022745,2.97826347566,True
Q3-T-016,5736.86433649,relay,H161,-6.2025022745,2.97826347566,True
Q3-T-016,5738.86433649,relay,H161,-6.2025022745,2.97826347566,True
Q3-T-016,5740.86433649,relay,H161,-6.2025022745,2.97826347566,True
Q3-T-016,5742.56009882,relay,H161,-6.2025022745,2.97826347566,True
Q3-T-016,5742.86433649,relay,H161,-6.20251476983,2.97840341393,True
Q3-T-016,5744.86433649,relay,H161,-6.20259889081,2.97931785559,True
Q3-T-016,5746.86433649,relay,H161,-6.20268633605,2.98022152001,True
Q3-T-016,5748.86433649,relay,H161,-6.20277710535,2.98111440043,True
Q3-T-016,5750.86433649,relay,H161,-6.2028711985,2.98199649015,True
Q3-T-016,5752.86433649,relay,H161,-6.2029686153,2.98286778256,True
Q3-T-016,5754.86433649,relay,H161,-6.20306935551,2.98372827113,True
Q3-T-016,5756.86433649,relay,H161,-6.2031734189,2.98457794939,True
Q3-T-016,5758.86433649,relay,H161,-6.20328080524,2.98541681098,True
Q3-T-016,5760.86433649,relay,H161,-6.20339151427,2.98624484957,True
Q3-T-016,5762.86433649,relay,H161,-6.20350554575,2.98706205897,True
Q3-T-016,5764.86433649,relay,H161,-6.20362289941,2.98786843301,True
Q3-T-016,5766.86433649,relay,H161,-6.20374357499,2.98866396564,True
Q3-T-016,5768.86433649,relay,H161,-6.2038675722,2.98944865087,True
Q3-T-016,5770.86433649,relay,H161,-6.20399489076,2.99022248279,True
Q3-T-016,5772.86433649,relay,H161,-6.20412553038,2.99098545557,True
Q3-T-016,5774.86433649,relay,H161,-6.20425949077,2.99173756347,True
Q3-T-016,5776.86433649,relay,H161,-6.2043967716,2.99247880082,True
Q3-T-016,5778.86433649,relay,H161,-6.20453737257,2.99320916203,True
Q3-T-016,5780.86433649,relay,H161,-6.20468129335,2.99392864159,True
Q3-T-016,5782.86433649,relay,H161,-6.20482853362,2.99463723407,True
Q3-T-016,5783.36383174,relay,H161,-6.20486586232,2.99481268045,True
Q3-T-016,5784.86433649,relay,H161,-6.1806589836,3.03274691257,True
Q3-T-016,5786.86433649,relay,H161,-6.14827875527,3.08349490292,True
Q3-T-016,5788.86433649,relay,H161,-6.11577746023,3.13443365165,True
Q3-T-016,5790.86433649,relay,H161,-6.0831541905,3.18556285813,True
Q3-T-016,5792.86433649,relay,H161,-6.05041615851,3.23685688482,True
Q3-T-016,5794.86433649,relay,H161,-6.01754620508,3.28836564317,True
Q3-T-016,5796.86433649,relay,H161,-5.98455149114,3.34006354973,True
Q3-T-016,5798.86433649,relay,H161,-5.95143106677,3.39195002334,True
Q3-T-016,5800.86433649,relay,H161,-5.91819477714,3.44400497269,True
Q3-T-016,5802.86433649,relay,H161,-5.8848200801,3.49626643029,True
Q3-T-016,5804.86433649,relay,H161,-5.85131418693,3.54870736,True
Q3-T-016,5806.86433649,relay,H161,-5.81768123395,3.60134046687,True
Q3-T-016,5808.86433649,relay,H161,-5.7839286288,3.65413819437,True
Q3-T-016,5810.86433649,relay,H161,-5.75003344835,3.70713894131,True
Q3-T-016,5812.86433649,relay,H161,-5.71600559451,3.76032179822,True
Q3-T-016,5814.86433649,relay,H161,-5.68184140454,3.81367797185,True
Q3-T-016,5816.86433649,relay,H161,-5.64754505586,3.86722088306,True
Q3-T-016,5818.86433649,relay,H161,-5.61312406307,3.92092138755,True
Q3-T-016,5820.86433649,relay,H161,-5.57855500771,3.97481825455,True
Q3-T-016,5822.86433649,relay,H161,-5.54384794519,4.02888954672,True
Q3-T-016,5824.86433649,relay,H161,-5.50900177021,4.08313336215,True
Q3-T-016,5826.86433649,relay,H161,-5.47402405214,4.13751874214,True
Q3-T-016,5828.86433649,relay,H161,-5.43889631793,4.19210112241,True
Q3-T-016,5830.86433649,relay,H161,-5.4036260748,4.24684949473,True
Q3-T-016,5832.86433649,relay,H161,-5.36821216285,4.30176138995,True
Q3-T-016,5834.86433649,relay,H161,-5.33266496676,4.35681319573,True
Q3-T-016,5836.86433649,relay,H161,-5.29695748837,4.41203495546,True
Q3-T-016,5838.86433649,relay,H161,-5.26110550394,4.46742076302,True
Q3-T-016,5840.86433649,relay,H161,-5.22510506698,4.52295859039,True
Q3-T-016,5842.86433649,relay,H161,-5.18896669562,4.57862377806,True
Q3-T-016,5844.86433649,relay,H161,-5.15266568744,4.63445542793,True
Q3-T-016,5846.86433649,relay,H161,-5.1162096836,4.69041870914,True
Q3-T-016,5848.86433649,relay,H161,-5.07960298623,4.74652929885,True
Q3-T-016,5850.86433649,relay,H161,-5.04284151338,4.80277338002,True
Q3-T-016,5852.86433649,relay,H161,-5.00593595346,4.85912483929,True
Q3-T-016,5854.86433649,relay,H161,-4.9688610251,4.9156226011,True
Q3-T-016,5856.86433649,relay,H161,-4.93162733208,4.97224017715,True
Q3-T-016,5858.86433649,relay,H161,-4.89423064076,5.02896156591,True
Q3-T-016,5860.86433649,relay,H161,-4.85668750508,5.08578110513,True
Q3-T-016,5862.86433649,relay,H161,-4.81896930276,5.14272662643,True
Q3-T-016,5864.86433649,relay,H161,-4.78108677243,5.19977027896,True
Q3-T-016,5866.86433649,relay,H161,-4.74303847751,5.25690596918,True
Q3-T-016,5868.86433649,relay,H161,-4.70483245419,5.31409291048,True
Q3-T-016,5870.86433649,relay,H161,-4.66644828643,5.37139294757,True
Q3-T-016,5872.86433649,relay,H161,-4.62789393001,5.42876497445,True
Q3-T-016,5874.86433649,relay,H161,-4.58916787074,5.48620168845,True
Q3-T-016,5876.86433649,relay,H161,-4.55028122125,5.54367273201,True
Q3-T-016,5878.86433649,relay,H161,-4.51120419051,5.60120246005,True
Q3-T-016,5880.86433649,relay,H161,-4.47195377686,5.65878580083,True
Q3-T-016,5882.86433649,relay,H161,-4.43252539757,5.71640124342,True
Q3-T-016,5884.86433649,relay,H161,-4.39291743338,5.77403974687,True
Q3-T-016,5886.86433649,relay,H161,-4.35314117992,5.83166884009,True
Q3-T-016,5888.86433649,relay,H161,-4.31316915857,5.8893247573,True
Q3-T-016,5890.86433649,relay,H161,-4.2730094784,5.94695979021,True
Q3-T-016,5892.86433649,relay,H161,-4.23266657856,6.00459207658,True
Q3-T-016,5894.86433649,relay,H161,-4.1921488358,6.06217305036,True
Q3-T-016,5896.86433649,relay,H161,-4.15142819574,6.11973771942,True
Q3-T-016,5898.86433649,relay,H161,-4.11051599257,6.17725094791,True
Q3-T-016,5900.86433649,relay,H161,-4.06940726275,6.23468454164,True
Q3-T-016,5902.86433649,relay,H161,-4.02811989667,6.29203359749,True
Q3-T-016,5904.86433649,relay,H161,-3.98662209851,6.34931608406,True
Q3-T-016,5906.86433649,relay,H161,-3.94492534726,6.40649481065,True
Q3-T-016,5908.86433649,relay,H161,-3.90302772855,6.46355548798,True
Q3-T-016,5910.86433649,relay,H161,-3.86094099072,6.52045978519,True
Q3-T-016,5912.86433649,relay,H161,-3.81863260212,6.57722192577,True
Q3-T-016,5914.86433649,relay,H161,-3.77612066651,6.63383733694,True
Q3-T-016,5916.86433649,relay,H161,-3.73339992387,6.6902724299,True
Q3-T-016,5918.86433649,relay,H161,-3.69046831571,6.7465103194,True
Q3-T-016,5920.86433649,relay,H161,-3.64733778378,6.80251000539,True
Q3-T-016,5922.86433649,relay,H161,-3.60397488809,6.85828159451,True
Q3-T-016,5924.86433649,relay,H161,-3.5603980781,6.91382081714,True
Q3-T-016,5926.86433649,relay,H161,-3.51660185761,6.96908983382,True
Q3-T-016,5928.86433649,relay,H161,-3.47259832468,7.02404549906,True
Q3-T-016,5930.86433649,relay,H161,-3.42835667019,7.07871465999,True
Q3-T-016,5932.86433649,relay,H161,-3.38388543809,7.13303230991,True
Q3-T-016,5934.86433649,relay,H161,-3.33918911746,7.18701822105,True
Q3-T-016,5936.86433649,relay,H161,-3.29427656747,7.2406067942,True
Q3-T-016,5938.86433649,relay,H161,-3.24911624706,7.29382234052,True
Q3-T-016,5940.86433649,relay,H161,-3.20372026248,7.34661848615,True
Q3-T-016,5942.86433649,relay,H161,-3.1580861451,7.39897170838,True
Q3-T-016,5944.86433649,relay,H161,-3.1122227864,7.4508120899,True
Q3-T-016,5946.86433649,relay,H161,-3.06610490165,7.50220650479,True
Q3-T-016,5948.86433649,relay,H161,-3.01974124205,7.55308427674,True
Q3-T-016,5950.86433649,relay,H161,-2.97312917826,7.60341982094,True
Q3-T-016,5952.86433649,relay,H161,-2.92626603858,7.65318707397,True
Q3-T-016,5954.86433649,relay,H161,-2.87916081656,7.70231236944,True
Q3-T-016,5956.86433649,relay,H161,-2.83178739999,7.75086279754,True
Q3-T-016,5958.86433649,relay,H161,-2.78415462982,7.79876408455,True
Q3-T-016,5960.86433649,relay,H161,-2.73625965561,7.84598846961,True
Q3-T-016,5962.86433649,relay,H161,-2.68811524606,7.89248587309,True
Q3-T-016,5964.86433649,relay,H161,-2.63968349157,7.9382454907,True
Q3-T-016,5966.86433649,relay,H161,-2.5909843931,7.98326899632,True
Q3-T-016,5968.86433649,relay,H161,-2.54201120724,8.02750132144,True
Q3-T-016,5970.86433649,relay,H161,-2.49277685898,8.07089203576,True
Q3-T-016,5972.86433649,relay,H161,-2.44324624605,8.11345442823,True
Q3-T-016,5974.86433649,relay,H161,-2.39343209643,8.15513757362,True
Q3-T-016,5976.86433649,relay,H161,-2.34332730404,8.19588322516,True
Q3-T-016,5978.86433649,relay,H161,-2.29295262032,8.23569842437,True
Q3-T-016,5980.86433649,relay,H161,-2.2422681546,8.27456620255,True
Q3-T-016,5982.86433649,relay,H161,-2.19128677455,8.31243649702,True
Q3-T-016,5984.86433649,relay,H161,-2.14000498789,8.34927995573,True
Q3-T-016,5986.86433649,relay,H161,-2.08843206279,8.3850176952,True
Q3-T-016,5988.86433649,relay,H161,-2.03653881391,8.41972023762,True
Q3-T-016,5990.86433649,relay,H161,-1.9843343055,8.4533093627,True
Q3-T-016,5992.86433649,relay,H161,-1.93181478894,8.48575690558,True
Q3-T-016,5994.86433649,relay,H161,-1.87897644759,8.51703516225,True
Q3-T-016,5996.86433649,relay,H161,-1.82583269328,8.54709927191,True
Q3-T-016,5998.86433649,relay,H161,-1.77234097062,8.57592587815,True
Q3-T-016,6000.86433649,relay,H161,-1.7185226327,8.60353572876,True
Q3-T-016,6002.86433649,relay,H161,-1.6643694909,8.62987147831,True
Q3-T-016,6004.86433649,relay,H161,-1.60989509545,8.65489252513,True
Q3-T-016,6006.86433649,relay,H161,-1.55505983229,8.67860824302,True
Q3-T-016,6008.86433649,relay,H161,-1.49987274282,8.70094546106,True
Q3-T-016,6010.86433649,relay,H161,-1.44433785329,8.72195039188,True
Q3-T-016,6012.86433649,relay,H161,-1.38846463184,8.74155422029,True
Q3-T-016,6014.86433649,relay,H161,-1.3322122215,8.75976731986,True
Q3-T-016,6016.86433649,relay,H161,-1.27559400988,8.77655652488,True
Q3-T-016,6018.86433649,relay,H161,-1.21860084206,8.79186966793,True
Q3-T-016,6020.86433649,relay,H161,-1.16125524455,8.8057486979,True
Q3-T-016,6022.86433649,relay,H161,-1.10351068429,8.81817060162,True
Q3-T-016,6024.86433649,relay,H161,-1.04538064274,8.82910926822,True
Q3-T-016,6026.86433649,relay,H161,-0.986859952038,8.83855337998,True
Q3-T-016,6028.86433649,direct,,9.07205666,,True
Q3-T-016,6030.86433649,direct,,9.13135982202,,True
Q3-T-016,6032.86433649,direct,,9.1910844234,,True
Q3-T-016,6034.86433649,direct,,9.25122141604,,True
Q3-T-016,6036.86433649,direct,,9.31177651868,,True
Q3-T-016,6038.86433649,direct,,9.37273571862,,True
Q3-T-016,6040.86433649,direct,,9.43414925688,,True
Q3-T-016,6042.86433649,direct,,9.4959941043,,True
Q3-T-016,6044.86433649,direct,,9.55828116347,,True
Q3-T-016,6046.86433649,direct,,9.62099636017,,True
Q3-T-016,6048.86433649,direct,,9.68418688306,,True
Q3-T-016,6050.86433649,direct,,9.74783908311,,True
Q3-T-016,6052.86433649,direct,,9.81196466289,,True
Q3-T-016,6054.86433649,direct,,9.87653969488,,True
Q3-T-016,6056.86433649,direct,,9.94161805711,,True
Q3-T-016,6058.86433649,direct,,10.0071861095,,True
Q3-T-016,6060.86433649,direct,,10.0732512528,,True
Q3-T-016,6062.86433649,direct,,10.1398261732,,True
Q3-T-016,6064.86433649,direct,,10.206886574,,True
Q3-T-016,6066.86433649,direct,,10.2744889754,,True
Q3-T-016,6068.86433649,direct,,10.3426198059,,True
Q3-T-016,6070.86433649,direct,,10.411287362,,True
Q3-T-016,6072.86433649,direct,,10.4804829152,,True
Q3-T-016,6074.86433649,direct,,10.5502494643,,True
Q3-T-016,6076.86433649,direct,,10.6205788284,,True
Q3-T-016,6078.86433649,direct,,10.6914801269,,True
Q3-T-016,6080.86433649,direct,,10.7629394178,,True
Q3-T-016,6082.86433649,direct,,10.835012648,,True
Q3-T-016,6084.86433649,direct,,10.9076921206,,True
Q3-T-016,6086.86433649,direct,,10.9809767614,,True
Q3-T-016,6088.86433649,direct,,11.0548583433,,True
Q3-T-016,6090.86433649,direct,,11.1293953833,,True
Q3-T-016,6092.86433649,direct,,11.2045748488,,True
Q3-T-016,6094.86433649,direct,,11.280413693,,True
Q3-T-016,6096.86433649,direct,,11.3569117149,,True
Q3-T-016,6098.86433649,direct,,11.4340612608,,True
Q3-T-016,6100.86433649,direct,,11.5119244201,,True
Q3-T-016,6102.86433649,direct,,11.5904886118,,True
Q3-T-016,6104.86433649,direct,,11.6697726106,,True
Q3-T-016,6106.86433649,direct,,11.7497512263,,True
Q3-T-016,6108.86433649,direct,,11.8304957846,,True
Q3-T-016,6110.86433649,direct,,11.9119942019,,True
Q3-T-016,6112.86433649,direct,,11.9942606137,,True
Q3-T-016,6114.86433649,direct,,12.0772824855,,True
Q3-T-016,6116.86433649,direct,,12.1611350954,,True
Q3-T-016,6118.86433649,direct,,12.2457941697,,True
Q3-T-016,6120.86433649,direct,,12.3312819236,,True
Q3-T-016,6122.86433649,direct,,12.417586502,,True
Q3-T-016,6124.86433649,direct,,12.5047806842,,True
Q3-T-016,6126.86433649,direct,,12.5928606532,,True
Q3-T-016,6128.86433649,direct,,12.6818307166,,True
Q3-T-016,6130.86433649,direct,,12.771715921,,True
Q3-T-016,6132.86433649,direct,,12.8625055527,,True
Q3-T-016,6134.86433649,direct,,12.9542780182,,True
Q3-T-016,6136.86433649,direct,,13.0470241094,,True
Q3-T-016,6138.86433649,direct,,13.1407717816,,True
Q3-T-016,6140.86433649,direct,,13.2354971784,,True
Q3-T-016,6142.86433649,direct,,13.3312910079,,True
Q3-T-016,6144.86433649,direct,,13.428145518,,True
Q3-T-016,6146.86433649,direct,,13.5260842844,,True
Q3-T-016,6148.86433649,direct,,13.6251069855,,True
Q3-T-016,6150.86433649,direct,,13.7252878975,,True
Q3-T-016,6152.86433649,direct,,13.8266286612,,True
Q3-T-016,6154.86433649,direct,,13.9291562264,,True
Q3-T-016,6156.86433649,direct,,14.0328646309,,True
Q3-T-016,6158.86433649,direct,,14.1378581393,,True
Q3-T-016,6160.86433649,direct,,14.2441171306,,True
Q3-T-016,6162.86433649,direct,,14.3516805879,,True
Q3-T-016,6164.86433649,direct,,14.4605806376,,True
Q3-T-016,6166.86433649,direct,,14.5708145986,,True
Q3-T-016,6168.86433649,direct,,14.6824885684,,True
Q3-T-016,6170.86433649,direct,,14.7956115925,,True
Q3-T-016,6172.86433649,direct,,14.9102036032,,True
Q3-T-016,6174.86433649,direct,,15.0262739912,,True
Q3-T-016,6176.86433649,direct,,15.1439382994,,True
Q3-T-016,6178.86433649,direct,,15.2632009366,,True
Q3-T-016,6180.86433649,direct,,15.3841147388,,True
Q3-T-016,6182.86433649,direct,,15.5066664392,,True
Q3-T-016,6184.86433649,direct,,15.6309919252,,True
Q3-T-016,6186.86433649,direct,,15.7571008523,,True
Q3-T-016,6188.86433649,direct,,15.8850444585,,True
Q3-T-016,6190.86433649,direct,,16.0148437758,,True
Q3-T-016,6192.86433649,direct,,16.1466189253,,True
Q3-T-016,6194.86433649,direct,,16.280396219,,True
Q3-T-016,6196.86433649,direct,,16.4162365246,,True
Q3-T-016,6198.86433649,direct,,16.5542034827,,True
Q3-T-016,6200.86433649,direct,,16.6943178431,,True
Q3-T-016,6202.86433649,direct,,16.8367512168,,True
Q3-T-016,6204.86433649,direct,,16.9815097044,,True
Q3-T-016,6206.86433649,direct,,17.1286806628,,True
Q3-T-016,6208.86433649,direct,,17.2782954162,,True
Q3-T-016,6210.86433649,direct,,17.4305353223,,True
Q3-T-016,6212.86433649,direct,,17.5854527388,,True
Q3-T-016,6214.86433649,direct,,17.7431170215,,True
Q3-T-016,6216.86433649,direct,,17.9035853003,,True
Q3-T-016,6218.86433649,direct,,18.067064789,,True
Q3-T-016,6220.86433649,direct,,18.2336125189,,True
Q3-T-016,6222.86433649,direct,,18.4033430562,,True
Q3-T-016,6224.86433649,direct,,18.5763340212,,True
Q3-T-016,6226.86433649,direct,,18.7527988932,,True
Q3-T-016,6228.86433649,direct,,18.9328302662,,True
Q3-T-016,6230.86433649,direct,,19.1165710732,,True
Q3-T-016,6232.86433649,direct,,19.304111215,,True
Q3-T-016,6234.86433649,direct,,19.4957477153,,True
Q3-T-016,6236.86433649,direct,,19.6915613708,,True
Q3-T-016,6238.86433649,direct,,19.891747665,,True
Q3-T-016,6240.86433649,direct,,20.0964990293,,True
Q3-T-016,6242.86433649,direct,,20.3059515269,,True
Q3-T-016,6244.86433649,direct,,20.5204758986,,True
Q3-T-016,6246.86433649,direct,,20.7402048992,,True
Q3-T-016,6248.86433649,direct,,20.9654032885,,True
Q3-T-016,6250.86433649,direct,,21.1962608127,,True
Q3-T-016,6252.86433649,direct,,21.4332113948,,True
Q3-T-016,6254.86433649,direct,,21.6764853845,,True
Q3-T-016,6256.86433649,direct,,21.9264283897,,True
Q3-T-016,6258.86433649,direct,,22.1832676259,,True
Q3-T-016,6260.86433649,direct,,22.4475643678,,True
Q3-T-016,6262.86433649,direct,,22.7196402521,,True
Q3-T-016,6264.86433649,direct,,22.9999294777,,True
Q3-T-016,6266.86433649,direct,,23.2888263636,,True
Q3-T-016,6268.86433649,direct,,23.5869765037,,True
Q3-T-016,6270.86433649,direct,,23.8948498777,,True
Q3-T-016,6272.86433649,direct,,24.2130275649,,True
Q3-T-016,6274.86433649,direct,,24.5421335601,,True
Q3-T-016,6276.86433649,direct,,24.8827241803,,True
Q3-T-016,6278.86433649,direct,,25.2357624777,,True
Q3-T-016,6280.86433649,direct,,25.6018461586,,True
Q3-T-016,6282.86433649,direct,,25.9818053959,,True
Q3-T-016,6284.86433649,direct,,26.3763509687,,True
Q3-T-016,6286.86433649,direct,,26.7866070248,,True
Q3-T-016,6288.86433649,direct,,27.2133584559,,True
Q3-T-016,6290.86433649,direct,,27.6573964642,,True
Q3-T-016,6292.86433649,direct,,28.1193896058,,True
Q3-T-016,6294.86433649,direct,,28.6002886415,,True
Q3-T-016,6296.86433649,direct,,29.1003513174,,True
Q3-T-016,6298.86433649,direct,,29.6196147243,,True
Q3-T-016,6300.86433649,direct,,30.1571719272,,True
Q3-T-016,6302.86433649,direct,,30.7117681817,,True
Q3-T-016,6304.86433649,direct,,31.2801041339,,True
Q3-T-016,6306.86433649,direct,,31.8568927619,,True
Q3-T-016,6308.86433649,direct,,32.4338153769,,True
Q3-T-016,6310.86433649,direct,,32.9983645493,,True
Q3-T-016,6312.86433649,direct,,33.5334352779,,True
Q3-T-016,6314.86433649,direct,,34.0160225646,,True
Q3-T-016,6316.86433649,direct,,34.4186079581,,True
Q3-T-016,6318.86433649,direct,,34.7118935179,,True
Q3-T-016,6320.86433649,direct,,34.8704816778,,True
Q3-T-016,6321.97119501,direct,,34.894021754,,True
Q3-T-016,6322.86433649,direct,,34.9633342162,,True
Q3-T-016,6324.86433649,direct,,35.1202509513,,True
Q3-T-016,6326.86433649,direct,,35.2800547347,,True
Q3-T-016,6328.86433649,direct,,35.442853796,,True
Q3-T-016,6330.86433649,direct,,35.6087625672,,True
Q3-T-016,6332.86433649,direct,,35.7779021662,,True
Q3-T-016,6334.86433649,direct,,35.9504009274,,True
Q3-T-016,6336.86433649,direct,,36.1263949868,,True
Q3-T-016,6338.86433649,direct,,36.3060289279,,True
Q3-T-016,6340.86433649,direct,,36.4894564949,,True
Q3-T-016,6342.86433649,direct,,36.6768413836,,True
Q3-T-016,6344.86433649,direct,,36.868358119,,True
Q3-T-016,6346.86433649,direct,,37.0641930323,,True
Q3-T-016,6348.86433649,direct,,37.2645453504,,True
Q3-T-016,6350.86433649,direct,,37.4696284139,,True
Q3-T-016,6352.86433649,direct,,37.6796710425,,True
Q3-T-016,6354.86433649,direct,,37.8949190699,,True
Q3-T-016,6356.86433649,direct,,38.1156370733,,True
Q3-T-016,6358.86433649,direct,,38.3421103288,,True
Q3-T-016,6360.86433649,direct,,38.5746470285,,True
Q3-T-016,6362.86433649,direct,,38.8135808025,,True
Q3-T-016,6364.86433649,direct,,39.0592735978,,True
Q3-T-016,6366.86433649,direct,,39.3121189765,,True
Q3-T-016,6368.86433649,direct,,39.5725459087,,True
Q3-T-016,6370.86433649,direct,,39.8410231508,,True
Q3-T-016,6372.86433649,direct,,40.1180643242,,True
Q3-T-016,6374.86433649,direct,,40.4042338289,,True
Q3-T-016,6376.86433649,direct,,40.7001537663,,True
Q3-T-016,6378.86433649,direct,,41.0065120833,,True
Q3-T-016,6380.86433649,direct,,41.324072205,,True
Q3-T-016,6382.86433649,direct,,41.653684497,,True
Q3-T-016,6384.86433649,direct,,41.9962999897,,True
Q3-T-016,6386.86433649,direct,,42.3529869213,,True
Q3-T-016,6388.86433649,direct,,42.7249508267,,True
Q3-T-016,6390.86433649,direct,,43.1135591227,,True
Q3-T-016,6392.86433649,direct,,43.5203714556,,True
Q3-T-016,6394.86433649,direct,,43.9471775112,,True
Q3-T-016,6396.86433649,direct,,44.3960446044,,True
Q3-T-016,6398.86433649,direct,,44.8693782486,,True
Q3-T-016,6400.86433649,direct,,45.3700002021,,True
Q3-T-016,6402.86433649,direct,,45.9012504119,,True
Q3-T-016,6404.86433649,direct,,46.4671222164,,True
Q3-T-016,6406.86433649,direct,,47.0724447368,,True
Q3-T-016,6408.86433649,direct,,47.7231337196,,True
Q3-T-016,6410.86433649,direct,,48.4265441729,,True
Q3-T-016,6412.86433649,direct,,49.1919787834,,True
Q3-T-016,6414.86433649,direct,,50.0314427669,,True
Q3-T-016,6416.86433649,direct,,50.9608040287,,True
Q3-T-016,6418.86433649,direct,,52.0016515517,,True
Q3-T-016,6420.86433649,direct,,53.1844261567,,True
Q3-T-016,6422.86433649,direct,,54.554037351,,True
Q3-T-016,6424.86433649,direct,,56.1807906543,,True
Q3-T-016,6426.86433649,direct,,58.1840876915,,True
Q3-T-016,6428.86433649,direct,,60.7924530876,,True
Q3-T-016,6430.86433649,direct,,64.5376970602,,True
Q3-T-016,6432.86433649,direct,,71.2652530446,,True
Q3-T-016,6434.86433649,direct,,86.6772152945,,True
Q3-T-016,6436.86433649,direct,,68.7284656057,,True
Q3-T-016,6438.86433649,direct,,63.2760294088,,True
Q3-T-016,6440.86433649,direct,,59.9521623436,,True
Q3-T-016,6442.86433649,direct,,57.5540846415,,True
Q3-T-016,6444.57586116,direct,,55.9251752525,,True
Q3-T-017,5142.06342071,direct,,55.9251752525,,True
Q3-T-017,5144.06342071,direct,,59.0232144522,,True
Q3-T-017,5146.06342071,direct,,63.8839754259,,True
Q3-T-017,5148.06342071,direct,,75.9251752525,,True
Q3-T-017,5150.06342071,direct,,69.9045753392,,True
Q3-T-017,5152.06342071,direct,,61.9457751658,,True
Q3-T-017,5154.06342071,direct,,57.8633755126,,True
Q3-T-017,5156.06342071,direct,,55.0973215493,,True
Q3-T-017,5158.06342071,direct,,53.0026145389,,True
Q3-T-017,5160.06342071,direct,,51.3161968249,,True
Q3-T-017,5162.06342071,direct,,49.9045753392,,True
Q3-T-017,5164.06342071,direct,,48.6906185321,,True
Q3-T-017,5166.06342071,direct,,47.6257082931,,True
Q3-T-017,5168.06342071,direct,,46.6772152945,,True
Q3-T-017,5170.06342071,direct,,45.8221756861,,True
Q3-T-017,5172.06342071,direct,,45.0438143655,,True
Q3-T-017,5174.06342071,direct,,44.3295033202,,True
Q3-T-017,5176.06342071,direct,,43.6694981181,,True
Q3-T-017,5178.06342071,direct,,43.0561217228,,True
Q3-T-017,5180.06342071,direct,,42.4832180938,,True
Q3-T-017,5182.06342071,direct,,41.9457751658,,True
Q3-T-017,5184.06342071,direct,,41.4396578605,,True
Q3-T-017,5186.06342071,direct,,40.9614147124,,True
Q3-T-017,5188.06342071,direct,,40.5081350196,,True
Q3-T-017,5190.06342071,direct,,40.0773414625,,True
Q3-T-017,5192.06342071,direct,,39.6669081196,,True
Q3-T-017,5194.06342071,direct,,39.2749969984,,True
Q3-T-017,5196.06342071,direct,,38.9000082781,,True
Q3-T-017,5197.95067251,direct,,38.560517884,,True
Q3-T-017,5198.06342071,direct,,38.5599490265,,True
Q3-T-017,5200.06342071,direct,,38.3649541348,,True
Q3-T-017,5202.06342071,direct,,37.8619066921,,True
Q3-T-017,5204.06342071,direct,,37.1442921795,,True
Q3-T-017,5206.06342071,direct,,36.3093922486,,True
Q3-T-017,5208.06342071,direct,,35.4315432805,,True
Q3-T-017,5210.06342071,direct,,34.5567563411,,True
Q3-T-017,5212.06342071,direct,,33.7099368818,,True
Q3-T-017,5214.06342071,direct,,32.9030401592,,True
Q3-T-017,5216.06342071,direct,,32.1402964653,,True
Q3-T-017,5218.06342071,direct,,31.4219529798,,True
Q3-T-017,5220.06342071,direct,,30.7459533917,,True
Q3-T-017,5222.06342071,direct,,30.1096169626,,True
Q3-T-017,5224.06342071,direct,,29.5096895053,,True
Q3-T-017,5226.06342071,direct,,28.9435468568,,True
Q3-T-017,5228.06342071,direct,,28.4079543954,,True
Q3-T-017,5230.06342071,direct,,27.9003143763,,True
Q3-T-017,5232.06342071,direct,,27.4182010192,,True
Q3-T-017,5234.06342071,direct,,26.9594877654,,True
Q3-T-017,5236.06342071,direct,,26.5220996977,,True
Q3-T-017,5238.06342071,direct,,26.1043451369,,True
Q3-T-017,5240.06342071,direct,,25.7047068609,,True
Q3-T-017,5242.06342071,direct,,25.3215639682,,True
Q3-T-017,5244.06342071,direct,,24.9539459147,,True
Q3-T-017,5246.06342071,direct,,24.6006019616,,True
Q3-T-017,5248.06342071,direct,,24.2605572113,,True
Q3-T-017,5250.06342071,direct,,23.9328065086,,True
Q3-T-017,5252.06342071,direct,,23.6165637304,,True
Q3-T-017,5254.06342071,direct,,23.3110759754,,True
Q3-T-017,5256.06342071,direct,,23.0156962361,,True
Q3-T-017,5258.06342071,direct,,22.7297257513,,True
Q3-T-017,5260.06342071,direct,,22.4526339815,,True
Q3-T-017,5262.06342071,direct,,22.1838188414,,True
Q3-T-017,5264.06342071,direct,,21.9230011512,,True
Q3-T-017,5266.06342071,direct,,21.6695915627,,True
Q3-T-017,5268.06342071,direct,,21.4232200509,,True
Q3-T-017,5270.06342071,direct,,21.1835139958,,True
Q3-T-017,5272.06342071,direct,,20.9501584644,,True
Q3-T-017,5274.06342071,direct,,20.7227748455,,True
Q3-T-017,5276.06342071,direct,,20.5010975856,,True
Q3-T-017,5278.06342071,direct,,20.2848518304,,True
Q3-T-017,5280.06342071,direct,,20.0737442871,,True
Q3-T-017,5282.06342071,direct,,19.867612413,,True
Q3-T-017,5284.06342071,direct,,19.6661952421,,True
Q3-T-017,5286.06342071,direct,,19.4693096454,,True
Q3-T-017,5288.06342071,direct,,19.2767104877,,True
Q3-T-017,5290.06342071,direct,,19.0882406908,,True
Q3-T-017,5292.06342071,direct,,18.9037289075,,True
Q3-T-017,5294.06342071,direct,,18.7230370061,,True
Q3-T-017,5296.06342071,direct,,18.5459672496,,True
Q3-T-017,5298.06342071,direct,,18.3723474008,,True
Q3-T-017,5300.06342071,direct,,18.2021496979,,True
Q3-T-017,5302.06342071,direct,,18.0352143144,,True
Q3-T-017,5304.06342071,direct,,17.8713784826,,True
Q3-T-017,5306.06342071,direct,,17.7105502124,,True
Q3-T-017,5308.06342071,direct,,17.552621977,,True
Q3-T-017,5310.06342071,direct,,17.3975115449,,True
Q3-T-017,5312.06342071,direct,,17.2450825492,,True
Q3-T-017,5314.06342071,direct,,17.0952632321,,True
Q3-T-017,5316.06342071,direct,,16.9479663725,,True
Q3-T-017,5318.06342071,direct,,16.8030831852,,True
Q3-T-017,5320.06342071,direct,,16.6605868007,,True
Q3-T-017,5322.06342071,direct,,16.5203757471,,True
Q3-T-017,5324.06342071,direct,,16.3823783323,,True
Q3-T-017,5326.06342071,direct,,6.24654341538,,True
Q3-T-017,5328.06342071,direct,,6.11277094342,,True
Q3-T-017,5330.06342071,direct,,5.98101606622,,True
Q3-T-017,5332.06342071,direct,,5.85121916081,,True
Q3-T-017,5334.06342071,direct,,5.72333944203,,True
Q3-T-017,5336.06342071,direct,,5.59725107345,,True
Q3-T-017,5338.06342071,direct,,5.47299583884,,True
Q3-T-017,5340.06342071,direct,,5.3505001237,,True
Q3-T-017,5342.06342071,direct,,5.22968453246,,True
Q3-T-017,5344.06342071,direct,,5.11051875756,,True
Q3-T-017,5346.06342071,direct,,4.99295854861,,True
Q3-T-017,5348.06342071,direct,,4.8769761501,,True
Q3-T-017,5350.06342071,direct,,4.76250103437,,True
Q3-T-017,5352.06342071,direct,,4.64950887478,,True
Q3-T-017,5354.06342071,direct,,4.53792778106,,True
Q3-T-017,5356.06342071,direct,,4.42780405926,,True
Q3-T-017,5358.06342071,direct,,4.31903996418,,True
Q3-T-017,5360.06342071,direct,,4.21161595673,,True
Q3-T-017,5362.06342071,direct,,4.10549953607,,True
Q3-T-017,5364.06342071,direct,,4.00067270146,,True
Q3-T-017,5366.06342071,direct,,3.89707839527,,True
Q3-T-017,5368.06342071,direct,,3.79470094482,,True
Q3-T-017,5370.06342071,direct,,3.69351218895,,True
Q3-T-017,5372.06342071,direct,,3.59349765716,,True
Q3-T-017,5374.06342071,direct,,3.49457520702,,True
Q3-T-017,5376.06342071,direct,,3.39679318327,,True
Q3-T-017,5378.06342071,direct,,3.30009641606,,True
Q3-T-017,5380.06342071,direct,,3.20447332235,,True
Q3-T-017,5382.06342071,direct,,3.10987644193,,True
Q3-T-017,5384.06342071,direct,,3.01629583163,,True
Q3-T-017,5385.15776664,direct,,2.96550809411,,True
Q3-T-017,5386.06342071,direct,,2.96587187575,,True
Q3-T-017,5388.06342071,direct,,2.96665686816,,True
Q3-T-017,5390.06342071,direct,,2.96741452864,,True
Q3-T-017,5392.06342071,direct,,2.96814484283,,True
Q3-T-017,5394.06342071,direct,,2.96884779694,,True
Q3-T-017,5396.06342071,direct,,2.96952337764,,True
Q3-T-017,5398.06342071,direct,,2.97017157215,,True
Q3-T-017,5400.06342071,direct,,2.97079236818,,True
Q3-T-017,5402.06342071,direct,,2.97138575398,,True
Q3-T-017,5404.06342071,direct,,2.97195171828,,True
Q3-T-017,5406.06342071,direct,,2.97249025037,,True
Q3-T-017,5408.06342071,direct,,2.97300134002,,True
Q3-T-017,5410.06342071,direct,,2.97348497754,,True
Q3-T-017,5412.06342071,direct,,2.97394115375,,True
Q3-T-017,5414.06342071,direct,,2.97436985999,,True
Q3-T-017,5416.06342071,direct,,2.97477108812,,True
Q3-T-017,5418.06342071,direct,,2.97514483051,,True
Q3-T-017,5418.46246879,direct,,2.97521628007,,True
Q3-T-017,5420.06342071,direct,,2.97521628007,,True
Q3-T-017,5422.06342071,direct,,2.97521628007,,True
Q3-T-017,5424.06342071,direct,,2.97521628007,,True
Q3-T-017,5426.06342071,direct,,2.97521628007,,True
Q3-T-017,5428.06342071,direct,,2.97521628007,,True
Q3-T-017,5430.06342071,direct,,2.97521628007,,True
Q3-T-017,5432.06342071,direct,,2.97521628007,,True
Q3-T-017,5434.06342071,direct,,2.97521628007,,True
Q3-T-017,5436.06342071,direct,,2.97521628007,,True
Q3-T-017,5438.06342071,direct,,2.97521628007,,True
Q3-T-017,5440.06342071,direct,,2.97521628007,,True
Q3-T-017,5442.06342071,direct,,2.97521628007,,True
Q3-T-017,5444.06342071,direct,,2.97521628007,,True
Q3-T-017,5446.06342071,direct,,2.97521628007,,True
Q3-T-017,5448.06342071,direct,,2.97521628007,,True
Q3-T-017,5450.06342071,direct,,2.97521628007,,True
Q3-T-017,5452.06342071,direct,,2.97521628007,,True
Q3-T-017,5454.06342071,direct,,2.97521628007,,True
Q3-T-017,5456.06342071,direct,,2.97521628007,,True
Q3-T-017,5458.06342071,direct,,2.97521628007,,True
Q3-T-017,5460.06342071,direct,,2.97521628007,,True
Q3-T-017,5462.06342071,direct,,2.97521628007,,True
Q3-T-017,5464.06342071,direct,,2.97521628007,,True
Q3-T-017,5466.06342071,direct,,2.97521628007,,True
Q3-T-017,5468.06342071,direct,,2.97521628007,,True
Q3-T-017,5470.06342071,direct,,2.97521628007,,True
Q3-T-017,5472.06342071,direct,,2.97521628007,,True
Q3-T-017,5474.06342071,direct,,2.97521628007,,True
Q3-T-017,5476.06342071,direct,,2.97521628007,,True
Q3-T-017,5478.06342071,direct,,2.97521628007,,True
Q3-T-017,5480.06342071,direct,,2.97521628007,,True
Q3-T-017,5482.06342071,direct,,2.97521628007,,True
Q3-T-017,5484.06342071,direct,,2.97521628007,,True
Q3-T-017,5486.06342071,direct,,2.97521628007,,True
Q3-T-017,5488.06342071,direct,,2.97521628007,,True
Q3-T-017,5490.06342071,direct,,2.97521628007,,True
Q3-T-017,5492.06342071,direct,,2.97521628007,,True
Q3-T-017,5494.06342071,direct,,2.97521628007,,True
Q3-T-017,5496.06342071,direct,,2.97521628007,,True
Q3-T-017,5498.06342071,direct,,2.97521628007,,True
Q3-T-017,5500.06342071,direct,,2.97521628007,,True
Q3-T-017,5502.06342071,direct,,2.97521628007,,True
Q3-T-017,5504.06342071,direct,,2.97521628007,,True
Q3-T-017,5506.06342071,direct,,2.97521628007,,True
Q3-T-017,5508.06342071,direct,,2.97521628007,,True
Q3-T-017,5510.06342071,direct,,2.97521628007,,True
Q3-T-017,5512.06342071,direct,,2.97521628007,,True
Q3-T-017,5514.06342071,direct,,2.97521628007,,True
Q3-T-017,5516.06342071,direct,,2.97521628007,,True
Q3-T-017,5518.06342071,direct,,2.97521628007,,True
Q3-T-017,5520.06342071,direct,,2.97521628007,,True
Q3-T-017,5522.06342071,direct,,2.97521628007,,True
Q3-T-017,5524.06342071,direct,,2.97521628007,,True
Q3-T-017,5526.06342071,direct,,2.97521628007,,True
Q3-T-017,5528.06342071,direct,,2.97521628007,,True
Q3-T-017,5530.06342071,direct,,2.97521628007,,True
Q3-T-017,5532.06342071,direct,,2.97521628007,,True
Q3-T-017,5534.06342071,direct,,2.97521628007,,True
Q3-T-017,5536.06342071,direct,,2.97521628007,,True
Q3-T-017,5538.06342071,direct,,2.97521628007,,True
Q3-T-017,5540.06342071,direct,,2.97521628007,,True
Q3-T-017,5542.06342071,direct,,2.97521628007,,True
Q3-T-017,5544.06342071,direct,,2.97521628007,,True
Q3-T-017,5546.06342071,direct,,2.97521628007,,True
Q3-T-017,5548.06342071,direct,,2.97521628007,,True
Q3-T-017,5550.06342071,direct,,2.97521628007,,True
Q3-T-017,5552.06342071,direct,,2.97521628007,,True
Q3-T-017,5554.06342071,direct,,2.97521628007,,True
Q3-T-017,5556.06342071,direct,,2.97521628007,,True
Q3-T-017,5558.06342071,direct,,2.97521628007,,True
Q3-T-017,5560.06342071,direct,,2.97521628007,,True
Q3-T-017,5562.06342071,direct,,2.97521628007,,True
Q3-T-017,5564.06342071,direct,,2.97521628007,,True
Q3-T-017,5566.06342071,direct,,2.97521628007,,True
Q3-T-017,5568.06342071,direct,,2.97521628007,,True
Q3-T-017,5570.06342071,direct,,2.97521628007,,True
Q3-T-017,5572.06342071,direct,,2.97521628007,,True
Q3-T-017,5574.06342071,direct,,2.97521628007,,True
Q3-T-017,5576.06342071,direct,,2.97521628007,,True
Q3-T-017,5578.06342071,direct,,2.97521628007,,True
Q3-T-017,5580.06342071,direct,,2.97521628007,,True
Q3-T-017,5582.06342071,direct,,2.97521628007,,True
Q3-T-017,5584.06342071,direct,,2.97521628007,,True
Q3-T-017,5586.06342071,direct,,2.97521628007,,True
Q3-T-017,5588.06342071,direct,,2.97521628007,,True
Q3-T-017,5590.06342071,direct,,2.97521628007,,True
Q3-T-017,5592.06342071,direct,,2.97521628007,,True
Q3-T-017,5594.06342071,direct,,2.97521628007,,True
Q3-T-017,5596.06342071,direct,,2.97521628007,,True
Q3-T-017,5598.06342071,direct,,2.97521628007,,True
Q3-T-017,5600.06342071,direct,,2.97521628007,,True
Q3-T-017,5602.06342071,direct,,2.97521628007,,True
Q3-T-017,5604.06342071,direct,,2.97521628007,,True
Q3-T-017,5606.06342071,direct,,2.97521628007,,True
Q3-T-017,5608.06342071,direct,,2.97521628007,,True
Q3-T-017,5610.06342071,direct,,2.97521628007,,True
Q3-T-017,5612.06342071,direct,,2.97521628007,,True
Q3-T-017,5614.06342071,direct,,2.97521628007,,True
Q3-T-017,5616.06342071,direct,,2.97521628007,,True
Q3-T-017,5618.06342071,direct,,2.97521628007,,True
Q3-T-017,5620.06342071,direct,,2.97521628007,,True
Q3-T-017,5622.06342071,direct,,2.97521628007,,True
Q3-T-017,5624.06342071,direct,,2.97521628007,,True
Q3-T-017,5626.06342071,direct,,2.97521628007,,True
Q3-T-017,5628.06342071,direct,,2.97521628007,,True
Q3-T-017,5630.06342071,direct,,2.97521628007,,True
Q3-T-017,5632.06342071,direct,,2.97521628007,,True
Q3-T-017,5634.06342071,direct,,2.97521628007,,True
Q3-T-017,5636.06342071,direct,,2.97521628007,,True
Q3-T-017,5638.06342071,direct,,2.97521628007,,True
Q3-T-017,5640.06342071,direct,,2.97521628007,,True
Q3-T-017,5642.06342071,direct,,2.97521628007,,True
Q3-T-017,5644.06342071,direct,,2.97521628007,,True
Q3-T-017,5646.06342071,direct,,2.97521628007,,True
Q3-T-017,5648.06342071,direct,,2.97521628007,,True
Q3-T-017,5650.06342071,direct,,2.97521628007,,True
Q3-T-017,5652.06342071,direct,,2.97521628007,,True
Q3-T-017,5654.06342071,direct,,2.97521628007,,True
Q3-T-017,5656.06342071,direct,,2.97521628007,,True
Q3-T-017,5658.06342071,direct,,2.97521628007,,True
Q3-T-017,5658.46246879,direct,,2.97521628007,,True
Q3-T-017,5660.06342071,direct,,2.97486329327,,True
Q3-T-017,5662.06342071,direct,,2.97438643675,,True
Q3-T-017,5664.06342071,direct,,2.97387001132,,True
Q3-T-017,5666.06342071,direct,,2.97331403111,,True
Q3-T-017,5668.06342071,direct,,2.97271851131,,True
Q3-T-017,5670.06342071,direct,,2.9720834682,,True
Q3-T-017,5672.06342071,direct,,2.97140891911,,True
Q3-T-017,5674.06342071,direct,,2.97069488248,,True
Q3-T-017,5676.06342071,direct,,2.9699413778,,True
Q3-T-017,5678.06342071,direct,,2.96914842562,,True
Q3-T-017,5680.06342071,direct,,2.96831604757,,True
Q3-T-017,5682.06342071,direct,,2.96744426635,,True
Q3-T-017,5684.06342071,direct,,2.9665331057,,True
Q3-T-017,5686.06342071,direct,,2.96558259046,,True
Q3-T-017,5686.21638725,direct,,2.96550809411,,True
Q3-T-017,5688.06342071,direct,,3.05138825234,,True
Q3-T-017,5690.06342071,direct,,3.14533658601,,True
Q3-T-017,5692.06342071,direct,,3.24035082889,,True
Q3-T-017,5694.06342071,direct,,3.3363830789,,True
Q3-T-017,5696.06342071,direct,,3.43348568381,,True
Q3-T-017,5698.06342071,direct,,3.5316700594,,True
Q3-T-017,5700.06342071,direct,,3.63098620628,,True
Q3-T-017,5702.06342071,direct,,3.73144735372,,True
Q3-T-017,5704.06342071,direct,,3.83308012095,,True
Q3-T-017,5706.06342071,direct,,3.93589882573,,True
Q3-T-017,5708.06342071,direct,,4.03995831922,,True
Q3-T-017,5710.06342071,direct,,4.14530769349,,True
Q3-T-017,5712.06342071,direct,,4.25191276447,,True
Q3-T-017,5714.06342071,direct,,4.35982362415,,True
Q3-T-017,5716.06342071,direct,,4.46910084544,,True
Q3-T-017,5718.06342071,direct,,4.57976490091,,True
Q3-T-017,5720.06342071,direct,,4.69185129735,,True
Q3-T-017,5722.06342071,direct,,4.80538229142,,True
Q3-T-017,5724.06342071,direct,,4.92042526913,,True
Q3-T-017,5726.06342071,direct,,5.03700564636,,True
Q3-T-017,5728.06342071,direct,,5.15518627189,,True
Q3-T-017,5730.06342071,direct,,5.27496780653,,True
Q3-T-017,5732.06342071,direct,,5.39641628766,,True
Q3-T-017,5734.06342071,direct,,5.51957853242,,True
Q3-T-017,5736.06342071,direct,,5.64448724621,,True
Q3-T-017,5738.06342071,direct,,5.77122530777,,True
Q3-T-017,5740.06342071,direct,,5.89982998023,,True
Q3-T-017,5742.06342071,direct,,6.03035675619,,True
Q3-T-017,5744.06342071,direct,,6.16284653902,,True
Q3-T-017,5746.06342071,direct,,16.2973938739,,True
Q3-T-017,5748.06342071,direct,,16.4340877707,,True
Q3-T-017,5750.06342071,direct,,16.572910561,,True
Q3-T-017,5752.06342071,direct,,16.7139553899,,True
Q3-T-017,5754.06342071,direct,,16.8573313429,,True
Q3-T-017,5756.06342071,direct,,17.0030971017,,True
Q3-T-017,5758.06342071,direct,,17.1513330942,,True
Q3-T-017,5760.06342071,direct,,17.3021043812,,True
Q3-T-017,5762.06342071,direct,,17.4555384497,,True
Q3-T-017,5764.06342071,direct,,17.6117097537,,True
Q3-T-017,5766.06342071,direct,,17.7707662811,,True
Q3-T-017,5768.06342071,direct,,17.9326932363,,True
Q3-T-017,5770.06342071,direct,,18.0976903039,,True
Q3-T-017,5772.06342071,direct,,18.2658528971,,True
Q3-T-017,5774.06342071,direct,,18.437303635,,True
Q3-T-017,5776.06342071,direct,,18.6121497211,,True
Q3-T-017,5778.06342071,direct,,18.7905734557,,True
Q3-T-017,5780.06342071,direct,,18.9726986155,,True
Q3-T-017,5782.06342071,direct,,19.1586561399,,True
Q3-T-017,5784.06342071,direct,,19.3487175367,,True
Q3-T-017,5786.06342071,direct,,19.5429177967,,True
Q3-T-017,5788.06342071,direct,,19.741501805,,True
Q3-T-017,5790.06342071,direct,,19.9446428874,,True
Q3-T-017,5792.06342071,direct,,20.1526063801,,True
Q3-T-017,5794.06342071,direct,,20.3655949382,,True
Q3-T-017,5796.06342071,direct,,20.5838533283,,True
Q3-T-017,5798.06342071,direct,,20.8076152998,,True
Q3-T-017,5800.06342071,direct,,21.0372206057,,True
Q3-T-017,5802.06342071,direct,,21.2729452076,,True
Q3-T-017,5804.06342071,direct,,21.5151928786,,True
Q3-T-017,5806.06342071,direct,,21.7641370115,,True
Q3-T-017,5808.06342071,direct,,22.0202988336,,True
Q3-T-017,5810.06342071,direct,,22.2840634793,,True
Q3-T-017,5812.06342071,direct,,22.5558836921,,True
Q3-T-017,5814.06342071,direct,,22.8362161113,,True
Q3-T-017,5816.06342071,direct,,23.1256706002,,True
Q3-T-017,5818.06342071,direct,,23.424800483,,True
Q3-T-017,5820.06342071,direct,,23.7342510779,,True
Q3-T-017,5822.06342071,direct,,24.0547901333,,True
Q3-T-017,5824.06342071,direct,,24.3870834967,,True
Q3-T-017,5826.06342071,direct,,24.7320500144,,True
Q3-T-017,5828.06342071,direct,,25.0905970635,,True
Q3-T-017,5830.06342071,direct,,25.4638747077,,True
Q3-T-017,5832.06342071,direct,,25.8530145665,,True
Q3-T-017,5834.06342071,direct,,26.2593273679,,True
Q3-T-017,5836.06342071,direct,,26.6842201345,,True
Q3-T-017,5838.06342071,direct,,27.1294356818,,True
Q3-T-017,5840.06342071,direct,,27.5968950708,,True
Q3-T-017,5842.06342071,direct,,28.0883517428,,True
Q3-T-017,5844.06342071,direct,,28.6061514894,,True
Q3-T-017,5846.06342071,direct,,29.1529455522,,True
Q3-T-017,5848.06342071,direct,,29.7314314333,,True
Q3-T-017,5850.06342071,direct,,30.3445815659,,True
Q3-T-017,5852.06342071,direct,,30.9954018911,,True
Q3-T-017,5854.06342071,direct,,31.687069515,,True
Q3-T-017,5856.06342071,direct,,32.4220320936,,True
Q3-T-017,5858.06342071,direct,,33.2015693002,,True
Q3-T-017,5860.06342071,direct,,34.0244479422,,True
Q3-T-017,5862.06342071,direct,,34.8837942713,,True
Q3-T-017,5864.06342071,direct,,35.7637022308,,True
Q3-T-017,5866.06342071,direct,,36.6320969605,,True
Q3-T-017,5868.06342071,direct,,37.4328227876,,True
Q3-T-017,5870.06342071,direct,,38.0818790177,,True
Q3-T-017,5872.06342071,direct,,38.4783873726,,True
Q3-T-017,5873.42348138,direct,,38.560517884,,True
Q3-T-017,5874.06342071,direct,,38.6551492397,,True
Q3-T-017,5876.06342071,direct,,38.9576975756,,True
Q3-T-017,5878.06342071,direct,,39.2711658333,,True
Q3-T-017,5880.06342071,direct,,39.5963718934,,True
Q3-T-017,5882.06342071,direct,,39.93422911,,True
Q3-T-017,5884.06342071,direct,,40.2857617742,,True
Q3-T-017,5886.06342071,direct,,40.6521238412,,True
Q3-T-017,5888.06342071,direct,,41.034621783,,True
Q3-T-017,5890.06342071,direct,,41.4347427101,,True
Q3-T-017,5892.06342071,direct,,41.8541892877,,True
Q3-T-017,5894.06342071,direct,,42.2949235197,,True
Q3-T-017,5896.06342071,direct,,42.7592222463,,True
Q3-T-017,5898.06342071,direct,,43.2497483308,,True
Q3-T-017,5900.06342071,direct,,43.7696431777,,True
Q3-T-017,5902.06342071,direct,,44.3226487443,,True
Q3-T-017,5904.06342071,direct,,44.9132711027,,True
Q3-T-017,5906.06342071,direct,,45.5470037787,,True
Q3-T-017,5908.06342071,direct,,46.2306391665,,True
Q3-T-017,5910.06342071,direct,,46.9727132973,,True
Q3-T-017,5912.06342071,direct,,47.7841589564,,True
Q3-T-017,5914.06342071,direct,,48.6792964932,,True
Q3-T-017,5916.06342071,direct,,49.6773962651,,True
Q3-T-017,5918.06342071,direct,,50.805260718,,True
Q3-T-017,5920.06342071,direct,,52.1017461379,,True
Q3-T-017,5922.06342071,direct,,53.6262869382,,True
Q3-T-017,5924.06342071,direct,,55.4766078288,,True
Q3-T-017,5926.06342071,direct,,57.8308643469,,True
Q3-T-017,5928.06342071,direct,,61.0706726264,,True
Q3-T-017,5930.06342071,direct,,66.2963226824,,True
Q3-T-017,5932.06342071,direct,,81.4396578605,,True
Q3-T-017,5934.06342071,direct,,70.0358507293,,True
Q3-T-017,5936.06342071,direct,,62.9190247898,,True
Q3-T-017,5938.06342071,direct,,59.0605196905,,True
Q3-T-017,5940.06342071,direct,,56.3981756724,,True
Q3-T-017,5940.48818354,direct,,55.9251752525,,True
Q3-T-018,6471.11364043,direct,,55.9251752525,,True
Q3-T-018,6473.11364043,direct,,58.4239499847,,True
Q3-T-018,6475.11364043,direct,,61.9457751658,,True
Q3-T-018,6477.11364043,direct,,67.966375079,,True
Q3-T-018,6479.11364043,direct,,141.945775166,,True
Q3-T-018,6481.11364043,direct,,67.966375079,,True
Q3-T-018,6483.11364043,direct,,61.9457751658,,True
Q3-T-018,6485.11364043,direct,,58.4239499847,,True
Q3-T-018,6487.11364043,direct,,55.9251752525,,True
Q3-T-018,6489.11364043,direct,,53.9869749923,,True
Q3-T-018,6491.11364043,direct,,52.4033500714,,True
Q3-T-018,6493.11364043,direct,,51.0644142788,,True
Q3-T-018,6495.11364043,direct,,49.9045753392,,True
Q3-T-018,6497.11364043,direct,,48.8815248903,,True
Q3-T-018,6499.11364043,direct,,47.966375079,,True
Q3-T-018,6501.11364043,direct,,47.1385213759,,True
Q3-T-018,6503.11364043,direct,,46.3827501581,,True
Q3-T-018,6505.11364043,direct,,45.6875080329,,True
Q3-T-018,6507.11364043,direct,,45.0438143655,,True
Q3-T-018,6509.11364043,direct,,44.4445498979,,True
Q3-T-018,6511.11364043,direct,,43.8839754259,,True
Q3-T-018,6513.11364043,direct,,43.3573966515,,True
Q3-T-018,6515.11364043,direct,,42.860924977,,True
Q3-T-018,6517.11364043,direct,,42.39130306,,True
Q3-T-018,6519.11364043,direct,,41.9457751658,,True
Q3-T-018,6521.11364043,direct,,41.5219891844,,True
Q3-T-018,6523.11364043,direct,,41.1179214626,,True
Q3-T-018,6525.11364043,direct,,40.7318183587,,True
Q3-T-018,6527.11364043,direct,,40.3621502448,,True
Q3-T-018,6529.11364043,direct,,40.0075749056,,True
Q3-T-018,6531.11364043,direct,,39.6669081196,,True
Q3-T-018,6533.11364043,direct,,39.3390997959,,True
Q3-T-018,6535.11364043,direct,,39.0232144522,,True
Q3-T-018,6537.11364043,direct,,38.7184151211,,True
Q3-T-018,6539.11364043,direct,,38.4239499847,,True
Q3-T-018,6541.11364043,direct,,38.1391412024,,True
Q3-T-018,6543.11364043,direct,,37.8633755126,,True
Q3-T-018,6545.11364043,direct,,37.5960962815,,True
Q3-T-018,6547.11364043,direct,,37.3367967382,,True
Q3-T-018,6549.11364043,direct,,37.085014192,,True
Q3-T-018,6550.59799591,direct,,36.9027980694,,True
Q3-T-018,6551.11364043,direct,,36.894660646,,True
Q3-T-018,6553.11364043,direct,,36.7133458875,,True
Q3-T-018,6555.11364043,direct,,36.3198638593,,True
Q3-T-018,6557.11364043,direct,,35.7665081115,,True
Q3-T-018,6559.11364043,direct,,35.110442921,,True
Q3-T-018,6561.11364043,direct,,34.4009836324,,True
Q3-T-018,6563.11364043,direct,,33.6733749057,,True
Q3-T-018,6565.11364043,direct,,32.9504879285,,True
Q3-T-018,6567.11364043,direct,,32.2465201782,,True
Q3-T-018,6569.11364043,direct,,31.5686498132,,True
Q3-T-018,6571.11364043,direct,,30.9200767337,,True
Q3-T-018,6573.11364043,direct,,30.3021889185,,True
Q3-T-018,6575.11364043,direct,,29.7143614771,,True
Q3-T-018,6577.11364043,direct,,29.1552020634,,True
Q3-T-018,6579.11364043,direct,,28.6235188421,,True
Q3-T-018,6581.11364043,direct,,28.1174023086,,True
Q3-T-018,6583.11364043,direct,,27.634931591,,True
Q3-T-018,6585.11364043,direct,,27.1747496052,,True
Q3-T-018,6587.11364043,direct,,26.7350753271,,True
Q3-T-018,6589.11364043,direct,,26.3142881807,,True
Q3-T-018,6591.11364043,direct,,25.9112985652,,True
Q3-T-018,6593.11364043,direct,,25.524687939,,True
Q3-T-018,6595.11364043,direct,,25.153193956,,True
Q3-T-018,6597.11364043,direct,,24.7959982357,,True
Q3-T-018,6599.11364043,direct,,24.4520203769,,True
Q3-T-018,6601.11364043,direct,,24.1203896134,,True
Q3-T-018,6603.11364043,direct,,23.8001906036,,True
Q3-T-018,6605.11364043,direct,,23.4909163435,,True
Q3-T-018,6607.11364043,direct,,23.191779941,,True
Q3-T-018,6609.11364043,direct,,22.9020795995,,True
Q3-T-018,6611.11364043,direct,,22.6214510819,,True
Q3-T-018,6613.11364043,direct,,22.3492712509,,True
Q3-T-018,6615.11364043,direct,,22.0849876529,,True
Q3-T-018,6617.11364043,direct,,21.8283297541,,True
Q3-T-018,6619.11364043,direct,,21.5788086654,,True
Q3-T-018,6621.11364043,direct,,21.3359749546,,True
Q3-T-018,6623.11364043,direct,,21.099636091,,True
Q3-T-018,6625.11364043,direct,,20.8693969156,,True
Q3-T-018,6627.11364043,direct,,20.6448777576,,True
Q3-T-018,6629.11364043,direct,,20.4259543213,,True
Q3-T-018,6631.11364043,direct,,20.212295811,,True
Q3-T-018,6633.11364043,direct,,20.0035852081,,True
Q3-T-018,6635.11364043,direct,,19.7997428119,,True
Q3-T-018,6637.11364043,direct,,19.6004806436,,True
Q3-T-018,6639.11364043,direct,,19.4056044741,,True
Q3-T-018,6641.11364043,direct,,19.2148692303,,True
Q3-T-018,6643.11364043,direct,,19.0282214455,,True
Q3-T-018,6645.11364043,direct,,18.8454394232,,True
Q3-T-018,6647.11364043,direct,,18.6663040234,,True
Q3-T-018,6649.11364043,direct,,18.4907923087,,True
Q3-T-018,6651.11364043,direct,,18.3187098918,,True
Q3-T-018,6653.11364043,direct,,18.1498660873,,True
Q3-T-018,6655.11364043,direct,,17.9842565796,,True
Q3-T-018,6657.11364043,direct,,17.8217034838,,True
Q3-T-018,6659.11364043,direct,,17.6620473466,,True
Q3-T-018,6661.11364043,direct,,17.5052931408,,True
Q3-T-018,6663.11364043,direct,,17.3512835412,,True
Q3-T-018,6665.11364043,direct,,17.1998801187,,True
Q3-T-018,6667.11364043,direct,,17.0510897311,,True
Q3-T-018,6669.11364043,direct,,16.9047795033,,True
Q3-T-018,6671.11364043,direct,,16.7608237731,,True
Q3-T-018,6673.11364043,direct,,16.6192369217,,True
Q3-T-018,6675.11364043,direct,,16.4799022204,,True
Q3-T-018,6677.11364043,direct,,16.3427000242,,True
Q3-T-018,6679.11364043,direct,,16.2076573986,,True
Q3-T-018,6681.11364043,direct,,16.0746669036,,True
Q3-T-018,6683.11364043,direct,,15.9436633571,,True
Q3-T-018,6685.11364043,direct,,15.8145502788,,True
Q3-T-018,6687.11364043,direct,,15.6873536865,,True
Q3-T-018,6689.11364043,direct,,15.5619811861,,True
Q3-T-018,6691.11364043,direct,,15.4383366935,,True
Q3-T-018,6693.11364043,direct,,15.3164556127,,True
Q3-T-018,6695.11364043,direct,,15.1962514815,,True
Q3-T-018,6697.11364043,direct,,15.0776360133,,True
Q3-T-018,6699.11364043,direct,,14.9606487575,,True
Q3-T-018,6701.11364043,direct,,14.845204477,,True
Q3-T-018,6703.11364043,direct,,14.7312274076,,True
Q3-T-018,6705.11364043,direct,,14.6187567652,,True
Q3-T-018,6707.11364043,direct,,14.5077136074,,True
Q3-T-018,6709.11364043,direct,,14.398029657,,True
Q3-T-018,6711.11364043,direct,,14.2897399464,,True
Q3-T-018,6713.11364043,direct,,14.1827764525,,True
Q3-T-018,6715.11364043,direct,,14.07707402,,True
Q3-T-018,6717.11364043,direct,,13.9726687319,,True
Q3-T-018,6719.11364043,direct,,13.8694989347,,True
Q3-T-018,6721.11364043,direct,,13.7674987929,,True
Q3-T-018,6723.11364043,direct,,13.6667102211,,True
Q3-T-018,6725.11364043,direct,,13.5670739528,,True
Q3-T-018,6727.11364043,direct,,13.4685608419,,True
Q3-T-018,6729.11364043,direct,,13.3711168908,,True
Q3-T-018,6731.11364043,direct,,13.2747795672,,True
Q3-T-018,6733.11364043,direct,,13.1794944805,,True
Q3-T-018,6735.11364043,direct,,13.0852093237,,True
Q3-T-018,6737.11364043,direct,,12.9919618237,,True
Q3-T-018,6739.11364043,direct,,12.8997022767,,True
Q3-T-018,6741.11364043,direct,,12.8083768278,,True
Q3-T-018,6743.11364043,direct,,12.7180278624,,True
Q3-T-018,6745.11364043,direct,,12.628606966,,True
Q3-T-018,6747.11364043,direct,,12.5400631206,,True
Q3-T-018,6749.11364043,direct,,12.4524400065,,True
Q3-T-018,6751.11364043,direct,,12.3656874657,,True
Q3-T-018,6753.11364043,direct,,12.2797613677,,True
Q3-T-018,6755.11364043,direct,,12.1947036789,,True
Q3-T-018,6757.11364043,direct,,12.1104667006,,True
Q3-T-018,6759.11364043,direct,,12.0270098814,,True
Q3-T-018,6761.11364043,direct,,11.9443707752,,True
Q3-T-018,6763.11364043,direct,,11.8625080366,,True
Q3-T-018,6765.11364043,direct,,11.7814085924,,True
Q3-T-018,6767.11364043,direct,,11.701029123,,True
Q3-T-018,6769.11364043,direct,,11.6214121583,,True
Q3-T-018,6771.11364043,direct,,11.542514931,,True
Q3-T-018,6773.11364043,direct,,11.464299939,,True
Q3-T-018,6775.11364043,direct,,11.386807957,,True
Q3-T-018,6777.11364043,direct,,11.3099980426,,True
Q3-T-018,6779.11364043,direct,,11.2338355788,,True
Q3-T-018,6781.11364043,direct,,11.1583571444,,True
Q3-T-018,6783.11364043,direct,,11.083527232,,True
Q3-T-018,6785.11364043,direct,,11.0093114432,,True
Q3-T-018,6787.11364043,direct,,10.9357459879,,True
Q3-T-018,6789.11364043,direct,,10.8627980136,,True
Q3-T-018,6791.11364043,direct,,10.7904309097,,True
Q3-T-018,6793.11364043,direct,,10.7186840941,,True
Q3-T-018,6795.11364043,direct,,10.6475248298,,True
Q3-T-018,6797.11364043,direct,,10.5769178758,,True
Q3-T-018,6799.11364043,direct,,10.5069033066,,True
Q3-T-018,6801.11364043,direct,,10.4374461768,,True
Q3-T-018,6803.11364043,direct,,10.3685171052,,True
Q3-T-018,6805.11364043,direct,,0.30015108447,,True
Q3-T-018,6807.11364043,direct,,0.232317807344,,True
Q3-T-018,6809.11364043,relay,H161,0.165010160093,6.41596758434,True
Q3-T-018,6811.11364043,relay,H161,0.0981957336457,6.41268766709,True
Q3-T-018,6813.11364043,relay,H161,0.0319133600271,6.40851445055,True
Q3-T-018,6815.11364043,relay,H161,-0.0338691465911,6.40350529582,True
Q3-T-018,6817.11364043,relay,H161,-0.099179845176,6.3976310301,True
Q3-T-018,6819.11364043,relay,H161,-0.163981528463,6.39087346443,True
Q3-T-018,6821.11364043,relay,H161,-0.228305328278,6.38329031076,True
Q3-T-018,6823.11364043,relay,H161,-0.292177316634,6.37482487591,True
Q3-T-018,6825.11364043,relay,H161,-0.355563945924,6.36554727328,True
Q3-T-018,6827.11364043,relay,H161,-0.418492209456,6.35543047519,True
Q3-T-018,6829.11364043,relay,H161,-0.480988376112,6.34444711927,True
Q3-T-018,6831.11364043,relay,H161,-0.543019336311,6.33266989476,True
Q3-T-018,6833.11364043,relay,H161,-0.604610211423,6.32004462867,True
Q3-T-018,6835.11364043,relay,H161,-0.665789488422,6.30662841087,True
Q3-T-018,6837.11364043,relay,H161,-0.726521454305,6.29241260606,True
Q3-T-018,6839.11364043,relay,H161,-0.786831459173,6.27737193538,True
Q3-T-018,6841.11364043,relay,H161,-0.846747154882,6.26156328861,True
Q3-T-018,6843.11364043,relay,H161,-0.906232346972,6.24495370582,True
Q3-T-018,6845.11364043,relay,H161,-0.965314563946,6.22760059739,True
Q3-T-018,6847.11364043,relay,H161,-1.02401773415,6.20947844774,True
Q3-T-018,6849.11364043,relay,H161,-1.08230715305,6.19058487755,True
Q3-T-018,6851.11364043,relay,H161,-1.14020957621,6.17097675024,True
Q3-T-018,6853.11364043,relay,H161,-1.19772821334,6.15061066727,True
Q3-T-018,6855.11364043,relay,H161,-1.25488894884,6.12954231463,True
Q3-T-018,6857.11364043,relay,H161,-1.31165770313,6.10777247703,True
Q3-T-018,6859.11364043,relay,H161,-1.36805746427,6.08527780747,True
Q3-T-018,6861.11364043,relay,H161,-1.42411342784,6.06211316391,True
Q3-T-018,6863.11364043,relay,H161,-1.4797910726,6.03825583636,True
Q3-T-018,6865.11364043,relay,H161,-1.53511551145,6.01376067889,True
Q3-T-018,6867.11364043,relay,H161,-1.59010853838,5.98860373548,True
Q3-T-018,6869.11364043,relay,H161,-1.6447370327,5.96279096543,True
Q3-T-018,6871.11364043,relay,H161,-1.6990254646,5.93637606835,True
Q3-T-018,6873.11364043,relay,H161,-1.7529941731,5.90931026088,True
Q3-T-018,6875.11364043,relay,H161,-1.80661316,5.88167691726,True
Q3-T-018,6877.11364043,relay,H161,-1.85990362119,5.85345308505,True
Q3-T-018,6879.11364043,relay,H161,-1.91288626248,5.82461582243,True
Q3-T-018,6881.11364043,relay,H161,-1.96553148692,5.79524881186,True
Q3-T-018,6883.11364043,relay,H161,-2.01785909789,5.76530498413,True
Q3-T-018,6885.11364043,relay,H161,-2.06989187469,5.73483424246,True
Q3-T-018,6887.11364043,relay,H161,-2.1215980305,5.7038476349,True
Q3-T-018,6889.11364043,relay,H161,-2.17299774078,5.67232291961,True
Q3-T-018,6891.11364043,relay,H161,-2.22411325345,5.64030842708,True
Q3-T-018,6893.11364043,relay,H161,-2.2749123786,5.60779338103,True
Q3-T-018,6895.11364043,relay,H161,-2.3254173203,5.57482546349,True
Q3-T-018,6897.11364043,relay,H161,-2.37563064019,5.54139378116,True
Q3-T-018,6899.11364043,relay,H161,-2.42557143594,5.50747562227,True
Q3-T-018,6901.11364043,relay,H161,-2.47521139871,5.47315403211,True
Q3-T-018,6902.63755384,relay,H161,-2.51284808004,5.44670144431,True
Q3-T-018,6903.11364043,relay,H161,-2.51279539695,5.44643285151,True
Q3-T-018,6905.11364043,relay,H161,-2.51257664687,5.4452944536,True
Q3-T-018,6907.11364043,relay,H161,-2.51236286452,5.44414397256,True
Q3-T-018,6909.11364043,relay,H161,-2.51215405065,5.44298141806,True
Q3-T-018,6911.11364043,relay,H161,-2.51195020596,5.44180679988,True
Q3-T-018,6913.11364043,relay,H161,-2.51175133116,5.4406201279,True
Q3-T-018,6915.11364043,relay,H161,-2.51155742693,5.43942141208,True
Q3-T-018,6917.11364043,relay,H161,-2.51136849394,5.43821066247,True
Q3-T-018,6919.11364043,relay,H161,-2.51118453283,5.43698788924,True
Q3-T-018,6921.11364043,relay,H161,-2.51100554424,5.43575310262,True
Q3-T-018,6923.11364043,relay,H161,-2.51083152879,5.43450631297,True
Q3-T-018,6925.11364043,relay,H161,-2.51066248706,5.43324753072,True
Q3-T-018,6927.11364043,relay,H161,-2.51049841965,5.43197676639,True
Q3-T-018,6929.11364043,relay,H161,-2.51033932712,5.43069403062,True
Q3-T-018,6931.11364043,relay,H161,-2.51018521001,5.42939933411,True
Q3-T-018,6933.11364043,relay,H161,-2.51003606886,5.42809268767,True
Q3-T-018,6935.11364043,relay,H161,-2.50989190417,5.4267741022,True
Q3-T-018,6937.11364043,relay,H161,-2.50975271644,5.4254435887,True
Q3-T-018,6939.11364043,relay,H161,-2.50961850615,5.42410115824,True
Q3-T-018,6941.11364043,relay,H161,-2.50948927377,5.422746822,True
Q3-T-018,6943.11364043,relay,H161,-2.50936501973,5.42138059124,True
Q3-T-018,6945.11364043,relay,H161,-2.50924574447,5.42000247733,True
Q3-T-018,6947.11364043,relay,H161,-2.50913144839,5.4186124917,True
Q3-T-018,6949.11364043,relay,H161,-2.50902213189,5.41721064588,True
Q3-T-018,6951.11364043,relay,H161,-2.50891779535,5.41579695152,True
Q3-T-018,6953.11364043,relay,H161,-2.50881843911,5.41437142031,True
Q3-T-018,6955.11364043,relay,H161,-2.50872406354,5.41293406407,True
Q3-T-018,6957.11364043,relay,H161,-2.50863466894,5.41148489469,True
Q3-T-018,6959.11364043,relay,H161,-2.50855025563,5.41002392415,True
Q3-T-018,6961.11364043,relay,H161,-2.50847082389,5.40855116451,True
Q3-T-018,6963.11364043,relay,H161,-2.50839637401,5.40706662793,True
Q3-T-018,6965.11364043,relay,H161,-2.50832690624,5.40557032667,True
Q3-T-018,6967.11364043,relay,H161,-2.50826242081,5.40406227304,True
Q3-T-018,6968.34299819,relay,H161,-2.50822523667,5.40312898906,True
Q3-T-018,6969.11364043,relay,H161,-2.50822523667,5.40312898906,True
Q3-T-018,6971.11364043,relay,H161,-2.50822523667,5.40312898906,True
Q3-T-018,6973.11364043,relay,H161,-2.50822523667,5.40312898906,True
Q3-T-018,6975.11364043,relay,H161,-2.50822523667,5.40312898906,True
Q3-T-018,6977.11364043,relay,H161,-2.50822523667,5.40312898906,True
Q3-T-018,6979.11364043,relay,H161,-2.50822523667,5.40312898906,True
Q3-T-018,6981.11364043,relay,H161,-2.50822523667,5.40312898906,True
Q3-T-018,6983.11364043,relay,H161,-2.50822523667,5.40312898906,True
Q3-T-018,6985.11364043,relay,H161,-2.50822523667,5.40312898906,True
Q3-T-018,6987.11364043,relay,H161,-2.50822523667,5.40312898906,True
Q3-T-018,6989.11364043,relay,H161,-2.50822523667,5.40312898906,True
Q3-T-018,6991.11364043,relay,H161,-2.50822523667,5.40312898906,True
Q3-T-018,6993.11364043,relay,H161,-2.50822523667,5.40312898906,True
Q3-T-018,6995.11364043,relay,H161,-2.50822523667,5.40312898906,True
Q3-T-018,6997.11364043,relay,H161,-2.50822523667,5.40312898906,True
Q3-T-018,6999.11364043,relay,H161,-2.50822523667,5.40312898906,True
Q3-T-018,7001.11364043,relay,H161,-2.50822523667,5.40312898906,True
Q3-T-018,7003.11364043,relay,H161,-2.50822523667,5.40312898906,True
Q3-T-018,7005.11364043,relay,H161,-2.50822523667,5.40312898906,True
Q3-T-018,7007.11364043,relay,H161,-2.50822523667,5.40312898906,True
Q3-T-018,7009.11364043,relay,H161,-2.50822523667,5.40312898906,True
Q3-T-018,7011.11364043,relay,H161,-2.50822523667,5.40312898906,True
Q3-T-018,7013.11364043,relay,H161,-2.50822523667,5.40312898906,True
Q3-T-018,7015.11364043,relay,H161,-2.50822523667,5.40312898906,True
Q3-T-018,7017.11364043,relay,H161,-2.50822523667,5.40312898906,True
Q3-T-018,7019.11364043,relay,H161,-2.50822523667,5.40312898906,True
Q3-T-018,7021.11364043,relay,H161,-2.50822523667,5.40312898906,True
Q3-T-018,7023.11364043,relay,H161,-2.50822523667,5.40312898906,True
Q3-T-018,7025.11364043,relay,H161,-2.50822523667,5.40312898906,True
Q3-T-018,7027.11364043,relay,H161,-2.50822523667,5.40312898906,True
Q3-T-018,7029.11364043,relay,H161,-2.50822523667,5.40312898906,True
Q3-T-018,7031.11364043,relay,H161,-2.50822523667,5.40312898906,True
Q3-T-018,7033.11364043,relay,H161,-2.50822523667,5.40312898906,True
Q3-T-018,7035.11364043,relay,H161,-2.50822523667,5.40312898906,True
Q3-T-018,7037.11364043,relay,H161,-2.50822523667,5.40312898906,True
Q3-T-018,7039.11364043,relay,H161,-2.50822523667,5.40312898906,True
Q3-T-018,7041.11364043,relay,H161,-2.50822523667,5.40312898906,True
Q3-T-018,7043.11364043,relay,H161,-2.50822523667,5.40312898906,True
Q3-T-018,7045.11364043,relay,H161,-2.50822523667,5.40312898906,True
Q3-T-018,7047.11364043,relay,H161,-2.50822523667,5.40312898906,True
Q3-T-018,7049.11364043,relay,H161,-2.50822523667,5.40312898906,True
Q3-T-018,7051.11364043,relay,H161,-2.50822523667,5.40312898906,True
Q3-T-018,7053.11364043,relay,H161,-2.50822523667,5.40312898906,True
Q3-T-018,7055.11364043,relay,H161,-2.50822523667,5.40312898906,True
Q3-T-018,7057.11364043,relay,H161,-2.50822523667,5.40312898906,True
Q3-T-018,7059.11364043,relay,H161,-2.50822523667,5.40312898906,True
Q3-T-018,7061.11364043,relay,H161,-2.50822523667,5.40312898906,True
Q3-T-018,7063.11364043,relay,H161,-2.50822523667,5.40312898906,True
Q3-T-018,7065.11364043,relay,H161,-2.50822523667,5.40312898906,True
Q3-T-018,7067.11364043,relay,H161,-2.50822523667,5.40312898906,True
Q3-T-018,7069.11364043,relay,H161,-2.50822523667,5.40312898906,True
Q3-T-018,7071.11364043,relay,H161,-2.50822523667,5.40312898906,True
Q3-T-018,7073.11364043,relay,H161,-2.50822523667,5.40312898906,True
Q3-T-018,7075.11364043,relay,H161,-2.50822523667,5.40312898906,True
Q3-T-018,7077.11364043,relay,H161,-2.50822523667,5.40312898906,True
Q3-T-018,7079.11364043,relay,H161,-2.50822523667,5.40312898906,True
Q3-T-018,7081.11364043,relay,H161,-2.50822523667,5.40312898906,True
Q3-T-018,7083.11364043,relay,H161,-2.50822523667,5.40312898906,True
Q3-T-018,7085.11364043,relay,H161,-2.50822523667,5.40312898906,True
Q3-T-018,7087.11364043,relay,H161,-2.50822523667,5.40312898906,True
Q3-T-018,7089.11364043,relay,H161,-2.50822523667,5.40312898906,True
Q3-T-018,7091.11364043,relay,H161,-2.50822523667,5.40312898906,True
Q3-T-018,7093.11364043,relay,H161,-2.50822523667,5.40312898906,True
Q3-T-018,7095.11364043,relay,H161,-2.50822523667,5.40312898906,True
Q3-T-018,7097.11364043,relay,H161,-2.50822523667,5.40312898906,True
Q3-T-018,7099.11364043,relay,H161,-2.50822523667,5.40312898906,True
Q3-T-018,7101.11364043,relay,H161,-2.50822523667,5.40312898906,True
Q3-T-018,7103.11364043,relay,H161,-2.50822523667,5.40312898906,True
Q3-T-018,7105.11364043,relay,H161,-2.50822523667,5.40312898906,True
Q3-T-018,7107.11364043,relay,H161,-2.50822523667,5.40312898906,True
Q3-T-018,7109.11364043,relay,H161,-2.50822523667,5.40312898906,True
Q3-T-018,7111.11364043,relay,H161,-2.50822523667,5.40312898906,True
Q3-T-018,7113.11364043,relay,H161,-2.50822523667,5.40312898906,True
Q3-T-018,7115.11364043,relay,H161,-2.50822523667,5.40312898906,True
Q3-T-018,7117.11364043,relay,H161,-2.50822523667,5.40312898906,True
Q3-T-018,7119.11364043,relay,H161,-2.50822523667,5.40312898906,True
Q3-T-018,7121.11364043,relay,H161,-2.50822523667,5.40312898906,True
Q3-T-018,7123.11364043,relay,H161,-2.50822523667,5.40312898906,True
Q3-T-018,7125.11364043,relay,H161,-2.50822523667,5.40312898906,True
Q3-T-018,7127.11364043,relay,H161,-2.50822523667,5.40312898906,True
Q3-T-018,7129.11364043,relay,H161,-2.50822523667,5.40312898906,True
Q3-T-018,7131.11364043,relay,H161,-2.50822523667,5.40312898906,True
Q3-T-018,7133.11364043,relay,H161,-2.50822523667,5.40312898906,True
Q3-T-018,7135.11364043,relay,H161,-2.50822523667,5.40312898906,True
Q3-T-018,7137.11364043,relay,H161,-2.50822523667,5.40312898906,True
Q3-T-018,7139.11364043,relay,H161,-2.50822523667,5.40312898906,True
Q3-T-018,7141.11364043,relay,H161,-2.50822523667,5.40312898906,True
Q3-T-018,7143.11364043,relay,H161,-2.50822523667,5.40312898906,True
Q3-T-018,7145.11364043,relay,H161,-2.50822523667,5.40312898906,True
Q3-T-018,7147.11364043,relay,H161,-2.50822523667,5.40312898906,True
Q3-T-018,7149.11364043,relay,H161,-2.50822523667,5.40312898906,True
Q3-T-018,7151.11364043,relay,H161,-2.50822523667,5.40312898906,True
Q3-T-018,7153.11364043,relay,H161,-2.50822523667,5.40312898906,True
Q3-T-018,7155.11364043,relay,H161,-2.50822523667,5.40312898906,True
Q3-T-018,7157.11364043,relay,H161,-2.50822523667,5.40312898906,True
Q3-T-018,7159.11364043,relay,H161,-2.50822523667,5.40312898906,True
Q3-T-018,7161.11364043,relay,H161,-2.50822523667,5.40312898906,True
Q3-T-018,7163.11364043,relay,H161,-2.50822523667,5.40312898906,True
Q3-T-018,7165.11364043,relay,H161,-2.50822523667,5.40312898906,True
Q3-T-018,7167.11364043,relay,H161,-2.50822523667,5.40312898906,True
Q3-T-018,7169.11364043,relay,H161,-2.50822523667,5.40312898906,True
Q3-T-018,7171.11364043,relay,H161,-2.50822523667,5.40312898906,True
Q3-T-018,7173.11364043,relay,H161,-2.50822523667,5.40312898906,True
Q3-T-018,7175.11364043,relay,H161,-2.50822523667,5.40312898906,True
Q3-T-018,7177.11364043,relay,H161,-2.50822523667,5.40312898906,True
Q3-T-018,7179.11364043,relay,H161,-2.50822523667,5.40312898906,True
Q3-T-018,7181.11364043,relay,H161,-2.50822523667,5.40312898906,True
Q3-T-018,7183.11364043,relay,H161,-2.50822523667,5.40312898906,True
Q3-T-018,7185.11364043,relay,H161,-2.50822523667,5.40312898906,True
Q3-T-018,7187.11364043,relay,H161,-2.50822523667,5.40312898906,True
Q3-T-018,7189.11364043,relay,H161,-2.50822523667,5.40312898906,True
Q3-T-018,7191.11364043,relay,H161,-2.50822523667,5.40312898906,True
Q3-T-018,7193.11364043,relay,H161,-2.50822523667,5.40312898906,True
Q3-T-018,7195.11364043,relay,H161,-2.50822523667,5.40312898906,True
Q3-T-018,7197.11364043,relay,H161,-2.50822523667,5.40312898906,True
Q3-T-018,7199.11364043,relay,H161,-2.50822523667,5.40312898906,True
Q3-T-018,7201.11364043,relay,H161,-2.50822523667,5.40312898906,True
Q3-T-018,7203.11364043,relay,H161,-2.50822523667,5.40312898906,True
Q3-T-018,7205.11364043,relay,H161,-2.50822523667,5.40312898906,True
Q3-T-018,7207.11364043,relay,H161,-2.50822523667,5.40312898906,True
Q3-T-018,7209.11364043,relay,H161,-2.50822523667,5.40312898906,True
Q3-T-018,7211.11364043,relay,H161,-2.50822523667,5.40312898906,True
Q3-T-018,7213.11364043,relay,H161,-2.50822523667,5.40312898906,True
Q3-T-018,7215.11364043,relay,H161,-2.50822523667,5.40312898906,True
Q3-T-018,7217.11364043,relay,H161,-2.50822523667,5.40312898906,True
Q3-T-018,7219.11364043,relay,H161,-2.50822523667,5.40312898906,True
Q3-T-018,7221.11364043,relay,H161,-2.50822523667,5.40312898906,True
Q3-T-018,7223.11364043,relay,H161,-2.50822523667,5.40312898906,True
Q3-T-018,7225.11364043,relay,H161,-2.50822523667,5.40312898906,True
Q3-T-018,7227.11364043,relay,H161,-2.50822523667,5.40312898906,True
Q3-T-018,7229.11364043,relay,H161,-2.50822523667,5.40312898906,True
Q3-T-018,7231.11364043,relay,H161,-2.50822523667,5.40312898906,True
Q3-T-018,7233.11364043,relay,H161,-2.50822523667,5.40312898906,True
Q3-T-018,7235.11364043,relay,H161,-2.50822523667,5.40312898906,True
Q3-T-018,7237.11364043,relay,H161,-2.50822523667,5.40312898906,True
Q3-T-018,7239.11364043,relay,H161,-2.50822523667,5.40312898906,True
Q3-T-018,7241.11364043,relay,H161,-2.50822523667,5.40312898906,True
Q3-T-018,7243.11364043,relay,H161,-2.50822523667,5.40312898906,True
Q3-T-018,7245.11364043,relay,H161,-2.50822523667,5.40312898906,True
Q3-T-018,7247.11364043,relay,H161,-2.50822523667,5.40312898906,True
Q3-T-018,7249.11364043,relay,H161,-2.50822523667,5.40312898906,True
Q3-T-018,7251.11364043,relay,H161,-2.50822523667,5.40312898906,True
Q3-T-018,7253.11364043,relay,H161,-2.50822523667,5.40312898906,True
Q3-T-018,7255.11364043,relay,H161,-2.50822523667,5.40312898906,True
Q3-T-018,7257.11364043,relay,H161,-2.50822523667,5.40312898906,True
Q3-T-018,7259.11364043,relay,H161,-2.50822523667,5.40312898906,True
Q3-T-018,7261.11364043,relay,H161,-2.50822523667,5.40312898906,True
Q3-T-018,7263.11364043,relay,H161,-2.50822523667,5.40312898906,True
Q3-T-018,7265.11364043,relay,H161,-2.50822523667,5.40312898906,True
Q3-T-018,7267.11364043,relay,H161,-2.50822523667,5.40312898906,True
Q3-T-018,7269.11364043,relay,H161,-2.50822523667,5.40312898906,True
Q3-T-018,7271.11364043,relay,H161,-2.50822523667,5.40312898906,True
Q3-T-018,7273.11364043,relay,H161,-2.50822523667,5.40312898906,True
Q3-T-018,7275.11364043,relay,H161,-2.50822523667,5.40312898906,True
Q3-T-018,7277.11364043,relay,H161,-2.50822523667,5.40312898906,True
Q3-T-018,7279.11364043,relay,H161,-2.50822523667,5.40312898906,True
Q3-T-018,7281.11364043,relay,H161,-2.50822523667,5.40312898906,True
Q3-T-018,7283.11364043,relay,H161,-2.50822523667,5.40312898906,True
Q3-T-018,7285.11364043,relay,H161,-2.50822523667,5.40312898906,True
Q3-T-018,7287.11364043,relay,H161,-2.50822523667,5.40312898906,True
Q3-T-018,7289.11364043,relay,H161,-2.50822523667,5.40312898906,True
Q3-T-018,7291.11364043,relay,H161,-2.50822523667,5.40312898906,True
Q3-T-018,7293.11364043,relay,H161,-2.50822523667,5.40312898906,True
Q3-T-018,7295.11364043,relay,H161,-2.50822523667,5.40312898906,True
Q3-T-018,7297.11364043,relay,H161,-2.50822523667,5.40312898906,True
Q3-T-018,7299.11364043,relay,H161,-2.50822523667,5.40312898906,True
Q3-T-018,7301.11364043,relay,H161,-2.50822523667,5.40312898906,True
Q3-T-018,7303.11364043,relay,H161,-2.50822523667,5.40312898906,True
Q3-T-018,7305.11364043,relay,H161,-2.50822523667,5.40312898906,True
Q3-T-018,7307.11364043,relay,H161,-2.50822523667,5.40312898906,True
Q3-T-018,7309.11364043,relay,H161,-2.50822523667,5.40312898906,True
Q3-T-018,7311.11364043,relay,H161,-2.50822523667,5.40312898906,True
Q3-T-018,7313.11364043,relay,H161,-2.50822523667,5.40312898906,True
Q3-T-018,7315.11364043,relay,H161,-2.50822523667,5.40312898906,True
Q3-T-018,7317.11364043,relay,H161,-2.50822523667,5.40312898906,True
Q3-T-018,7319.11364043,relay,H161,-2.50822523667,5.40312898906,True
Q3-T-018,7321.11364043,relay,H161,-2.50822523667,5.40312898906,True
Q3-T-018,7323.11364043,relay,H161,-2.50822523667,5.40312898906,True
Q3-T-018,7325.11364043,relay,H161,-2.50822523667,5.40312898906,True
Q3-T-018,7327.11364043,relay,H161,-2.50822523667,5.40312898906,True
Q3-T-018,7329.11364043,relay,H161,-2.50822523667,5.40312898906,True
Q3-T-018,7331.11364043,relay,H161,-2.50822523667,5.40312898906,True
Q3-T-018,7333.11364043,relay,H161,-2.50822523667,5.40312898906,True
Q3-T-018,7335.11364043,relay,H161,-2.50822523667,5.40312898906,True
Q3-T-018,7337.11364043,relay,H161,-2.50822523667,5.40312898906,True
Q3-T-018,7339.11364043,relay,H161,-2.50822523667,5.40312898906,True
Q3-T-018,7341.11364043,relay,H161,-2.50822523667,5.40312898906,True
Q3-T-018,7343.11364043,relay,H161,-2.50822523667,5.40312898906,True
Q3-T-018,7345.11364043,relay,H161,-2.50822523667,5.40312898906,True
Q3-T-018,7347.11364043,relay,H161,-2.50822523667,5.40312898906,True
Q3-T-018,7349.11364043,relay,H161,-2.50822523667,5.40312898906,True
Q3-T-018,7351.11364043,relay,H161,-2.50822523667,5.40312898906,True
Q3-T-018,7353.11364043,relay,H161,-2.50822523667,5.40312898906,True
Q3-T-018,7355.11364043,relay,H161,-2.50822523667,5.40312898906,True
Q3-T-018,7357.11364043,relay,H161,-2.50822523667,5.40312898906,True
Q3-T-018,7359.11364043,relay,H161,-2.50822523667,5.40312898906,True
Q3-T-018,7361.11364043,relay,H161,-2.50822523667,5.40312898906,True
Q3-T-018,7363.11364043,relay,H161,-2.50822523667,5.40312898906,True
Q3-T-018,7364.34299819,relay,H161,-2.50822523667,5.40312898906,True
Q3-T-018,7365.11364043,relay,H161,-2.50825425032,5.40386157484,True
Q3-T-018,7367.11364043,relay,H161,-2.50833481039,5.40574675163,True
Q3-T-018,7369.11364043,relay,H161,-2.50842315533,5.40761356309,True
Q3-T-018,7371.11364043,relay,H161,-2.50851928467,5.40946198518,True
Q3-T-018,7373.11364043,relay,H161,-2.50862319788,5.41129199407,True
Q3-T-018,7375.11364043,relay,H161,-2.50873489442,5.41310356614,True
Q3-T-018,7377.11364043,relay,H161,-2.50885437369,5.41489667799,True
Q3-T-018,7379.11364043,relay,H161,-2.50898163503,5.41667130643,True
Q3-T-018,7381.11364043,relay,H161,-2.50911667776,5.4184274285,True
Q3-T-018,7383.11364043,relay,H161,-2.50925950117,5.42016502145,True
Q3-T-018,7385.11364043,relay,H161,-2.50941010447,5.42188406273,True
Q3-T-018,7387.11364043,relay,H161,-2.50956848687,5.42358453005,True
Q3-T-018,7389.11364043,relay,H161,-2.5097346475,5.42526640131,True
Q3-T-018,7391.11364043,relay,H161,-2.50990858549,5.42692965464,True
Q3-T-018,7393.11364043,relay,H161,-2.51009029988,5.42857426839,True
Q3-T-018,7395.11364043,relay,H161,-2.51027978972,5.43020022114,True
Q3-T-018,7397.11364043,relay,H161,-2.51047705397,5.43180749169,True
Q3-T-018,7399.11364043,relay,H161,-2.51068209158,5.43339605907,True
Q3-T-018,7401.11364043,relay,H161,-2.51089490144,5.43496590253,True
Q3-T-018,7403.11364043,relay,H161,-2.51111548242,5.43651700154,True
Q3-T-018,7405.11364043,relay,H161,-2.51134383333,5.43804933582,True
Q3-T-018,7407.11364043,relay,H161,-2.51157995295,5.4395628853,True
Q3-T-018,7409.11364043,relay,H161,-2.51182383999,5.44105763014,True
Q3-T-018,7411.11364043,relay,H161,-2.51207549317,5.44253355075,True
Q3-T-018,7413.11364043,relay,H161,-2.51233491112,5.44399062776,True
Q3-T-018,7415.11364043,relay,H161,-2.51260209245,5.44542884201,True
Q3-T-018,7416.90735367,relay,H161,-2.51284808004,5.44670144431,True
Q3-T-018,7417.11364043,relay,H161,-2.5077637834,5.45030263429,True
Q3-T-018,7419.11364043,relay,H161,-2.45830982357,5.48490648671,True
Q3-T-018,7421.11364043,relay,H161,-2.40855640233,5.51909224535,True
Q3-T-018,7423.11364043,relay,H161,-2.35853421728,5.55284540696,True
Q3-T-018,7425.11364043,relay,H161,-2.30822179685,5.58612026946,True
Q3-T-018,7427.11364043,relay,H161,-2.25761743847,5.61895044766,True
Q3-T-018,7429.11364043,relay,H161,-2.20669905009,5.65128864006,True
Q3-T-018,7431.11364043,relay,H161,-2.15549787645,5.68312145033,True
Q3-T-018,7433.11364043,relay,H161,-2.10399432678,5.71447214488,True
Q3-T-018,7435.11364043,relay,H161,-2.05216578933,5.74529172358,True
Q3-T-018,7437.11364043,relay,H161,-2.000044803,5.77559254286,True
Q3-T-018,7439.11364043,relay,H161,-1.9476087074,5.80532503555,True
Q3-T-018,7441.11364043,relay,H161,-1.89483693505,5.83451148444,True
Q3-T-018,7443.11364043,relay,H161,-1.84176161688,5.86314212639,True
Q3-T-018,7445.11364043,relay,H161,-1.78835954032,5.89116591071,True
Q3-T-018,7447.11364043,relay,H161,-1.73461050222,5.91863040919,True
Q3-T-018,7449.11364043,relay,H161,-1.68054441207,5.94545215801,True
Q3-T-018,7451.11364043,relay,H161,-1.62614014658,5.97165426858,True
Q3-T-018,7453.11364043,relay,H161,-1.57137607571,5.99725983735,True
Q3-T-018,7455.11364043,relay,H161,-1.51628251534,6.02218591134,True
Q3-T-018,7457.11364043,relay,H161,-1.46083869976,6.04648188358,True
Q3-T-018,7459.11364043,relay,H161,-1.40501966017,6.07009313931,True
Q3-T-018,7461.11364043,relay,H161,-1.34885981074,6.09304177372,True
Q3-T-018,7463.11364043,relay,H161,-1.29233410215,6.1152731348,True
Q3-T-018,7465.11364043,relay,H161,-1.2354196865,6.1368104756,True
Q3-T-018,7467.11364043,relay,H161,-1.17815053845,6.15765245888,True
Q3-T-018,7469.11364043,relay,H161,-1.12050092814,6.17774356481,True
Q3-T-018,7471.11364043,relay,H161,-1.06246770412,6.19712683216,True
Q3-T-018,7473.11364043,relay,H161,-1.00402427467,6.21574554337,True
Q3-T-018,7475.11364043,relay,H161,-0.945205237496,6.23360146386,True
Q3-T-018,7477.11364043,relay,H161,-0.885986817833,6.25071997878,True
Q3-T-018,7479.11364043,relay,H161,-0.82634166077,6.26704378127,True
Q3-T-018,7481.11364043,relay,H161,-0.76630584794,6.28260510872,True
Q3-T-018,7483.11364043,relay,H161,-0.705851904256,6.29734714047,True
Q3-T-018,7485.11364043,relay,H161,-0.644954650138,6.31129500157,True
Q3-T-018,7487.11364043,relay,H161,-0.583649688873,6.32445665337,True
Q3-T-018,7489.11364043,relay,H161,-0.521908721239,6.33677503394,True
Q3-T-018,7491.11364043,relay,H161,-0.459706802476,6.34830409395,True
Q3-T-018,7493.11364043,relay,H161,-0.397076946068,6.35897061023,True
Q3-T-018,7495.11364043,relay,H161,-0.333993068229,6.36880176712,True
Q3-T-018,7497.11364043,relay,H161,-0.270428368958,6.37782442655,True
Q3-T-018,7499.11364043,relay,H161,-0.206416299643,6.38596788984,True
Q3-T-018,7501.11364043,relay,H161,-0.141930980618,6.39328862861,True
Q3-T-018,7503.11364043,relay,H161,-0.0769415023272,6.39972887431,True
Q3-T-018,7505.11364043,relay,H161,-0.0114849602998,6.40530607146,True
Q3-T-018,7507.11364043,relay,H161,0.0544664933095,6.41004921942,True
Q3-T-018,7509.11364043,relay,H161,0.120944806806,6.41390086744,True
Q3-T-018,7511.11364043,relay,H161,0.187911265589,6.41691055474,True
Q3-T-018,7513.11364043,direct,,0.255398035433,,True
Q3-T-018,7515.11364043,direct,,10.3234121109,,True
Q3-T-018,7517.11364043,direct,,10.3919835563,,True
Q3-T-018,7519.11364043,direct,,10.4610774726,,True
Q3-T-018,7521.11364043,direct,,10.5307229978,,True
Q3-T-018,7523.11364043,direct,,10.6009547976,,True
Q3-T-018,7525.11364043,direct,,10.6717340872,,True
Q3-T-018,7527.11364043,direct,,10.7430922996,,True
Q3-T-018,7529.11364043,direct,,10.8150654105,,True
Q3-T-018,7531.11364043,direct,,10.8876129364,,True
Q3-T-018,7533.11364043,direct,,10.9607711781,,True
Q3-T-018,7535.11364043,direct,,11.0345739139,,True
Q3-T-018,7537.11364043,direct,,11.1089813475,,True
Q3-T-018,7539.11364043,direct,,11.1840312339,,True
Q3-T-018,7541.11364043,direct,,11.2597575269,,True
Q3-T-018,7543.11364043,direct,,11.3361237269,,True
Q3-T-018,7545.11364043,direct,,11.413165395,,True
Q3-T-018,7547.11364043,direct,,11.4909192595,,True
Q3-T-018,7549.11364043,direct,,11.5693484736,,True
Q3-T-018,7551.11364043,direct,,11.6484888908,,True
Q3-T-018,7553.11364043,direct,,11.7283561496,,True
Q3-T-018,7555.11364043,direct,,11.8089892966,,True
Q3-T-018,7557.11364043,direct,,11.8903470661,,True
Q3-T-018,7559.11364043,direct,,11.9724730032,,True
Q3-T-018,7561.11364043,direct,,12.0554066765,,True
Q3-T-018,7563.11364043,direct,,12.1391105799,,True
Q3-T-018,7565.11364043,direct,,12.2236262182,,True
Q3-T-018,7567.11364043,direct,,12.3089965735,,True
Q3-T-018,7569.11364043,direct,,12.3951839467,,True
Q3-T-018,7571.11364043,direct,,12.4822305627,,True
Q3-T-018,7573.11364043,direct,,12.5701860191,,True
Q3-T-018,7575.11364043,direct,,12.6590081634,,True
Q3-T-018,7577.11364043,direct,,12.7487430054,,True
Q3-T-018,7579.11364043,direct,,12.839442794,,True
Q3-T-018,7581.11364043,direct,,12.9310636928,,True
Q3-T-018,7583.11364043,direct,,13.0236589089,,True
Q3-T-018,7585.11364043,direct,,13.1172775044,,True
Q3-T-018,7587.11364043,direct,,13.2118817164,,True
Q3-T-018,7589.11364043,direct,,13.3075231653,,True
Q3-T-018,7591.11364043,direct,,13.4042555156,,True
Q3-T-018,7593.11364043,direct,,13.5020412281,,True
Q3-T-018,7595.11364043,direct,,13.600933546,,True
Q3-T-018,7597.11364043,direct,,13.7009610211,,True
Q3-T-018,7599.11364043,direct,,13.802182074,,True
Q3-T-018,7601.11364043,direct,,13.9045546985,,True
Q3-T-018,7603.11364043,direct,,14.0081437943,,True
Q3-T-018,7605.11364043,direct,,14.1130100763,,True
Q3-T-018,7607.11364043,direct,,14.2191172732,,True
Q3-T-018,7609.11364043,direct,,14.3265295264,,True
Q3-T-018,7611.11364043,direct,,14.4353137818,,True
Q3-T-018,7613.11364043,direct,,14.5454347469,,True
Q3-T-018,7615.11364043,direct,,14.6569595629,,True
Q3-T-018,7617.11364043,direct,,14.7699658979,,True
Q3-T-018,7619.11364043,direct,,14.8844142345,,True
Q3-T-018,7621.11364043,direct,,15.0003790211,,True
Q3-T-018,7623.11364043,direct,,15.1179440388,,True
Q3-T-018,7625.11364043,direct,,15.2370693468,,True
Q3-T-018,7627.11364043,direct,,15.3578416641,,True
Q3-T-018,7629.11364043,direct,,15.4803458329,,True
Q3-T-018,7631.11364043,direct,,15.6045459045,,True
Q3-T-018,7633.11364043,direct,,15.730536152,,True
Q3-T-018,7635.11364043,direct,,15.8584071107,,True
Q3-T-018,7637.11364043,direct,,15.9881319831,,True
Q3-T-018,7639.11364043,direct,,16.1198074166,,True
Q3-T-018,7641.11364043,direct,,16.2534902198,,True
Q3-T-018,7643.11364043,direct,,16.3892920874,,True
Q3-T-018,7645.11364043,direct,,16.5271827384,,True
Q3-T-018,7647.11364043,direct,,16.6672792058,,True
Q3-T-018,7649.11364043,direct,,16.8096978773,,True
Q3-T-018,7651.11364043,direct,,16.95441585,,True
Q3-T-018,7653.11364043,direct,,17.1015628759,,True
Q3-T-018,7655.11364043,direct,,17.2512662014,,True
Q3-T-018,7657.11364043,direct,,17.4035171489,,True
Q3-T-018,7659.11364043,direct,,17.5584531352,,True
Q3-T-018,7661.11364043,direct,,17.7162197316,,True
Q3-T-018,7663.11364043,direct,,17.8768174459,,True
Q3-T-018,7665.11364043,direct,,18.0403987635,,True
Q3-T-018,7667.11364043,direct,,18.2071367043,,True
Q3-T-018,7669.11364043,direct,,18.3770354973,,True
Q3-T-018,7671.11364043,direct,,18.5502718462,,True
Q3-T-018,7673.11364043,direct,,18.7270427792,,True
Q3-T-018,7675.11364043,direct,,18.9073645244,,True
Q3-T-018,7677.11364043,direct,,19.0914494381,,True
Q3-T-018,7679.11364043,direct,,19.2794518476,,True
Q3-T-018,7681.11364043,direct,,19.4716003494,,True
Q3-T-018,7683.11364043,direct,,19.6679512625,,True
Q3-T-018,7685.11364043,direct,,19.86875081,,True
Q3-T-018,7687.11364043,direct,,20.0742768809,,True
Q3-T-018,7689.11364043,direct,,20.2846052109,,True
Q3-T-018,7691.11364043,direct,,20.5000305434,,True
Q3-T-018,7693.11364043,direct,,20.7208814523,,True
Q3-T-018,7695.11364043,direct,,20.9472685612,,True
Q3-T-018,7697.11364043,direct,,21.1795563424,,True
Q3-T-018,7699.11364043,direct,,21.4181273827,,True
Q3-T-018,7701.11364043,direct,,21.6631481746,,True
Q3-T-018,7703.11364043,direct,,21.9150603479,,True
Q3-T-018,7705.11364043,direct,,22.1743268038,,True
Q3-T-018,7707.11364043,direct,,22.4411987463,,True
Q3-T-018,7709.11364043,direct,,22.7162022917,,True
Q3-T-018,7711.11364043,direct,,22.9999307753,,True
Q3-T-018,7713.11364043,direct,,23.2927219246,,True
Q3-T-018,7715.11364043,direct,,23.5952418051,,True
Q3-T-018,7717.11364043,direct,,23.908236963,,True
Q3-T-018,7719.11364043,direct,,24.2321776461,,True
Q3-T-018,7721.11364043,direct,,24.5679303002,,True
Q3-T-018,7723.11364043,direct,,24.9163145623,,True
Q3-T-018,7725.11364043,direct,,25.2783512264,,True
Q3-T-018,7727.11364043,direct,,25.6548026977,,True
Q3-T-018,7729.11364043,direct,,26.0468613359,,True
Q3-T-018,7731.11364043,direct,,26.4558692019,,True
Q3-T-018,7733.11364043,direct,,26.8828484777,,True
Q3-T-018,7735.11364043,direct,,27.3293402191,,True
Q3-T-018,7737.11364043,direct,,27.7970484523,,True
Q3-T-018,7739.11364043,direct,,28.2872825258,,True
Q3-T-018,7741.11364043,direct,,28.8019285262,,True
Q3-T-018,7743.11364043,direct,,29.3429141924,,True
Q3-T-018,7745.11364043,direct,,29.9115635507,,True
Q3-T-018,7747.11364043,direct,,30.5095462225,,True
Q3-T-018,7749.11364043,direct,,31.1380399825,,True
Q3-T-018,7751.11364043,direct,,31.7966806993,,True
Q3-T-018,7753.11364043,direct,,32.4839974067,,True
Q3-T-018,7755.11364043,direct,,33.1956628621,,True
Q3-T-018,7757.11364043,direct,,33.9219567704,,True
Q3-T-018,7759.11364043,direct,,34.6465270768,,True
Q3-T-018,7761.11364043,direct,,35.3426085741,,True
Q3-T-018,7763.11364043,direct,,35.9695883134,,True
Q3-T-018,7765.11364043,direct,,36.4749735778,,True
Q3-T-018,7767.11364043,direct,,36.8011324945,,True
Q3-T-018,7768.9469116,direct,,36.9027980694,,True
Q3-T-018,7769.11364043,direct,,36.918851974,,True
Q3-T-018,7771.11364043,direct,,37.1158416992,,True
Q3-T-018,7773.11364043,direct,,37.3174028876,,True
Q3-T-018,7775.11364043,direct,,37.5237527665,,True
Q3-T-018,7777.11364043,direct,,37.7351244244,,True
Q3-T-018,7779.11364043,direct,,37.9517683932,,True
Q3-T-018,7781.11364043,direct,,38.1739544339,,True
Q3-T-018,7783.11364043,direct,,38.401973556,,True
Q3-T-018,7785.11364043,direct,,38.6361403093,,True
Q3-T-018,7787.11364043,direct,,38.8767953937,,True
Q3-T-018,7789.11364043,direct,,39.1243086404,,True
Q3-T-018,7791.11364043,direct,,39.3790824307,,True
Q3-T-018,7793.11364043,direct,,39.6415556317,,True
Q3-T-018,7795.11364043,direct,,39.9122081452,,True
Q3-T-018,7797.11364043,direct,,40.1915661886,,True
Q3-T-018,7799.11364043,direct,,40.4802084531,,True
Q3-T-018,7801.11364043,direct,,40.7787733216,,True
Q3-T-018,7803.11364043,direct,,41.0879673712,,True
Q3-T-018,7805.11364043,direct,,41.4085754461,,True
Q3-T-018,7807.11364043,direct,,41.7414726615,,True
Q3-T-018,7809.11364043,direct,,42.0876388013,,True
Q3-T-018,7811.11364043,direct,,42.4481757056,,True
Q3-T-018,7813.11364043,direct,,42.8243284259,,True
Q3-T-018,7815.11364043,direct,,43.2175111715,,True
Q3-T-018,7817.11364043,direct,,43.6293394134,,True
Q3-T-018,7819.11364043,direct,,44.0616699829,,True
Q3-T-018,7821.11364043,direct,,44.5166516853,,True
Q3-T-018,7823.11364043,direct,,44.9967899158,,True
Q3-T-018,7825.11364043,direct,,45.5050302043,,True
Q3-T-018,7827.11364043,direct,,46.0448677573,,True
Q3-T-018,7829.11364043,direct,,46.6204933527,,True
Q3-T-018,7831.11364043,direct,,47.2369911007,,True
Q3-T-018,7833.11364043,direct,,47.9006119025,,True
Q3-T-018,7835.11364043,direct,,48.6191602797,,True
Q3-T-018,7837.11364043,direct,,49.4025561183,,True
Q3-T-018,7839.11364043,direct,,50.2636757578,,True
Q3-T-018,7841.11364043,direct,,51.2196577187,,True
Q3-T-018,7843.11364043,direct,,52.2940197752,,True
Q3-T-018,7845.11364043,direct,,53.5202793416,,True
Q3-T-018,7847.11364043,direct,,54.9485735219,,True
Q3-T-018,7849.11364043,direct,,56.6588650248,,True
Q3-T-018,7851.11364043,direct,,58.7905974448,,True
Q3-T-018,7853.11364043,direct,,61.6218280955,,True
Q3-T-018,7855.11364043,direct,,65.8493615913,,True
Q3-T-018,7857.11364043,direct,,74.4142360246,,True
Q3-T-018,7859.11364043,direct,,77.7554748749,,True
Q3-T-018,7861.11364043,direct,,66.9510488544,,True
Q3-T-018,7863.11364043,direct,,62.282273725,,True
Q3-T-018,7865.11364043,direct,,59.2622330142,,True
Q3-T-018,7867.11364043,direct,,57.0256570842,,True
Q3-T-018,7868.30235595,direct,,55.9251752525,,True
Q3-T-019,5557.34723082,direct,,55.9251752525,,True
Q3-T-019,5559.34723082,direct,,59.0232144522,,True
Q3-T-019,5561.34723082,direct,,63.8839754259,,True
Q3-T-019,5563.34723082,direct,,75.9251752525,,True
Q3-T-019,5565.34723082,direct,,69.9045753392,,True
Q3-T-019,5567.34723082,direct,,61.9457751658,,True
Q3-T-019,5569.34723082,direct,,57.8633755126,,True
Q3-T-019,5571.34723082,direct,,55.0973215493,,True
Q3-T-019,5573.34723082,direct,,53.0026145389,,True
Q3-T-019,5575.34723082,direct,,51.3161968249,,True
Q3-T-019,5577.34723082,direct,,49.9045753392,,True
Q3-T-019,5579.34723082,direct,,48.6906185321,,True
Q3-T-019,5581.34723082,direct,,47.6257082931,,True
Q3-T-019,5583.34723082,direct,,46.6772152945,,True
Q3-T-019,5585.34723082,direct,,45.8221756861,,True
Q3-T-019,5587.34723082,direct,,45.0438143655,,True
Q3-T-019,5589.34723082,direct,,44.3295033202,,True
Q3-T-019,5591.34723082,direct,,43.6694981181,,True
Q3-T-019,5593.34723082,direct,,43.0561217228,,True
Q3-T-019,5595.34723082,direct,,42.4832180938,,True
Q3-T-019,5597.34723082,direct,,41.9457751658,,True
Q3-T-019,5599.34723082,direct,,41.4396578605,,True
Q3-T-019,5601.34723082,direct,,40.9614147124,,True
Q3-T-019,5603.34723082,direct,,40.5081350196,,True
Q3-T-019,5605.34723082,direct,,40.0773414625,,True
Q3-T-019,5607.34723082,direct,,39.6669081196,,True
Q3-T-019,5609.34723082,direct,,39.2749969984,,True
Q3-T-019,5611.34723082,direct,,38.9000082781,,True
Q3-T-019,5613.34723082,direct,,38.5405408579,,True
Q3-T-019,5615.34723082,direct,,38.195360749,,True
Q3-T-019,5617.34723082,direct,,37.8633755126,,True
Q3-T-019,5619.34723082,direct,,37.543613405,,True
Q3-T-019,5621.34723082,direct,,37.2352062276,,True
Q3-T-019,5623.34723082,direct,,36.9373751196,,True
Q3-T-019,5625.34723082,direct,,36.6494187056,,True
Q3-T-019,5627.34723082,direct,,36.3707031467,,True
Q3-T-019,5629.34723082,direct,,36.1006537386,,True
Q3-T-019,5631.34723082,direct,,35.8387477768,,True
Q3-T-019,5633.34723082,direct,,35.5845084665,,True
Q3-T-019,5635.34723082,direct,,35.3374996988,,True
Q3-T-019,5637.34723082,direct,,35.0973215493,,True
Q3-T-019,5639.34723082,direct,,34.8636063828,,True
Q3-T-019,5641.34723082,direct,,34.6360154679,,True
Q3-T-019,5643.34723082,direct,,34.4142360246,,True
Q3-T-019,5645.34723082,direct,,34.197978639,,True
Q3-T-019,5647.34723082,direct,,33.9869749923,,True
Q3-T-019,5649.34723082,direct,,33.7809758595,,True
Q3-T-019,5651.34723082,direct,,33.5797493394,,True
Q3-T-019,5653.34723082,direct,,33.3830792852,,True
Q3-T-019,5655.34723082,direct,,33.1907639094,,True
Q3-T-019,5657.34723082,direct,,33.0026145389,,True
Q3-T-019,5659.34723082,direct,,32.8184545032,,True
Q3-T-019,5661.34723082,direct,,32.6381181368,,True
Q3-T-019,5663.34723082,direct,,32.4614498842,,True
Q3-T-019,5665.34723082,direct,,32.2883034936,,True
Q3-T-019,5667.34723082,direct,,32.1185412891,,True
Q3-T-019,5669.34723082,direct,,31.9520335134,,True
Q3-T-019,5671.34723082,direct,,31.7886577319,,True
Q3-T-019,5673.34723082,direct,,31.6282982915,,True
Q3-T-019,5675.34723082,direct,,31.4708458295,,True
Q3-T-019,5677.34723082,direct,,31.3161968249,,True
Q3-T-019,5679.34723082,direct,,31.1642531899,,True
Q3-T-019,5681.34723082,direct,,31.0149218962,,True
Q3-T-019,5683.34723082,direct,,30.8681146329,,True
Q3-T-019,5685.34723082,direct,,30.7237474928,,True
Q3-T-019,5687.34723082,direct,,30.5817406844,,True
Q3-T-019,5689.34723082,direct,,30.4420182672,,True
Q3-T-019,5691.34723082,direct,,30.3045079075,,True
Q3-T-019,5693.34723082,direct,,30.1691406539,,True
Q3-T-019,5695.34723082,direct,,30.0358507293,,True
Q3-T-019,5697.34723082,direct,,29.9045753392,,True
Q3-T-019,5699.34723082,direct,,29.7752544942,,True
Q3-T-019,5701.34723082,direct,,29.6478308451,,True
Q3-T-019,5702.04861022,direct,,29.6036705557,,True
Q3-T-019,5703.34723082,direct,,29.5940751934,,True
Q3-T-019,5705.34723082,direct,,29.5421072103,,True
Q3-T-019,5707.34723082,direct,,29.4465528204,,True
Q3-T-019,5709.34723082,direct,,29.3102525195,,True
Q3-T-019,5711.34723082,direct,,29.1369373792,,True
Q3-T-019,5713.34723082,direct,,28.9311072465,,True
Q3-T-019,5715.34723082,direct,,28.6973744178,,True
Q3-T-019,5717.34723082,direct,,28.4405994553,,True
Q3-T-019,5719.34723082,direct,,28.1652618386,,True
Q3-T-019,5721.34723082,direct,,27.8756072403,,True
Q3-T-019,5723.34723082,direct,,27.575480617,,True
Q3-T-019,5725.34723082,direct,,27.2680239022,,True
Q3-T-019,5727.34723082,direct,,26.9560041477,,True
Q3-T-019,5729.34723082,direct,,26.6417912991,,True
Q3-T-019,5731.34723082,direct,,26.3273400866,,True
Q3-T-019,5733.34723082,direct,,26.0141769781,,True
Q3-T-019,5735.34723082,direct,,25.7033911338,,True
Q3-T-019,5737.34723082,direct,,25.3960284012,,True
Q3-T-019,5739.34723082,direct,,25.0928687566,,True
Q3-T-019,5741.34723082,direct,,24.7943619199,,True
Q3-T-019,5743.34723082,direct,,24.5010395896,,True
Q3-T-019,5745.34723082,direct,,24.2130527457,,True
Q3-T-019,5747.34723082,direct,,23.9305732361,,True
Q3-T-019,5749.34723082,direct,,23.6537486822,,True
Q3-T-019,5751.34723082,direct,,23.3826182037,,True
Q3-T-019,5753.34723082,direct,,23.1172916026,,True
Q3-T-019,5755.34723082,direct,,22.8574817453,,True
Q3-T-019,5757.34723082,direct,,22.6032347701,,True
Q3-T-019,5759.34723082,direct,,22.354453566,,True
Q3-T-019,5761.34723082,direct,,22.1110638282,,True
Q3-T-019,5763.34723082,direct,,21.8729310106,,True
Q3-T-019,5765.34723082,direct,,21.6398233133,,True
Q3-T-019,5767.34723082,direct,,21.4117097021,,True
Q3-T-019,5769.34723082,direct,,21.1883760642,,True
Q3-T-019,5771.34723082,direct,,20.9697181059,,True
Q3-T-019,5773.34723082,direct,,20.7556564641,,True
Q3-T-019,5775.34723082,direct,,20.5459600572,,True
Q3-T-019,5777.34723082,direct,,20.3404868004,,True
Q3-T-019,5779.34723082,direct,,20.1391362411,,True
Q3-T-019,5781.34723082,direct,,19.9418085574,,True
Q3-T-019,5783.34723082,direct,,19.7483681859,,True
Q3-T-019,5785.34723082,direct,,19.5586105491,,True
Q3-T-019,5787.34723082,direct,,19.3724726604,,True
Q3-T-019,5789.34723082,direct,,19.1898677729,,True
Q3-T-019,5791.34723082,direct,,19.0106250408,,True
Q3-T-019,5793.34723082,direct,,18.834717173,,True
Q3-T-019,5795.34723082,direct,,18.661937642,,True
Q3-T-019,5797.34723082,direct,,18.4922653382,,True
Q3-T-019,5799.34723082,direct,,18.3255492485,,True
Q3-T-019,5801.34723082,direct,,18.1617244476,,True
Q3-T-019,5803.34723082,direct,,18.0007742727,,True
Q3-T-019,5805.34723082,direct,,17.8424673314,,True
Q3-T-019,5807.34723082,direct,,17.6867949927,,True
Q3-T-019,5809.34723082,direct,,17.5336782576,,True
Q3-T-019,5811.34723082,direct,,17.3830653242,,True
Q3-T-019,5813.34723082,direct,,17.2348346167,,True
Q3-T-019,5815.34723082,direct,,17.0889827314,,True
Q3-T-019,5817.34723082,direct,,16.9453571869,,True
Q3-T-019,5819.34723082,direct,,16.8039587105,,True
Q3-T-019,5821.34723082,direct,,16.6646793453,,True
Q3-T-019,5823.34723082,direct,,16.52748216,,True
Q3-T-019,5825.34723082,direct,,16.3923702859,,True
Q3-T-019,5827.34723082,direct,,16.2591657989,,True
Q3-T-019,5829.34723082,direct,,16.1278769964,,True
Q3-T-019,5831.34723082,direct,,15.9984524778,,True
Q3-T-019,5833.34723082,direct,,15.8708631986,,True
Q3-T-019,5835.34723082,direct,,15.7450567413,,True
Q3-T-019,5837.34723082,direct,,15.6209345251,,True
Q3-T-019,5839.34723082,direct,,15.4985088584,,True
Q3-T-019,5841.34723082,direct,,15.3776975386,,True
Q3-T-019,5843.34723082,direct,,15.2584792996,,True
Q3-T-019,5845.34723082,direct,,15.1408485241,,True
Q3-T-019,5847.34723082,direct,,15.0247169059,,True
Q3-T-019,5849.34723082,direct,,14.9100445107,,True
Q3-T-019,5851.34723082,direct,,14.7968144968,,True
Q3-T-019,5853.34723082,direct,,14.6849923755,,True
Q3-T-019,5855.34723082,direct,,14.5745945547,,True
Q3-T-019,5857.34723082,direct,,14.4654887771,,True
Q3-T-019,5859.34723082,direct,,14.3576942572,,True
Q3-T-019,5861.34723082,direct,,14.2511979836,,True
Q3-T-019,5863.34723082,direct,,14.1459364628,,True
Q3-T-019,5865.34723082,direct,,14.0419289807,,True
Q3-T-019,5867.34723082,direct,,13.9390876014,,True
Q3-T-019,5869.34723082,direct,,13.8374327621,,True
Q3-T-019,5871.34723082,direct,,13.7369060863,,True
Q3-T-019,5873.34723082,direct,,13.6374993173,,True
Q3-T-019,5875.34723082,direct,,13.5392327561,,True
Q3-T-019,5877.34723082,direct,,13.4419940872,,True
Q3-T-019,5879.34723082,direct,,13.3458055512,,True
Q3-T-019,5881.34723082,direct,,13.2506452886,,True
Q3-T-019,5883.34723082,direct,,13.1565072119,,True
Q3-T-019,5885.34723082,direct,,13.0633673864,,True
Q3-T-019,5887.34723082,direct,,12.9711667902,,True
Q3-T-019,5889.34723082,direct,,12.8799133536,,True
Q3-T-019,5891.34723082,direct,,12.7896027617,,True
Q3-T-019,5893.34723082,direct,,12.7001875825,,True
Q3-T-019,5895.34723082,direct,,12.6116903983,,True
Q3-T-019,5897.34723082,direct,,12.5240564061,,True
Q3-T-019,5899.34723082,direct,,12.4372664895,,True
Q3-T-019,5901.34723082,direct,,12.3513185608,,True
Q3-T-019,5903.34723082,direct,,12.2661967662,,True
Q3-T-019,5905.34723082,direct,,12.1819236983,,True
Q3-T-019,5907.34723082,direct,,12.0984079734,,True
Q3-T-019,5909.34723082,direct,,12.0156733702,,True
Q3-T-019,5911.34723082,direct,,11.933705681,,True
Q3-T-019,5913.34723082,direct,,11.8525041225,,True
Q3-T-019,5915.34723082,direct,,11.7720290132,,True
Q3-T-019,5917.34723082,direct,,11.692303556,,True
Q3-T-019,5919.34723082,direct,,11.6132811643,,True
Q3-T-019,5921.34723082,direct,,11.5349472396,,True
Q3-T-019,5923.34723082,direct,,11.4573024631,,True
Q3-T-019,5925.34723082,direct,,11.3803350093,,True
Q3-T-019,5927.34723082,direct,,11.3040677661,,True
Q3-T-019,5929.34723082,direct,,11.2284203642,,True
Q3-T-019,5931.34723082,direct,,11.153416555,,True
Q3-T-019,5933.34723082,direct,,11.0790575955,,True
Q3-T-019,5935.34723082,direct,,11.0053090453,,True
Q3-T-019,5937.34723082,direct,,10.9321940144,,True
Q3-T-019,5939.34723082,direct,,10.8596599103,,True
Q3-T-019,5941.34723082,direct,,10.7877300106,,True
Q3-T-019,5943.34723082,direct,,10.7163716202,,True
Q3-T-019,5945.34723082,direct,,10.6455871462,,True
Q3-T-019,5947.34723082,direct,,10.5753879478,,True
Q3-T-019,5949.34723082,direct,,10.5057354443,,True
Q3-T-019,5951.34723082,direct,,10.4366190838,,True
Q3-T-019,5953.34723082,direct,,10.3680417257,,True
Q3-T-019,5955.34723082,direct,,10.3000060719,,True
Q3-T-019,5957.34723082,direct,,0.232501720952,,True
Q3-T-019,5959.34723082,relay,H161,0.165492444238,10.95083875,True
Q3-T-019,5961.34723082,relay,H161,0.0989903093368,11.0042074292,True
Q3-T-019,5963.34723082,relay,H161,0.0329983989984,11.0556547022,True
Q3-T-019,5965.34723082,relay,H161,-0.0325119565864,11.1052027065,True
Q3-T-019,5967.34723082,relay,H161,-0.0975183781122,11.15273793,True
Q3-T-019,5969.34723082,relay,H161,-0.162055459625,11.1981200877,True
Q3-T-019,5971.34723082,relay,H161,-0.226131902781,11.2413839978,True
Q3-T-019,5973.34723082,relay,H161,-0.289744004542,11.2824105858,True
Q3-T-019,5975.34723082,relay,H161,-0.352898375484,11.3211318442,True
Q3-T-019,5977.34723082,relay,H161,-0.415573183474,11.357446841,True
Q3-T-019,5979.34723082,relay,H161,-0.47783157395,11.3913643661,True
Q3-T-019,5981.34723082,relay,H161,-0.539651245894,11.4227883864,True
Q3-T-019,5983.34723082,relay,H161,-0.601038277759,11.4516625377,True
Q3-T-019,5985.34723082,relay,H161,-0.661988819119,11.4778854397,True
Q3-T-019,5987.34723082,relay,H161,-0.722510786866,11.5015245263,True
Q3-T-019,5989.34723082,relay,H161,-0.782635330921,11.5224507431,True
Q3-T-019,5991.34723082,relay,H161,-0.842340732203,11.5405937646,True
Q3-T-019,5993.34723082,relay,H161,-0.901651755536,11.5560151312,True
Q3-T-019,5995.34723082,relay,H161,-0.960564111458,11.5686366627,True
Q3-T-019,5997.34723082,relay,H161,-1.0190660673,11.578456627,True
Q3-T-019,5999.34723082,relay,H161,-1.07718757318,11.585364181,True
Q3-T-019,6001.34723082,relay,H161,-1.13493534271,11.5894614831,True
Q3-T-019,6003.34723082,relay,H161,-1.19230493673,11.5906933238,True
Q3-T-019,6005.34723082,relay,H161,-1.24930123408,11.5890572646,True
Q3-T-019,6007.34723082,relay,H161,-1.30590345023,11.5845387718,True
Q3-T-019,6009.34723082,relay,H161,-1.36216758489,11.5771836094,True
Q3-T-019,6011.34723082,relay,H161,-1.41807250864,11.5669871768,True
Q3-T-019,6013.34723082,relay,H161,-1.47361380483,11.5539262927,True
Q3-T-019,6015.34723082,relay,H161,-1.52881384072,11.5381132816,True
Q3-T-019,6017.34723082,relay,H161,-1.58365203033,11.5195657573,True
Q3-T-019,6019.34723082,relay,H161,-1.63816463973,11.4982583678,True
Q3-T-019,6021.34723082,relay,H161,-1.69233110198,11.4742210184,True
Q3-T-019,6023.34723082,relay,H161,-1.74617302412,11.4475805007,True
Q3-T-019,6025.34723082,relay,H161,-1.79968568102,11.4183447494,True
Q3-T-019,6027.34723082,relay,H161,-1.85286448747,11.3865284969,True
Q3-T-019,6029.34723082,relay,H161,-1.90571514358,11.3523006318,True
Q3-T-019,6031.34723082,relay,H161,-1.95826370397,11.3156139096,True
Q3-T-019,6033.34723082,relay,H161,-2.01049847063,11.2765654451,True
Q3-T-019,6035.34723082,relay,H161,-2.06241478701,11.2351857621,True
Q3-T-019,6037.34723082,relay,H161,-2.11403304823,11.1916148033,True
Q3-T-019,6039.34723082,relay,H161,-2.16533349983,11.1459232872,True
Q3-T-019,6041.34723082,relay,H161,-2.21634957957,11.0981104672,True
Q3-T-019,6043.34723082,relay,H161,-2.26706156634,11.0482536613,True
Q3-T-019,6045.34723082,relay,H161,-2.31748922268,10.9964927419,True
Q3-T-019,6047.34723082,relay,H161,-2.36762767194,10.9428698697,True
Q3-T-019,6049.34723082,relay,H161,-2.41745767154,10.8874688291,True
Q3-T-019,6051.34723082,relay,H161,-2.46702760991,10.8303503756,True
Q3-T-019,6053.34723082,relay,H161,-2.51631800686,10.7715974037,True
Q3-T-019,6055.34723082,relay,H161,-2.56533197796,10.7112854439,True
Q3-T-019,6057.34723082,relay,H161,-2.6140647426,10.6494626332,True
Q3-T-019,6059.34723082,relay,H161,-2.66252095178,10.586296473,True
Q3-T-019,6061.34723082,relay,H161,-2.71072395009,10.5217551667,True
Q3-T-019,6063.34723082,relay,H161,-2.75865476391,10.4559249812,True
Q3-T-019,6065.34723082,relay,H161,-2.80633173631,10.388926818,True
Q3-T-019,6067.34723082,relay,H161,-2.8537499319,10.3208048617,True
Q3-T-019,6069.34723082,relay,H161,-2.90089841233,10.2516661118,True
Q3-T-019,6071.34723082,relay,H161,-2.94779986628,10.1814772093,True
Q3-T-019,6073.34723082,relay,H161,-2.99445833528,10.1103860421,True
Q3-T-019,6075.34723082,relay,H161,-3.04086887588,10.0384330392,True
Q3-T-019,6077.34723082,relay,H161,-3.08703409451,9.96567924846,True
Q3-T-019,6079.34723082,relay,H161,-3.13293580804,9.89220342213,True
Q3-T-019,6081.34723082,relay,H161,-3.1786181484,9.8180241242,True
Q3-T-019,6083.34723082,relay,H161,-3.22406274428,9.74321566948,True
Q3-T-019,6085.34723082,relay,H161,-3.2692647666,9.66781410943,True
Q3-T-019,6087.34723082,relay,H161,-3.31424121967,9.59190590172,True
Q3-T-019,6089.34723082,relay,H161,-3.3589741473,9.51556065186,True
Q3-T-019,6091.34723082,relay,H161,-3.40349198482,9.43874945122,True
Q3-T-019,6093.34723082,relay,H161,-3.44777682308,9.36154105919,True
Q3-T-019,6095.34723082,relay,H161,-3.49184522795,9.28400955913,True
Q3-T-019,6097.34723082,relay,H161,-3.53569226773,9.20618113747,True
Q3-T-019,6099.34723082,relay,H161,-3.57930745354,9.12813287782,True
Q3-T-019,6101.34723082,relay,H161,-3.62271141033,9.04981531839,True
Q3-T-019,6103.34723082,relay,H161,-3.66590753376,8.97132847134,True
Q3-T-019,6105.34723082,relay,H161,-3.70889090619,8.8926935207,True
Q3-T-019,6107.34723082,relay,H161,-3.75165671668,8.81393189249,True
Q3-T-019,6109.34723082,relay,H161,-3.79420843512,8.73513447615,True
Q3-T-019,6111.34723082,relay,H161,-3.83656598135,8.65624650158,True
Q3-T-019,6113.34723082,relay,H161,-3.87871889976,8.57733255246,True
Q3-T-019,6115.34723082,relay,H161,-3.92066239459,8.49840958283,True
Q3-T-019,6117.34723082,relay,H161,-3.9624119377,8.41952286546,True
Q3-T-019,6119.34723082,relay,H161,-4.00395055758,8.34072115607,True
Q3-T-019,6121.34723082,relay,H161,-4.04529770545,8.2619482333,True
Q3-T-019,6123.34723082,relay,H161,-4.08645643447,8.18327829827,True
Q3-T-019,6125.34723082,relay,H161,-4.12742187888,8.10472251027,True
Q3-T-019,6127.34723082,relay,H161,-4.16819583781,8.02629985587,True
Q3-T-019,6129.34723082,relay,H161,-4.20877355052,7.94802098978,True
Q3-T-019,6131.34723082,relay,H161,-4.249158114,7.86995100027,True
Q3-T-019,6133.34723082,relay,H161,-4.28936824856,7.79203080036,True
Q3-T-019,6135.34723082,relay,H161,-4.32939384893,7.71430896982,True
Q3-T-019,6137.34723082,relay,H161,-4.36923017839,7.6367934031,True
Q3-T-019,6139.34723082,relay,H161,-4.40889175413,7.55950930407,True
Q3-T-019,6141.34723082,relay,H161,-4.44836227748,7.48249482373,True
Q3-T-019,6143.34723082,relay,H161,-4.48766005804,7.40569130668,True
Q3-T-019,6145.34723082,relay,H161,-4.52678783372,7.32915236402,True
Q3-T-019,6147.34723082,relay,H161,-4.56574081614,7.25288240038,True
Q3-T-019,6149.34723082,relay,H161,-4.60452055403,7.1768905246,True
Q3-T-019,6151.34723082,relay,H161,-4.64311112442,7.10121212376,True
Q3-T-019,6153.34723082,relay,H161,-4.68154901488,7.02580111644,True
Q3-T-019,6155.34723082,relay,H161,-4.71981818526,6.95069166282,True
Q3-T-019,6157.34723082,relay,H161,-4.7579139686,6.87588695998,True
Q3-T-019,6159.34723082,relay,H161,-4.79585011397,6.80140022185,True
Q3-T-019,6161.34723082,relay,H161,-4.83361089881,6.7272632448,True
Q3-T-019,6163.34723082,relay,H161,-4.8712197655,6.65342116309,True
Q3-T-019,6165.34723082,relay,H161,-4.90866103936,6.57990609573,True
Q3-T-019,6167.34723082,relay,H161,-4.94594818521,6.5067277184,True
Q3-T-019,6169.34723082,relay,H161,-4.98307650591,6.43388700357,True
Q3-T-019,6171.34723082,relay,H161,-5.02003658559,6.3614160756,True
Q3-T-019,6173.34723082,relay,H161,-5.05684538287,6.28925841173,True
Q3-T-019,6175.34723082,relay,H161,-5.09350528607,6.21744965406,True
Q3-T-019,6177.34723082,relay,H161,-5.13001163358,6.14599008059,True
Q3-T-019,6179.34723082,relay,H161,-5.16635984684,6.07488031254,True
Q3-T-019,6181.34723082,relay,H161,-5.20255238596,6.00415274083,True
Q3-T-019,6183.34723082,relay,H161,-5.23860573102,5.93375184766,True
Q3-T-019,6185.34723082,relay,H161,-5.27451053275,5.86370668009,True
Q3-T-019,6186.30374142,relay,H161,-5.29162043631,5.8303437794,True
Q3-T-019,6187.34723082,relay,H161,-5.29144432122,5.83005660874,True
Q3-T-019,6189.34723082,relay,H161,-5.29110873629,5.82948834362,True
Q3-T-019,6191.34723082,relay,H161,-5.2907772284,5.82889901466,True
Q3-T-019,6193.34723082,relay,H161,-5.2904497985,5.82828863045,True
Q3-T-019,6195.34723082,relay,H161,-5.2901264475,5.82765719987,True
Q3-T-019,6197.34723082,relay,H161,-5.28980717633,5.82700473211,True
Q3-T-019,6199.34723082,relay,H161,-5.28949198587,5.82633123666,True
Q3-T-019,6201.34723082,relay,H161,-5.28918087702,5.82563672333,True
Q3-T-019,6203.34723082,relay,H161,-5.28887385066,5.8249212022,True
Q3-T-019,6205.34723082,relay,H161,-5.28857090766,5.82418468369,True
Q3-T-019,6207.34723082,relay,H161,-5.28827204887,5.8234271785,True
Q3-T-019,6209.34723082,relay,H161,-5.28797727514,5.82264869761,True
Q3-T-019,6211.34723082,relay,H161,-5.28768658731,5.82184925235,True
Q3-T-019,6213.34723082,relay,H161,-5.28739998618,5.8210288543,True
Q3-T-019,6215.34723082,relay,H161,-5.28711747258,5.82018751536,True
Q3-T-019,6217.34723082,relay,H161,-5.28683904729,5.81932524775,True
Q3-T-019,6219.34723082,relay,H161,-5.28656471112,5.81844206394,True
Q3-T-019,6221.34723082,relay,H161,-5.28629446484,5.81753797674,True
Q3-T-019,6223.34723082,relay,H161,-5.2860283092,5.81661299924,True
Q3-T-019,6225.34723082,relay,H161,-5.28576624497,5.81566714482,True
Q3-T-019,6227.34723082,relay,H161,-5.28550827288,5.81470042715,True
Q3-T-019,6229.34723082,relay,H161,-5.28525439367,5.81371286023,True
Q3-T-019,6231.34723082,relay,H161,-5.28500460805,5.8127044583,True
Q3-T-019,6233.34723082,relay,H161,-5.28475891674,5.81167523595,True
Q3-T-019,6235.34723082,relay,H161,-5.28451732042,5.81062520802,True
Q3-T-019,6237.34723082,relay,H161,-5.28427981978,5.80955438966,True
Q3-T-019,6239.34723082,relay,H161,-5.2840464155,5.80846279631,True
Q3-T-019,6241.34723082,relay,H161,-5.28381710823,5.80735044369,True
Q3-T-019,6243.34723082,relay,H161,-5.28359189862,5.80621734783,True
Q3-T-019,6245.34723082,relay,H161,-5.28337078732,5.80506352503,True
Q3-T-019,6247.34723082,relay,H161,-5.28315377495,5.80388899189,True
Q3-T-019,6249.34723082,relay,H161,-5.28294086212,5.80269376528,True
Q3-T-019,6251.34723082,relay,H161,-5.28273204944,5.80147786238,True
Q3-T-019,6253.34723082,relay,H161,-5.28252733751,5.80024130064,True
Q3-T-019,6255.34723082,relay,H161,-5.28232672689,5.7989840978,True
Q3-T-019,6257.34723082,relay,H161,-5.28213021816,5.79770627188,True
Q3-T-019,6259.34723082,relay,H161,-5.28193781187,5.79640784119,True
Q3-T-019,6261.34723082,relay,H161,-5.28174950858,5.79508882433,True
Q3-T-019,6263.34723082,relay,H161,-5.28156530882,5.79374924014,True
Q3-T-019,6265.34723082,relay,H161,-5.2813852131,5.7923891078,True
Q3-T-019,6267.34723082,relay,H161,-5.28120922194,5.79100844673,True
Q3-T-019,6269.34723082,relay,H161,-5.28103733585,5.78960727663,True
Q3-T-019,6271.34723082,relay,H161,-5.28086955529,5.7881856175,True
Q3-T-019,6273.34723082,relay,H161,-5.28070588076,5.78674348959,True
Q3-T-019,6275.34723082,relay,H161,-5.28054631272,5.78528091345,True
Q3-T-019,6275.6253967,relay,H161,-5.28052430092,5.78507452221,True
Q3-T-019,6277.34723082,relay,H161,-5.28052430092,5.78507452221,True
Q3-T-019,6279.34723082,relay,H161,-5.28052430092,5.78507452221,True
Q3-T-019,6281.34723082,relay,H161,-5.28052430092,5.78507452221,True
Q3-T-019,6283.34723082,relay,H161,-5.28052430092,5.78507452221,True
Q3-T-019,6285.34723082,relay,H161,-5.28052430092,5.78507452221,True
Q3-T-019,6287.34723082,relay,H161,-5.28052430092,5.78507452221,True
Q3-T-019,6289.34723082,relay,H161,-5.28052430092,5.78507452221,True
Q3-T-019,6291.34723082,relay,H161,-5.28052430092,5.78507452221,True
Q3-T-019,6293.34723082,relay,H161,-5.28052430092,5.78507452221,True
Q3-T-019,6295.34723082,relay,H161,-5.28052430092,5.78507452221,True
Q3-T-019,6297.34723082,relay,H161,-5.28052430092,5.78507452221,True
Q3-T-019,6299.34723082,relay,H161,-5.28052430092,5.78507452221,True
Q3-T-019,6301.34723082,relay,H161,-5.28052430092,5.78507452221,True
Q3-T-019,6303.34723082,relay,H161,-5.28052430092,5.78507452221,True
Q3-T-019,6305.34723082,relay,H161,-5.28052430092,5.78507452221,True
Q3-T-019,6307.34723082,relay,H161,-5.28052430092,5.78507452221,True
Q3-T-019,6309.34723082,relay,H161,-5.28052430092,5.78507452221,True
Q3-T-019,6311.34723082,relay,H161,-5.28052430092,5.78507452221,True
Q3-T-019,6313.34723082,relay,H161,-5.28052430092,5.78507452221,True
Q3-T-019,6315.34723082,relay,H161,-5.28052430092,5.78507452221,True
Q3-T-019,6317.34723082,relay,H161,-5.28052430092,5.78507452221,True
Q3-T-019,6319.34723082,relay,H161,-5.28052430092,5.78507452221,True
Q3-T-019,6321.34723082,relay,H161,-5.28052430092,5.78507452221,True
Q3-T-019,6323.34723082,relay,H161,-5.28052430092,5.78507452221,True
Q3-T-019,6325.34723082,relay,H161,-5.28052430092,5.78507452221,True
Q3-T-019,6327.34723082,relay,H161,-5.28052430092,5.78507452221,True
Q3-T-019,6329.34723082,relay,H161,-5.28052430092,5.78507452221,True
Q3-T-019,6331.34723082,relay,H161,-5.28052430092,5.78507452221,True
Q3-T-019,6333.34723082,relay,H161,-5.28052430092,5.78507452221,True
Q3-T-019,6335.34723082,relay,H161,-5.28052430092,5.78507452221,True
Q3-T-019,6337.34723082,relay,H161,-5.28052430092,5.78507452221,True
Q3-T-019,6339.34723082,relay,H161,-5.28052430092,5.78507452221,True
Q3-T-019,6341.34723082,relay,H161,-5.28052430092,5.78507452221,True
Q3-T-019,6343.34723082,relay,H161,-5.28052430092,5.78507452221,True
Q3-T-019,6345.34723082,relay,H161,-5.28052430092,5.78507452221,True
Q3-T-019,6347.34723082,relay,H161,-5.28052430092,5.78507452221,True
Q3-T-019,6349.34723082,relay,H161,-5.28052430092,5.78507452221,True
Q3-T-019,6351.34723082,relay,H161,-5.28052430092,5.78507452221,True
Q3-T-019,6353.34723082,relay,H161,-5.28052430092,5.78507452221,True
Q3-T-019,6355.34723082,relay,H161,-5.28052430092,5.78507452221,True
Q3-T-019,6357.34723082,relay,H161,-5.28052430092,5.78507452221,True
Q3-T-019,6359.34723082,relay,H161,-5.28052430092,5.78507452221,True
Q3-T-019,6361.34723082,relay,H161,-5.28052430092,5.78507452221,True
Q3-T-019,6363.34723082,relay,H161,-5.28052430092,5.78507452221,True
Q3-T-019,6365.34723082,relay,H161,-5.28052430092,5.78507452221,True
Q3-T-019,6367.34723082,relay,H161,-5.28052430092,5.78507452221,True
Q3-T-019,6369.34723082,relay,H161,-5.28052430092,5.78507452221,True
Q3-T-019,6371.34723082,relay,H161,-5.28052430092,5.78507452221,True
Q3-T-019,6373.34723082,relay,H161,-5.28052430092,5.78507452221,True
Q3-T-019,6375.34723082,relay,H161,-5.28052430092,5.78507452221,True
Q3-T-019,6377.34723082,relay,H161,-5.28052430092,5.78507452221,True
Q3-T-019,6379.34723082,relay,H161,-5.28052430092,5.78507452221,True
Q3-T-019,6381.34723082,relay,H161,-5.28052430092,5.78507452221,True
Q3-T-019,6383.34723082,relay,H161,-5.28052430092,5.78507452221,True
Q3-T-019,6385.34723082,relay,H161,-5.28052430092,5.78507452221,True
Q3-T-019,6387.34723082,relay,H161,-5.28052430092,5.78507452221,True
Q3-T-019,6389.34723082,relay,H161,-5.28052430092,5.78507452221,True
Q3-T-019,6391.34723082,relay,H161,-5.28052430092,5.78507452221,True
Q3-T-019,6393.34723082,relay,H161,-5.28052430092,5.78507452221,True
Q3-T-019,6395.34723082,relay,H161,-5.28052430092,5.78507452221,True
Q3-T-019,6397.34723082,relay,H161,-5.28052430092,5.78507452221,True
Q3-T-019,6399.34723082,relay,H161,-5.28052430092,5.78507452221,True
Q3-T-019,6401.34723082,relay,H161,-5.28052430092,5.78507452221,True
Q3-T-019,6403.34723082,relay,H161,-5.28052430092,5.78507452221,True
Q3-T-019,6405.34723082,relay,H161,-5.28052430092,5.78507452221,True
Q3-T-019,6407.34723082,relay,H161,-5.28052430092,5.78507452221,True
Q3-T-019,6409.34723082,relay,H161,-5.28052430092,5.78507452221,True
Q3-T-019,6411.34723082,relay,H161,-5.28052430092,5.78507452221,True
Q3-T-019,6413.34723082,relay,H161,-5.28052430092,5.78507452221,True
Q3-T-019,6415.34723082,relay,H161,-5.28052430092,5.78507452221,True
Q3-T-019,6417.34723082,relay,H161,-5.28052430092,5.78507452221,True
Q3-T-019,6419.34723082,relay,H161,-5.28052430092,5.78507452221,True
Q3-T-019,6421.34723082,relay,H161,-5.28052430092,5.78507452221,True
Q3-T-019,6423.34723082,relay,H161,-5.28052430092,5.78507452221,True
Q3-T-019,6425.34723082,relay,H161,-5.28052430092,5.78507452221,True
Q3-T-019,6427.34723082,relay,H161,-5.28052430092,5.78507452221,True
Q3-T-019,6429.34723082,relay,H161,-5.28052430092,5.78507452221,True
Q3-T-019,6431.34723082,relay,H161,-5.28052430092,5.78507452221,True
Q3-T-019,6433.34723082,relay,H161,-5.28052430092,5.78507452221,True
Q3-T-019,6435.34723082,relay,H161,-5.28052430092,5.78507452221,True
Q3-T-019,6437.34723082,relay,H161,-5.28052430092,5.78507452221,True
Q3-T-019,6439.34723082,relay,H161,-5.28052430092,5.78507452221,True
Q3-T-019,6441.34723082,relay,H161,-5.28052430092,5.78507452221,True
Q3-T-019,6443.34723082,relay,H161,-5.28052430092,5.78507452221,True
Q3-T-019,6445.34723082,relay,H161,-5.28052430092,5.78507452221,True
Q3-T-019,6447.34723082,relay,H161,-5.28052430092,5.78507452221,True
Q3-T-019,6449.34723082,relay,H161,-5.28052430092,5.78507452221,True
Q3-T-019,6451.34723082,relay,H161,-5.28052430092,5.78507452221,True
Q3-T-019,6453.34723082,relay,H161,-5.28052430092,5.78507452221,True
Q3-T-019,6455.34723082,relay,H161,-5.28052430092,5.78507452221,True
Q3-T-019,6457.34723082,relay,H161,-5.28052430092,5.78507452221,True
Q3-T-019,6459.34723082,relay,H161,-5.28052430092,5.78507452221,True
Q3-T-019,6461.34723082,relay,H161,-5.28052430092,5.78507452221,True
Q3-T-019,6463.34723082,relay,H161,-5.28052430092,5.78507452221,True
Q3-T-019,6465.34723082,relay,H161,-5.28052430092,5.78507452221,True
Q3-T-019,6467.34723082,relay,H161,-5.28052430092,5.78507452221,True
Q3-T-019,6469.34723082,relay,H161,-5.28052430092,5.78507452221,True
Q3-T-019,6471.34723082,relay,H161,-5.28052430092,5.78507452221,True
Q3-T-019,6473.34723082,relay,H161,-5.28052430092,5.78507452221,True
Q3-T-019,6475.34723082,relay,H161,-5.28052430092,5.78507452221,True
Q3-T-019,6477.34723082,relay,H161,-5.28052430092,5.78507452221,True
Q3-T-019,6479.34723082,relay,H161,-5.28052430092,5.78507452221,True
Q3-T-019,6481.34723082,relay,H161,-5.28052430092,5.78507452221,True
Q3-T-019,6483.34723082,relay,H161,-5.28052430092,5.78507452221,True
Q3-T-019,6485.34723082,relay,H161,-5.28052430092,5.78507452221,True
Q3-T-019,6485.6253967,relay,H161,-5.28052430092,5.78507452221,True
Q3-T-019,6487.34723082,relay,H161,-5.28068877197,5.78658942504,True
Q3-T-019,6489.34723082,relay,H161,-5.28088515183,5.78832012537,True
Q3-T-019,6491.34723082,relay,H161,-5.2810874443,5.79002134793,True
Q3-T-019,6493.34723082,relay,H161,-5.28129564855,5.79169305779,True
Q3-T-019,6495.34723082,relay,H161,-5.28150976373,5.7933352206,True
Q3-T-019,6497.34723082,relay,H161,-5.28172978896,5.79494780259,True
Q3-T-019,6499.34723082,relay,H161,-5.28195572336,5.79653077057,True
Q3-T-019,6501.34723082,relay,H161,-5.28218756599,5.79808409193,True
Q3-T-019,6503.34723082,relay,H161,-5.2824253159,5.79960773464,True
Q3-T-019,6505.34723082,relay,H161,-5.28266897214,5.80110166727,True
Q3-T-019,6507.34723082,relay,H161,-5.2829185337,5.80256585895,True
Q3-T-019,6509.34723082,relay,H161,-5.28317399956,5.80400027944,True
Q3-T-019,6511.34723082,relay,H161,-5.28343536868,5.80540489904,True
Q3-T-019,6513.34723082,relay,H161,-5.28370263999,5.8067796887,True
Q3-T-019,6515.34723082,relay,H161,-5.28397581241,5.80812461993,True
Q3-T-019,6517.34723082,relay,H161,-5.28425488482,5.80943966485,True
Q3-T-019,6519.34723082,relay,H161,-5.28453985608,5.81072479618,True
Q3-T-019,6521.34723082,relay,H161,-5.28483072503,5.81197998724,True
Q3-T-019,6523.34723082,relay,H161,-5.28512749048,5.81320521195,True
Q3-T-019,6525.34723082,relay,H161,-5.28543015122,5.81440044484,True
Q3-T-019,6527.34723082,relay,H161,-5.28573870602,5.81556566104,True
Q3-T-019,6529.34723082,relay,H161,-5.28605315362,5.81670083632,True
Q3-T-019,6531.34723082,relay,H161,-5.28637349274,5.81780594701,True
Q3-T-019,6533.34723082,relay,H161,-5.28669972208,5.81888097009,True
Q3-T-019,6535.34723082,relay,H161,-5.2870318403,5.81992588315,True
Q3-T-019,6537.34723082,relay,H161,-5.28736984605,5.82094066438,True
Q3-T-019,6539.34723082,relay,H161,-5.28771373795,5.82192529259,True
Q3-T-019,6541.34723082,relay,H161,-5.28806351462,5.82287974723,True
Q3-T-019,6543.34723082,relay,H161,-5.28841917461,5.82380400834,True
Q3-T-019,6545.34723082,relay,H161,-5.28878071649,5.8246980566,True
Q3-T-019,6547.34723082,relay,H161,-5.28914813877,5.8255618733,True
Q3-T-019,6549.34723082,relay,H161,-5.28952143998,5.82639544037,True
Q3-T-019,6551.34723082,relay,H161,-5.28990061859,5.82719874035,True
Q3-T-019,6553.34723082,relay,H161,-5.29028567305,5.82797175642,True
Q3-T-019,6555.34723082,relay,H161,-5.2906766018,5.82871447238,True
Q3-T-019,6557.34723082,relay,H161,-5.29107340326,5.82942687265,True
Q3-T-019,6559.34723082,relay,H161,-5.2914760758,5.8301089423,True
Q3-T-019,6560.06010943,relay,H161,-5.29162043631,5.8303437794,True
Q3-T-019,6561.34723082,relay,H161,-5.26858001029,5.87526210511,True
Q3-T-019,6563.34723082,relay,H161,-5.23265652607,5.94536721399,True
Q3-T-019,6565.34723082,relay,H161,-5.19658905198,6.01579920761,True
Q3-T-019,6567.34723082,relay,H161,-5.16036110092,6.08661288648,True
Q3-T-019,6569.34723082,relay,H161,-5.12398780794,6.15778091752,True
Q3-T-019,6571.34723082,relay,H161,-5.08745616675,6.22929840999,True
Q3-T-019,6573.34723082,relay,H161,-5.05077075728,6.30116471804,True
Q3-T-019,6575.34723082,relay,H161,-5.01393028412,6.37337741976,True
Q3-T-019,6577.34723082,relay,H161,-4.97695023112,6.44590708144,True
Q3-T-019,6579.34723082,relay,H161,-4.93979575028,6.51880391077,True
Q3-T-019,6581.34723082,relay,H161,-4.90248222073,6.59203780263,True
Q3-T-019,6583.34723082,relay,H161,-4.86501434104,6.66560775066,True
Q3-T-019,6585.34723082,relay,H161,-4.8273786349,6.73950394483,True
Q3-T-019,6587.34723082,relay,H161,-4.78959078621,6.81369418418,True
Q3-T-019,6589.34723082,relay,H161,-4.7516273338,6.88823333448,True
Q3-T-019,6591.34723082,relay,H161,-4.71350400947,6.96308951443,True
Q3-T-019,6593.34723082,relay,H161,-4.67520705215,7.03824935038,True
Q3-T-019,6595.34723082,relay,H161,-4.63674113004,7.11370958897,True
Q3-T-019,6597.34723082,relay,H161,-4.5981160433,7.18943156701,True
Q3-T-019,6599.34723082,relay,H161,-4.55931402433,7.2654744832,True
Q3-T-019,6601.34723082,relay,H161,-4.52033225662,7.34178962368,True
Q3-T-019,6603.34723082,relay,H161,-4.48117543766,7.41837217263,True
Q3-T-019,6605.34723082,relay,H161,-4.44184835712,7.49521765217,True
Q3-T-019,6607.34723082,relay,H161,-4.40234827274,7.57227219544,True
Q3-T-019,6609.34723082,relay,H161,-4.3626568588,7.64959445276,True
Q3-T-019,6611.34723082,relay,H161,-4.32278397368,7.72713982649,True
Q3-T-019,6613.34723082,relay,H161,-4.28273443704,7.80490182387,True
Q3-T-019,6615.34723082,relay,H161,-4.24249363635,7.88285349357,True
Q3-T-019,6617.34723082,relay,H161,-4.20207813216,7.96095237444,True
Q3-T-019,6619.34723082,relay,H161,-4.16146261675,8.03924991941,True
Q3-T-019,6621.34723082,relay,H161,-4.12066369955,8.11770353319,True
Q3-T-019,6623.34723082,relay,H161,-4.07966643069,8.19627961608,True
Q3-T-019,6625.34723082,relay,H161,-4.03847557741,8.27496659837,True
Q3-T-019,6627.34723082,relay,H161,-3.99710810399,8.35371814885,True
Q3-T-019,6629.34723082,relay,H161,-3.95552465954,8.43256481037,True
Q3-T-019,6631.34723082,relay,H161,-3.91374206711,8.51145761702,True
Q3-T-019,6633.34723082,relay,H161,-3.87175841874,8.59037239876,True
Q3-T-019,6635.34723082,relay,H161,-3.82957860435,8.66929429325,True
Q3-T-019,6637.34723082,relay,H161,-3.78719943538,8.74813920099,True
Q3-T-019,6639.34723082,relay,H161,-3.74460098886,8.82696110015,True
Q3-T-019,6641.34723082,relay,H161,-3.70180050198,8.90570606769,True
Q3-T-019,6643.34723082,relay,H161,-3.65878210659,8.98431895612,True
Q3-T-019,6645.34723082,relay,H161,-3.61555061419,9.06277814157,True
Q3-T-019,6647.34723082,relay,H161,-3.57211661469,9.14101150976,True
Q3-T-019,6649.34723082,relay,H161,-3.52845969138,9.21907076345,True
Q3-T-019,6651.34723082,relay,H161,-3.48457621355,9.29685301478,True
Q3-T-019,6653.34723082,relay,H161,-3.44047100349,9.37433157889,True
Q3-T-019,6655.34723082,relay,H161,-3.39614182056,9.45146443326,True
Q3-T-019,6657.34723082,relay,H161,-3.35160662589,9.52818574444,True
Q3-T-019,6659.34723082,relay,H161,-3.30682274284,9.60449398703,True
Q3-T-019,6661.34723082,relay,H161,-3.26180795956,9.68031907106,True
Q3-T-019,6663.34723082,relay,H161,-3.21656721727,9.75562925854,True
Q3-T-019,6665.34723082,relay,H161,-3.17108349305,9.8303375662,True
Q3-T-019,6667.34723082,relay,H161,-3.12537498407,9.90436898841,True
Q3-T-019,6669.34723082,relay,H161,-3.07941253123,9.97774529771,True
Q3-T-019,6671.34723082,relay,H161,-3.03321437763,10.0503908435,True
Q3-T-019,6673.34723082,relay,H161,-2.98676303628,10.1222057728,True
Q3-T-019,6675.34723082,relay,H161,-2.94006333174,10.1931485966,True
Q3-T-019,6677.34723082,relay,H161,-2.89312020726,10.2631787021,True
Q3-T-019,6679.34723082,relay,H161,-2.84592961311,10.3321476839,True
Q3-T-019,6681.34723082,relay,H161,-2.7984688355,10.40008874,True
Q3-T-019,6683.34723082,relay,H161,-2.75074881758,10.4668946102,True
Q3-T-019,6685.34723082,relay,H161,-2.70277449426,10.5325209923,True
Q3-T-019,6687.34723082,relay,H161,-2.65452750069,10.5968465215,True
Q3-T-019,6689.34723082,relay,H161,-2.60602682261,10.6597848773,True
Q3-T-019,6691.34723082,relay,H161,-2.55724119286,10.7213400343,True
Q3-T-019,6693.34723082,relay,H161,-2.50818963821,10.781427356,True
Q3-T-019,6695.34723082,relay,H161,-2.45885325042,10.8399154882,True
Q3-T-019,6697.34723082,relay,H161,-2.40923680119,10.8967565792,True
Q3-T-019,6699.34723082,relay,H161,-2.35935978332,10.9518678764,True
Q3-T-019,6701.34723082,relay,H161,-2.30917375675,11.0051883012,True
Q3-T-019,6703.34723082,relay,H161,-2.25869797605,11.0566342925,True
Q3-T-019,6705.34723082,relay,H161,-2.20792909855,11.1061307095,True
Q3-T-019,6707.34723082,relay,H161,-2.15687198974,11.1536372194,True
Q3-T-019,6709.34723082,relay,H161,-2.10552172989,11.198977259,True
Q3-T-019,6711.34723082,relay,H161,-2.05385305992,11.2421849236,True
Q3-T-019,6713.34723082,relay,H161,-2.00187733297,11.2831536718,True
Q3-T-019,6715.34723082,relay,H161,-1.94959936802,11.3218526401,True
Q3-T-019,6717.34723082,relay,H161,-1.89699857785,11.3581428893,True
Q3-T-019,6719.34723082,relay,H161,-1.8440950786,11.3919641944,True
Q3-T-019,6721.34723082,relay,H161,-1.79086278221,11.4233642769,True
Q3-T-019,6723.34723082,relay,H161,-1.73729597499,11.4521746788,True
Q3-T-019,6725.34723082,relay,H161,-1.68339923884,11.4783814263,True
Q3-T-019,6727.34723082,relay,H161,-1.62916851588,11.5019360084,True
Q3-T-019,6729.34723082,relay,H161,-1.57462447104,11.5228055714,True
Q3-T-019,6731.34723082,relay,H161,-1.51971345614,11.5409291698,True
Q3-T-019,6733.34723082,relay,H161,-1.46445582706,11.5562820392,True
Q3-T-019,6735.34723082,relay,H161,-1.40885621951,11.5688783135,True
Q3-T-019,6737.34723082,relay,H161,-1.35289223367,11.5786063512,True
Q3-T-019,6739.34723082,relay,H161,-1.29658475926,11.5854633739,True
Q3-T-019,6741.34723082,relay,H161,-1.23989632635,11.5894905443,True
Q3-T-019,6743.34723082,relay,H161,-1.18284783609,11.5906980799,True
Q3-T-019,6745.34723082,relay,H161,-1.12541607014,11.5889922645,True
Q3-T-019,6747.34723082,relay,H161,-1.06760531312,11.5844219301,True
Q3-T-019,6749.34723082,relay,H161,-1.00942760174,11.5769733689,True
Q3-T-019,6751.34723082,relay,H161,-0.950853394752,11.5667550911,True
Q3-T-019,6753.34723082,relay,H161,-0.891875507312,11.5536688851,True
Q3-T-019,6755.34723082,relay,H161,-0.832498070328,11.5377874152,True
Q3-T-019,6757.34723082,relay,H161,-0.772725366451,11.5191897486,True
Q3-T-019,6759.34723082,relay,H161,-0.712550204385,11.4977968405,True
Q3-T-019,6761.34723082,relay,H161,-0.651941475107,11.4737346916,True
Q3-T-019,6763.34723082,relay,H161,-0.590910936522,11.4470291889,True
Q3-T-019,6765.34723082,relay,H161,-0.529462689407,11.417778665,True
Q3-T-019,6767.34723082,relay,H161,-0.467570921612,11.3859384201,True
Q3-T-019,6769.34723082,relay,H161,-0.40525765986,11.3516006452,True
Q3-T-019,6771.34723082,relay,H161,-0.342490493026,11.3149030752,True
Q3-T-019,6773.34723082,relay,H161,-0.279260911008,11.2757960718,True
Q3-T-019,6775.34723082,relay,H161,-0.215572515135,11.2343948184,True
Q3-T-019,6777.34723082,relay,H161,-0.151418671541,11.1907676894,True
Q3-T-019,6779.34723082,relay,H161,-0.0868219874968,11.1450247891,True
Q3-T-019,6781.34723082,relay,H161,-0.0217169885112,11.0971595199,True
Q3-T-019,6783.34723082,relay,H161,0.0438742324472,11.0472842851,True
Q3-T-019,6785.34723082,relay,H161,0.109958907259,10.9954736014,True
Q3-T-019,6787.34723082,relay,H161,0.176533640792,10.9418510652,True
Q3-T-019,6789.34723082,direct,,0.243627483088,,True
Q3-T-019,6791.34723082,direct,,10.3112176637,,True
Q3-T-019,6793.34723082,direct,,10.3793404764,,True
Q3-T-019,6795.34723082,direct,,10.4480063563,,True
Q3-T-019,6797.34723082,direct,,10.5172126185,,True
Q3-T-019,6799.34723082,direct,,10.5869677238,,True
Q3-T-019,6801.34723082,direct,,10.6572483505,,True
Q3-T-019,6803.34723082,direct,,10.7281270616,,True
Q3-T-019,6805.34723082,direct,,10.7995812035,,True
Q3-T-019,6807.34723082,direct,,10.8716200639,,True
Q3-T-019,6809.34723082,direct,,10.9442413829,,True
Q3-T-019,6811.34723082,direct,,11.0174569002,,True
Q3-T-019,6813.34723082,direct,,11.0913076321,,True
Q3-T-019,6815.34723082,direct,,11.1657704637,,True
Q3-T-019,6817.34723082,direct,,11.2408799115,,True
Q3-T-019,6819.34723082,direct,,11.3166347455,,True
Q3-T-019,6821.34723082,direct,,11.393023596,,True
Q3-T-019,6823.34723082,direct,,11.4700898194,,True
Q3-T-019,6825.34723082,direct,,11.5478476857,,True
Q3-T-019,6827.34723082,direct,,11.6262966841,,True
Q3-T-019,6829.34723082,direct,,11.7054361662,,True
Q3-T-019,6831.34723082,direct,,11.7852807864,,True
Q3-T-019,6833.34723082,direct,,11.8658772377,,True
Q3-T-019,6835.34723082,direct,,11.9472155079,,True
Q3-T-019,6837.34723082,direct,,12.0292958126,,True
Q3-T-019,6839.34723082,direct,,12.112158542,,True
Q3-T-019,6841.34723082,direct,,12.1957802706,,True
Q3-T-019,6843.34723082,direct,,12.2802244433,,True
Q3-T-019,6845.34723082,direct,,12.3654680254,,True
Q3-T-019,6847.34723082,direct,,12.451554026,,True
Q3-T-019,6849.34723082,direct,,12.5384846781,,True
Q3-T-019,6851.34723082,direct,,12.6262363933,,True
Q3-T-019,6853.34723082,direct,,12.7149055555,,True
Q3-T-019,6855.34723082,direct,,12.8044699265,,True
Q3-T-019,6857.34723082,direct,,12.8949473476,,True
Q3-T-019,6859.34723082,direct,,12.9863413556,,True
Q3-T-019,6861.34723082,direct,,13.0786732914,,True
Q3-T-019,6863.34723082,direct,,13.1720018156,,True
Q3-T-019,6865.34723082,direct,,13.266304895,,True
Q3-T-019,6867.34723082,direct,,13.3616336474,,True
Q3-T-019,6869.34723082,direct,,13.4579942405,,True
Q3-T-019,6871.34723082,direct,,13.5553800815,,True
Q3-T-019,6873.34723082,direct,,13.6538546531,,True
Q3-T-019,6875.34723082,direct,,13.7534448632,,True
Q3-T-019,6877.34723082,direct,,13.8541590191,,True
Q3-T-019,6879.34723082,direct,,13.9560220106,,True
Q3-T-019,6881.34723082,direct,,14.0590125874,,True
Q3-T-019,6883.34723082,direct,,14.1632506301,,True
Q3-T-019,6885.34723082,direct,,14.2687171413,,True
Q3-T-019,6887.34723082,direct,,14.3754231175,,True
Q3-T-019,6889.34723082,direct,,14.4834322799,,True
Q3-T-019,6891.34723082,direct,,14.5927256976,,True
Q3-T-019,6893.34723082,direct,,14.7033984272,,True
Q3-T-019,6895.34723082,direct,,14.8154329659,,True
Q3-T-019,6897.34723082,direct,,14.9288989888,,True
Q3-T-019,6899.34723082,direct,,15.04381321,,True
Q3-T-019,6901.34723082,direct,,15.1602115457,,True
Q3-T-019,6903.34723082,direct,,15.278077427,,True
Q3-T-019,6905.34723082,direct,,15.3975562189,,True
Q3-T-019,6907.34723082,direct,,15.5186347935,,True
Q3-T-019,6909.34723082,direct,,15.6413346189,,True
Q3-T-019,6911.34723082,direct,,15.7657382442,,True
Q3-T-019,6913.34723082,direct,,15.8918335019,,True
Q3-T-019,6915.34723082,direct,,16.0197401642,,True
Q3-T-019,6917.34723082,direct,,16.1494485879,,True
Q3-T-019,6919.34723082,direct,,16.2810504478,,True
Q3-T-019,6921.34723082,direct,,16.4145766778,,True
Q3-T-019,6923.34723082,direct,,16.5500191667,,True
Q3-T-019,6925.34723082,direct,,16.6875564916,,True
Q3-T-019,6927.34723082,direct,,16.827185743,,True
Q3-T-019,6929.34723082,direct,,16.9689672401,,True
Q3-T-019,6931.34723082,direct,,17.1129402795,,True
Q3-T-019,6933.34723082,direct,,17.2591735669,,True
Q3-T-019,6935.34723082,direct,,17.4077971868,,True
Q3-T-019,6937.34723082,direct,,17.5588394045,,True
Q3-T-019,6939.34723082,direct,,17.7123486762,,True
Q3-T-019,6941.34723082,direct,,17.8684509708,,True
Q3-T-019,6943.34723082,direct,,18.0271545437,,True
Q3-T-019,6945.34723082,direct,,18.1886084211,,True
Q3-T-019,6947.34723082,direct,,18.3529049082,,True
Q3-T-019,6949.34723082,direct,,18.5201077344,,True
Q3-T-019,6951.34723082,direct,,18.6903100616,,True
Q3-T-019,6953.34723082,direct,,18.8635295358,,True
Q3-T-019,6955.34723082,direct,,19.0400238089,,True
Q3-T-019,6957.34723082,direct,,19.2198196613,,True
Q3-T-019,6959.34723082,direct,,19.4029957952,,True
Q3-T-019,6961.34723082,direct,,19.5897239079,,True
Q3-T-019,6963.34723082,direct,,19.7800352668,,True
Q3-T-019,6965.34723082,direct,,19.9741615004,,True
Q3-T-019,6967.34723082,direct,,20.1721399212,,True
Q3-T-019,6969.34723082,direct,,20.3741627923,,True
Q3-T-019,6971.34723082,direct,,20.5803304017,,True
Q3-T-019,6973.34723082,direct,,20.7907159011,,True
Q3-T-019,6975.34723082,direct,,21.0055448698,,True
Q3-T-019,6977.34723082,direct,,21.2249659386,,True
Q3-T-019,6979.34723082,direct,,21.4490860868,,True
Q3-T-019,6981.34723082,direct,,21.6780094106,,True
Q3-T-019,6983.34723082,direct,,21.9118809955,,True
Q3-T-019,6985.34723082,direct,,22.1509377079,,True
Q3-T-019,6987.34723082,direct,,22.3952435896,,True
Q3-T-019,6989.34723082,direct,,22.644880967,,True
Q3-T-019,6991.34723082,direct,,22.9000412725,,True
Q3-T-019,6993.34723082,direct,,23.1607017356,,True
Q3-T-019,6995.34723082,direct,,23.4270855843,,True
Q3-T-019,6997.34723082,direct,,23.6991143373,,True
Q3-T-019,6999.34723082,direct,,23.9768778055,,True
Q3-T-019,7001.34723082,direct,,24.2602842293,,True
Q3-T-019,7003.34723082,direct,,24.549174187,,True
Q3-T-019,7005.34723082,direct,,24.8433612104,,True
Q3-T-019,7007.34723082,direct,,25.1426763609,,True
Q3-T-019,7009.34723082,direct,,25.4466142686,,True
Q3-T-019,7011.34723082,direct,,25.7545493491,,True
Q3-T-019,7013.34723082,direct,,26.0658157059,,True
Q3-T-019,7015.34723082,direct,,26.3792770647,,True
Q3-T-019,7017.34723082,direct,,26.693795706,,True
Q3-T-019,7019.34723082,direct,,27.0077879727,,True
Q3-T-019,7021.34723082,direct,,27.3192335481,,True
Q3-T-019,7023.34723082,direct,,27.625738289,,True
Q3-T-019,7025.34723082,direct,,27.924309372,,True
Q3-T-019,7027.34723082,direct,,28.211869335,,True
Q3-T-019,7029.34723082,direct,,28.4844463651,,True
Q3-T-019,7031.34723082,direct,,28.7377674504,,True
Q3-T-019,7033.34723082,direct,,28.9671890648,,True
Q3-T-019,7035.34723082,direct,,29.1679571975,,True
Q3-T-019,7037.34723082,direct,,29.3354486202,,True
Q3-T-019,7039.34723082,direct,,29.4652491137,,True
Q3-T-019,7041.34723082,direct,,29.553763065,,True
Q3-T-019,7043.34723082,direct,,29.5983372785,,True
Q3-T-019,7044.31524063,direct,,29.6036705557,,True
Q3-T-019,7045.34723082,direct,,29.6579562276,,True
Q3-T-019,7047.34723082,direct,,29.7641368276,,True
Q3-T-019,7049.34723082,direct,,29.8716315123,,True
Q3-T-019,7051.34723082,direct,,29.9804732156,,True
Q3-T-019,7053.34723082,direct,,30.0906961256,,True
Q3-T-019,7055.34723082,direct,,30.2023357484,,True
Q3-T-019,7057.34723082,direct,,30.3154289773,,True
Q3-T-019,7059.34723082,direct,,30.4300141654,,True
Q3-T-019,7061.34723082,direct,,30.5461312046,,True
Q3-T-019,7063.34723082,direct,,30.6638216079,,True
Q3-T-019,7065.34723082,direct,,30.7831285993,,True
Q3-T-019,7067.34723082,direct,,30.9040972087,,True
Q3-T-019,7069.34723082,direct,,31.0267743742,,True
Q3-T-019,7071.34723082,direct,,31.1512090512,,True
Q3-T-019,7073.34723082,direct,,31.2774523299,,True
Q3-T-019,7075.34723082,direct,,31.4055575609,,True
Q3-T-019,7077.34723082,direct,,31.5355804912,,True
Q3-T-019,7079.34723082,direct,,31.6675794092,,True
Q3-T-019,7081.34723082,direct,,31.8016153021,,True
Q3-T-019,7083.34723082,direct,,31.9377520247,,True
Q3-T-019,7085.34723082,direct,,32.0760564822,,True
Q3-T-019,7087.34723082,direct,,32.2165988281,,True
Q3-T-019,7089.34723082,direct,,32.3594526769,,True
Q3-T-019,7091.34723082,direct,,32.5046953368,,True
Q3-T-019,7093.34723082,direct,,32.6524080599,,True
Q3-T-019,7095.34723082,direct,,32.802676316,,True
Q3-T-019,7097.34723082,direct,,32.9555900892,,True
Q3-T-019,7099.34723082,direct,,33.1112442016,,True
Q3-T-019,7101.34723082,direct,,33.2697386663,,True
Q3-T-019,7103.34723082,direct,,33.4311790738,,True
Q3-T-019,7105.34723082,direct,,33.5956770143,,True
Q3-T-019,7107.34723082,direct,,33.7633505409,,True
Q3-T-019,7109.34723082,direct,,33.9343246786,,True
Q3-T-019,7111.34723082,direct,,34.1087319846,,True
Q3-T-019,7113.34723082,direct,,34.2867131655,,True
Q3-T-019,7115.34723082,direct,,34.4684177592,,True
Q3-T-019,7117.34723082,direct,,34.6540048903,,True
Q3-T-019,7119.34723082,direct,,34.8436441067,,True
Q3-T-019,7121.34723082,direct,,35.037516311,,True
Q3-T-019,7123.34723082,direct,,35.2358147974,,True
Q3-T-019,7125.34723082,direct,,35.4387464097,,True
Q3-T-019,7127.34723082,direct,,35.6465328383,,True
Q3-T-019,7129.34723082,direct,,35.859412076,,True
Q3-T-019,7131.34723082,direct,,36.0776400565,,True
Q3-T-019,7133.34723082,direct,,36.3014925045,,True
Q3-T-019,7135.34723082,direct,,36.5312670301,,True
Q3-T-019,7137.34723082,direct,,36.7672855082,,True
Q3-T-019,7139.34723082,direct,,37.0098967903,,True
Q3-T-019,7141.34723082,direct,,37.2594798055,,True
Q3-T-019,7143.34723082,direct,,37.5164471215,,True
Q3-T-019,7145.34723082,direct,,37.7812490471,,True
Q3-T-019,7147.34723082,direct,,38.0543783812,,True
Q3-T-019,7149.34723082,direct,,38.3363759326,,True
Q3-T-019,7151.34723082,direct,,38.6278369659,,True
Q3-T-019,7153.34723082,direct,,38.9294187677,,True
Q3-T-019,7155.34723082,direct,,39.2418495736,,True
Q3-T-019,7157.34723082,direct,,39.5659391618,,True
Q3-T-019,7159.34723082,direct,,39.9025915009,,True
Q3-T-019,7161.34723082,direct,,40.2528199487,,True
Q3-T-019,7163.34723082,direct,,40.6177656467,,True
Q3-T-019,7165.34723082,direct,,40.9987199507,,True
Q3-T-019,7167.34723082,direct,,41.3971520104,,True
Q3-T-019,7169.34723082,direct,,41.814742984,,True
Q3-T-019,7171.34723082,direct,,42.253428901,,True
Q3-T-019,7173.34723082,direct,,42.7154549368,,True
Q3-T-019,7175.34723082,direct,,43.2034449504,,True
Q3-T-019,7177.34723082,direct,,43.7204917458,,True
Q3-T-019,7179.34723082,direct,,44.2702759387,,True
Q3-T-019,7181.34723082,direct,,44.85722505,,True
Q3-T-019,7183.34723082,direct,,45.4867303548,,True
Q3-T-019,7185.34723082,direct,,46.1654486299,,True
Q3-T-019,7187.34723082,direct,,46.9017321022,,True
Q3-T-019,7189.34723082,direct,,47.7062580787,,True
Q3-T-019,7191.34723082,direct,,48.5929810446,,True
Q3-T-019,7193.34723082,direct,,49.580628269,,True
Q3-T-019,7195.34723082,direct,,50.6951597885,,True
Q3-T-019,7197.34723082,direct,,51.9740509894,,True
Q3-T-019,7199.34723082,direct,,53.4743047711,,True
Q3-T-019,7201.34723082,direct,,55.2889298259,,True
Q3-T-019,7203.34723082,direct,,57.5855743061,,True
Q3-T-019,7205.34723082,direct,,60.716725584,,True
Q3-T-019,7207.34723082,direct,,65.6608232511,,True
Q3-T-019,7209.34723082,direct,,78.3089034069,,True
Q3-T-019,7211.34723082,direct,,71.1141902868,,True
Q3-T-019,7213.34723082,direct,,63.3778581206,,True
Q3-T-019,7215.34723082,direct,,59.3519773218,,True
Q3-T-019,7217.34723082,direct,,56.6117358281,,True
Q3-T-019,7217.95689591,direct,,55.9251752525,,True
Q3-T-020,8348.30235596,direct,,55.9251752525,,True
Q3-T-020,8350.30235596,direct,,58.4239499847,,True
Q3-T-020,8352.30235596,direct,,61.9457751658,,True
Q3-T-020,8354.30235596,direct,,67.966375079,,True
Q3-T-020,8356.30235596,direct,,141.945775166,,True
Q3-T-020,8358.30235596,direct,,67.966375079,,True
Q3-T-020,8360.30235596,direct,,61.9457751658,,True
Q3-T-020,8362.30235596,direct,,58.4239499847,,True
Q3-T-020,8364.30235596,direct,,55.9251752525,,True
Q3-T-020,8366.30235596,direct,,53.9869749923,,True
Q3-T-020,8368.30235596,direct,,52.4033500714,,True
Q3-T-020,8370.30235596,direct,,51.0644142788,,True
Q3-T-020,8372.30235596,direct,,49.9045753392,,True
Q3-T-020,8374.30235596,direct,,48.8815248903,,True
Q3-T-020,8376.30235596,direct,,47.966375079,,True
Q3-T-020,8378.30235596,direct,,47.1385213759,,True
Q3-T-020,8380.30235596,direct,,46.3827501581,,True
Q3-T-020,8382.30235596,direct,,45.6875080329,,True
Q3-T-020,8384.30235596,direct,,45.0438143655,,True
Q3-T-020,8386.30235596,direct,,44.4445498979,,True
Q3-T-020,8388.30235596,direct,,43.8839754259,,True
Q3-T-020,8390.30235596,direct,,43.3573966515,,True
Q3-T-020,8392.30235596,direct,,42.860924977,,True
Q3-T-020,8394.30235596,direct,,42.39130306,,True
Q3-T-020,8396.30235596,direct,,41.9457751658,,True
Q3-T-020,8398.30235596,direct,,41.5219891844,,True
Q3-T-020,8400.30235596,direct,,41.1179214626,,True
Q3-T-020,8402.30235596,direct,,40.7318183587,,True
Q3-T-020,8404.30235596,direct,,40.3621502448,,True
Q3-T-020,8406.30235596,direct,,40.0075749056,,True
Q3-T-020,8406.445,direct,,39.9825954966,,True
Q3-T-020,8408.30235596,direct,,39.7732152887,,True
Q3-T-020,8410.30235596,direct,,39.1437603968,,True
Q3-T-020,8412.30235596,direct,,38.2473632094,,True
Q3-T-020,8414.30235596,direct,,37.2319763508,,True
Q3-T-020,8416.30235596,direct,,36.1963469902,,True
Q3-T-020,8418.30235596,direct,,35.1928183423,,True
Q3-T-020,8420.30235596,direct,,34.2431243741,,True
Q3-T-020,8422.30235596,direct,,33.3547661587,,True
Q3-T-020,8424.30235596,direct,,32.527538972,,True
Q3-T-020,8426.30235596,direct,,31.7573450452,,True
Q3-T-020,8428.30235596,direct,,31.0393721216,,True
Q3-T-020,8430.30235596,direct,,30.3686992138,,True
Q3-T-020,8432.30235596,direct,,29.7408278977,,True
Q3-T-020,8434.30235596,direct,,29.1508702454,,True
Q3-T-020,8436.30235596,direct,,28.5952510599,,True
Q3-T-020,8438.30235596,direct,,28.0707192828,,True
Q3-T-020,8440.30235596,direct,,27.5740339925,,True
Q3-T-020,8442.30235596,direct,,27.102598382,,True
Q3-T-020,8444.30235596,direct,,26.6543131801,,True
Q3-T-020,8446.30235596,direct,,26.2269395866,,True
Q3-T-020,8448.30235596,direct,,25.8187126526,,True
Q3-T-020,8450.30235596,direct,,25.4282290177,,True
Q3-T-020,8452.30235596,direct,,25.0538502515,,True
Q3-T-020,8454.30235596,direct,,24.6944979442,,True
Q3-T-020,8456.30235596,direct,,24.349060449,,True
Q3-T-020,8458.30235596,direct,,24.0163801093,,True
Q3-T-020,8460.30235596,direct,,23.6957090781,,True
Q3-T-020,8462.30235596,direct,,23.3862408247,,True
Q3-T-020,8464.30235596,direct,,23.0871004935,,True
Q3-T-020,8466.30235596,direct,,22.7977191439,,True
Q3-T-020,8468.30235596,direct,,22.5176143466,,True
Q3-T-020,8470.30235596,direct,,22.2459878135,,True
Q3-T-020,8472.30235596,direct,,21.982461662,,True
Q3-T-020,8474.30235596,direct,,21.7266509103,,True
Q3-T-020,8476.30235596,direct,,21.4780107309,,True
Q3-T-020,8478.30235596,direct,,21.2361609958,,True
Q3-T-020,8480.30235596,direct,,21.0007769732,,True
Q3-T-020,8482.30235596,direct,,20.7716262523,,True
Q3-T-020,8484.30235596,direct,,20.548198746,,True
Q3-T-020,8486.30235596,direct,,20.3303116361,,True
Q3-T-020,8488.30235596,direct,,20.117763433,,True
Q3-T-020,8490.30235596,direct,,19.9102069229,,True
Q3-T-020,8492.30235596,direct,,19.7074198222,,True
Q3-T-020,8494.30235596,direct,,19.5092758675,,True
Q3-T-020,8496.30235596,direct,,19.315480689,,True
Q3-T-020,8498.30235596,direct,,19.1258533765,,True
Q3-T-020,8500.30235596,direct,,18.9403004783,,True
Q3-T-020,8502.30235596,direct,,18.7585440225,,True
Q3-T-020,8504.30235596,direct,,18.5805097422,,True
Q3-T-020,8506.30235596,direct,,18.4060543221,,True
Q3-T-020,8508.30235596,direct,,18.2349589837,,True
Q3-T-020,8510.30235596,direct,,18.0671700811,,True
Q3-T-020,8512.30235596,direct,,17.9025677392,,True
Q3-T-020,8514.30235596,direct,,17.7409595003,,True
Q3-T-020,8516.30235596,direct,,7.58228586884,,True
Q3-T-020,8518.30235596,direct,,7.42651098951,,True
Q3-T-020,8520.30235596,direct,,7.27339857561,,True
Q3-T-020,8522.30235596,direct,,7.12292444864,,True
Q3-T-020,8524.30235596,direct,,6.97504415561,,True
Q3-T-020,8526.30235596,direct,,6.82960349194,,True
Q3-T-020,8528.30235596,direct,,6.68652698996,,True
Q3-T-020,8530.30235596,direct,,6.54575841076,,True
Q3-T-020,8532.30235596,direct,,6.40728551165,,True
Q3-T-020,8534.30235596,direct,,6.27091639598,,True
Q3-T-020,8536.30235596,direct,,6.13664636342,,True
Q3-T-020,8538.30235596,direct,,6.0044518184,,True
Q3-T-020,8540.30235596,direct,,5.87420994771,,True
Q3-T-020,8542.30235596,direct,,5.74586715466,,True
Q3-T-020,8544.30235596,direct,,5.61942427051,,True
Q3-T-020,8546.30235596,direct,,5.49476871685,,True
Q3-T-020,8548.30235596,direct,,5.37185376016,,True
Q3-T-020,8550.30235596,direct,,5.25068456071,,True
Q3-T-020,8552.30235596,direct,,5.13114091447,,True
Q3-T-020,8554.30235596,direct,,5.01323119864,,True
Q3-T-020,8556.30235596,direct,,4.89691472703,,True
Q3-T-020,8558.30235596,direct,,4.7820960412,,True
Q3-T-020,8560.30235596,direct,,4.66878647745,,True
Q3-T-020,8562.30235596,direct,,4.55695010038,,True
Q3-T-020,8564.30235596,direct,,4.44649809417,,True
Q3-T-020,8566.30235596,direct,,4.3374291668,,True
Q3-T-020,8568.30235596,direct,,4.22975648331,,True
Q3-T-020,8570.30235596,direct,,4.12335203294,,True
Q3-T-020,8572.30235596,direct,,4.01823199634,,True
Q3-T-020,8574.30235596,direct,,3.9144114122,,True
Q3-T-020,8576.30235596,direct,,3.81176905952,,True
Q3-T-020,8578.30235596,direct,,3.71032262454,,True
Q3-T-020,8580.30235596,direct,,3.61007484924,,True
Q3-T-020,8582.30235596,direct,,3.51095204748,,True
Q3-T-020,8584.30235596,direct,,3.41293167909,,True
Q3-T-020,8586.30235596,direct,,3.3160027508,,True
Q3-T-020,8588.30235596,direct,,3.22017017626,,True
Q3-T-020,8590.30235596,direct,,3.12536569636,,True
Q3-T-020,8592.30235596,direct,,3.03156980913,,True
Q3-T-020,8594.30235596,direct,,2.93880195614,,True
Q3-T-020,8596.30235596,direct,,2.84699747282,,True
Q3-T-020,8598.30235596,direct,,2.75613880623,,True
Q3-T-020,8600.30235596,direct,,2.66624608723,,True
Q3-T-020,8602.30235596,direct,,2.57724563514,,True
Q3-T-020,8604.30235596,direct,,2.48915840287,,True
Q3-T-020,8606.30235596,direct,,2.40196826417,,True
Q3-T-020,8608.30235596,direct,,2.31561711283,,True
Q3-T-020,8610.04657386,direct,,2.24100856332,,True
Q3-T-020,8610.30235596,direct,,2.24106788118,,True
Q3-T-020,8612.30235596,direct,,2.24152476058,,True
Q3-T-020,8614.30235596,direct,,2.24196680971,,True
Q3-T-020,8616.30235596,direct,,2.24239402405,,True
Q3-T-020,8618.30235596,direct,,2.24280639922,,True
Q3-T-020,8620.30235596,direct,,2.24320393097,,True
Q3-T-020,8622.30235596,direct,,2.24358661523,,True
Q3-T-020,8624.30235596,direct,,2.24395444808,,True
Q3-T-020,8626.30235596,direct,,2.24430742573,,True
Q3-T-020,8628.30235596,direct,,2.24464554457,,True
Q3-T-020,8630.30235596,direct,,2.24496880111,,True
Q3-T-020,8632.30235596,direct,,2.24527719204,,True
Q3-T-020,8634.30235596,direct,,2.24557071418,,True
Q3-T-020,8636.30235596,direct,,2.24584936453,,True
Q3-T-020,8638.30235596,direct,,2.24611314022,,True
Q3-T-020,8640.30235596,direct,,2.24636203853,,True
Q3-T-020,8642.30235596,direct,,2.24659605691,,True
Q3-T-020,8644.30235596,direct,,2.24681519295,,True
Q3-T-020,8646.30235596,direct,,2.2470194444,,True
Q3-T-020,8648.30235596,direct,,2.24720880915,,True
Q3-T-020,8650.30235596,direct,,2.24738328527,,True
Q3-T-020,8652.30235596,direct,,2.24754287095,,True
Q3-T-020,8654.30235596,direct,,2.24768756455,,True
Q3-T-020,8654.57487892,direct,,2.24770629523,,True
Q3-T-020,8656.30235596,direct,,2.24770629523,,True
Q3-T-020,8658.30235596,direct,,2.24770629523,,True
Q3-T-020,8660.30235596,direct,,2.24770629523,,True
Q3-T-020,8662.30235596,direct,,2.24770629523,,True
Q3-T-020,8664.30235596,direct,,2.24770629523,,True
Q3-T-020,8666.30235596,direct,,2.24770629523,,True
Q3-T-020,8668.30235596,direct,,2.24770629523,,True
Q3-T-020,8670.30235596,direct,,2.24770629523,,True
Q3-T-020,8672.30235596,direct,,2.24770629523,,True
Q3-T-020,8674.30235596,direct,,2.24770629523,,True
Q3-T-020,8676.30235596,direct,,2.24770629523,,True
Q3-T-020,8678.30235596,direct,,2.24770629523,,True
Q3-T-020,8680.30235596,direct,,2.24770629523,,True
Q3-T-020,8682.30235596,direct,,2.24770629523,,True
Q3-T-020,8684.30235596,direct,,2.24770629523,,True
Q3-T-020,8686.30235596,direct,,2.24770629523,,True
Q3-T-020,8688.30235596,direct,,2.24770629523,,True
Q3-T-020,8690.30235596,direct,,2.24770629523,,True
Q3-T-020,8692.30235596,direct,,2.24770629523,,True
Q3-T-020,8694.30235596,direct,,2.24770629523,,True
Q3-T-020,8696.30235596,direct,,2.24770629523,,True
Q3-T-020,8698.30235596,direct,,2.24770629523,,True
Q3-T-020,8700.30235596,direct,,2.24770629523,,True
Q3-T-020,8702.30235596,direct,,2.24770629523,,True
Q3-T-020,8704.30235596,direct,,2.24770629523,,True
Q3-T-020,8706.30235596,direct,,2.24770629523,,True
Q3-T-020,8708.30235596,direct,,2.24770629523,,True
Q3-T-020,8710.30235596,direct,,2.24770629523,,True
Q3-T-020,8712.30235596,direct,,2.24770629523,,True
Q3-T-020,8714.30235596,direct,,2.24770629523,,True
Q3-T-020,8716.30235596,direct,,2.24770629523,,True
Q3-T-020,8718.30235596,direct,,2.24770629523,,True
Q3-T-020,8720.30235596,direct,,2.24770629523,,True
Q3-T-020,8722.30235596,direct,,2.24770629523,,True
Q3-T-020,8724.30235596,direct,,2.24770629523,,True
Q3-T-020,8726.30235596,direct,,2.24770629523,,True
Q3-T-020,8728.30235596,direct,,2.24770629523,,True
Q3-T-020,8730.30235596,direct,,2.24770629523,,True
Q3-T-020,8732.30235596,direct,,2.24770629523,,True
Q3-T-020,8734.30235596,direct,,2.24770629523,,True
Q3-T-020,8736.30235596,direct,,2.24770629523,,True
Q3-T-020,8738.30235596,direct,,2.24770629523,,True
Q3-T-020,8740.30235596,direct,,2.24770629523,,True
Q3-T-020,8742.30235596,direct,,2.24770629523,,True
Q3-T-020,8744.30235596,direct,,2.24770629523,,True
Q3-T-020,8746.30235596,direct,,2.24770629523,,True
Q3-T-020,8748.30235596,direct,,2.24770629523,,True
Q3-T-020,8750.30235596,direct,,2.24770629523,,True
Q3-T-020,8752.30235596,direct,,2.24770629523,,True
Q3-T-020,8754.30235596,direct,,2.24770629523,,True
Q3-T-020,8756.30235596,direct,,2.24770629523,,True
Q3-T-020,8758.30235596,direct,,2.24770629523,,True
Q3-T-020,8760.30235596,direct,,2.24770629523,,True
Q3-T-020,8762.30235596,direct,,2.24770629523,,True
Q3-T-020,8764.30235596,direct,,2.24770629523,,True
Q3-T-020,8766.30235596,direct,,2.24770629523,,True
Q3-T-020,8768.30235596,direct,,2.24770629523,,True
Q3-T-020,8770.30235596,direct,,2.24770629523,,True
Q3-T-020,8772.30235596,direct,,2.24770629523,,True
Q3-T-020,8774.30235596,direct,,2.24770629523,,True
Q3-T-020,8776.30235596,direct,,2.24770629523,,True
Q3-T-020,8778.30235596,direct,,2.24770629523,,True
Q3-T-020,8780.30235596,direct,,2.24770629523,,True
Q3-T-020,8782.30235596,direct,,2.24770629523,,True
Q3-T-020,8784.30235596,direct,,2.24770629523,,True
Q3-T-020,8786.30235596,direct,,2.24770629523,,True
Q3-T-020,8788.30235596,direct,,2.24770629523,,True
Q3-T-020,8790.30235596,direct,,2.24770629523,,True
Q3-T-020,8792.30235596,direct,,2.24770629523,,True
Q3-T-020,8794.30235596,direct,,2.24770629523,,True
Q3-T-020,8796.30235596,direct,,2.24770629523,,True
Q3-T-020,8798.30235596,direct,,2.24770629523,,True
Q3-T-020,8800.30235596,direct,,2.24770629523,,True
Q3-T-020,8802.30235596,direct,,2.24770629523,,True
Q3-T-020,8804.30235596,direct,,2.24770629523,,True
Q3-T-020,8806.30235596,direct,,2.24770629523,,True
Q3-T-020,8808.30235596,direct,,2.24770629523,,True
Q3-T-020,8810.30235596,direct,,2.24770629523,,True
Q3-T-020,8812.30235596,direct,,2.24770629523,,True
Q3-T-020,8814.30235596,direct,,2.24770629523,,True
Q3-T-020,8816.30235596,direct,,2.24770629523,,True
Q3-T-020,8818.30235596,direct,,2.24770629523,,True
Q3-T-020,8820.30235596,direct,,2.24770629523,,True
Q3-T-020,8822.30235596,direct,,2.24770629523,,True
Q3-T-020,8824.30235596,direct,,2.24770629523,,True
Q3-T-020,8826.30235596,direct,,2.24770629523,,True
Q3-T-020,8828.30235596,direct,,2.24770629523,,True
Q3-T-020,8830.30235596,direct,,2.24770629523,,True
Q3-T-020,8832.30235596,direct,,2.24770629523,,True
Q3-T-020,8834.30235596,direct,,2.24770629523,,True
Q3-T-020,8836.30235596,direct,,2.24770629523,,True
Q3-T-020,8838.30235596,direct,,2.24770629523,,True
Q3-T-020,8840.30235596,direct,,2.24770629523,,True
Q3-T-020,8842.30235596,direct,,2.24770629523,,True
Q3-T-020,8844.30235596,direct,,2.24770629523,,True
Q3-T-020,8846.30235596,direct,,2.24770629523,,True
Q3-T-020,8848.30235596,direct,,2.24770629523,,True
Q3-T-020,8850.30235596,direct,,2.24770629523,,True
Q3-T-020,8852.30235596,direct,,2.24770629523,,True
Q3-T-020,8854.30235596,direct,,2.24770629523,,True
Q3-T-020,8856.30235596,direct,,2.24770629523,,True
Q3-T-020,8858.30235596,direct,,2.24770629523,,True
Q3-T-020,8860.30235596,direct,,2.24770629523,,True
Q3-T-020,8862.30235596,direct,,2.24770629523,,True
Q3-T-020,8864.30235596,direct,,2.24770629523,,True
Q3-T-020,8866.30235596,direct,,2.24770629523,,True
Q3-T-020,8868.30235596,direct,,2.24770629523,,True
Q3-T-020,8870.30235596,direct,,2.24770629523,,True
Q3-T-020,8872.30235596,direct,,2.24770629523,,True
Q3-T-020,8874.30235596,direct,,2.24770629523,,True
Q3-T-020,8876.30235596,direct,,2.24770629523,,True
Q3-T-020,8878.30235596,direct,,2.24770629523,,True
Q3-T-020,8880.30235596,direct,,2.24770629523,,True
Q3-T-020,8882.30235596,direct,,2.24770629523,,True
Q3-T-020,8884.30235596,direct,,2.24770629523,,True
Q3-T-020,8886.30235596,direct,,2.24770629523,,True
Q3-T-020,8888.30235596,direct,,2.24770629523,,True
Q3-T-020,8890.30235596,direct,,2.24770629523,,True
Q3-T-020,8892.30235596,direct,,2.24770629523,,True
Q3-T-020,8894.30235596,direct,,2.24770629523,,True
Q3-T-020,8896.30235596,direct,,2.24770629523,,True
Q3-T-020,8898.30235596,direct,,2.24770629523,,True
Q3-T-020,8900.30235596,direct,,2.24770629523,,True
Q3-T-020,8902.30235596,direct,,2.24770629523,,True
Q3-T-020,8904.30235596,direct,,2.24770629523,,True
Q3-T-020,8906.30235596,direct,,2.24770629523,,True
Q3-T-020,8908.30235596,direct,,2.24770629523,,True
Q3-T-020,8910.30235596,direct,,2.24770629523,,True
Q3-T-020,8912.30235596,direct,,2.24770629523,,True
Q3-T-020,8914.30235596,direct,,2.24770629523,,True
Q3-T-020,8916.30235596,direct,,2.24770629523,,True
Q3-T-020,8918.30235596,direct,,2.24770629523,,True
Q3-T-020,8920.30235596,direct,,2.24770629523,,True
Q3-T-020,8922.30235596,direct,,2.24770629523,,True
Q3-T-020,8924.30235596,direct,,2.24770629523,,True
Q3-T-020,8926.30235596,direct,,2.24770629523,,True
Q3-T-020,8928.30235596,direct,,2.24770629523,,True
Q3-T-020,8930.30235596,direct,,2.24770629523,,True
Q3-T-020,8932.30235596,direct,,2.24770629523,,True
Q3-T-020,8934.30235596,direct,,2.24770629523,,True
Q3-T-020,8936.30235596,direct,,2.24770629523,,True
Q3-T-020,8938.30235596,direct,,2.24770629523,,True
Q3-T-020,8940.30235596,direct,,2.24770629523,,True
Q3-T-020,8942.30235596,direct,,2.24770629523,,True
Q3-T-020,8944.30235596,direct,,2.24770629523,,True
Q3-T-020,8946.30235596,direct,,2.24770629523,,True
Q3-T-020,8948.30235596,direct,,2.24770629523,,True
Q3-T-020,8950.30235596,direct,,2.24770629523,,True
Q3-T-020,8952.30235596,direct,,2.24770629523,,True
Q3-T-020,8954.30235596,direct,,2.24770629523,,True
Q3-T-020,8956.30235596,direct,,2.24770629523,,True
Q3-T-020,8958.30235596,direct,,2.24770629523,,True
Q3-T-020,8960.30235596,direct,,2.24770629523,,True
Q3-T-020,8962.30235596,direct,,2.24770629523,,True
Q3-T-020,8964.30235596,direct,,2.24770629523,,True
Q3-T-020,8966.30235596,direct,,2.24770629523,,True
Q3-T-020,8968.30235596,direct,,2.24770629523,,True
Q3-T-020,8970.30235596,direct,,2.24770629523,,True
Q3-T-020,8972.30235596,direct,,2.24770629523,,True
Q3-T-020,8974.30235596,direct,,2.24770629523,,True
Q3-T-020,8976.30235596,direct,,2.24770629523,,True
Q3-T-020,8978.30235596,direct,,2.24770629523,,True
Q3-T-020,8980.30235596,direct,,2.24770629523,,True
Q3-T-020,8982.30235596,direct,,2.24770629523,,True
Q3-T-020,8984.30235596,direct,,2.24770629523,,True
Q3-T-020,8986.30235596,direct,,2.24770629523,,True
Q3-T-020,8988.30235596,direct,,2.24770629523,,True
Q3-T-020,8990.30235596,direct,,2.24770629523,,True
Q3-T-020,8992.30235596,direct,,2.24770629523,,True
Q3-T-020,8994.30235596,direct,,2.24770629523,,True
Q3-T-020,8996.30235596,direct,,2.24770629523,,True
Q3-T-020,8998.30235596,direct,,2.24770629523,,True
Q3-T-020,9000.30235596,direct,,2.24770629523,,True
Q3-T-020,9002.30235596,direct,,2.24770629523,,True
Q3-T-020,9004.30235596,direct,,2.24770629523,,True
Q3-T-020,9006.30235596,direct,,2.24770629523,,True
Q3-T-020,9008.30235596,direct,,2.24770629523,,True
Q3-T-020,9010.30235596,direct,,2.24770629523,,True
Q3-T-020,9012.30235596,direct,,2.24770629523,,True
Q3-T-020,9014.30235596,direct,,2.24770629523,,True
Q3-T-020,9016.30235596,direct,,2.24770629523,,True
Q3-T-020,9018.30235596,direct,,2.24770629523,,True
Q3-T-020,9020.30235596,direct,,2.24770629523,,True
Q3-T-020,9022.30235596,direct,,2.24770629523,,True
Q3-T-020,9024.30235596,direct,,2.24770629523,,True
Q3-T-020,9026.30235596,direct,,2.24770629523,,True
Q3-T-020,9028.30235596,direct,,2.24770629523,,True
Q3-T-020,9030.30235596,direct,,2.24770629523,,True
Q3-T-020,9032.30235596,direct,,2.24770629523,,True
Q3-T-020,9034.30235596,direct,,2.24770629523,,True
Q3-T-020,9036.30235596,direct,,2.24770629523,,True
Q3-T-020,9038.30235596,direct,,2.24770629523,,True
Q3-T-020,9040.30235596,direct,,2.24770629523,,True
Q3-T-020,9042.30235596,direct,,2.24770629523,,True
Q3-T-020,9044.30235596,direct,,2.24770629523,,True
Q3-T-020,9046.30235596,direct,,2.24770629523,,True
Q3-T-020,9048.30235596,direct,,2.24770629523,,True
Q3-T-020,9050.30235596,direct,,2.24770629523,,True
Q3-T-020,9050.57487892,direct,,2.24770629523,,True
Q3-T-020,9052.30235596,direct,,2.24755159437,,True
Q3-T-020,9054.30235596,direct,,2.24735085588,,True
Q3-T-020,9056.30235596,direct,,2.24712685161,,True
Q3-T-020,9058.30235596,direct,,2.24687958516,,True
Q3-T-020,9060.30235596,direct,,2.24660906052,,True
Q3-T-020,9062.30235596,direct,,2.24631528202,,True
Q3-T-020,9064.30235596,direct,,2.2459982544,,True
Q3-T-020,9066.30235596,direct,,2.24565798273,,True
Q3-T-020,9068.30235596,direct,,2.24529447249,,True
Q3-T-020,9070.30235596,direct,,2.24490772951,,True
Q3-T-020,9072.30235596,direct,,2.24449776,,True
Q3-T-020,9074.30235596,direct,,2.24406457054,,True
Q3-T-020,9076.30235596,direct,,2.24360816809,,True
Q3-T-020,9078.30235596,direct,,2.24312855996,,True
Q3-T-020,9080.30235596,direct,,2.24262575385,,True
Q3-T-020,9082.30235596,direct,,2.24209975782,,True
Q3-T-020,9084.30235596,direct,,2.2415505803,,True
Q3-T-020,9086.19752296,direct,,2.24100856332,,True
Q3-T-020,9086.30235596,direct,,2.24546965047,,True
Q3-T-020,9088.30235596,direct,,2.33112399997,,True
Q3-T-020,9090.30235596,direct,,2.41762995177,,True
Q3-T-020,9092.30235596,direct,,2.50497795878,,True
Q3-T-020,9094.30235596,direct,,2.5932262953,,True
Q3-T-020,9096.30235596,direct,,2.68239118351,,True
Q3-T-020,9098.30235596,direct,,2.77245169986,,True
Q3-T-020,9100.30235596,direct,,2.86346905959,,True
Q3-T-020,9102.30235596,direct,,2.95546119161,,True
Q3-T-020,9104.30235596,direct,,3.04840773601,,True
Q3-T-020,9106.30235596,direct,,3.14238623748,,True
Q3-T-020,9108.30235596,direct,,3.23737730149,,True
Q3-T-020,9110.30235596,direct,,3.33340055546,,True
Q3-T-020,9112.30235596,direct,,3.43052448681,,True
Q3-T-020,9114.30235596,direct,,3.52873058812,,True
Q3-T-020,9116.30235596,direct,,3.62807101812,,True
Q3-T-020,9118.30235596,direct,,3.72852742439,,True
Q3-T-020,9120.30235596,direct,,3.83018743798,,True
Q3-T-020,9122.30235596,direct,,3.9330340962,,True
Q3-T-020,9124.30235596,direct,,4.03709278798,,True
Q3-T-020,9126.30235596,direct,,4.14244212827,,True
Q3-T-020,9128.30235596,direct,,4.2490666504,,True
Q3-T-020,9130.30235596,direct,,4.3569948582,,True
Q3-T-020,9132.30235596,direct,,4.46631061189,,True
Q3-T-020,9134.30235596,direct,,4.57701573322,,True
Q3-T-020,9136.30235596,direct,,4.68909604627,,True
Q3-T-020,9138.30235596,direct,,4.80268763493,,True
Q3-T-020,9140.30235596,direct,,4.91777980664,,True
Q3-T-020,9142.30235596,direct,,5.03436075362,,True
Q3-T-020,9144.30235596,direct,,5.15257515077,,True
Q3-T-020,9146.30235596,direct,,5.27241520648,,True
Q3-T-020,9148.30235596,direct,,5.39388900544,,True
Q3-T-020,9150.30235596,direct,,5.51710009827,,True
Q3-T-020,9152.30235596,direct,,5.64209512613,,True
Q3-T-020,9154.30235596,direct,,5.76886963514,,True
Q3-T-020,9156.30235596,direct,,5.89755396515,,True
Q3-T-020,9158.30235596,direct,,6.02814757646,,True
Q3-T-020,9160.30235596,direct,,6.16070451823,,True
Q3-T-020,9162.30235596,direct,,6.29534827076,,True
Q3-T-020,9164.30235596,direct,,6.43208375709,,True
Q3-T-020,9166.30235596,direct,,6.57097332999,,True
Q3-T-020,9168.30235596,direct,,6.71215256118,,True
Q3-T-020,9170.30235596,direct,,6.8556532452,,True
Q3-T-020,9172.30235596,direct,,7.0015322356,,True
Q3-T-020,9174.30235596,direct,,7.1498657034,,True
Q3-T-020,9176.30235596,direct,,7.30080883956,,True
Q3-T-020,9178.30235596,direct,,7.45438532469,,True
Q3-T-020,9180.30235596,direct,,7.61068438173,,True
Q3-T-020,9182.30235596,direct,,17.7698793015,,True
Q3-T-020,9184.30235596,direct,,17.9320282003,,True
Q3-T-020,9186.30235596,direct,,18.0971683927,,True
Q3-T-020,9188.30235596,direct,,18.265563071,,True
Q3-T-020,9190.30235596,direct,,18.4372640705,,True
Q3-T-020,9192.30235596,direct,,18.6123247286,,True
Q3-T-020,9194.30235596,direct,,18.7910390956,,True
Q3-T-020,9196.30235596,direct,,18.9734785734,,True
Q3-T-020,9198.30235596,direct,,19.1597433533,,True
Q3-T-020,9200.30235596,direct,,19.3500870631,,True
Q3-T-020,9202.30235596,direct,,19.5446848443,,True
Q3-T-020,9204.30235596,direct,,19.7436398287,,True
Q3-T-020,9206.30235596,direct,,19.9472758562,,True
Q3-T-020,9208.30235596,direct,,20.1557214777,,True
Q3-T-020,9210.30235596,direct,,20.369201839,,True
Q3-T-020,9212.30235596,direct,,20.5880677863,,True
Q3-T-020,9214.30235596,direct,,20.8124925498,,True
Q3-T-020,9216.30235596,direct,,21.0427567846,,True
Q3-T-020,9218.30235596,direct,,21.2792813301,,True
Q3-T-020,9220.30235596,direct,,21.5223343387,,True
Q3-T-020,9222.30235596,direct,,21.7722455959,,True
Q3-T-020,9224.30235596,direct,,22.029400983,,True
Q3-T-020,9226.30235596,direct,,22.2943524606,,True
Q3-T-020,9228.30235596,direct,,22.5674534495,,True
Q3-T-020,9230.30235596,direct,,22.8492044989,,True
Q3-T-020,9232.30235596,direct,,23.1402991956,,True
Q3-T-020,9234.30235596,direct,,23.4412680153,,True
Q3-T-020,9236.30235596,direct,,23.7526470403,,True
Q3-T-020,9238.30235596,direct,,24.0754569758,,True
Q3-T-020,9240.30235596,direct,,24.4103876932,,True
Q3-T-020,9242.30235596,direct,,24.75819797,,True
Q3-T-020,9244.30235596,direct,,25.1202136913,,True
Q3-T-020,9246.30235596,direct,,25.4974217427,,True
Q3-T-020,9248.30235596,direct,,25.8909744721,,True
Q3-T-020,9250.30235596,direct,,26.3024840311,,True
Q3-T-020,9252.30235596,direct,,26.7335622688,,True
Q3-T-020,9254.30235596,direct,,27.1858394797,,True
Q3-T-020,9256.30235596,direct,,27.6615941222,,True
Q3-T-020,9258.30235596,direct,,28.163180966,,True
Q3-T-020,9260.30235596,direct,,28.6930562712,,True
Q3-T-020,9262.30235596,direct,,29.2546025917,,True
Q3-T-020,9264.30235596,direct,,29.8510638193,,True
Q3-T-020,9266.30235596,direct,,30.4863525318,,True
Q3-T-020,9268.30235596,direct,,31.165190919,,True
Q3-T-020,9270.30235596,direct,,31.8922250382,,True
Q3-T-020,9272.30235596,direct,,32.6723868159,,True
Q3-T-020,9274.30235596,direct,,33.5103744835,,True
Q3-T-020,9276.30235596,direct,,34.4099042803,,True
Q3-T-020,9278.30235596,direct,,35.3700883908,,True
Q3-T-020,9280.30235596,direct,,36.3817665322,,True
Q3-T-020,9282.30235596,direct,,37.4187097001,,True
Q3-T-020,9284.30235596,direct,,38.4215615779,,True
Q3-T-020,9286.30235596,direct,,39.2819025223,,True
Q3-T-020,9288.30235596,direct,,39.8454929505,,True
Q3-T-020,9289.79909683,direct,,39.9825954966,,True
Q3-T-020,9290.30235596,direct,,40.0528593736,,True
Q3-T-020,9292.30235596,direct,,40.3368532735,,True
Q3-T-020,9294.30235596,direct,,40.6304474133,,True
Q3-T-020,9296.30235596,direct,,40.9343136307,,True
Q3-T-020,9298.30235596,direct,,41.2491968527,,True
Q3-T-020,9300.30235596,direct,,41.5759260977,,True
Q3-T-020,9302.30235596,direct,,41.9154276293,,True
Q3-T-020,9304.30235596,direct,,42.2687407859,,True
Q3-T-020,9306.30235596,direct,,42.6370371702,,True
Q3-T-020,9308.30235596,direct,,43.0216440889,,True
Q3-T-020,9310.30235596,direct,,43.4240734273,,True
Q3-T-020,9312.30235596,direct,,43.8460575438,,True
Q3-T-020,9314.30235596,direct,,44.2895943379,,True
Q3-T-020,9316.30235596,direct,,44.7570044567,,True
Q3-T-020,9318.30235596,direct,,45.2510047877,,True
Q3-T-020,9320.30235596,direct,,45.774804141,,True
Q3-T-020,9322.30235596,direct,,46.3322296771,,True
Q3-T-020,9324.30235596,direct,,46.9278967581,,True
Q3-T-020,9326.30235596,direct,,47.5674414455,,True
Q3-T-020,9328.30235596,direct,,48.2578455974,,True
Q3-T-020,9330.30235596,direct,,49.0079026824,,True
Q3-T-020,9332.30235596,direct,,49.8289043846,,True
Q3-T-020,9334.30235596,direct,,50.7356868619,,True
Q3-T-020,9336.30235596,direct,,51.7482894657,,True
Q3-T-020,9338.30235596,direct,,52.8947139012,,True
Q3-T-020,9340.30235596,direct,,54.2157958548,,True
Q3-T-020,9342.30235596,direct,,55.7744868945,,True
Q3-T-020,9344.30235596,direct,,57.6754200258,,True
Q3-T-020,9346.30235596,direct,,60.1124360139,,True
Q3-T-020,9348.30235596,direct,,63.5120456561,,True
Q3-T-020,9350.30235596,direct,,69.1759900267,,True
Q3-T-020,9352.30235596,direct,,91.0644142788,,True
Q3-T-020,9354.30235596,direct,,70.6999178766,,True
Q3-T-020,9356.30235596,direct,,64.2725464627,,True
Q3-T-020,9358.30235596,direct,,60.6192566585,,True
Q3-T-020,9360.30235596,direct,,58.0554883281,,True
Q3-T-020,9362.30235596,direct,,56.0785240715,,True
Q3-T-020,9362.47740188,direct,,55.9251752525,,True
Q3-T-021,9000.84659202,direct,,55.9251752525,,True
Q3-T-021,9002.84659202,direct,,58.4239499847,,True
Q3-T-021,9004.84659202,direct,,61.9457751658,,True
Q3-T-021,9006.84659202,direct,,67.966375079,,True
Q3-T-021,9008.84659202,direct,,141.945775166,,True
Q3-T-021,9010.84659202,direct,,67.966375079,,True
Q3-T-021,9012.84659202,direct,,61.9457751658,,True
Q3-T-021,9014.84659202,direct,,58.4239499847,,True
Q3-T-021,9016.84659202,direct,,55.9251752525,,True
Q3-T-021,9018.84659202,direct,,53.9869749923,,True
Q3-T-021,9020.84659202,direct,,52.4033500714,,True
Q3-T-021,9022.84659202,direct,,51.0644142788,,True
Q3-T-021,9024.84659202,direct,,49.9045753392,,True
Q3-T-021,9026.84659202,direct,,48.8815248903,,True
Q3-T-021,9028.84659202,direct,,47.966375079,,True
Q3-T-021,9030.84659202,direct,,47.1385213759,,True
Q3-T-021,9032.84659202,direct,,46.3827501581,,True
Q3-T-021,9034.84659202,direct,,45.6875080329,,True
Q3-T-021,9036.84659202,direct,,45.0438143655,,True
Q3-T-021,9038.84659202,direct,,44.4445498979,,True
Q3-T-021,9040.84659202,direct,,43.8839754259,,True
Q3-T-021,9042.84659202,direct,,43.3573966515,,True
Q3-T-021,9044.84659202,direct,,42.860924977,,True
Q3-T-021,9046.84659202,direct,,42.39130306,,True
Q3-T-021,9048.84659202,direct,,41.9457751658,,True
Q3-T-021,9050.84659202,direct,,41.5219891844,,True
Q3-T-021,9052.84659202,direct,,41.1179214626,,True
Q3-T-021,9054.84659202,direct,,40.7318183587,,True
Q3-T-021,9056.84659202,direct,,40.3621502448,,True
Q3-T-021,9058.84659202,direct,,40.0075749056,,True
Q3-T-021,9060.84659202,direct,,39.6669081196,,True
Q3-T-021,9062.84659202,direct,,39.3390997959,,True
Q3-T-021,9064.84659202,direct,,39.0232144522,,True
Q3-T-021,9066.84659202,direct,,38.7184151211,,True
Q3-T-021,9068.84659202,direct,,38.4239499847,,True
Q3-T-021,9070.84659202,direct,,38.1391412024,,True
Q3-T-021,9072.84659202,direct,,37.8633755126,,True
Q3-T-021,9074.84659202,direct,,37.5960962815,,True
Q3-T-021,9076.84659202,direct,,37.3367967382,,True
Q3-T-021,9078.84659202,direct,,37.085014192,,True
Q3-T-021,9080.84659202,direct,,36.8403250637,,True
Q3-T-021,9082.84659202,direct,,36.6023405977,,True
Q3-T-021,9084.84659202,direct,,36.3707031467,,True
Q3-T-021,9086.84659202,direct,,36.1450829385,,True
Q3-T-021,9088.84659202,direct,,35.9251752525,,True
Q3-T-021,9090.84659202,direct,,35.7106979447,,True
Q3-T-021,9092.84659202,direct,,35.5013892711,,True
Q3-T-021,9094.84659202,direct,,35.2970059675,,True
Q3-T-021,9096.20572778,direct,,35.1607224851,,True
Q3-T-021,9096.84659202,direct,,35.152315349,,True
Q3-T-021,9098.84659202,direct,,35.0201320087,,True
Q3-T-021,9100.84659202,direct,,34.7404600036,,True
Q3-T-021,9102.84659202,direct,,34.340019457,,True
Q3-T-021,9104.84659202,direct,,33.8503685745,,True
Q3-T-021,9106.84659202,direct,,33.3021947059,,True
Q3-T-021,9108.84659202,direct,,32.7210415121,,True
Q3-T-021,9110.84659202,direct,,32.1262838798,,True
Q3-T-021,9112.84659202,direct,,31.5315956253,,True
Q3-T-021,9114.84659202,direct,,30.9460645444,,True
Q3-T-021,9116.84659202,direct,,30.3755648938,,True
Q3-T-021,9118.84659202,direct,,29.8230092423,,True
Q3-T-021,9120.84659202,direct,,29.2902605072,,True
Q3-T-021,9122.84659202,direct,,28.7779189519,,True
Q3-T-021,9124.84659202,direct,,28.2859001182,,True
Q3-T-021,9126.84659202,direct,,27.8136962187,,True
Q3-T-021,9128.84659202,direct,,27.3605506699,,True
Q3-T-021,9130.84659202,direct,,26.9257150442,,True
Q3-T-021,9132.84659202,direct,,26.5079500922,,True
Q3-T-021,9134.84659202,direct,,26.1064424638,,True
Q3-T-021,9136.84659202,direct,,25.7202489253,,True
Q3-T-021,9138.84659202,direct,,25.34846199,,True
Q3-T-021,9140.84659202,direct,,24.9902230546,,True
Q3-T-021,9142.84659202,direct,,24.6447141129,,True
Q3-T-021,9144.84659202,direct,,24.3112882878,,True
Q3-T-021,9146.84659202,direct,,23.9890154577,,True
Q3-T-021,9148.84659202,direct,,23.6773502538,,True
Q3-T-021,9150.84659202,direct,,23.3756813139,,True
Q3-T-021,9152.84659202,direct,,23.0834414809,,True
Q3-T-021,9154.84659202,direct,,22.8001047738,,True
Q3-T-021,9156.84659202,direct,,22.5251833626,,True
Q3-T-021,9158.84659202,direct,,22.2583123058,,True
Q3-T-021,9160.84659202,direct,,21.9988936401,,True
Q3-T-021,9162.84659202,direct,,21.7466272477,,True
Q3-T-021,9164.84659202,direct,,21.5011501523,,True
Q3-T-021,9166.84659202,direct,,21.2621245287,,True
Q3-T-021,9168.84659202,direct,,21.0292356448,,True
Q3-T-021,9170.84659202,direct,,20.8022646832,,True
Q3-T-021,9172.84659202,direct,,20.5807863788,,True
Q3-T-021,9174.84659202,direct,,20.3646212086,,True
Q3-T-021,9176.84659202,direct,,20.1535295254,,True
Q3-T-021,9178.84659202,direct,,19.9472887394,,True
Q3-T-021,9180.84659202,direct,,19.7456845716,,True
Q3-T-021,9182.84659202,direct,,19.5485213731,,True
Q3-T-021,9184.84659202,direct,,19.3556770781,,True
Q3-T-021,9186.84659202,direct,,19.1668485522,,True
Q3-T-021,9188.84659202,direct,,18.9819363343,,True
Q3-T-021,9190.84659202,direct,,18.8007854388,,True
Q3-T-021,9192.84659202,direct,,18.6232496438,,True
Q3-T-021,9194.84659202,direct,,18.4491908647,,True
Q3-T-021,9196.84659202,direct,,18.2784785792,,True
Q3-T-021,9198.84659202,direct,,18.1110445831,,True
Q3-T-021,9200.84659202,direct,,17.9466603636,,True
Q3-T-021,9202.84659202,direct,,17.7852714316,,True
Q3-T-021,9204.84659202,direct,,7.62677266388,,True
Q3-T-021,9206.84659202,direct,,7.47106426405,,True
Q3-T-021,9208.84659202,direct,,7.31805141636,,True
Q3-T-021,9210.84659202,direct,,7.16764396695,,True
Q3-T-021,9212.84659202,direct,,7.01980499362,,True
Q3-T-021,9214.84659202,direct,,6.87435427772,,True
Q3-T-021,9216.84659202,direct,,6.73126496855,,True
Q3-T-021,9218.84659202,direct,,6.59046019116,,True
Q3-T-021,9220.84659202,direct,,6.45187043153,,True
Q3-T-021,9222.84659202,direct,,6.3154280404,,True
Q3-T-021,9224.84659202,direct,,6.18106837653,,True
Q3-T-021,9226.84659202,direct,,6.04877339774,,True
Q3-T-021,9228.84659202,direct,,5.91839580004,,True
Q3-T-021,9230.84659202,direct,,5.78992340216,,True
Q3-T-021,9232.84659202,direct,,5.66330198013,,True
Q3-T-021,9234.84659202,direct,,5.5384795643,,True
Q3-T-021,9236.84659202,direct,,5.41540631771,,True
Q3-T-021,9238.84659202,direct,,5.29407458401,,True
Q3-T-021,9240.84659202,direct,,5.17435759053,,True
Q3-T-021,9242.84659202,direct,,5.05625196537,,True
Q3-T-021,9244.84659202,direct,,4.93971533599,,True
Q3-T-021,9246.84659202,direct,,4.82470696255,,True
Q3-T-021,9248.84659202,direct,,4.71118765602,,True
Q3-T-021,9250.84659202,direct,,4.59911970125,,True
Q3-T-021,9252.84659202,direct,,4.48850342136,,True
Q3-T-021,9254.84659202,direct,,4.37923010911,,True
Q3-T-021,9256.84659202,direct,,4.27130414483,,True
Q3-T-021,9258.84659202,direct,,4.16469103863,,True
Q3-T-021,9260.84659202,direct,,4.05936044349,,True
Q3-T-021,9262.84659202,direct,,3.95528211111,,True
Q3-T-021,9264.84659202,direct,,3.85242684234,,True
Q3-T-021,9266.84659202,direct,,3.75080011584,,True
Q3-T-021,9268.84659202,direct,,3.65030695364,,True
Q3-T-021,9270.84659202,direct,,3.5509550985,,True
Q3-T-021,9272.84659202,direct,,3.45271909749,,True
Q3-T-021,9274.84659202,direct,,3.35557433376,,True
Q3-T-021,9276.84659202,direct,,3.25949699061,,True
Q3-T-021,9278.84659202,direct,,3.16446401741,,True
Q3-T-021,9280.84659202,direct,,3.07048425294,,True
Q3-T-021,9282.84659202,direct,,2.97747344244,,True
Q3-T-021,9284.84659202,direct,,2.88544213871,,True
Q3-T-021,9286.84659202,direct,,2.79437004858,,True
Q3-T-021,9288.84659202,direct,,2.70423749929,,True
Q3-T-021,9290.84659202,direct,,2.61502541359,,True
Q3-T-021,9292.84659202,direct,,2.5267152861,,True
Q3-T-021,9294.84659202,direct,,2.43931894672,,True
Q3-T-021,9296.84659202,direct,,2.35275910182,,True
Q3-T-021,9298.84659202,direct,,2.26704891633,,True
Q3-T-021,9300.84659202,direct,,2.18217195778,,True
Q3-T-021,9302.84659202,direct,,2.09811226341,,True
Q3-T-021,9304.84659202,direct,,2.01485432247,,True
Q3-T-021,9306.84659202,direct,,1.93241040861,,True
Q3-T-021,9308.61898458,direct,,1.85996174426,,True
Q3-T-021,9308.84659202,direct,,1.86004720962,,True
Q3-T-021,9310.84659202,direct,,1.86078285986,,True
Q3-T-021,9312.84659202,direct,,1.86150500436,,True
Q3-T-021,9314.84659202,direct,,1.86221363634,,True
Q3-T-021,9316.84659202,direct,,1.86290874919,,True
Q3-T-021,9318.84659202,direct,,1.86359033639,,True
Q3-T-021,9320.84659202,direct,,1.86425839155,,True
Q3-T-021,9322.84659202,direct,,1.8649129084,,True
Q3-T-021,9324.84659202,direct,,1.86555388082,,True
Q3-T-021,9326.84659202,direct,,1.86618130279,,True
Q3-T-021,9328.84659202,direct,,1.86679516843,,True
Q3-T-021,9330.84659202,direct,,1.86739547196,,True
Q3-T-021,9332.84659202,direct,,1.86798220776,,True
Q3-T-021,9334.26790426,direct,,1.86839055086,,True
Q3-T-021,9334.84659202,direct,,1.86839055086,,True
Q3-T-021,9336.84659202,direct,,1.86839055086,,True
Q3-T-021,9338.84659202,direct,,1.86839055086,,True
Q3-T-021,9340.84659202,direct,,1.86839055086,,True
Q3-T-021,9342.84659202,direct,,1.86839055086,,True
Q3-T-021,9344.84659202,direct,,1.86839055086,,True
Q3-T-021,9346.84659202,direct,,1.86839055086,,True
Q3-T-021,9348.84659202,direct,,1.86839055086,,True
Q3-T-021,9350.84659202,direct,,1.86839055086,,True
Q3-T-021,9352.84659202,direct,,1.86839055086,,True
Q3-T-021,9354.84659202,direct,,1.86839055086,,True
Q3-T-021,9356.84659202,direct,,1.86839055086,,True
Q3-T-021,9358.84659202,direct,,1.86839055086,,True
Q3-T-021,9360.84659202,direct,,1.86839055086,,True
Q3-T-021,9362.84659202,direct,,1.86839055086,,True
Q3-T-021,9364.84659202,direct,,1.86839055086,,True
Q3-T-021,9366.84659202,direct,,1.86839055086,,True
Q3-T-021,9368.84659202,direct,,1.86839055086,,True
Q3-T-021,9370.84659202,direct,,1.86839055086,,True
Q3-T-021,9372.84659202,direct,,1.86839055086,,True
Q3-T-021,9374.84659202,direct,,1.86839055086,,True
Q3-T-021,9376.84659202,direct,,1.86839055086,,True
Q3-T-021,9378.84659202,direct,,1.86839055086,,True
Q3-T-021,9380.84659202,direct,,1.86839055086,,True
Q3-T-021,9382.84659202,direct,,1.86839055086,,True
Q3-T-021,9384.84659202,direct,,1.86839055086,,True
Q3-T-021,9386.84659202,direct,,1.86839055086,,True
Q3-T-021,9388.84659202,direct,,1.86839055086,,True
Q3-T-021,9390.84659202,direct,,1.86839055086,,True
Q3-T-021,9392.84659202,direct,,1.86839055086,,True
Q3-T-021,9394.84659202,direct,,1.86839055086,,True
Q3-T-021,9396.84659202,direct,,1.86839055086,,True
Q3-T-021,9398.84659202,direct,,1.86839055086,,True
Q3-T-021,9400.84659202,direct,,1.86839055086,,True
Q3-T-021,9402.84659202,direct,,1.86839055086,,True
Q3-T-021,9404.84659202,direct,,1.86839055086,,True
Q3-T-021,9406.84659202,direct,,1.86839055086,,True
Q3-T-021,9408.84659202,direct,,1.86839055086,,True
Q3-T-021,9410.84659202,direct,,1.86839055086,,True
Q3-T-021,9412.84659202,direct,,1.86839055086,,True
Q3-T-021,9414.84659202,direct,,1.86839055086,,True
Q3-T-021,9416.84659202,direct,,1.86839055086,,True
Q3-T-021,9418.84659202,direct,,1.86839055086,,True
Q3-T-021,9420.84659202,direct,,1.86839055086,,True
Q3-T-021,9422.84659202,direct,,1.86839055086,,True
Q3-T-021,9424.84659202,direct,,1.86839055086,,True
Q3-T-021,9426.84659202,direct,,1.86839055086,,True
Q3-T-021,9428.84659202,direct,,1.86839055086,,True
Q3-T-021,9430.84659202,direct,,1.86839055086,,True
Q3-T-021,9432.84659202,direct,,1.86839055086,,True
Q3-T-021,9434.84659202,direct,,1.86839055086,,True
Q3-T-021,9436.84659202,direct,,1.86839055086,,True
Q3-T-021,9438.84659202,direct,,1.86839055086,,True
Q3-T-021,9440.84659202,direct,,1.86839055086,,True
Q3-T-021,9442.84659202,direct,,1.86839055086,,True
Q3-T-021,9444.84659202,direct,,1.86839055086,,True
Q3-T-021,9446.84659202,direct,,1.86839055086,,True
Q3-T-021,9448.84659202,direct,,1.86839055086,,True
Q3-T-021,9450.84659202,direct,,1.86839055086,,True
Q3-T-021,9452.84659202,direct,,1.86839055086,,True
Q3-T-021,9454.84659202,direct,,1.86839055086,,True
Q3-T-021,9456.84659202,direct,,1.86839055086,,True
Q3-T-021,9458.84659202,direct,,1.86839055086,,True
Q3-T-021,9460.84659202,direct,,1.86839055086,,True
Q3-T-021,9462.84659202,direct,,1.86839055086,,True
Q3-T-021,9464.84659202,direct,,1.86839055086,,True
Q3-T-021,9466.84659202,direct,,1.86839055086,,True
Q3-T-021,9468.84659202,direct,,1.86839055086,,True
Q3-T-021,9470.84659202,direct,,1.86839055086,,True
Q3-T-021,9472.84659202,direct,,1.86839055086,,True
Q3-T-021,9474.84659202,direct,,1.86839055086,,True
Q3-T-021,9476.84659202,direct,,1.86839055086,,True
Q3-T-021,9478.84659202,direct,,1.86839055086,,True
Q3-T-021,9480.84659202,direct,,1.86839055086,,True
Q3-T-021,9482.84659202,direct,,1.86839055086,,True
Q3-T-021,9484.84659202,direct,,1.86839055086,,True
Q3-T-021,9486.84659202,direct,,1.86839055086,,True
Q3-T-021,9488.84659202,direct,,1.86839055086,,True
Q3-T-021,9490.84659202,direct,,1.86839055086,,True
Q3-T-021,9492.84659202,direct,,1.86839055086,,True
Q3-T-021,9494.84659202,direct,,1.86839055086,,True
Q3-T-021,9496.84659202,direct,,1.86839055086,,True
Q3-T-021,9498.84659202,direct,,1.86839055086,,True
Q3-T-021,9500.84659202,direct,,1.86839055086,,True
Q3-T-021,9502.84659202,direct,,1.86839055086,,True
Q3-T-021,9504.84659202,direct,,1.86839055086,,True
Q3-T-021,9506.84659202,direct,,1.86839055086,,True
Q3-T-021,9508.84659202,direct,,1.86839055086,,True
Q3-T-021,9510.84659202,direct,,1.86839055086,,True
Q3-T-021,9512.84659202,direct,,1.86839055086,,True
Q3-T-021,9514.84659202,direct,,1.86839055086,,True
Q3-T-021,9516.84659202,direct,,1.86839055086,,True
Q3-T-021,9518.84659202,direct,,1.86839055086,,True
Q3-T-021,9520.84659202,direct,,1.86839055086,,True
Q3-T-021,9522.84659202,direct,,1.86839055086,,True
Q3-T-021,9524.84659202,direct,,1.86839055086,,True
Q3-T-021,9526.84659202,direct,,1.86839055086,,True
Q3-T-021,9528.84659202,direct,,1.86839055086,,True
Q3-T-021,9530.84659202,direct,,1.86839055086,,True
Q3-T-021,9532.84659202,direct,,1.86839055086,,True
Q3-T-021,9534.84659202,direct,,1.86839055086,,True
Q3-T-021,9536.84659202,direct,,1.86839055086,,True
Q3-T-021,9538.84659202,direct,,1.86839055086,,True
Q3-T-021,9540.84659202,direct,,1.86839055086,,True
Q3-T-021,9542.84659202,direct,,1.86839055086,,True
Q3-T-021,9544.84659202,direct,,1.86839055086,,True
Q3-T-021,9546.84659202,direct,,1.86839055086,,True
Q3-T-021,9548.84659202,direct,,1.86839055086,,True
Q3-T-021,9550.84659202,direct,,1.86839055086,,True
Q3-T-021,9552.84659202,direct,,1.86839055086,,True
Q3-T-021,9554.84659202,direct,,1.86839055086,,True
Q3-T-021,9556.84659202,direct,,1.86839055086,,True
Q3-T-021,9558.84659202,direct,,1.86839055086,,True
Q3-T-021,9560.84659202,direct,,1.86839055086,,True
Q3-T-021,9562.84659202,direct,,1.86839055086,,True
Q3-T-021,9564.84659202,direct,,1.86839055086,,True
Q3-T-021,9566.84659202,direct,,1.86839055086,,True
Q3-T-021,9568.84659202,direct,,1.86839055086,,True
Q3-T-021,9570.84659202,direct,,1.86839055086,,True
Q3-T-021,9572.84659202,direct,,1.86839055086,,True
Q3-T-021,9574.84659202,direct,,1.86839055086,,True
Q3-T-021,9576.84659202,direct,,1.86839055086,,True
Q3-T-021,9578.84659202,direct,,1.86839055086,,True
Q3-T-021,9580.84659202,direct,,1.86839055086,,True
Q3-T-021,9582.84659202,direct,,1.86839055086,,True
Q3-T-021,9584.84659202,direct,,1.86839055086,,True
Q3-T-021,9586.84659202,direct,,1.86839055086,,True
Q3-T-021,9588.84659202,direct,,1.86839055086,,True
Q3-T-021,9590.84659202,direct,,1.86839055086,,True
Q3-T-021,9592.84659202,direct,,1.86839055086,,True
Q3-T-021,9594.84659202,direct,,1.86839055086,,True
Q3-T-021,9596.84659202,direct,,1.86839055086,,True
Q3-T-021,9598.84659202,direct,,1.86839055086,,True
Q3-T-021,9600.84659202,direct,,1.86839055086,,True
Q3-T-021,9602.84659202,direct,,1.86839055086,,True
Q3-T-021,9604.84659202,direct,,1.86839055086,,True
Q3-T-021,9606.84659202,direct,,1.86839055086,,True
Q3-T-021,9608.84659202,direct,,1.86839055086,,True
Q3-T-021,9610.84659202,direct,,1.86839055086,,True
Q3-T-021,9612.84659202,direct,,1.86839055086,,True
Q3-T-021,9614.84659202,direct,,1.86839055086,,True
Q3-T-021,9616.84659202,direct,,1.86839055086,,True
Q3-T-021,9618.84659202,direct,,1.86839055086,,True
Q3-T-021,9620.84659202,direct,,1.86839055086,,True
Q3-T-021,9622.84659202,direct,,1.86839055086,,True
Q3-T-021,9624.84659202,direct,,1.86839055086,,True
Q3-T-021,9626.84659202,direct,,1.86839055086,,True
Q3-T-021,9628.84659202,direct,,1.86839055086,,True
Q3-T-021,9630.84659202,direct,,1.86839055086,,True
Q3-T-021,9632.84659202,direct,,1.86839055086,,True
Q3-T-021,9634.84659202,direct,,1.86839055086,,True
Q3-T-021,9636.84659202,direct,,1.86839055086,,True
Q3-T-021,9638.84659202,direct,,1.86839055086,,True
Q3-T-021,9640.84659202,direct,,1.86839055086,,True
Q3-T-021,9642.84659202,direct,,1.86839055086,,True
Q3-T-021,9644.84659202,direct,,1.86839055086,,True
Q3-T-021,9646.84659202,direct,,1.86839055086,,True
Q3-T-021,9648.84659202,direct,,1.86839055086,,True
Q3-T-021,9650.84659202,direct,,1.86839055086,,True
Q3-T-021,9652.84659202,direct,,1.86839055086,,True
Q3-T-021,9654.84659202,direct,,1.86839055086,,True
Q3-T-021,9656.84659202,direct,,1.86839055086,,True
Q3-T-021,9658.26790426,direct,,1.86839055086,,True
Q3-T-021,9658.84659202,direct,,1.86818292085,,True
Q3-T-021,9660.84659202,direct,,1.86745327573,,True
Q3-T-021,9662.84659202,direct,,1.86670243019,,True
Q3-T-021,9664.84659202,direct,,1.86593039523,,True
Q3-T-021,9666.84659202,direct,,1.86513718219,,True
Q3-T-021,9668.84659202,direct,,1.86432280268,,True
Q3-T-021,9670.84659202,direct,,1.86348726865,,True
Q3-T-021,9672.84659202,direct,,1.86263059232,,True
Q3-T-021,9674.84659202,direct,,1.86175278625,,True
Q3-T-021,9676.84659202,direct,,1.86085386327,,True
Q3-T-021,9678.84659202,direct,,1.85993383653,,True
Q3-T-021,9680.84659202,direct,,1.85899271948,,True
Q3-T-021,9682.84659202,direct,,1.85803052587,,True
Q3-T-021,9684.84659202,direct,,1.85704726976,,True
Q3-T-021,9686.84659202,direct,,1.85604296549,,True
Q3-T-021,9688.84659202,direct,,1.85501762771,,True
Q3-T-021,9690.84659202,direct,,1.85397127137,,True
Q3-T-021,9692.84659202,direct,,1.85290391173,,True
Q3-T-021,9694.84659202,direct,,1.85181556432,,True
Q3-T-021,9696.84659202,direct,,1.85070624499,,True
Q3-T-021,9698.84659202,direct,,1.84957596987,,True
Q3-T-021,9700.84659202,direct,,1.84842475539,,True
Q3-T-021,9702.84659202,direct,,1.84725261829,,True
Q3-T-021,9704.84659202,direct,,1.84605957558,,True
Q3-T-021,9706.84659202,direct,,1.84484564456,,True
Q3-T-021,9708.84659202,direct,,1.84361084286,,True
Q3-T-021,9710.84659202,direct,,1.84235518835,,True
Q3-T-021,9712.84659202,direct,,1.84107869922,,True
Q3-T-021,9714.84659202,direct,,1.83978139396,,True
Q3-T-021,9716.84659202,direct,,1.83846329131,,True
Q3-T-021,9718.84659202,direct,,1.83712441033,,True
Q3-T-021,9720.84659202,direct,,1.83576477035,,True
Q3-T-021,9722.84659202,direct,,1.83438439099,,True
Q3-T-021,9724.84659202,direct,,1.83298329216,,True
Q3-T-021,9726.84659202,direct,,1.83156149406,,True
Q3-T-021,9728.84659202,direct,,1.83011901714,,True
Q3-T-021,9730.84659202,direct,,1.82865588217,,True
Q3-T-021,9732.84659202,direct,,1.82717211017,,True
Q3-T-021,9734.84659202,direct,,1.82566772247,,True
Q3-T-021,9736.84659202,direct,,1.82414274066,,True
Q3-T-021,9738.84659202,direct,,1.8225971866,,True
Q3-T-021,9740.84659202,direct,,1.82103108244,,True
Q3-T-021,9742.84659202,direct,,1.81944445061,,True
Q3-T-021,9744.84659202,direct,,1.81783731381,,True
Q3-T-021,9746.84659202,direct,,1.81620969501,,True
Q3-T-021,9748.84659202,direct,,1.81456161744,,True
Q3-T-021,9750.84659202,direct,,1.81289310463,,True
Q3-T-021,9752.84659202,direct,,1.81120418035,,True
Q3-T-021,9754.84659202,direct,,1.80949486868,,True
Q3-T-021,9756.84659202,direct,,1.80776519392,,True
Q3-T-021,9758.84659202,direct,,1.80601518067,,True
Q3-T-021,9760.84659202,direct,,1.80424485379,,True
Q3-T-021,9762.84659202,direct,,1.80245423838,,True
Q3-T-021,9764.84659202,direct,,1.80064335985,,True
Q3-T-021,9766.84659202,direct,,1.79881224383,,True
Q3-T-021,9768.4924355,direct,,1.79729193002,,True
Q3-T-021,9768.84659202,direct,,1.79362184082,,True
Q3-T-021,9770.84659202,direct,,1.77244803551,,True
Q3-T-021,9772.84659202,direct,,11.750656609,,True
Q3-T-021,9774.84659202,direct,,11.7282303214,,True
Q3-T-021,9776.84659202,direct,,11.7051795246,,True
Q3-T-021,9778.84659202,direct,,11.6815147271,,True
Q3-T-021,9780.84659202,direct,,11.6572209935,,True
Q3-T-021,9782.84659202,direct,,11.6323605884,,True
Q3-T-021,9784.84659202,direct,,11.6069185121,,True
Q3-T-021,9786.84659202,direct,,11.5809057628,,True
Q3-T-021,9788.84659202,direct,,1.5543074575,,True
Q3-T-021,9790.84659202,direct,,11.527186793,,True
Q3-T-021,9792.84659202,direct,,11.4995309882,,True
Q3-T-021,9794.84659202,direct,,11.4713474213,,True
Q3-T-021,9796.84659202,direct,,11.4426492476,,True
Q3-T-021,9798.84659202,direct,,11.4134223389,,True
Q3-T-021,9800.84659202,direct,,11.3837290982,,True
Q3-T-021,9802.84659202,direct,,11.3535583868,,True
Q3-T-021,9804.84659202,direct,,11.3229156006,,True
Q3-T-021,9806.84659202,direct,,11.2917899326,,True
Q3-T-021,9808.84659202,direct,,11.2602428514,,True
Q3-T-021,9810.84659202,direct,,11.2282604923,,True
Q3-T-021,9812.84659202,direct,,11.1958580984,,True
Q3-T-021,9814.84659202,direct,,11.1630389842,,True
Q3-T-021,9816.84659202,direct,,11.1297936807,,True
Q3-T-021,9818.84659202,direct,,11.0961821758,,True
Q3-T-021,9820.84659202,direct,,11.0621908888,,True
Q3-T-021,9822.84659202,direct,,11.0278306907,,True
Q3-T-021,9824.84659202,direct,,10.9930935027,,True
Q3-T-021,9826.84659202,direct,,10.9580280085,,True
Q3-T-021,9828.84659202,direct,,10.9226256308,,True
Q3-T-021,9830.84659202,direct,,10.8868968316,,True
Q3-T-021,9832.84659202,direct,,10.8508519568,,True
Q3-T-021,9834.84659202,direct,,10.8144838106,,True
Q3-T-021,9836.84659202,direct,,10.7778376129,,True
Q3-T-021,9838.84659202,direct,,10.7409056295,,True
Q3-T-021,9840.84659202,direct,,10.7036976956,,True
Q3-T-021,9842.84659202,direct,,10.6662008502,,True
Q3-T-021,9844.84659202,direct,,10.6284765867,,True
Q3-T-021,9846.84659202,direct,,10.5904986939,,True
Q3-T-021,9848.84659202,direct,,10.5522827875,,True
Q3-T-021,9850.84659202,direct,,10.5138379885,,True
Q3-T-021,9852.84659202,direct,,10.4751513197,,True
Q3-T-021,9854.84659202,direct,,0.436275640938,,True
Q3-T-021,9856.84659202,direct,,0.397204717197,,True
Q3-T-021,9858.84659202,direct,,0.357932790689,,True
Q3-T-021,9860.84659202,direct,,10.3184539228,,True
Q3-T-021,9862.84659202,direct,,10.2788192087,,True
Q3-T-021,9864.84659202,direct,,10.2390151763,,True
Q3-T-021,9866.84659202,direct,,10.1990574198,,True
Q3-T-021,9868.84659202,direct,,10.1589383588,,True
Q3-T-021,9870.84659202,direct,,10.1186525203,,True
Q3-T-021,9872.84659202,direct,,10.0782487831,,True
Q3-T-021,9874.84659202,direct,,10.0377136127,,True
Q3-T-021,9876.84659202,direct,,9.99705412044,,True
Q3-T-021,9878.84659202,direct,,9.95626541017,,True
Q3-T-021,9880.84659202,direct,,9.91537821377,,True
Q3-T-021,9882.84659202,direct,,9.87438710621,,True
Q3-T-021,9884.84659202,relay,H161,-0.166701411143,9.45273754512,True
Q3-T-021,9886.84659202,relay,H161,-0.207880986431,9.55880034104,True
Q3-T-021,9888.84659202,relay,H161,-0.249156191957,9.66562513866,True
Q3-T-021,9890.84659202,relay,H161,-0.290499211524,9.77330969476,True
Q3-T-021,9892.84659202,relay,H161,-0.331915118961,9.88179687406,True
Q3-T-021,9894.84659202,relay,H161,-0.37339814563,9.99107884253,True
Q3-T-021,9896.84659202,relay,H161,-0.414942664563,10.1011460508,True
Q3-T-021,9898.84659202,relay,H161,-0.456552957233,10.2119307635,True
Q3-T-021,9900.84659202,relay,H161,-0.498203944141,10.3235311733,True
Q3-T-021,9902.84659202,relay,H161,-0.539900376863,10.4358762561,True
Q3-T-021,9904.84659202,relay,H161,-0.581637176545,10.5489479362,True
Q3-T-021,9906.84659202,relay,H161,-0.623427548117,10.6627095562,True
Q3-T-021,9908.84659202,relay,H161,-0.665230238451,10.7771688889,True
Q3-T-021,9910.84659202,relay,H161,-0.707049607687,10.8922387334,True
Q3-T-021,9912.84659202,relay,H161,-0.748899521274,11.0079793194,True
Q3-T-021,9914.84659202,relay,H161,-0.790766350953,11.1243123205,True
Q3-T-021,9916.84659202,relay,H161,-0.832663273032,11.241180896,True
Q3-T-021,9918.84659202,relay,H161,-0.8745509736,11.358581759,True
Q3-T-021,9920.84659202,relay,H161,-0.916433547559,11.4764028649,True
Q3-T-021,9922.84659202,relay,H161,-0.958325889001,11.5946877025,True
Q3-T-021,9924.84659202,relay,H161,-1.00023171836,11.7133105465,True
Q3-T-021,9926.84659202,relay,H161,-1.04211320453,11.8322547514,True
Q3-T-021,9928.84659202,relay,H161,-1.08398382338,11.9514310063,True
Q3-T-021,9930.84659202,direct,,8.87416957059,,True
Q3-T-021,9932.84659202,direct,,8.83233119054,,True
Q3-T-021,9934.84659202,direct,,8.7904975818,,True
Q3-T-021,9935.65602856,direct,,8.77359014636,,True
Q3-T-021,9936.84659202,direct,,8.77402978509,,True
Q3-T-021,9938.84659202,direct,,8.77476343369,,True
Q3-T-021,9940.84659202,direct,,8.77549050885,,True
Q3-T-021,9942.84659202,direct,,8.77621100724,,True
Q3-T-021,9944.84659202,direct,,8.77692492558,,True
Q3-T-021,9946.84659202,direct,,8.77763226059,,True
Q3-T-021,9948.84659202,direct,,8.77833300903,,True
Q3-T-021,9950.84659202,direct,,8.77902716771,,True
Q3-T-021,9952.84659202,relay,H161,-1.22028526656,12.3424375246,True
Q3-T-021,9954.84659202,relay,H161,-1.21960429692,12.3403601932,True
Q3-T-021,9956.84659202,relay,H161,-1.2189299265,12.3382232954,True
Q3-T-021,9958.84659202,relay,H161,-1.21826215839,12.3360269197,True
Q3-T-021,9960.84659202,relay,H161,-1.21760099565,12.3337711568,True
Q3-T-021,9962.84659202,relay,H161,-1.21694644131,12.3314560998,True
Q3-T-021,9964.84659202,relay,H161,-1.21629849838,12.329081844,True
Q3-T-021,9966.84659202,relay,H161,-1.21565716983,12.3266484872,True
Q3-T-021,9968.84659202,relay,H161,-1.2150224586,12.3241561295,True
Q3-T-021,9970.84659202,relay,H161,-1.21439436762,12.321604873,True
Q3-T-021,9972.84659202,relay,H161,-1.21377289976,12.3189948225,True
Q3-T-021,9974.84659202,relay,H161,-1.21315805788,12.3163260847,True
Q3-T-021,9976.84659202,relay,H161,-1.21254984482,12.3135987688,True
Q3-T-021,9978.84659202,relay,H161,-1.21194826336,12.310812986,True
Q3-T-021,9980.84659202,relay,H161,-1.21135331628,12.30796885,True
Q3-T-021,9982.84659202,relay,H161,-1.21076500631,12.3050664765,True
Q3-T-021,9984.84659202,relay,H161,-1.21018333617,12.3021059834,True
Q3-T-021,9986.84659202,relay,H161,-1.20960830852,12.2990874908,True
Q3-T-021,9988.84659202,relay,H161,-1.20903992603,12.296011121,True
Q3-T-021,9990.84659202,relay,H161,-1.20847819131,12.2928769984,True
Q3-T-021,9992.84659202,relay,H161,-1.20792310695,12.2896852496,True
Q3-T-021,9994.84659202,relay,H161,-1.2073746755,12.2864360031,True
Q3-T-021,9996.84659202,relay,H161,-1.20683289951,12.2831293896,True
Q3-T-021,9998.84659202,relay,H161,-1.20629778146,12.2797655421,True
Q3-T-021,10000.846592,relay,H161,-1.20576932384,12.2763445953,True
Q3-T-021,10002.846592,relay,H161,-1.20524752907,12.2728666861,True
Q3-T-021,10004.846592,relay,H161,-1.20473239957,12.2693319534,True
Q3-T-021,10006.846592,relay,H161,-1.20422393771,12.2657405382,True
Q3-T-021,10008.846592,relay,H161,-1.20372214585,12.2620925833,True
Q3-T-021,10010.846592,relay,H161,-1.2032270263,12.2583882337,True
Q3-T-021,10012.846592,relay,H161,-1.20273858136,12.2546276361,True
Q3-T-021,10014.846592,relay,H161,-1.20225681329,12.2508109393,True
Q3-T-021,10016.846592,relay,H161,-1.2017817243,12.2469382938,True
Q3-T-021,10018.846592,relay,H161,-1.2013133166,12.2430098524,True
Q3-T-021,10020.846592,relay,H161,-1.20085159236,12.2390257693,True
Q3-T-021,10022.846592,relay,H161,-1.20039655371,12.2349862009,True
Q3-T-021,10024.846592,relay,H161,-1.19994820276,12.2308913053,True
Q3-T-021,10026.846592,relay,H161,-1.19950654159,12.2267412423,True
Q3-T-021,10028.846592,relay,H161,-1.19907157224,12.2225361737,True
Q3-T-021,10030.846592,relay,H161,-1.19864329673,12.218276263,True
Q3-T-021,10032.846592,relay,H161,-1.19822171705,12.2139616753,True
Q3-T-021,10034.846592,relay,H161,-1.19780683514,12.2095925777,True
Q3-T-021,10036.846592,relay,H161,-1.19739865293,12.2051691389,True
Q3-T-021,10038.846592,relay,H161,-1.19699717231,12.2006915291,True
Q3-T-021,10040.846592,relay,H161,-1.19660239515,12.1961599206,True
Q3-T-021,10042.846592,relay,H161,-1.19621432328,12.1915744868,True
Q3-T-021,10044.846592,relay,H161,-1.19583295849,12.1869354033,True
Q3-T-021,10046.846592,relay,H161,-1.19545830257,12.1822428469,True
Q3-T-021,10048.846592,relay,H161,-1.19509035724,12.1774969961,True
Q3-T-021,10050.846592,relay,H161,-1.19472912422,12.172698031,True
Q3-T-021,10052.846592,relay,H161,-1.19437460518,12.1678461333,True
Q3-T-021,10054.846592,relay,H161,-1.19402680177,12.1629414861,True
Q3-T-021,10056.5866926,relay,H161,-1.19372967689,12.1586316776,True
Q3-T-021,10056.846592,relay,H161,-1.19372967689,12.1586316776,True
Q3-T-021,10058.846592,relay,H161,-1.19372967689,12.1586316776,True
Q3-T-021,10060.846592,relay,H161,-1.19372967689,12.1586316776,True
Q3-T-021,10062.846592,relay,H161,-1.19372967689,12.1586316776,True
Q3-T-021,10064.846592,relay,H161,-1.19372967689,12.1586316776,True
Q3-T-021,10066.846592,relay,H161,-1.19372967689,12.1586316776,True
Q3-T-021,10068.846592,relay,H161,-1.19372967689,12.1586316776,True
Q3-T-021,10070.846592,relay,H161,-1.19372967689,12.1586316776,True
Q3-T-021,10072.846592,relay,H161,-1.19372967689,12.1586316776,True
Q3-T-021,10074.846592,relay,H161,-1.19372967689,12.1586316776,True
Q3-T-021,10076.846592,relay,H161,-1.19372967689,12.1586316776,True
Q3-T-021,10078.846592,relay,H161,-1.19372967689,12.1586316776,True
Q3-T-021,10080.846592,relay,H161,-1.19372967689,12.1586316776,True
Q3-T-021,10082.846592,relay,H161,-1.19372967689,12.1586316776,True
Q3-T-021,10084.846592,relay,H161,-1.19372967689,12.1586316776,True
Q3-T-021,10086.846592,relay,H161,-1.19372967689,12.1586316776,True
Q3-T-021,10088.846592,relay,H161,-1.19372967689,12.1586316776,True
Q3-T-021,10090.846592,relay,H161,-1.19372967689,12.1586316776,True
Q3-T-021,10092.846592,relay,H161,-1.19372967689,12.1586316776,True
Q3-T-021,10094.846592,relay,H161,-1.19372967689,12.1586316776,True
Q3-T-021,10096.846592,relay,H161,-1.19372967689,12.1586316776,True
Q3-T-021,10098.846592,relay,H161,-1.19372967689,12.1586316776,True
Q3-T-021,10100.846592,relay,H161,-1.19372967689,12.1586316776,True
Q3-T-021,10102.846592,relay,H161,-1.19372967689,12.1586316776,True
Q3-T-021,10104.846592,relay,H161,-1.19372967689,12.1586316776,True
Q3-T-021,10106.846592,relay,H161,-1.19372967689,12.1586316776,True
Q3-T-021,10108.846592,relay,H161,-1.19372967689,12.1586316776,True
Q3-T-021,10110.846592,relay,H161,-1.19372967689,12.1586316776,True
Q3-T-021,10112.846592,relay,H161,-1.19372967689,12.1586316776,True
Q3-T-021,10114.846592,relay,H161,-1.19372967689,12.1586316776,True
Q3-T-021,10116.846592,relay,H161,-1.19372967689,12.1586316776,True
Q3-T-021,10118.846592,relay,H161,-1.19372967689,12.1586316776,True
Q3-T-021,10120.846592,relay,H161,-1.19372967689,12.1586316776,True
Q3-T-021,10122.846592,relay,H161,-1.19372967689,12.1586316776,True
Q3-T-021,10124.846592,relay,H161,-1.19372967689,12.1586316776,True
Q3-T-021,10126.846592,relay,H161,-1.19372967689,12.1586316776,True
Q3-T-021,10128.846592,relay,H161,-1.19372967689,12.1586316776,True
Q3-T-021,10130.846592,relay,H161,-1.19372967689,12.1586316776,True
Q3-T-021,10132.846592,relay,H161,-1.19372967689,12.1586316776,True
Q3-T-021,10134.846592,relay,H161,-1.19372967689,12.1586316776,True
Q3-T-021,10136.846592,relay,H161,-1.19372967689,12.1586316776,True
Q3-T-021,10138.846592,relay,H161,-1.19372967689,12.1586316776,True
Q3-T-021,10140.846592,relay,H161,-1.19372967689,12.1586316776,True
Q3-T-021,10142.846592,relay,H161,-1.19372967689,12.1586316776,True
Q3-T-021,10144.846592,relay,H161,-1.19372967689,12.1586316776,True
Q3-T-021,10146.846592,relay,H161,-1.19372967689,12.1586316776,True
Q3-T-021,10148.846592,relay,H161,-1.19372967689,12.1586316776,True
Q3-T-021,10150.846592,relay,H161,-1.19372967689,12.1586316776,True
Q3-T-021,10152.846592,relay,H161,-1.19372967689,12.1586316776,True
Q3-T-021,10154.846592,relay,H161,-1.19372967689,12.1586316776,True
Q3-T-021,10156.846592,relay,H161,-1.19372967689,12.1586316776,True
Q3-T-021,10158.846592,relay,H161,-1.19372967689,12.1586316776,True
Q3-T-021,10160.846592,relay,H161,-1.19372967689,12.1586316776,True
Q3-T-021,10162.846592,relay,H161,-1.19372967689,12.1586316776,True
Q3-T-021,10164.846592,relay,H161,-1.19372967689,12.1586316776,True
Q3-T-021,10166.846592,relay,H161,-1.19372967689,12.1586316776,True
Q3-T-021,10168.846592,relay,H161,-1.19372967689,12.1586316776,True
Q3-T-021,10170.846592,relay,H161,-1.19372967689,12.1586316776,True
Q3-T-021,10172.846592,relay,H161,-1.19372967689,12.1586316776,True
Q3-T-021,10174.846592,relay,H161,-1.19372967689,12.1586316776,True
Q3-T-021,10176.846592,relay,H161,-1.19372967689,12.1586316776,True
Q3-T-021,10178.846592,relay,H161,-1.19372967689,12.1586316776,True
Q3-T-021,10180.846592,relay,H161,-1.19372967689,12.1586316776,True
Q3-T-021,10182.846592,relay,H161,-1.19372967689,12.1586316776,True
Q3-T-021,10184.846592,relay,H161,-1.19372967689,12.1586316776,True
Q3-T-021,10186.846592,relay,H161,-1.19372967689,12.1586316776,True
Q3-T-021,10188.846592,relay,H161,-1.19372967689,12.1586316776,True
Q3-T-021,10190.846592,relay,H161,-1.19372967689,12.1586316776,True
Q3-T-021,10192.846592,relay,H161,-1.19372967689,12.1586316776,True
Q3-T-021,10194.846592,relay,H161,-1.19372967689,12.1586316776,True
Q3-T-021,10196.846592,relay,H161,-1.19372967689,12.1586316776,True
Q3-T-021,10198.846592,relay,H161,-1.19372967689,12.1586316776,True
Q3-T-021,10200.846592,relay,H161,-1.19372967689,12.1586316776,True
Q3-T-021,10202.846592,relay,H161,-1.19372967689,12.1586316776,True
Q3-T-021,10204.846592,relay,H161,-1.19372967689,12.1586316776,True
Q3-T-021,10206.846592,relay,H161,-1.19372967689,12.1586316776,True
Q3-T-021,10208.846592,relay,H161,-1.19372967689,12.1586316776,True
Q3-T-021,10210.846592,relay,H161,-1.19372967689,12.1586316776,True
Q3-T-021,10212.846592,relay,H161,-1.19372967689,12.1586316776,True
Q3-T-021,10214.846592,relay,H161,-1.19372967689,12.1586316776,True
Q3-T-021,10216.846592,relay,H161,-1.19372967689,12.1586316776,True
Q3-T-021,10218.846592,relay,H161,-1.19372967689,12.1586316776,True
Q3-T-021,10220.846592,relay,H161,-1.19372967689,12.1586316776,True
Q3-T-021,10222.846592,relay,H161,-1.19372967689,12.1586316776,True
Q3-T-021,10224.846592,relay,H161,-1.19372967689,12.1586316776,True
Q3-T-021,10226.846592,relay,H161,-1.19372967689,12.1586316776,True
Q3-T-021,10228.846592,relay,H161,-1.19372967689,12.1586316776,True
Q3-T-021,10230.846592,relay,H161,-1.19372967689,12.1586316776,True
Q3-T-021,10232.846592,relay,H161,-1.19372967689,12.1586316776,True
Q3-T-021,10234.846592,relay,H161,-1.19372967689,12.1586316776,True
Q3-T-021,10236.846592,relay,H161,-1.19372967689,12.1586316776,True
Q3-T-021,10238.846592,relay,H161,-1.19372967689,12.1586316776,True
Q3-T-021,10240.846592,relay,H161,-1.19372967689,12.1586316776,True
Q3-T-021,10242.846592,relay,H161,-1.19372967689,12.1586316776,True
Q3-T-021,10244.846592,relay,H161,-1.19372967689,12.1586316776,True
Q3-T-021,10246.846592,relay,H161,-1.19372967689,12.1586316776,True
Q3-T-021,10248.846592,relay,H161,-1.19372967689,12.1586316776,True
Q3-T-021,10250.846592,relay,H161,-1.19372967689,12.1586316776,True
Q3-T-021,10252.846592,relay,H161,-1.19372967689,12.1586316776,True
Q3-T-021,10254.846592,relay,H161,-1.19372967689,12.1586316776,True
Q3-T-021,10256.846592,relay,H161,-1.19372967689,12.1586316776,True
Q3-T-021,10258.846592,relay,H161,-1.19372967689,12.1586316776,True
Q3-T-021,10260.846592,relay,H161,-1.19372967689,12.1586316776,True
Q3-T-021,10262.846592,relay,H161,-1.19372967689,12.1586316776,True
Q3-T-021,10264.846592,relay,H161,-1.19372967689,12.1586316776,True
Q3-T-021,10266.846592,relay,H161,-1.19372967689,12.1586316776,True
Q3-T-021,10268.846592,relay,H161,-1.19372967689,12.1586316776,True
Q3-T-021,10270.846592,relay,H161,-1.19372967689,12.1586316776,True
Q3-T-021,10272.846592,relay,H161,-1.19372967689,12.1586316776,True
Q3-T-021,10274.846592,relay,H161,-1.19372967689,12.1586316776,True
Q3-T-021,10276.846592,relay,H161,-1.19372967689,12.1586316776,True
Q3-T-021,10278.846592,relay,H161,-1.19372967689,12.1586316776,True
Q3-T-021,10280.846592,relay,H161,-1.19372967689,12.1586316776,True
Q3-T-021,10282.846592,relay,H161,-1.19372967689,12.1586316776,True
Q3-T-021,10284.846592,relay,H161,-1.19372967689,12.1586316776,True
Q3-T-021,10286.846592,relay,H161,-1.19372967689,12.1586316776,True
Q3-T-021,10288.846592,relay,H161,-1.19372967689,12.1586316776,True
Q3-T-021,10290.846592,relay,H161,-1.19372967689,12.1586316776,True
Q3-T-021,10292.846592,relay,H161,-1.19372967689,12.1586316776,True
Q3-T-021,10294.846592,relay,H161,-1.19372967689,12.1586316776,True
Q3-T-021,10296.846592,relay,H161,-1.19372967689,12.1586316776,True
Q3-T-021,10298.846592,relay,H161,-1.19372967689,12.1586316776,True
Q3-T-021,10300.846592,relay,H161,-1.19372967689,12.1586316776,True
Q3-T-021,10302.846592,relay,H161,-1.19372967689,12.1586316776,True
Q3-T-021,10304.846592,relay,H161,-1.19372967689,12.1586316776,True
Q3-T-021,10306.846592,relay,H161,-1.19372967689,12.1586316776,True
Q3-T-021,10308.846592,relay,H161,-1.19372967689,12.1586316776,True
Q3-T-021,10310.846592,relay,H161,-1.19372967689,12.1586316776,True
Q3-T-021,10312.846592,relay,H161,-1.19372967689,12.1586316776,True
Q3-T-021,10314.846592,relay,H161,-1.19372967689,12.1586316776,True
Q3-T-021,10316.846592,relay,H161,-1.19372967689,12.1586316776,True
Q3-T-021,10318.846592,relay,H161,-1.19372967689,12.1586316776,True
Q3-T-021,10320.846592,relay,H161,-1.19372967689,12.1586316776,True
Q3-T-021,10322.846592,relay,H161,-1.19372967689,12.1586316776,True
Q3-T-021,10324.846592,relay,H161,-1.19372967689,12.1586316776,True
Q3-T-021,10326.846592,relay,H161,-1.19372967689,12.1586316776,True
Q3-T-021,10328.846592,relay,H161,-1.19372967689,12.1586316776,True
Q3-T-021,10330.846592,relay,H161,-1.19372967689,12.1586316776,True
Q3-T-021,10332.846592,relay,H161,-1.19372967689,12.1586316776,True
Q3-T-021,10334.846592,relay,H161,-1.19372967689,12.1586316776,True
Q3-T-021,10336.846592,relay,H161,-1.19372967689,12.1586316776,True
Q3-T-021,10338.846592,relay,H161,-1.19372967689,12.1586316776,True
Q3-T-021,10340.846592,relay,H161,-1.19372967689,12.1586316776,True
Q3-T-021,10342.846592,relay,H161,-1.19372967689,12.1586316776,True
Q3-T-021,10344.5866926,relay,H161,-1.19372967689,12.1586316776,True
Q3-T-021,10344.846592,relay,H161,-1.19378478817,12.1594396866,True
Q3-T-021,10346.846592,relay,H161,-1.19421465163,12.1656087921,True
Q3-T-021,10348.846592,relay,H161,-1.19465500942,12.1716956084,True
Q3-T-021,10350.846592,relay,H161,-1.19510585835,12.1776997767,True
Q3-T-021,10352.846592,relay,H161,-1.19556719515,12.1836209421,True
Q3-T-021,10354.846592,relay,H161,-1.19603901645,12.1894587533,True
Q3-T-021,10356.846592,relay,H161,-1.19652131886,12.1952128629,True
Q3-T-021,10358.846592,relay,H161,-1.19701409886,12.2008829275,True
Q3-T-021,10360.846592,relay,H161,-1.19751735288,12.2064686075,True
Q3-T-021,10362.846592,relay,H161,-1.19803107728,12.2119695675,True
Q3-T-021,10364.846592,relay,H161,-1.19855526834,12.2173854762,True
Q3-T-021,10366.846592,relay,H161,-1.19908992226,12.2227160061,True
Q3-T-021,10368.846592,relay,H161,-1.19963503516,12.2279608345,True
Q3-T-021,10370.846592,relay,H161,-1.2001906031,12.2331196425,True
Q3-T-021,10372.846592,relay,H161,-1.20075662207,12.2381921158,True
Q3-T-021,10374.846592,relay,H161,-1.20133308796,12.2431779444,True
Q3-T-021,10376.846592,relay,H161,-1.2019199966,12.2480768228,True
Q3-T-021,10378.846592,relay,H161,-1.20251734376,12.25288845,True
Q3-T-021,10380.846592,relay,H161,-1.20312512511,12.2576125296,True
Q3-T-021,10382.846592,relay,H161,-1.20374333626,12.2622487699,True
Q3-T-021,10384.846592,relay,H161,-1.20437197275,12.2667968838,True
Q3-T-021,10386.846592,relay,H161,-1.20501103004,12.271256589,True
Q3-T-021,10388.846592,relay,H161,-1.20566050351,12.2756276081,True
Q3-T-021,10390.846592,relay,H161,-1.20632038848,12.2799096683,True
Q3-T-021,10392.846592,relay,H161,-1.20699068019,12.2841025021,True
Q3-T-021,10394.846592,relay,H161,-1.2076713738,12.2882058467,True
Q3-T-021,10396.846592,relay,H161,-1.20836246441,12.2922194445,True
Q3-T-021,10398.846592,relay,H161,-1.20906394704,12.2961430427,True
Q3-T-021,10400.846592,relay,H161,-1.20977581664,12.2999763941,True
Q3-T-021,10402.846592,relay,H161,-1.21049806807,12.3037192562,True
Q3-T-021,10404.846592,relay,H161,-1.21123069615,12.3073713921,True
Q3-T-021,10406.846592,relay,H161,-1.2119736956,12.3109325699,True
Q3-T-021,10408.846592,relay,H161,-1.21272706108,12.3144025634,True
Q3-T-021,10409.9759626,relay,H161,-1.21315652908,12.3163193394,True
Q3-T-021,10410.846592,relay,H161,-1.1882797243,12.3144655438,True
Q3-T-021,10412.846592,relay,H161,-1.1308235215,12.3078633148,True
Q3-T-021,10414.846592,relay,H161,-1.07300388081,12.2978680187,True
Q3-T-021,10416.846592,relay,H161,-1.01478263095,12.2845549166,True
Q3-T-021,10418.846592,relay,H161,-0.956198022359,12.2679561335,True
Q3-T-021,10420.846592,relay,H161,-0.897208254972,12.2480328489,True
Q3-T-021,10422.846592,relay,H161,-0.837800859553,12.2249025227,True
Q3-T-021,10424.846592,relay,H161,-0.778004443564,12.1985733304,True
Q3-T-021,10426.846592,relay,H161,-0.717779177174,12.1691449832,True
Q3-T-021,10428.846592,relay,H161,-0.657153912252,12.1366422108,True
Q3-T-021,10430.846592,relay,H161,-0.596105672651,12.1011548254,True
Q3-T-021,10432.846592,relay,H161,-0.534610877233,12.0627733559,True
Q3-T-021,10434.846592,relay,H161,-0.472698745466,12.0215439713,True
Q3-T-021,10436.846592,relay,H161,-0.410338286139,11.9776335042,True
Q3-T-021,10438.846592,relay,H161,-0.347537736543,11.9309941054,True
Q3-T-021,10440.846592,relay,H161,-0.284283452432,11.8817831606,True
Q3-T-021,10442.846592,relay,H161,-0.220550555113,11.8301035666,True
Q3-T-021,10444.846592,direct,,9.84363112354,,True
Q3-T-021,10446.846592,direct,,9.90830521733,,True
Q3-T-021,10448.846592,direct,,9.97344165066,,True
Q3-T-021,10450.846592,direct,,10.0390660286,,True
Q3-T-021,10452.846592,direct,,10.1052046747,,True
Q3-T-021,10454.846592,direct,,10.1718157666,,True
Q3-T-021,10456.846592,direct,,10.2389678133,,True
Q3-T-021,10458.846592,direct,,10.3066188399,,True
Q3-T-021,10460.846592,direct,,10.3748156168,,True
Q3-T-021,10462.846592,direct,,10.443527231,,True
Q3-T-021,10464.846592,direct,,10.5127815062,,True
Q3-T-021,10466.846592,direct,,10.5826070838,,True
Q3-T-021,10468.846592,direct,,10.6529727047,,True
Q3-T-021,10470.846592,direct,,10.7239155512,,True
Q3-T-021,10472.846592,direct,,10.7954282882,,True
Q3-T-021,10474.846592,direct,,10.8675285384,,True
Q3-T-021,10476.846592,direct,,10.9402468531,,True
Q3-T-021,10478.846592,direct,,11.0135514237,,True
Q3-T-021,10480.846592,direct,,11.0874943858,,True
Q3-T-021,10482.846592,direct,,11.1620437241,,True
Q3-T-021,10484.846592,direct,,11.2372311562,,True
Q3-T-021,10486.846592,direct,,11.3130893996,,True
Q3-T-021,10488.846592,direct,,11.3895730688,,True
Q3-T-021,10490.846592,direct,,11.4667635159,,True
Q3-T-021,10492.846592,direct,,11.5446152886,,True
Q3-T-021,10494.846592,direct,,11.6231624631,,True
Q3-T-021,10496.846592,direct,,11.7024402303,,True
Q3-T-021,10498.846592,direct,,11.7824158597,,True
Q3-T-021,10500.846592,direct,,11.8631482459,,True
Q3-T-021,10502.846592,direct,,11.9446045172,,True
Q3-T-021,10504.846592,direct,,12.0268214578,,True
Q3-T-021,10506.846592,direct,,12.1098229082,,True
Q3-T-021,10508.846592,direct,,12.1936040747,,True
Q3-T-021,10510.846592,direct,,12.2782138649,,True
Q3-T-021,10512.846592,direct,,12.3636191457,,True
Q3-T-021,10514.846592,direct,,12.4498598342,,True
Q3-T-021,10516.846592,direct,,12.5369772585,,True
Q3-T-021,10518.846592,direct,,12.6249382076,,True
Q3-T-021,10520.846592,direct,,12.7138103154,,True
Q3-T-021,10522.846592,direct,,12.8035603601,,True
Q3-T-021,10524.846592,direct,,12.8942163978,,True
Q3-T-021,10526.846592,direct,,12.985854469,,True
Q3-T-021,10528.846592,direct,,13.0784260531,,True
Q3-T-021,10530.846592,direct,,13.1720041681,,True
Q3-T-021,10532.846592,direct,,13.2665557436,,True
Q3-T-021,10534.846592,direct,,13.3621286459,,True
Q3-T-021,10536.846592,direct,,13.4587725789,,True
Q3-T-021,10538.846592,direct,,13.5564547147,,True
Q3-T-021,10540.846592,direct,,13.6552543398,,True
Q3-T-021,10542.846592,direct,,13.7551217673,,True
Q3-T-021,10544.846592,direct,,13.8561439654,,True
Q3-T-021,10546.846592,direct,,13.9583591151,,True
Q3-T-021,10548.846592,direct,,14.0617351276,,True
Q3-T-021,10550.846592,direct,,14.1663586549,,True
Q3-T-021,10552.846592,direct,,14.2721980482,,True
Q3-T-021,10554.846592,direct,,14.3793123855,,True
Q3-T-021,10556.846592,direct,,14.487763221,,True
Q3-T-021,10558.846592,direct,,14.5975197576,,True
Q3-T-021,10560.846592,direct,,14.708658355,,True
Q3-T-021,10562.846592,direct,,14.8211867604,,True
Q3-T-021,10564.846592,direct,,14.9351526551,,True
Q3-T-021,10566.846592,direct,,15.0506254373,,True
Q3-T-021,10568.846592,direct,,15.1675763632,,True
Q3-T-021,10570.846592,direct,,15.2861113153,,True
Q3-T-021,10572.846592,direct,,15.4062026455,,True
Q3-T-021,10574.846592,direct,,15.5279258975,,True
Q3-T-021,10576.846592,direct,,15.6513600904,,True
Q3-T-021,10578.846592,direct,,15.7764581348,,True
Q3-T-021,10580.846592,direct,,15.9033812266,,True
Q3-T-021,10582.846592,direct,,16.0320841916,,True
Q3-T-021,10584.846592,direct,,16.1626537924,,True
Q3-T-021,10586.846592,direct,,16.2951809767,,True
Q3-T-021,10588.846592,direct,,16.4296446473,,True
Q3-T-021,10590.846592,direct,,16.5661790194,,True
Q3-T-021,10592.846592,direct,,16.7047653315,,True
Q3-T-021,10594.846592,direct,,16.8455043811,,True
Q3-T-021,10596.846592,direct,,16.9884775338,,True
Q3-T-021,10598.846592,direct,,17.1337188726,,True
Q3-T-021,10600.846592,direct,,17.2813578219,,True
Q3-T-021,10602.846592,direct,,17.4313831146,,True
Q3-T-021,10604.846592,direct,,17.5839573483,,True
Q3-T-021,10606.846592,direct,,17.7390730417,,True
Q3-T-021,10608.846592,direct,,17.8968570589,,True
Q3-T-021,10610.846592,direct,,18.0574430815,,True
Q3-T-021,10612.846592,direct,,18.2208303145,,True
Q3-T-021,10614.846592,direct,,18.387179279,,True
Q3-T-021,10616.846592,direct,,18.556550999,,True
Q3-T-021,10618.846592,direct,,18.7290689851,,True
Q3-T-021,10620.846592,direct,,18.9048932329,,True
Q3-T-021,10622.846592,direct,,19.0840371886,,True
Q3-T-021,10624.846592,direct,,19.2667230858,,True
Q3-T-021,10626.846592,direct,,19.4529712411,,True
Q3-T-021,10628.846592,direct,,19.6429642312,,True
Q3-T-021,10630.846592,direct,,19.8368949103,,True
Q3-T-021,10632.846592,direct,,20.0347610424,,True
Q3-T-021,10634.846592,direct,,20.2368928191,,True
Q3-T-021,10636.846592,direct,,20.4432969464,,True
Q3-T-021,10638.846592,direct,,20.6541932623,,True
Q3-T-021,10640.846592,direct,,20.8698134949,,True
Q3-T-021,10642.846592,direct,,21.0902100913,,True
Q3-T-021,10644.846592,direct,,21.3156920745,,True
Q3-T-021,10646.846592,direct,,21.546319157,,True
Q3-T-021,10648.846592,direct,,21.7823499821,,True
Q3-T-021,10650.846592,direct,,22.0240129481,,True
Q3-T-021,10652.846592,direct,,22.2714559322,,True
Q3-T-021,10654.846592,direct,,22.5249871381,,True
Q3-T-021,10656.846592,direct,,22.7846690405,,True
Q3-T-021,10658.846592,direct,,23.050779395,,True
Q3-T-021,10660.846592,direct,,23.3235981508,,True
Q3-T-021,10662.846592,direct,,23.603160117,,True
Q3-T-021,10664.846592,direct,,23.8898011889,,True
Q3-T-021,10666.846592,direct,,24.183509417,,True
Q3-T-021,10668.846592,direct,,24.4844332381,,True
Q3-T-021,10670.846592,direct,,24.7928379114,,True
Q3-T-021,10672.846592,direct,,25.1085074376,,True
Q3-T-021,10674.846592,direct,,25.4315514208,,True
Q3-T-021,10676.846592,direct,,25.7616046013,,True
Q3-T-021,10678.846592,direct,,26.09843685,,True
Q3-T-021,10680.846592,direct,,26.4416432871,,True
Q3-T-021,10682.846592,direct,,26.7902902447,,True
Q3-T-021,10684.846592,direct,,27.1435463555,,True
Q3-T-021,10686.846592,direct,,27.4997510801,,True
Q3-T-021,10688.846592,direct,,27.8572795264,,True
Q3-T-021,10690.846592,direct,,28.213782952,,True
Q3-T-021,10692.846592,direct,,28.5660265816,,True
Q3-T-021,10694.846592,direct,,28.9104503094,,True
Q3-T-021,10696.846592,direct,,29.2422987321,,True
Q3-T-021,10698.846592,direct,,29.5562975586,,True
Q3-T-021,10700.846592,direct,,29.8463923505,,True
Q3-T-021,10702.846592,direct,,30.1056928325,,True
Q3-T-021,10704.846592,direct,,30.3273081644,,True
Q3-T-021,10706.846592,direct,,30.5043636541,,True
Q3-T-021,10708.846592,direct,,30.6308180095,,True
Q3-T-021,10710.846592,direct,,30.7019831319,,True
Q3-T-021,10712.2904543,direct,,30.7173070509,,True
Q3-T-021,10712.846592,direct,,30.7438150172,,True
Q3-T-021,10714.846592,direct,,30.840015908,,True
Q3-T-021,10716.846592,direct,,30.9372942194,,True
Q3-T-021,10718.846592,direct,,31.0356743587,,True
Q3-T-021,10720.846592,direct,,31.1351815719,,True
Q3-T-021,10722.846592,direct,,31.2358419827,,True
Q3-T-021,10724.846592,direct,,31.3376826339,,True
Q3-T-021,10726.846592,direct,,31.4407315308,,True
Q3-T-021,10728.846592,direct,,31.5450176874,,True
Q3-T-021,10730.846592,direct,,31.6505711754,,True
Q3-T-021,10732.846592,direct,,31.7574231766,,True
Q3-T-021,10734.846592,direct,,31.8656060377,,True
Q3-T-021,10736.846592,direct,,31.9751533296,,True
Q3-T-021,10738.846592,direct,,32.0860999094,,True
Q3-T-021,10740.846592,direct,,32.1984819874,,True
Q3-T-021,10742.846592,direct,,32.3123371979,,True
Q3-T-021,10744.846592,direct,,32.4277046747,,True
Q3-T-021,10746.846592,direct,,32.5446251323,,True
Q3-T-021,10748.846592,direct,,32.6631409516,,True
Q3-T-021,10750.846592,direct,,32.7832962725,,True
Q3-T-021,10752.846592,direct,,32.9051370926,,True
Q3-T-021,10754.846592,direct,,33.0287113727,,True
Q3-T-021,10756.846592,direct,,33.1540691502,,True
Q3-T-021,10758.846592,direct,,33.281262661,,True
Q3-T-021,10760.846592,direct,,33.4103464699,,True
Q3-T-021,10762.846592,direct,,33.5413776113,,True
Q3-T-021,10764.846592,direct,,33.6744157403,,True
Q3-T-021,10766.846592,direct,,33.8095232962,,True
Q3-T-021,10768.846592,direct,,33.946765678,,True
Q3-T-021,10770.846592,direct,,34.0862114349,,True
Q3-T-021,10772.846592,direct,,34.2279324715,,True
Q3-T-021,10774.846592,direct,,34.3720042708,,True
Q3-T-021,10776.846592,direct,,34.5185061354,,True
Q3-T-021,10778.846592,direct,,34.6675214499,,True
Q3-T-021,10780.846592,direct,,34.8191379655,,True
Q3-T-021,10782.846592,direct,,34.973448111,,True
Q3-T-021,10784.846592,direct,,35.1305493305,,True
Q3-T-021,10786.846592,direct,,35.2905444536,,True
Q3-T-021,10788.846592,direct,,35.4535420992,,True
Q3-T-021,10790.846592,direct,,35.6196571189,,True
Q3-T-021,10792.846592,direct,,35.7890110826,,True
Q3-T-021,10794.846592,direct,,35.9617328137,,True
Q3-T-021,10796.846592,direct,,36.137958977,,True
Q3-T-021,10798.846592,direct,,36.3178347288,,True
Q3-T-021,10800.846592,direct,,36.5015144354,,True
Q3-T-021,10802.846592,direct,,36.6891624687,,True
Q3-T-021,10804.846592,direct,,36.8809540903,,True
Q3-T-021,10806.846592,direct,,37.0770764354,,True
Q3-T-021,10808.846592,direct,,37.2777296095,,True
Q3-T-021,10810.846592,direct,,37.4831279163,,True
Q3-T-021,10812.846592,direct,,37.6935012329,,True
Q3-T-021,10814.846592,direct,,37.9090965563,,True
Q3-T-021,10816.846592,direct,,38.1301797472,,True
Q3-T-021,10818.846592,direct,,38.3570375009,,True
Q3-T-021,10820.846592,direct,,38.5899795826,,True
Q3-T-021,10822.846592,direct,,38.8293413714,,True
Q3-T-021,10824.846592,direct,,39.0754867643,,True
Q3-T-021,10826.846592,direct,,39.3288115037,,True
Q3-T-021,10828.846592,direct,,39.5897470058,,True
Q3-T-021,10830.846592,direct,,39.8587647809,,True
Q3-T-021,10832.846592,direct,,40.1363815611,,True
Q3-T-021,10834.846592,direct,,40.4231652749,,True
Q3-T-021,10836.846592,direct,,40.7197420416,,True
Q3-T-021,10838.846592,direct,,41.0268044037,,True
Q3-T-021,10840.846592,direct,,41.345121067,,True
Q3-T-021,10842.846592,direct,,41.6755484964,,True
Q3-T-021,10844.846592,direct,,42.0190448039,,True
Q3-T-021,10846.846592,direct,,42.3766864985,,True
Q3-T-021,10848.846592,direct,,42.7496888356,,True
Q3-T-021,10850.846592,direct,,43.1394307343,,True
Q3-T-021,10852.846592,direct,,43.5474855526,,True
Q3-T-021,10854.846592,direct,,43.9756594551,,True
Q3-T-021,10856.846592,direct,,44.4260397372,,True
Q3-T-021,10858.846592,direct,,44.9010563775,,True
Q3-T-021,10860.846592,direct,,45.4035614164,,True
Q3-T-021,10862.846592,direct,,45.936932739,,True
Q3-T-021,10864.846592,direct,,46.5052118593,,True
Q3-T-021,10866.846592,direct,,47.1132900157,,True
Q3-T-021,10868.846592,direct,,47.7671644496,,True
Q3-T-021,10870.846592,direct,,48.4742992373,,True
Q3-T-021,10872.846592,direct,,49.2441464456,,True
Q3-T-021,10874.846592,direct,,50.0889215031,,True
Q3-T-021,10876.846592,direct,,51.0247978377,,True
Q3-T-021,10878.846592,direct,,52.0738261858,,True
Q3-T-021,10880.846592,direct,,53.2671798536,,True
Q3-T-021,10882.846592,direct,,54.6510040647,,True
Q3-T-021,10884.846592,direct,,56.2978650709,,True
Q3-T-021,10886.846592,direct,,58.3317911398,,True
Q3-T-021,10888.846592,direct,,60.9924912737,,True
Q3-T-021,10890.846592,direct,,64.8475147196,,True
Q3-T-021,10892.846592,direct,,71.9520335134,,True
Q3-T-021,10894.846592,direct,,83.4601894445,,True
Q3-T-021,10896.846592,direct,,68.2488679329,,True
Q3-T-021,10898.846592,direct,,63.0167298655,,True
Q3-T-021,10900.846592,direct,,59.7744746911,,True
Q3-T-021,10902.846592,direct,,57.4189334225,,True
Q3-T-021,10904.4270418,direct,,55.9251752525,,True
Q3-T-022,10325.1312279,direct,,55.9251752525,,True
Q3-T-022,10327.1312279,direct,,58.4239499847,,True
Q3-T-022,10329.1312279,direct,,61.9457751658,,True
Q3-T-022,10331.1312279,direct,,67.966375079,,True
Q3-T-022,10333.1312279,direct,,141.945775166,,True
Q3-T-022,10335.1312279,direct,,67.966375079,,True
Q3-T-022,10337.1312279,direct,,61.9457751658,,True
Q3-T-022,10339.1312279,direct,,58.4239499847,,True
Q3-T-022,10341.1312279,direct,,55.9251752525,,True
Q3-T-022,10343.1312279,direct,,53.9869749923,,True
Q3-T-022,10345.1312279,direct,,52.4033500714,,True
Q3-T-022,10347.1312279,direct,,51.0644142788,,True
Q3-T-022,10349.1312279,direct,,49.9045753392,,True
Q3-T-022,10351.1312279,direct,,48.8815248903,,True
Q3-T-022,10353.1312279,direct,,47.966375079,,True
Q3-T-022,10355.1312279,direct,,47.1385213759,,True
Q3-T-022,10357.1312279,direct,,46.3827501581,,True
Q3-T-022,10359.1312279,direct,,45.6875080329,,True
Q3-T-022,10361.1312279,direct,,45.0438143655,,True
Q3-T-022,10363.1312279,direct,,44.4445498979,,True
Q3-T-022,10365.1312279,direct,,43.8839754259,,True
Q3-T-022,10367.1312279,direct,,43.3573966515,,True
Q3-T-022,10369.1312279,direct,,42.860924977,,True
Q3-T-022,10371.1312279,direct,,42.39130306,,True
Q3-T-022,10373.1312279,direct,,41.9457751658,,True
Q3-T-022,10375.1312279,direct,,41.5219891844,,True
Q3-T-022,10377.1312279,direct,,41.1179214626,,True
Q3-T-022,10379.1312279,direct,,40.7318183587,,True
Q3-T-022,10381.1312279,direct,,40.3621502448,,True
Q3-T-022,10383.1312279,direct,,40.0075749056,,True
Q3-T-022,10383.2738719,direct,,39.9825954966,,True
Q3-T-022,10385.1312279,direct,,39.7732152887,,True
Q3-T-022,10387.1312279,direct,,39.1437603968,,True
Q3-T-022,10389.1312279,direct,,38.2473632094,,True
Q3-T-022,10391.1312279,direct,,37.2319763508,,True
Q3-T-022,10393.1312279,direct,,36.1963469902,,True
Q3-T-022,10395.1312279,direct,,35.1928183423,,True
Q3-T-022,10397.1312279,direct,,34.2431243741,,True
Q3-T-022,10399.1312279,direct,,33.3547661587,,True
Q3-T-022,10401.1312279,direct,,32.527538972,,True
Q3-T-022,10403.1312279,direct,,31.7573450452,,True
Q3-T-022,10405.1312279,direct,,31.0393721216,,True
Q3-T-022,10407.1312279,direct,,30.3686992138,,True
Q3-T-022,10409.1312279,direct,,29.7408278977,,True
Q3-T-022,10411.1312279,direct,,29.1508702454,,True
Q3-T-022,10413.1312279,direct,,28.5952510599,,True
Q3-T-022,10415.1312279,direct,,28.0707192828,,True
Q3-T-022,10417.1312279,direct,,27.5740339925,,True
Q3-T-022,10419.1312279,direct,,27.102598382,,True
Q3-T-022,10421.1312279,direct,,26.6543131801,,True
Q3-T-022,10423.1312279,direct,,26.2269395866,,True
Q3-T-022,10425.1312279,direct,,25.8187126526,,True
Q3-T-022,10427.1312279,direct,,25.4282290177,,True
Q3-T-022,10429.1312279,direct,,25.0538502515,,True
Q3-T-022,10431.1312279,direct,,24.6944979442,,True
Q3-T-022,10433.1312279,direct,,24.349060449,,True
Q3-T-022,10435.1312279,direct,,24.0163801093,,True
Q3-T-022,10437.1312279,direct,,23.6957090781,,True
Q3-T-022,10439.1312279,direct,,23.3862408247,,True
Q3-T-022,10441.1312279,direct,,23.0871004935,,True
Q3-T-022,10443.1312279,direct,,22.7977191439,,True
Q3-T-022,10445.1312279,direct,,22.5176143466,,True
Q3-T-022,10447.1312279,direct,,22.2459878135,,True
Q3-T-022,10449.1312279,direct,,21.982461662,,True
Q3-T-022,10451.1312279,direct,,21.7266509103,,True
Q3-T-022,10453.1312279,direct,,21.4780107309,,True
Q3-T-022,10455.1312279,direct,,21.2361609958,,True
Q3-T-022,10457.1312279,direct,,21.0007769732,,True
Q3-T-022,10459.1312279,direct,,20.7716262523,,True
Q3-T-022,10461.1312279,direct,,20.548198746,,True
Q3-T-022,10463.1312279,direct,,20.3303116361,,True
Q3-T-022,10465.1312279,direct,,20.117763433,,True
Q3-T-022,10467.1312279,direct,,19.9102069229,,True
Q3-T-022,10469.1312279,direct,,19.7074198222,,True
Q3-T-022,10471.1312279,direct,,19.5092758675,,True
Q3-T-022,10473.1312279,direct,,19.315480689,,True
Q3-T-022,10475.1312279,direct,,19.1258533765,,True
Q3-T-022,10477.1312279,direct,,18.9403004783,,True
Q3-T-022,10479.1312279,direct,,18.7585440225,,True
Q3-T-022,10481.1312279,direct,,18.5805097422,,True
Q3-T-022,10483.1312279,direct,,18.4060543221,,True
Q3-T-022,10485.1312279,direct,,18.2349589837,,True
Q3-T-022,10487.1312279,direct,,18.0671700811,,True
Q3-T-022,10489.1312279,direct,,17.9025677392,,True
Q3-T-022,10491.1312279,direct,,17.7409595003,,True
Q3-T-022,10493.1312279,direct,,7.58228586884,,True
Q3-T-022,10495.1312279,direct,,7.42651098951,,True
Q3-T-022,10497.1312279,direct,,7.27339857561,,True
Q3-T-022,10499.1312279,direct,,7.12292444864,,True
Q3-T-022,10501.1312279,direct,,6.97504415561,,True
Q3-T-022,10503.1312279,direct,,6.82960349194,,True
Q3-T-022,10505.1312279,direct,,6.68652698996,,True
Q3-T-022,10507.1312279,direct,,6.54575841076,,True
Q3-T-022,10509.1312279,direct,,6.40728551165,,True
Q3-T-022,10511.1312279,direct,,6.27091639598,,True
Q3-T-022,10513.1312279,direct,,6.13664636342,,True
Q3-T-022,10515.1312279,direct,,6.0044518184,,True
Q3-T-022,10517.1312279,direct,,5.87420994771,,True
Q3-T-022,10519.1312279,direct,,5.74586715466,,True
Q3-T-022,10521.1312279,direct,,5.61942427051,,True
Q3-T-022,10523.1312279,direct,,5.49476871685,,True
Q3-T-022,10525.1312279,direct,,5.37185376016,,True
Q3-T-022,10527.1312279,direct,,5.25068456071,,True
Q3-T-022,10529.1312279,direct,,5.13114091447,,True
Q3-T-022,10531.1312279,direct,,5.01323119864,,True
Q3-T-022,10533.1312279,direct,,4.89691472703,,True
Q3-T-022,10535.1312279,direct,,4.7820960412,,True
Q3-T-022,10537.1312279,direct,,4.66878647745,,True
Q3-T-022,10539.1312279,direct,,4.55695010038,,True
Q3-T-022,10541.1312279,direct,,4.44649809417,,True
Q3-T-022,10543.1312279,direct,,4.3374291668,,True
Q3-T-022,10545.1312279,direct,,4.22975648331,,True
Q3-T-022,10547.1312279,direct,,4.12335203294,,True
Q3-T-022,10549.1312279,direct,,4.01823199634,,True
Q3-T-022,10551.1312279,direct,,3.9144114122,,True
Q3-T-022,10553.1312279,direct,,3.81176905952,,True
Q3-T-022,10555.1312279,direct,,3.71032262454,,True
Q3-T-022,10557.1312279,direct,,3.61007484924,,True
Q3-T-022,10559.1312279,direct,,3.51095204748,,True
Q3-T-022,10561.1312279,direct,,3.41293167909,,True
Q3-T-022,10563.1312279,direct,,3.3160027508,,True
Q3-T-022,10565.1312279,direct,,3.22017017626,,True
Q3-T-022,10567.1312279,direct,,3.12536569636,,True
Q3-T-022,10569.1312279,direct,,3.03156980913,,True
Q3-T-022,10571.1312279,direct,,2.93880195614,,True
Q3-T-022,10573.1312279,direct,,2.84699747282,,True
Q3-T-022,10575.1312279,direct,,2.75613880623,,True
Q3-T-022,10577.1312279,direct,,2.66624608723,,True
Q3-T-022,10579.1312279,direct,,2.57724563514,,True
Q3-T-022,10581.1312279,direct,,2.48915840287,,True
Q3-T-022,10583.1312279,direct,,2.40196826417,,True
Q3-T-022,10585.1312279,direct,,2.31561711283,,True
Q3-T-022,10586.8754458,direct,,2.24100856332,,True
Q3-T-022,10587.1312279,direct,,2.24106788118,,True
Q3-T-022,10589.1312279,direct,,2.24152476058,,True
Q3-T-022,10591.1312279,direct,,2.24196680971,,True
Q3-T-022,10593.1312279,direct,,2.24239402405,,True
Q3-T-022,10595.1312279,direct,,2.24280639922,,True
Q3-T-022,10597.1312279,direct,,2.24320393097,,True
Q3-T-022,10599.1312279,direct,,2.24358661523,,True
Q3-T-022,10601.1312279,direct,,2.24395444808,,True
Q3-T-022,10603.1312279,direct,,2.24430742573,,True
Q3-T-022,10605.1312279,direct,,2.24464554457,,True
Q3-T-022,10607.1312279,direct,,2.24496880111,,True
Q3-T-022,10609.1312279,direct,,2.24527719204,,True
Q3-T-022,10611.1312279,direct,,2.24557071418,,True
Q3-T-022,10613.1312279,direct,,2.24584936453,,True
Q3-T-022,10615.1312279,direct,,2.24611314022,,True
Q3-T-022,10617.1312279,direct,,2.24636203853,,True
Q3-T-022,10619.1312279,direct,,2.24659605691,,True
Q3-T-022,10621.1312279,direct,,2.24681519295,,True
Q3-T-022,10623.1312279,direct,,2.2470194444,,True
Q3-T-022,10625.1312279,direct,,2.24720880915,,True
Q3-T-022,10627.1312279,direct,,2.24738328527,,True
Q3-T-022,10629.1312279,direct,,2.24754287095,,True
Q3-T-022,10631.1312279,direct,,2.24768756455,,True
Q3-T-022,10631.4037509,direct,,2.24770629523,,True
Q3-T-022,10633.1312279,direct,,2.24770629523,,True
Q3-T-022,10635.1312279,direct,,2.24770629523,,True
Q3-T-022,10637.1312279,direct,,2.24770629523,,True
Q3-T-022,10639.1312279,direct,,2.24770629523,,True
Q3-T-022,10641.1312279,direct,,2.24770629523,,True
Q3-T-022,10643.1312279,direct,,2.24770629523,,True
Q3-T-022,10645.1312279,direct,,2.24770629523,,True
Q3-T-022,10647.1312279,direct,,2.24770629523,,True
Q3-T-022,10649.1312279,direct,,2.24770629523,,True
Q3-T-022,10651.1312279,direct,,2.24770629523,,True
Q3-T-022,10653.1312279,direct,,2.24770629523,,True
Q3-T-022,10655.1312279,direct,,2.24770629523,,True
Q3-T-022,10657.1312279,direct,,2.24770629523,,True
Q3-T-022,10659.1312279,direct,,2.24770629523,,True
Q3-T-022,10661.1312279,direct,,2.24770629523,,True
Q3-T-022,10663.1312279,direct,,2.24770629523,,True
Q3-T-022,10665.1312279,direct,,2.24770629523,,True
Q3-T-022,10667.1312279,direct,,2.24770629523,,True
Q3-T-022,10669.1312279,direct,,2.24770629523,,True
Q3-T-022,10671.1312279,direct,,2.24770629523,,True
Q3-T-022,10673.1312279,direct,,2.24770629523,,True
Q3-T-022,10675.1312279,direct,,2.24770629523,,True
Q3-T-022,10677.1312279,direct,,2.24770629523,,True
Q3-T-022,10679.1312279,direct,,2.24770629523,,True
Q3-T-022,10681.1312279,direct,,2.24770629523,,True
Q3-T-022,10683.1312279,direct,,2.24770629523,,True
Q3-T-022,10685.1312279,direct,,2.24770629523,,True
Q3-T-022,10687.1312279,direct,,2.24770629523,,True
Q3-T-022,10689.1312279,direct,,2.24770629523,,True
Q3-T-022,10691.1312279,direct,,2.24770629523,,True
Q3-T-022,10693.1312279,direct,,2.24770629523,,True
Q3-T-022,10695.1312279,direct,,2.24770629523,,True
Q3-T-022,10697.1312279,direct,,2.24770629523,,True
Q3-T-022,10699.1312279,direct,,2.24770629523,,True
Q3-T-022,10701.1312279,direct,,2.24770629523,,True
Q3-T-022,10703.1312279,direct,,2.24770629523,,True
Q3-T-022,10705.1312279,direct,,2.24770629523,,True
Q3-T-022,10707.1312279,direct,,2.24770629523,,True
Q3-T-022,10709.1312279,direct,,2.24770629523,,True
Q3-T-022,10711.1312279,direct,,2.24770629523,,True
Q3-T-022,10713.1312279,direct,,2.24770629523,,True
Q3-T-022,10715.1312279,direct,,2.24770629523,,True
Q3-T-022,10717.1312279,direct,,2.24770629523,,True
Q3-T-022,10719.1312279,direct,,2.24770629523,,True
Q3-T-022,10721.1312279,direct,,2.24770629523,,True
Q3-T-022,10723.1312279,direct,,2.24770629523,,True
Q3-T-022,10725.1312279,direct,,2.24770629523,,True
Q3-T-022,10727.1312279,direct,,2.24770629523,,True
Q3-T-022,10729.1312279,direct,,2.24770629523,,True
Q3-T-022,10731.1312279,direct,,2.24770629523,,True
Q3-T-022,10733.1312279,direct,,2.24770629523,,True
Q3-T-022,10735.1312279,direct,,2.24770629523,,True
Q3-T-022,10737.1312279,direct,,2.24770629523,,True
Q3-T-022,10739.1312279,direct,,2.24770629523,,True
Q3-T-022,10741.1312279,direct,,2.24770629523,,True
Q3-T-022,10743.1312279,direct,,2.24770629523,,True
Q3-T-022,10745.1312279,direct,,2.24770629523,,True
Q3-T-022,10747.1312279,direct,,2.24770629523,,True
Q3-T-022,10749.1312279,direct,,2.24770629523,,True
Q3-T-022,10751.1312279,direct,,2.24770629523,,True
Q3-T-022,10753.1312279,direct,,2.24770629523,,True
Q3-T-022,10755.1312279,direct,,2.24770629523,,True
Q3-T-022,10757.1312279,direct,,2.24770629523,,True
Q3-T-022,10759.1312279,direct,,2.24770629523,,True
Q3-T-022,10761.1312279,direct,,2.24770629523,,True
Q3-T-022,10763.1312279,direct,,2.24770629523,,True
Q3-T-022,10765.1312279,direct,,2.24770629523,,True
Q3-T-022,10767.1312279,direct,,2.24770629523,,True
Q3-T-022,10769.1312279,direct,,2.24770629523,,True
Q3-T-022,10771.1312279,direct,,2.24770629523,,True
Q3-T-022,10773.1312279,direct,,2.24770629523,,True
Q3-T-022,10775.1312279,direct,,2.24770629523,,True
Q3-T-022,10777.1312279,direct,,2.24770629523,,True
Q3-T-022,10779.1312279,direct,,2.24770629523,,True
Q3-T-022,10781.1312279,direct,,2.24770629523,,True
Q3-T-022,10783.1312279,direct,,2.24770629523,,True
Q3-T-022,10785.1312279,direct,,2.24770629523,,True
Q3-T-022,10787.1312279,direct,,2.24770629523,,True
Q3-T-022,10789.1312279,direct,,2.24770629523,,True
Q3-T-022,10791.1312279,direct,,2.24770629523,,True
Q3-T-022,10793.1312279,direct,,2.24770629523,,True
Q3-T-022,10795.1312279,direct,,2.24770629523,,True
Q3-T-022,10797.1312279,direct,,2.24770629523,,True
Q3-T-022,10799.1312279,direct,,2.24770629523,,True
Q3-T-022,10801.1312279,direct,,2.24770629523,,True
Q3-T-022,10803.1312279,direct,,2.24770629523,,True
Q3-T-022,10805.1312279,direct,,2.24770629523,,True
Q3-T-022,10807.1312279,direct,,2.24770629523,,True
Q3-T-022,10809.1312279,direct,,2.24770629523,,True
Q3-T-022,10811.1312279,direct,,2.24770629523,,True
Q3-T-022,10813.1312279,direct,,2.24770629523,,True
Q3-T-022,10815.1312279,direct,,2.24770629523,,True
Q3-T-022,10817.1312279,direct,,2.24770629523,,True
Q3-T-022,10819.1312279,direct,,2.24770629523,,True
Q3-T-022,10821.1312279,direct,,2.24770629523,,True
Q3-T-022,10823.1312279,direct,,2.24770629523,,True
Q3-T-022,10825.1312279,direct,,2.24770629523,,True
Q3-T-022,10827.1312279,direct,,2.24770629523,,True
Q3-T-022,10829.1312279,direct,,2.24770629523,,True
Q3-T-022,10831.1312279,direct,,2.24770629523,,True
Q3-T-022,10833.1312279,direct,,2.24770629523,,True
Q3-T-022,10835.1312279,direct,,2.24770629523,,True
Q3-T-022,10837.1312279,direct,,2.24770629523,,True
Q3-T-022,10839.1312279,direct,,2.24770629523,,True
Q3-T-022,10841.1312279,direct,,2.24770629523,,True
Q3-T-022,10843.1312279,direct,,2.24770629523,,True
Q3-T-022,10845.1312279,direct,,2.24770629523,,True
Q3-T-022,10847.1312279,direct,,2.24770629523,,True
Q3-T-022,10849.1312279,direct,,2.24770629523,,True
Q3-T-022,10851.1312279,direct,,2.24770629523,,True
Q3-T-022,10853.1312279,direct,,2.24770629523,,True
Q3-T-022,10855.1312279,direct,,2.24770629523,,True
Q3-T-022,10857.1312279,direct,,2.24770629523,,True
Q3-T-022,10859.1312279,direct,,2.24770629523,,True
Q3-T-022,10861.1312279,direct,,2.24770629523,,True
Q3-T-022,10863.1312279,direct,,2.24770629523,,True
Q3-T-022,10865.1312279,direct,,2.24770629523,,True
Q3-T-022,10867.1312279,direct,,2.24770629523,,True
Q3-T-022,10869.1312279,direct,,2.24770629523,,True
Q3-T-022,10871.1312279,direct,,2.24770629523,,True
Q3-T-022,10873.1312279,direct,,2.24770629523,,True
Q3-T-022,10875.1312279,direct,,2.24770629523,,True
Q3-T-022,10877.1312279,direct,,2.24770629523,,True
Q3-T-022,10879.1312279,direct,,2.24770629523,,True
Q3-T-022,10881.1312279,direct,,2.24770629523,,True
Q3-T-022,10883.1312279,direct,,2.24770629523,,True
Q3-T-022,10885.1312279,direct,,2.24770629523,,True
Q3-T-022,10887.1312279,direct,,2.24770629523,,True
Q3-T-022,10889.1312279,direct,,2.24770629523,,True
Q3-T-022,10891.1312279,direct,,2.24770629523,,True
Q3-T-022,10893.1312279,direct,,2.24770629523,,True
Q3-T-022,10895.1312279,direct,,2.24770629523,,True
Q3-T-022,10897.1312279,direct,,2.24770629523,,True
Q3-T-022,10899.1312279,direct,,2.24770629523,,True
Q3-T-022,10901.1312279,direct,,2.24770629523,,True
Q3-T-022,10903.1312279,direct,,2.24770629523,,True
Q3-T-022,10905.1312279,direct,,2.24770629523,,True
Q3-T-022,10907.1312279,direct,,2.24770629523,,True
Q3-T-022,10909.1312279,direct,,2.24770629523,,True
Q3-T-022,10911.1312279,direct,,2.24770629523,,True
Q3-T-022,10913.1312279,direct,,2.24770629523,,True
Q3-T-022,10915.1312279,direct,,2.24770629523,,True
Q3-T-022,10917.1312279,direct,,2.24770629523,,True
Q3-T-022,10919.1312279,direct,,2.24770629523,,True
Q3-T-022,10921.1312279,direct,,2.24770629523,,True
Q3-T-022,10923.1312279,direct,,2.24770629523,,True
Q3-T-022,10925.1312279,direct,,2.24770629523,,True
Q3-T-022,10927.1312279,direct,,2.24770629523,,True
Q3-T-022,10929.1312279,direct,,2.24770629523,,True
Q3-T-022,10931.1312279,direct,,2.24770629523,,True
Q3-T-022,10933.1312279,direct,,2.24770629523,,True
Q3-T-022,10935.1312279,direct,,2.24770629523,,True
Q3-T-022,10937.1312279,direct,,2.24770629523,,True
Q3-T-022,10939.1312279,direct,,2.24770629523,,True
Q3-T-022,10941.1312279,direct,,2.24770629523,,True
Q3-T-022,10943.1312279,direct,,2.24770629523,,True
Q3-T-022,10945.1312279,direct,,2.24770629523,,True
Q3-T-022,10947.1312279,direct,,2.24770629523,,True
Q3-T-022,10949.1312279,direct,,2.24770629523,,True
Q3-T-022,10951.1312279,direct,,2.24770629523,,True
Q3-T-022,10953.1312279,direct,,2.24770629523,,True
Q3-T-022,10955.1312279,direct,,2.24770629523,,True
Q3-T-022,10957.1312279,direct,,2.24770629523,,True
Q3-T-022,10959.1312279,direct,,2.24770629523,,True
Q3-T-022,10961.1312279,direct,,2.24770629523,,True
Q3-T-022,10963.1312279,direct,,2.24770629523,,True
Q3-T-022,10965.1312279,direct,,2.24770629523,,True
Q3-T-022,10967.1312279,direct,,2.24770629523,,True
Q3-T-022,10969.1312279,direct,,2.24770629523,,True
Q3-T-022,10971.1312279,direct,,2.24770629523,,True
Q3-T-022,10973.1312279,direct,,2.24770629523,,True
Q3-T-022,10975.1312279,direct,,2.24770629523,,True
Q3-T-022,10977.1312279,direct,,2.24770629523,,True
Q3-T-022,10979.1312279,direct,,2.24770629523,,True
Q3-T-022,10981.1312279,direct,,2.24770629523,,True
Q3-T-022,10983.1312279,direct,,2.24770629523,,True
Q3-T-022,10985.1312279,direct,,2.24770629523,,True
Q3-T-022,10987.1312279,direct,,2.24770629523,,True
Q3-T-022,10989.1312279,direct,,2.24770629523,,True
Q3-T-022,10991.1312279,direct,,2.24770629523,,True
Q3-T-022,10993.1312279,direct,,2.24770629523,,True
Q3-T-022,10995.1312279,direct,,2.24770629523,,True
Q3-T-022,10997.1312279,direct,,2.24770629523,,True
Q3-T-022,10999.1312279,direct,,2.24770629523,,True
Q3-T-022,11001.1312279,direct,,2.24770629523,,True
Q3-T-022,11003.1312279,direct,,2.24770629523,,True
Q3-T-022,11005.1312279,direct,,2.24770629523,,True
Q3-T-022,11007.1312279,direct,,2.24770629523,,True
Q3-T-022,11009.1312279,direct,,2.24770629523,,True
Q3-T-022,11011.1312279,direct,,2.24770629523,,True
Q3-T-022,11013.1312279,direct,,2.24770629523,,True
Q3-T-022,11015.1312279,direct,,2.24770629523,,True
Q3-T-022,11017.1312279,direct,,2.24770629523,,True
Q3-T-022,11019.1312279,direct,,2.24770629523,,True
Q3-T-022,11021.1312279,direct,,2.24770629523,,True
Q3-T-022,11023.1312279,direct,,2.24770629523,,True
Q3-T-022,11025.1312279,direct,,2.24770629523,,True
Q3-T-022,11027.1312279,direct,,2.24770629523,,True
Q3-T-022,11027.4037509,direct,,2.24770629523,,True
Q3-T-022,11029.1312279,direct,,2.24755159437,,True
Q3-T-022,11031.1312279,direct,,2.24735085588,,True
Q3-T-022,11033.1312279,direct,,2.24712685161,,True
Q3-T-022,11035.1312279,direct,,2.24687958516,,True
Q3-T-022,11037.1312279,direct,,2.24660906052,,True
Q3-T-022,11039.1312279,direct,,2.24631528202,,True
Q3-T-022,11041.1312279,direct,,2.2459982544,,True
Q3-T-022,11043.1312279,direct,,2.24565798273,,True
Q3-T-022,11045.1312279,direct,,2.24529447249,,True
Q3-T-022,11047.1312279,direct,,2.24490772951,,True
Q3-T-022,11049.1312279,direct,,2.24449776,,True
Q3-T-022,11051.1312279,direct,,2.24406457054,,True
Q3-T-022,11053.1312279,direct,,2.24360816809,,True
Q3-T-022,11055.1312279,direct,,2.24312855996,,True
Q3-T-022,11057.1312279,direct,,2.24262575385,,True
Q3-T-022,11059.1312279,direct,,2.24209975782,,True
Q3-T-022,11061.1312279,direct,,2.2415505803,,True
Q3-T-022,11063.0263949,direct,,2.24100856332,,True
Q3-T-022,11063.1312279,direct,,2.24546965047,,True
Q3-T-022,11065.1312279,direct,,2.33112399997,,True
Q3-T-022,11067.1312279,direct,,2.41762995177,,True
Q3-T-022,11069.1312279,direct,,2.50497795878,,True
Q3-T-022,11071.1312279,direct,,2.5932262953,,True
Q3-T-022,11073.1312279,direct,,2.68239118351,,True
Q3-T-022,11075.1312279,direct,,2.77245169986,,True
Q3-T-022,11077.1312279,direct,,2.86346905959,,True
Q3-T-022,11079.1312279,direct,,2.95546119161,,True
Q3-T-022,11081.1312279,direct,,3.04840773601,,True
Q3-T-022,11083.1312279,direct,,3.14238623748,,True
Q3-T-022,11085.1312279,direct,,3.23737730149,,True
Q3-T-022,11087.1312279,direct,,3.33340055546,,True
Q3-T-022,11089.1312279,direct,,3.43052448681,,True
Q3-T-022,11091.1312279,direct,,3.52873058812,,True
Q3-T-022,11093.1312279,direct,,3.62807101812,,True
Q3-T-022,11095.1312279,direct,,3.72852742439,,True
Q3-T-022,11097.1312279,direct,,3.83018743798,,True
Q3-T-022,11099.1312279,direct,,3.9330340962,,True
Q3-T-022,11101.1312279,direct,,4.03709278798,,True
Q3-T-022,11103.1312279,direct,,4.14244212827,,True
Q3-T-022,11105.1312279,direct,,4.2490666504,,True
Q3-T-022,11107.1312279,direct,,4.3569948582,,True
Q3-T-022,11109.1312279,direct,,4.46631061189,,True
Q3-T-022,11111.1312279,direct,,4.57701573322,,True
Q3-T-022,11113.1312279,direct,,4.68909604627,,True
Q3-T-022,11115.1312279,direct,,4.80268763493,,True
Q3-T-022,11117.1312279,direct,,4.91777980664,,True
Q3-T-022,11119.1312279,direct,,5.03436075362,,True
Q3-T-022,11121.1312279,direct,,5.15257515077,,True
Q3-T-022,11123.1312279,direct,,5.27241520648,,True
Q3-T-022,11125.1312279,direct,,5.39388900544,,True
Q3-T-022,11127.1312279,direct,,5.51710009827,,True
Q3-T-022,11129.1312279,direct,,5.64209512613,,True
Q3-T-022,11131.1312279,direct,,5.76886963514,,True
Q3-T-022,11133.1312279,direct,,5.89755396515,,True
Q3-T-022,11135.1312279,direct,,6.02814757646,,True
Q3-T-022,11137.1312279,direct,,6.16070451823,,True
Q3-T-022,11139.1312279,direct,,6.29534827076,,True
Q3-T-022,11141.1312279,direct,,6.43208375709,,True
Q3-T-022,11143.1312279,direct,,6.57097332999,,True
Q3-T-022,11145.1312279,direct,,6.71215256118,,True
Q3-T-022,11147.1312279,direct,,6.8556532452,,True
Q3-T-022,11149.1312279,direct,,7.0015322356,,True
Q3-T-022,11151.1312279,direct,,7.1498657034,,True
Q3-T-022,11153.1312279,direct,,7.30080883956,,True
Q3-T-022,11155.1312279,direct,,7.45438532469,,True
Q3-T-022,11157.1312279,direct,,7.61068438173,,True
Q3-T-022,11159.1312279,direct,,17.7698793015,,True
Q3-T-022,11161.1312279,direct,,17.9320282003,,True
Q3-T-022,11163.1312279,direct,,18.0971683927,,True
Q3-T-022,11165.1312279,direct,,18.265563071,,True
Q3-T-022,11167.1312279,direct,,18.4372640705,,True
Q3-T-022,11169.1312279,direct,,18.6123247286,,True
Q3-T-022,11171.1312279,direct,,18.7910390956,,True
Q3-T-022,11173.1312279,direct,,18.9734785734,,True
Q3-T-022,11175.1312279,direct,,19.1597433533,,True
Q3-T-022,11177.1312279,direct,,19.3500870631,,True
Q3-T-022,11179.1312279,direct,,19.5446848443,,True
Q3-T-022,11181.1312279,direct,,19.7436398287,,True
Q3-T-022,11183.1312279,direct,,19.9472758562,,True
Q3-T-022,11185.1312279,direct,,20.1557214777,,True
Q3-T-022,11187.1312279,direct,,20.369201839,,True
Q3-T-022,11189.1312279,direct,,20.5880677863,,True
Q3-T-022,11191.1312279,direct,,20.8124925498,,True
Q3-T-022,11193.1312279,direct,,21.0427567846,,True
Q3-T-022,11195.1312279,direct,,21.2792813301,,True
Q3-T-022,11197.1312279,direct,,21.5223343387,,True
Q3-T-022,11199.1312279,direct,,21.7722455959,,True
Q3-T-022,11201.1312279,direct,,22.029400983,,True
Q3-T-022,11203.1312279,direct,,22.2943524606,,True
Q3-T-022,11205.1312279,direct,,22.5674534495,,True
Q3-T-022,11207.1312279,direct,,22.8492044989,,True
Q3-T-022,11209.1312279,direct,,23.1402991956,,True
Q3-T-022,11211.1312279,direct,,23.4412680153,,True
Q3-T-022,11213.1312279,direct,,23.7526470403,,True
Q3-T-022,11215.1312279,direct,,24.0754569758,,True
Q3-T-022,11217.1312279,direct,,24.4103876932,,True
Q3-T-022,11219.1312279,direct,,24.75819797,,True
Q3-T-022,11221.1312279,direct,,25.1202136913,,True
Q3-T-022,11223.1312279,direct,,25.4974217427,,True
Q3-T-022,11225.1312279,direct,,25.8909744721,,True
Q3-T-022,11227.1312279,direct,,26.3024840311,,True
Q3-T-022,11229.1312279,direct,,26.7335622688,,True
Q3-T-022,11231.1312279,direct,,27.1858394797,,True
Q3-T-022,11233.1312279,direct,,27.6615941222,,True
Q3-T-022,11235.1312279,direct,,28.163180966,,True
Q3-T-022,11237.1312279,direct,,28.6930562712,,True
Q3-T-022,11239.1312279,direct,,29.2546025917,,True
Q3-T-022,11241.1312279,direct,,29.8510638193,,True
Q3-T-022,11243.1312279,direct,,30.4863525318,,True
Q3-T-022,11245.1312279,direct,,31.165190919,,True
Q3-T-022,11247.1312279,direct,,31.8922250382,,True
Q3-T-022,11249.1312279,direct,,32.6723868159,,True
Q3-T-022,11251.1312279,direct,,33.5103744835,,True
Q3-T-022,11253.1312279,direct,,34.4099042803,,True
Q3-T-022,11255.1312279,direct,,35.3700883908,,True
Q3-T-022,11257.1312279,direct,,36.3817665322,,True
Q3-T-022,11259.1312279,direct,,37.4187097001,,True
Q3-T-022,11261.1312279,direct,,38.4215615779,,True
Q3-T-022,11263.1312279,direct,,39.2819025223,,True
Q3-T-022,11265.1312279,direct,,39.8454929505,,True
Q3-T-022,11266.6279688,direct,,39.9825954966,,True
Q3-T-022,11267.1312279,direct,,40.0528593736,,True
Q3-T-022,11269.1312279,direct,,40.3368532735,,True
Q3-T-022,11271.1312279,direct,,40.6304474133,,True
Q3-T-022,11273.1312279,direct,,40.9343136307,,True
Q3-T-022,11275.1312279,direct,,41.2491968527,,True
Q3-T-022,11277.1312279,direct,,41.5759260977,,True
Q3-T-022,11279.1312279,direct,,41.9154276293,,True
Q3-T-022,11281.1312279,direct,,42.2687407859,,True
Q3-T-022,11283.1312279,direct,,42.6370371702,,True
Q3-T-022,11285.1312279,direct,,43.0216440889,,True
Q3-T-022,11287.1312279,direct,,43.4240734273,,True
Q3-T-022,11289.1312279,direct,,43.8460575438,,True
Q3-T-022,11291.1312279,direct,,44.2895943379,,True
Q3-T-022,11293.1312279,direct,,44.7570044567,,True
Q3-T-022,11295.1312279,direct,,45.2510047877,,True
Q3-T-022,11297.1312279,direct,,45.774804141,,True
Q3-T-022,11299.1312279,direct,,46.3322296771,,True
Q3-T-022,11301.1312279,direct,,46.9278967581,,True
Q3-T-022,11303.1312279,direct,,47.5674414455,,True
Q3-T-022,11305.1312279,direct,,48.2578455974,,True
Q3-T-022,11307.1312279,direct,,49.0079026824,,True
Q3-T-022,11309.1312279,direct,,49.8289043846,,True
Q3-T-022,11311.1312279,direct,,50.7356868619,,True
Q3-T-022,11313.1312279,direct,,51.7482894657,,True
Q3-T-022,11315.1312279,direct,,52.8947139012,,True
Q3-T-022,11317.1312279,direct,,54.2157958548,,True
Q3-T-022,11319.1312279,direct,,55.7744868945,,True
Q3-T-022,11321.1312279,direct,,57.6754200258,,True
Q3-T-022,11323.1312279,direct,,60.1124360139,,True
Q3-T-022,11325.1312279,direct,,63.5120456561,,True
Q3-T-022,11327.1312279,direct,,69.1759900267,,True
Q3-T-022,11329.1312279,direct,,91.0644142788,,True
Q3-T-022,11331.1312279,direct,,70.6999178766,,True
Q3-T-022,11333.1312279,direct,,64.2725464627,,True
Q3-T-022,11335.1312279,direct,,60.6192566585,,True
Q3-T-022,11337.1312279,direct,,58.0554883281,,True
Q3-T-022,11339.1312279,direct,,56.0785240715,,True
Q3-T-022,11339.3062738,direct,,55.9251752525,,True
