transport_flight_id,time_s,mode,hover_site_id,direct_margin_db,access_margin_db,communication_ok
Q3-T-001,360,direct,,55.9251752525,,True
Q3-T-001,370,direct,,61.9457751658,,True
Q3-T-001,380,direct,,49.9045753392,,True
Q3-T-001,390,direct,,45.0438143655,,True
Q3-T-001,400,direct,,41.9457751658,,True
Q3-T-001,410,direct,,39.6669081196,,True
Q3-T-001,420,direct,,37.8633755126,,True
Q3-T-001,430,direct,,36.3707031467,,True
Q3-T-001,440,direct,,35.0973215493,,True
Q3-T-001,450,direct,,33.9869749923,,True
Q3-T-001,460,direct,,33.0026145389,,True
Q3-T-001,470,direct,,32.1185412891,,True
Q3-T-001,480,direct,,31.3161968249,,True
Q3-T-001,488.091058333,direct,,30.7173070509,,True
Q3-T-001,490,direct,,30.7001586922,,True
Q3-T-001,500,direct,,30.0956178974,,True
Q3-T-001,510,direct,,28.8962558521,,True
Q3-T-001,520,direct,,27.484964557,,True
Q3-T-001,530,direct,,26.0843076837,,True
Q3-T-001,540,direct,,24.7798402196,,True
Q3-T-001,550,direct,,23.5914022979,,True
Q3-T-001,560,direct,,22.5142564739,,True
Q3-T-001,570,direct,,21.5366271833,,True
Q3-T-001,580,direct,,20.6453359844,,True
Q3-T-001,590,direct,,19.828701484,,True
Q3-T-001,600,direct,,19.0765226577,,True
Q3-T-001,610,direct,,18.3801865976,,True
Q3-T-001,620,direct,,17.7325284999,,True
Q3-T-001,630,direct,,17.1276606055,,True
Q3-T-001,640,direct,,16.5604251444,,True
Q3-T-001,650,direct,,16.0266980017,,True
Q3-T-001,660,direct,,15.5228335693,,True
Q3-T-001,670,direct,,15.0457642133,,True
Q3-T-001,680,direct,,14.5929308331,,True
Q3-T-001,690,direct,,14.1619566021,,True
Q3-T-001,700,direct,,13.7509648095,,True
Q3-T-001,710,direct,,13.3581356609,,True
Q3-T-001,720,direct,,12.9820170476,,True
Q3-T-001,730,direct,,12.62126471,,True
Q3-T-001,740,direct,,12.2746576056,,True
Q3-T-001,750,direct,,11.9412038412,,True
Q3-T-001,760,direct,,11.6198837437,,True
Q3-T-001,770,direct,,11.3099024587,,True
Q3-T-001,780,direct,,11.010492396,,True
Q3-T-001,790,direct,,10.7209475099,,True
Q3-T-001,800,direct,,10.4406408085,,True
Q3-T-001,810,direct,,10.1690479646,,True
Q3-T-001,820,direct,,9.90558976951,,True
Q3-T-001,830,relay,H161,-0.350156950366,11.9330040766,True
Q3-T-001,840,relay,H161,-0.598651562436,12.1027087044,True
Q3-T-001,850,relay,H161,-0.840294468095,12.2259281243,True
Q3-T-001,860,relay,H161,-1.07541470788,12.2983715577,True
Q3-T-001,865.984172917,relay,H161,-1.21315652908,12.3163193394,True
Q3-T-001,870,relay,H161,-1.21164252403,12.3093626487,True
Q3-T-001,880,relay,H161,-1.20805433718,12.290448501,True
Q3-T-001,890,relay,H161,-1.20472600263,12.2692874103,True
Q3-T-001,900,relay,H161,-1.20165812046,12.2459124726,True
Q3-T-001,910,relay,H161,-1.19885124471,12.2203598101,True
Q3-T-001,920,relay,H161,-1.19630588311,12.1926683918,True
Q3-T-001,930,relay,H161,-1.19402249673,12.1628798449,True
Q3-T-001,931.373442917,relay,H161,-1.19372967689,12.1586316776,True
Q3-T-001,940,relay,H161,-1.19372967689,12.1586316776,True
Q3-T-001,950,relay,H161,-1.19372967689,12.1586316776,True
Q3-T-001,960,relay,H161,-1.19372967689,12.1586316776,True
Q3-T-001,970,relay,H161,-1.19372967689,12.1586316776,True
Q3-T-001,980,relay,H161,-1.19372967689,12.1586316776,True
Q3-T-001,990,relay,H161,-1.19372967689,12.1586316776,True
Q3-T-001,1000,relay,H161,-1.19372967689,12.1586316776,True
Q3-T-001,1010,relay,H161,-1.19372967689,12.1586316776,True
Q3-T-001,1020,relay,H161,-1.19372967689,12.1586316776,True
Q3-T-001,1030,relay,H161,-1.19372967689,12.1586316776,True
Q3-T-001,1040,relay,H161,-1.19372967689,12.1586316776,True
Q3-T-001,1050,relay,H161,-1.19372967689,12.1586316776,True
Q3-T-001,1060,relay,H161,-1.19372967689,12.1586316776,True
Q3-T-001,1070,relay,H161,-1.19372967689,12.1586316776,True
Q3-T-001,1080,relay,H161,-1.19372967689,12.1586316776,True
Q3-T-001,1090,relay,H161,-1.19372967689,12.1586316776,True
Q3-T-001,1100,relay,H161,-1.19372967689,12.1586316776,True
Q3-T-001,1110,relay,H161,-1.19372967689,12.1586316776,True
Q3-T-001,1120,relay,H161,-1.19372967689,12.1586316776,True
Q3-T-001,1130,relay,H161,-1.19372967689,12.1586316776,True
Q3-T-001,1140,relay,H161,-1.19372967689,12.1586316776,True
Q3-T-001,1141.37344292,relay,H161,-1.19372967689,12.1586316776,True
Q3-T-001,1150,relay,H161,-1.19606097241,12.1897252815,True
Q3-T-001,1160,relay,H161,-1.19911476799,12.2229591512,True
Q3-T-001,1170,relay,H161,-1.20254507278,12.2531076809,True
Q3-T-001,1180,relay,H161,-1.20635099359,12.2801044985,True
Q3-T-001,1190,relay,H161,-1.21053154132,12.3038892469,True
Q3-T-001,1195.86450125,relay,H161,-1.21315652908,12.3163193394,True
Q3-T-001,1200,relay,H161,-1.11821191832,12.3059659014,True
Q3-T-001,1210,relay,H161,-0.884227872304,12.2432159522,True
Q3-T-001,1220,relay,H161,-0.643822516928,12.1291534995,True
Q3-T-001,1230,relay,H161,-0.396632581507,11.9676070793,True
Q3-T-001,1240,direct,,9.85774801647,,True
Q3-T-001,1250,direct,,10.1197307309,,True
Q3-T-001,1260,direct,,10.3897958101,,True
Q3-T-001,1270,direct,,10.6684563186,,True
Q3-T-001,1280,direct,,10.9562251812,,True
Q3-T-001,1290,direct,,11.2537812196,,True
Q3-T-001,1300,direct,,11.5617682554,,True
Q3-T-001,1310,direct,,11.880897143,,True
Q3-T-001,1320,direct,,12.2120708533,,True
Q3-T-001,1330,direct,,12.5561381309,,True
Q3-T-001,1340,direct,,12.9142111394,,True
Q3-T-001,1350,direct,,13.287395312,,True
Q3-T-001,1360,direct,,13.6770015435,,True
Q3-T-001,1370,direct,,14.0845329304,,True
Q3-T-001,1380,direct,,14.5116499179,,True
Q3-T-001,1390,direct,,14.960322795,,True
Q3-T-001,1400,direct,,15.4327154242,,True
Q3-T-001,1410,direct,,15.9313914501,,True
Q3-T-001,1420,direct,,16.4593572978,,True
Q3-T-001,1430,direct,,17.0200665187,,True
Q3-T-001,1440,direct,,17.6176549945,,True
Q3-T-001,1450,direct,,18.2569965762,,True
Q3-T-001,1460,direct,,18.943777207,,True
Q3-T-001,1470,direct,,19.6850802643,,True
Q3-T-001,1480,direct,,20.4891228037,,True
Q3-T-001,1490,direct,,21.3656748338,,True
Q3-T-001,1500,direct,,22.3264770115,,True
Q3-T-001,1510,direct,,23.38414481,,True
Q3-T-001,1520,direct,,24.5513681305,,True
Q3-T-001,1530,direct,,25.8347956407,,True
Q3-T-001,1540,direct,,27.2212467443,,True
Q3-T-001,1550,direct,,28.6422466298,,True
Q3-T-001,1560,direct,,29.9059618991,,True
Q3-T-001,1570,direct,,30.6512717678,,True
Q3-T-001,1573.75761583,direct,,30.7173070509,,True
Q3-T-001,1580,direct,,31.0974835308,,True
Q3-T-001,1590,direct,,31.7437262094,,True
Q3-T-001,1600,direct,,32.4419431267,,True
Q3-T-001,1610,direct,,33.201231322,,True
Q3-T-001,1620,direct,,34.0333072787,,True
Q3-T-001,1630,direct,,34.9536204108,,True
Q3-T-001,1640,direct,,35.9831293302,,True
Q3-T-001,1650,direct,,37.15127908,,True
Q3-T-001,1660,direct,,38.5013083372,,True
Q3-T-001,1670,direct,,40.10048795,,True
Q3-T-001,1680,direct,,42.0620726017,,True
Q3-T-001,1690,direct,,44.5999617687,,True
Q3-T-001,1700,direct,,48.2005482409,,True
Q3-T-001,1710,direct,,54.4618100072,,True
Q3-T-001,1720,direct,,79.4687423464,,True
Q3-T-001,1727.46688583,direct,,55.9251752525,,True
Q3-T-002,360,direct,,55.9251752525,,True
Q3-T-002,370,direct,,61.9457751658,,True
Q3-T-002,380,direct,,49.9045753392,,True
Q3-T-002,390,direct,,45.0438143655,,True
Q3-T-002,400,direct,,41.9457751658,,True
Q3-T-002,410,direct,,39.6669081196,,True
Q3-T-002,420,direct,,37.8633755126,,True
Q3-T-002,430,direct,,36.3707031467,,True
Q3-T-002,440,direct,,35.0973215493,,True
Q3-T-002,450,direct,,33.9869749923,,True
Q3-T-002,460,direct,,33.0026145389,,True
Q3-T-002,470,direct,,32.1185412891,,True
Q3-T-002,480,direct,,31.3161968249,,True
Q3-T-002,490,direct,,30.5817406844,,True
Q3-T-002,500,direct,,29.9045753392,,True
Q3-T-002,510,direct,,29.2764060542,,True
Q3-T-002,514.749129233,direct,,28.9932264362,,True
Q3-T-002,520,direct,,28.9067169379,,True
Q3-T-002,530,direct,,28.3124867955,,True
Q3-T-002,540,direct,,27.3342003163,,True
Q3-T-002,550,direct,,26.1904600421,,True
Q3-T-002,560,direct,,25.0242435956,,True
Q3-T-002,570,direct,,23.9047947264,,True
Q3-T-002,580,direct,,22.8584260075,,True
Q3-T-002,590,direct,,21.8905614967,,True
Q3-T-002,600,direct,,20.9979066432,,True
Q3-T-002,610,direct,,20.1737795914,,True
Q3-T-002,620,direct,,19.4110306251,,True
Q3-T-002,630,direct,,18.7028122076,,True
Q3-T-002,640,direct,,18.0427841848,,True
Q3-T-002,650,direct,,17.4255597524,,True
Q3-T-002,660,direct,,16.8464530914,,True
Q3-T-002,670,direct,,16.3012872967,,True
Q3-T-002,680,direct,,15.7865915205,,True
Q3-T-002,690,direct,,15.2993624878,,True
Q3-T-002,700,direct,,14.8368788955,,True
Q3-T-002,710,direct,,14.3968919588,,True
Q3-T-002,720,direct,,13.9774272719,,True
Q3-T-002,730,direct,,13.5766552058,,True
Q3-T-002,740,direct,,13.1930606906,,True
Q3-T-002,750,direct,,12.8252716984,,True
Q3-T-002,760,direct,,12.472098305,,True
Q3-T-002,770,direct,,12.1323933012,,True
Q3-T-002,780,direct,,11.8052179589,,True
Q3-T-002,790,direct,,1.48972275482,,True
Q3-T-002,800,direct,,1.18506835785,,True
Q3-T-002,810,direct,,0.890570187127,,True
Q3-T-002,820,direct,,0.605606705425,,True
Q3-T-002,830,direct,,0.329544269188,,True
Q3-T-002,840,relay,H170,0.0618709756409,6.34472002094,True
Q3-T-002,850,relay,H170,-0.197877427546,6.48982780929,True
Q3-T-002,860,relay,H170,-0.450193258732,6.62531566051,True
Q3-T-002,870,relay,H170,-0.695465695828,6.75008746538,True
Q3-T-002,880,relay,H170,-0.934073126078,6.86307269719,True
Q3-T-002,890,relay,H170,-1.16634550701,6.96322692822,True
Q3-T-002,900,relay,H170,-1.39264402041,7.04959880843,True
Q3-T-002,910,relay,H170,-1.61324903535,7.1212653134,True
Q3-T-002,920,relay,H170,-1.82841752833,7.17751715438,True
Q3-T-002,930,relay,H170,-2.03844407039,7.21771775365,True
Q3-T-002,940,relay,H170,-2.24355031063,7.24140488201,True
Q3-T-002,950,relay,H170,-2.44394333491,7.24830391155,True
Q3-T-002,960,relay,H170,-2.6398652267,7.23834021761,True
Q3-T-002,966.377154233,relay,H170,-2.76254846438,7.22322102923,True
Q3-T-002,970,relay,H170,-2.7613780359,7.2219728444,True
Q3-T-002,980,relay,H170,-2.75827192995,7.21803478441,True
Q3-T-002,990,relay,H170,-2.75534750494,7.21337336563,True
Q3-T-002,1000,relay,H170,-2.75260512957,7.20799091868,True
Q3-T-002,1010,relay,H170,-2.75004515012,7.20189012745,True
Q3-T-002,1020,relay,H170,-2.74766789031,7.19507402464,True
Q3-T-002,1030,relay,H170,-2.74547365114,7.18754598676,True
Q3-T-002,1040,relay,H170,-2.74346271079,7.17930972866,True
Q3-T-002,1050,relay,H170,-2.74163532448,7.17036929746,True
Q3-T-002,1060,relay,H170,-2.73999172437,7.16072906603,True
Q3-T-002,1062.75610931,relay,H170,-2.73957108213,7.15794982696,True
Q3-T-002,1070,relay,H170,-2.73957108213,7.15794982696,True
Q3-T-002,1080,relay,H170,-2.73957108213,7.15794982696,True
Q3-T-002,1090,relay,H170,-2.73957108213,7.15794982696,True
Q3-T-002,1100,relay,H170,-2.73957108213,7.15794982696,True
Q3-T-002,1110,relay,H170,-2.73957108213,7.15794982696,True
Q3-T-002,1120,relay,H170,-2.73957108213,7.15794982696,True
Q3-T-002,1130,relay,H170,-2.73957108213,7.15794982696,True
Q3-T-002,1140,relay,H170,-2.73957108213,7.15794982696,True
Q3-T-002,1150,relay,H170,-2.73957108213,7.15794982696,True
Q3-T-002,1160,relay,H170,-2.73957108213,7.15794982696,True
Q3-T-002,1170,relay,H170,-2.73957108213,7.15794982696,True
Q3-T-002,1180,relay,H170,-2.73957108213,7.15794982696,True
Q3-T-002,1190,relay,H170,-2.73957108213,7.15794982696,True
Q3-T-002,1200,relay,H170,-2.73957108213,7.15794982696,True
Q3-T-002,1210,relay,H170,-2.73957108213,7.15794982696,True
Q3-T-002,1220,relay,H170,-2.73957108213,7.15794982696,True
Q3-T-002,1230,relay,H170,-2.73957108213,7.15794982696,True
Q3-T-002,1240,relay,H170,-2.73957108213,7.15794982696,True
Q3-T-002,1250,relay,H170,-2.73957108213,7.15794982696,True
Q3-T-002,1260,relay,H170,-2.73957108213,7.15794982696,True
Q3-T-002,1270,relay,H170,-2.73957108213,7.15794982696,True
Q3-T-002,1272.75610931,relay,H170,-2.73957108213,7.15794982696,True
Q3-T-002,1280,relay,H170,-2.74094518485,7.16653565879,True
Q3-T-002,1290,relay,H170,-2.74307049728,7.17752195585,True
Q3-T-002,1300,relay,H170,-2.74546019803,7.18749552237,True
Q3-T-002,1310,relay,H170,-2.74811385033,7.1964493051,True
Q3-T-002,1320,relay,H170,-2.7510309698,7.20437693966,True
Q3-T-002,1330,relay,H170,-2.75421102476,7.21127276541,True
Q3-T-002,1340,relay,H170,-2.75765343658,7.21713183881,True
Q3-T-002,1350,relay,H170,-2.76135757998,7.22194994512,True
Q3-T-002,1353.07190521,relay,H170,-2.76254846438,7.22322102923,True
Q3-T-002,1360,relay,H170,-2.62917939713,7.23930865492,True
Q3-T-002,1370,relay,H170,-2.43303182122,7.24834595804,True
Q3-T-002,1380,relay,H170,-2.23236786192,7.24054746697,True
Q3-T-002,1390,relay,H170,-2.02699634775,7.21594111206,True
Q3-T-002,1400,relay,H170,-1.81670944696,7.17484789649,True
Q3-T-002,1410,relay,H170,-1.60123150763,7.11772111868,True
Q3-T-002,1420,relay,H170,-1.38032122482,7.04519440998,True
Q3-T-002,1430,relay,H170,-1.15371942298,6.95804852779,True
Q3-T-002,1440,relay,H170,-0.921088471108,6.85715219909,True
Q3-T-002,1450,relay,H170,-0.682121644033,6.7435179897,True
Q3-T-002,1460,relay,H170,-0.436491781168,6.61813977596,True
Q3-T-002,1470,relay,H170,-0.183776638659,6.48209309692,True
Q3-T-002,1480,relay,H170,0.0764166469834,6.33647172548,True
Q3-T-002,1490,direct,,0.344537836741,,True
Q3-T-002,1500,direct,,0.621054509652,,True
Q3-T-002,1510,direct,,0.906549808139,,True
Q3-T-002,1520,direct,,1.2015921189,,True
Q3-T-002,1530,direct,,1.50680060728,,True
Q3-T-002,1540,direct,,11.8229428097,,True
Q3-T-002,1550,direct,,12.1507851658,,True
Q3-T-002,1560,direct,,12.4911772866,,True
Q3-T-002,1570,direct,,12.8451540828,,True
Q3-T-002,1580,direct,,13.2137812469,,True
Q3-T-002,1590,direct,,13.598254898,,True
Q3-T-002,1600,direct,,14.0000157318,,True
Q3-T-002,1610,direct,,14.4205960194,,True
Q3-T-002,1620,direct,,14.8617682839,,True
Q3-T-002,1630,direct,,15.325513536,,True
Q3-T-002,1640,direct,,15.814221723,,True
Q3-T-002,1650,direct,,16.3305167435,,True
Q3-T-002,1660,direct,,16.8774130313,,True
Q3-T-002,1670,direct,,17.4585532728,,True
Q3-T-002,1680,direct,,18.0780076051,,True
Q3-T-002,1690,direct,,18.7404858585,,True
Q3-T-002,1700,direct,,19.4515948071,,True
Q3-T-002,1710,direct,,20.2175418563,,True
Q3-T-002,1720,direct,,21.0451956338,,True
Q3-T-002,1730,direct,,21.9419079075,,True
Q3-T-002,1740,direct,,22.9140598656,,True
Q3-T-002,1750,direct,,23.9646291116,,True
Q3-T-002,1760,direct,,25.0876059888,,True
Q3-T-002,1770,direct,,26.255019194,,True
Q3-T-002,1780,direct,,27.3941584233,,True
Q3-T-002,1790,direct,,28.3573800447,,True
Q3-T-002,1800,direct,,28.9237907138,,True
Q3-T-002,1804.69993021,direct,,28.9932264362,,True
Q3-T-002,1810,direct,,29.2562297626,,True
Q3-T-002,1820,direct,,29.7752544942,,True
Q3-T-002,1830,direct,,30.3272756523,,True
Q3-T-002,1840,direct,,30.9167752063,,True
Q3-T-002,1850,direct,,31.5492152903,,True
Q3-T-002,1860,direct,,32.2313466361,,True
Q3-T-002,1870,direct,,32.9716487677,,True
Q3-T-002,1880,direct,,33.7809758595,,True
Q3-T-002,1890,direct,,34.6735355679,,True
Q3-T-002,1900,direct,,35.6684307584,,True
Q3-T-002,1910,direct,,36.7922036684,,True
Q3-T-002,1920,direct,,38.0832831987,,True
Q3-T-002,1930,direct,,39.6003492527,,True
Q3-T-002,1940,direct,,41.4396578605,,True
Q3-T-002,1950,direct,,43.7760747882,,True
Q3-T-002,1960,direct,,46.9820146256,,True
Q3-T-002,1970,direct,,52.1185412891,,True
Q3-T-002,1980,direct,,66.3827501581,,True
Q3-T-002,1990,direct,,56.3707031467,,True
Q3-T-002,1990.39888529,direct,,55.9251752525,,True
Q3-T-003,360,direct,,55.9251752525,,True
Q3-T-003,370,direct,,61.9457751658,,True
Q3-T-003,380,direct,,49.9045753392,,True
Q3-T-003,390,direct,,45.0438143655,,True
Q3-T-003,400,direct,,41.9457751658,,True
Q3-T-003,410,direct,,39.6669081196,,True
Q3-T-003,420,direct,,37.8633755126,,True
Q3-T-003,420.418084733,direct,,37.7957806996,,True
Q3-T-003,430,direct,,36.0103216675,,True
Q3-T-003,440,direct,,32.8492701236,,True
Q3-T-003,450,direct,,30.1269925874,,True
Q3-T-003,460,direct,,27.9384148882,,True
Q3-T-003,470,direct,,26.1478242297,,True
Q3-T-003,480,direct,,24.6444210881,,True
Q3-T-003,490,direct,,23.3532368919,,True
Q3-T-003,500,direct,,22.2237355561,,True
Q3-T-003,510,direct,,21.2210835767,,True
Q3-T-003,520,direct,,20.3201618471,,True
Q3-T-003,530,direct,,19.5025776814,,True
Q3-T-003,540,direct,,18.7543744001,,True
Q3-T-003,550,direct,,18.0647943735,,True
Q3-T-003,560,direct,,17.425495453,,True
Q3-T-003,570,direct,,16.8296793157,,True
Q3-T-003,580,direct,,16.2718156347,,True
Q3-T-003,590,direct,,15.7473649163,,True
Q3-T-003,600,direct,,15.2526447625,,True
Q3-T-003,610,direct,,14.7844485638,,True
Q3-T-003,620,direct,,4.34010332886,,True
Q3-T-003,630,direct,,3.91724903338,,True
Q3-T-003,640,direct,,3.51398156832,,True
Q3-T-003,650,direct,,3.1285450133,,True
Q3-T-003,660,direct,,2.75944564946,,True
Q3-T-003,670,direct,,2.40531031204,,True
Q3-T-003,680,direct,,2.0650366791,,True
Q3-T-003,690,direct,,1.73755926683,,True
Q3-T-003,700,direct,,1.42195267702,,True
Q3-T-003,710,direct,,1.11737469967,,True
Q3-T-003,720,direct,,0.823107704505,,True
Q3-T-003,730,direct,,0.538465496137,,True
Q3-T-003,740,direct,,0.262839476521,,True
Q3-T-003,750,relay,H170,-0.00434334227987,3.69578860794,True
Q3-T-003,760,relay,H170,-0.263537203784,3.71003833558,True
Q3-T-003,770,relay,H170,-0.515239458032,3.71686221656,True
Q3-T-003,780,relay,H170,-0.759862942391,3.71620506969,True
Q3-T-003,790,relay,H170,-0.997812487873,3.70806128693,True
Q3-T-003,800,relay,H170,-1.22940013793,3.69247141192,True
Q3-T-003,810,relay,H170,-1.45498755632,3.66954464143,True
Q3-T-003,820,relay,H170,-1.67487071874,3.63937797726,True
Q3-T-003,830,relay,H170,-1.88934699746,3.60211101397,True
Q3-T-003,840,relay,H170,-2.09864420519,3.55794804167,True
Q3-T-003,850,relay,H170,-2.30301506198,3.50707346391,True
Q3-T-003,860,relay,H170,-2.50269839611,3.4497592784,True
Q3-T-003,870,relay,H170,-2.6978982075,3.38624840748,True
Q3-T-003,880,relay,H170,-2.88882578384,3.31680696681,True
Q3-T-003,890,relay,H170,-3.07562993382,3.24173977373,True
Q3-T-003,900,relay,H170,-3.25850992908,3.1613704889,True
Q3-T-003,910,relay,H170,-3.43762158316,3.07599735155,True
Q3-T-003,920,relay,H170,-3.61313032387,2.98592481541,True
Q3-T-003,930,relay,H170,-3.78515218212,2.89150057194,True
Q3-T-003,940,relay,H170,-3.95383019206,2.79301697657,True
Q3-T-003,950,relay,H170,-4.11930215997,2.69081457214,True
Q3-T-003,960,relay,H170,-4.28169495689,2.5851746642,True
Q3-T-003,970,relay,H170,-4.44109692728,2.47642715033,True
Q3-T-003,980,relay,H170,-4.59762295332,2.36483841692,True
Q3-T-003,990,relay,H170,-4.75138456243,2.25071105259,True
Q3-T-003,1000,relay,H170,-4.90248448536,2.13428820265,True
Q3-T-003,1010,relay,H170,-5.05099078344,2.01585570191,True
Q3-T-003,1020,relay,H170,-5.19700190552,1.89564239007,True
Q3-T-003,1030,relay,H170,-5.34059572681,1.7738699044,True
Q3-T-003,1038.04590257,relay,H170,-5.4544475579,1.67491272173,True
Q3-T-003,1040,relay,H170,-5.45432506925,1.67427998982,True
Q3-T-003,1050,relay,H170,-5.4537565529,1.67091874611,True
Q3-T-003,1060,relay,H170,-5.45328677034,1.66735739766,True
Q3-T-003,1070,relay,H170,-5.45291575361,1.66359643854,True
Q3-T-003,1073.82760423,relay,H170,-5.45279987409,1.66210402145,True
Q3-T-003,1080,relay,H170,-5.45279987409,1.66210402145,True
Q3-T-003,1090,relay,H170,-5.45279987409,1.66210402145,True
Q3-T-003,1100,relay,H170,-5.45279987409,1.66210402145,True
Q3-T-003,1110,relay,H170,-5.45279987409,1.66210402145,True
Q3-T-003,1120,relay,H170,-5.45279987409,1.66210402145,True
Q3-T-003,1130,relay,H170,-5.45279987409,1.66210402145,True
Q3-T-003,1140,relay,H170,-5.45279987409,1.66210402145,True
Q3-T-003,1150,relay,H170,-5.45279987409,1.66210402145,True
Q3-T-003,1160,relay,H170,-5.45279987409,1.66210402145,True
Q3-T-003,1170,relay,H170,-5.45279987409,1.66210402145,True
Q3-T-003,1180,relay,H170,-5.45279987409,1.66210402145,True
Q3-T-003,1190,relay,H170,-5.45279987409,1.66210402145,True
Q3-T-003,1200,relay,H170,-5.45279987409,1.66210402145,True
Q3-T-003,1210,relay,H170,-5.45279987409,1.66210402145,True
Q3-T-003,1220,relay,H170,-5.45279987409,1.66210402145,True
Q3-T-003,1230,relay,H170,-5.45279987409,1.66210402145,True
Q3-T-003,1240,relay,H170,-5.45279987409,1.66210402145,True
Q3-T-003,1250,relay,H170,-5.45279987409,1.66210402145,True
Q3-T-003,1260,relay,H170,-5.45279987409,1.66210402145,True
Q3-T-003,1270,relay,H170,-5.45279987409,1.66210402145,True
Q3-T-003,1280,relay,H170,-5.45279987409,1.66210402145,True
Q3-T-003,1283.82760423,relay,H170,-5.45279987409,1.66210402145,True
Q3-T-003,1290,relay,H170,-5.45303722589,1.66496576858,True
Q3-T-003,1300,relay,H170,-5.4535367313,1.66936927794,True
Q3-T-003,1310,relay,H170,-5.4541784346,1.67348494761,True
Q3-T-003,1313.64568894,relay,H170,-5.4544475579,1.67491272173,True
Q3-T-003,1320,relay,H170,-5.36465516303,1.75313603152,True
Q3-T-003,1330,relay,H170,-5.22145702172,1.8751401106,True
Q3-T-003,1340,relay,H170,-5.07586435131,1.9956405256,True
Q3-T-003,1350,relay,H170,-4.92778613198,2.11439110384,True
Q3-T-003,1360,relay,H170,-4.77712930684,2.23117415098,True
Q3-T-003,1370,relay,H170,-4.62382654672,2.34570599676,True
Q3-T-003,1380,relay,H170,-4.46777096948,2.4577344017,True
Q3-T-003,1390,relay,H170,-4.30886708296,2.56699210955,True
Q3-T-003,1400,relay,H170,-4.14698593784,2.67318116176,True
Q3-T-003,1410,relay,H170,-3.98204520558,2.77598421353,True
Q3-T-003,1420,relay,H170,-3.81391376542,2.87510811366,True
Q3-T-003,1430,relay,H170,-3.64247134985,2.97025232295,True
Q3-T-003,1440,relay,H170,-3.46756003531,3.06108594501,True
Q3-T-003,1450,relay,H170,-3.28907057366,3.14727423381,True
Q3-T-003,1460,relay,H170,-3.10683915942,3.22851229276,True
Q3-T-003,1470,relay,H170,-2.92070566346,3.30448535783,True
Q3-T-003,1480,relay,H170,-2.73049079977,3.37491467133,True
Q3-T-003,1490,relay,H170,-2.53602964209,3.43944674241,True
Q3-T-003,1500,relay,H170,-2.33711918518,3.49782811087,True
Q3-T-003,1510,relay,H170,-2.13355125857,3.54979509618,True
Q3-T-003,1520,relay,H170,-1.92510948327,3.59512352682,True
Q3-T-003,1530,relay,H170,-1.71152438815,3.63357265425,True
Q3-T-003,1540,relay,H170,-1.49257783214,3.6649501246,True
Q3-T-003,1550,relay,H170,-1.2679760799,3.68911081221,True
Q3-T-003,1560,relay,H170,-1.03741961477,3.70593261087,True
Q3-T-003,1570,relay,H170,-0.800573694671,3.71535744807,True
Q3-T-003,1580,relay,H170,-0.557108581851,3.71728087653,True
Q3-T-003,1590,relay,H170,-0.306632443633,3.71172112809,True
Q3-T-003,1600,relay,H170,-0.0487301535534,3.69870687153,True
Q3-T-003,1610,direct,,0.217072121303,,True
Q3-T-003,1620,direct,,0.49122035366,,True
Q3-T-003,1630,direct,,0.774296155209,,True
Q3-T-003,1640,direct,,1.06688954466,,True
Q3-T-003,1650,direct,,1.36968510347,,True
Q3-T-003,1660,direct,,1.68335808082,,True
Q3-T-003,1670,direct,,2.00876511489,,True
Q3-T-003,1680,direct,,2.34680439562,,True
Q3-T-003,1690,direct,,2.69852099429,,True
Q3-T-003,1700,direct,,3.06500596913,,True
Q3-T-003,1710,direct,,3.44756839051,,True
Q3-T-003,1720,direct,,3.84770481359,,True
Q3-T-003,1730,direct,,4.26711936354,,True
Q3-T-003,1740,direct,,14.7076835436,,True
Q3-T-003,1750,direct,,15.1716556091,,True
Q3-T-003,1760,direct,,15.6616807334,,True
Q3-T-003,1770,direct,,16.1808622581,,True
Q3-T-003,1780,direct,,16.7327723123,,True
Q3-T-003,1790,direct,,17.3218282798,,True
Q3-T-003,1800,direct,,17.9533189643,,True
Q3-T-003,1810,direct,,18.633860424,,True
Q3-T-003,1820,direct,,19.3714553285,,True
Q3-T-003,1830,direct,,20.1764485711,,True
Q3-T-003,1840,direct,,21.0620999531,,True
Q3-T-003,1850,direct,,22.0459981609,,True
Q3-T-003,1860,direct,,23.1519221195,,True
Q3-T-003,1870,direct,,24.4127058685,,True
Q3-T-003,1880,direct,,25.8757965566,,True
Q3-T-003,1890,direct,,27.6110960945,,True
Q3-T-003,1900,direct,,29.7228666435,,True
Q3-T-003,1910,direct,,32.3472556845,,True
Q3-T-003,1920,direct,,35.4814523373,,True
Q3-T-003,1930,direct,,37.7569187088,,True
Q3-T-003,1931.27350678,direct,,37.7957806996,,True
Q3-T-003,1940,direct,,39.0580276837,,True
Q3-T-003,1950,direct,,40.7742181831,,True
Q3-T-003,1960,direct,,42.9151393549,,True
Q3-T-003,1970,direct,,45.7626645308,,True
Q3-T-003,1980,direct,,50.0270370404,,True
Q3-T-003,1990,direct,,58.7544313011,,True
Q3-T-003,2000,direct,,61.4724968018,,True
Q3-T-003,2003.77520846,direct,,55.9251752525,,True
Q3-T-004,330,direct,,55.9251752525,,True
Q3-T-004,340,direct,,61.9457751658,,True
Q3-T-004,350,direct,,49.9045753392,,True
Q3-T-004,360,direct,,45.0438143655,,True
Q3-T-004,370,direct,,41.9457751658,,True
Q3-T-004,380,direct,,39.6669081196,,True
Q3-T-004,390,direct,,37.8633755126,,True
Q3-T-004,400,direct,,36.3707031467,,True
Q3-T-004,410,direct,,35.0973215493,,True
Q3-T-004,420,direct,,33.9869749923,,True
Q3-T-004,430,direct,,33.0026145389,,True
Q3-T-004,432.645511867,direct,,32.7597351594,,True
Q3-T-004,440,direct,,32.3698140496,,True
Q3-T-004,450,direct,,30.9324282471,,True
Q3-T-004,460,direct,,29.1432127953,,True
Q3-T-004,470,direct,,27.4149851426,,True
Q3-T-004,480,direct,,25.8624405282,,True
Q3-T-004,490,direct,,24.490283421,,True
Q3-T-004,500,direct,,23.2759224618,,True
Q3-T-004,510,direct,,22.1934226413,,True
Q3-T-004,520,direct,,21.2205379232,,True
Q3-T-004,530,direct,,20.3389439316,,True
Q3-T-004,540,direct,,19.5340267894,,True
Q3-T-004,550,direct,,18.7943111513,,True
Q3-T-004,560,direct,,18.1103641409,,True
Q3-T-004,570,direct,,17.474755603,,True
Q3-T-004,580,direct,,16.8812041565,,True
Q3-T-004,590,direct,,16.3247380576,,True
Q3-T-004,600,direct,,5.80100864149,,True
Q3-T-004,610,direct,,5.30652901973,,True
Q3-T-004,620,direct,,4.8381898125,,True
Q3-T-004,630,direct,,4.39347715272,,True
Q3-T-004,640,direct,,3.97012319153,,True
Q3-T-004,650,direct,,3.56616439108,,True
Q3-T-004,660,direct,,3.17998156171,,True
Q3-T-004,670,direct,,2.81003539545,,True
Q3-T-004,680,direct,,2.45508382567,,True
Q3-T-004,690,direct,,2.11391652586,,True
Q3-T-004,700,direct,,1.78556271673,,True
Q3-T-004,710,direct,,1.46905281508,,True
Q3-T-004,720,direct,,1.16361575319,,True
Q3-T-004,730,direct,,0.868485446627,,True
Q3-T-004,740,direct,,0.582970638175,,True
Q3-T-004,750,direct,,0.306511357691,,True
Q3-T-004,760,relay,H170,0.0385064881049,9.45482872746,True
Q3-T-004,770,relay,H170,-0.22149177211,9.90189174139,True
Q3-T-004,780,relay,H170,-0.473990284215,10.3656028388,True
Q3-T-004,790,relay,H170,-0.71936914498,10.8459467392,True
Q3-T-004,800,relay,H170,-0.95805458504,11.3425848125,True
Q3-T-004,810,relay,H170,-1.19036410837,11.8543671533,True
Q3-T-004,820,relay,H170,-1.41666374045,12.3792832884,True
Q3-T-004,830,relay,H170,-1.63722077371,12.9137647191,True
Q3-T-004,831.368387367,relay,H170,-1.66697291809,12.9873781288,True
Q3-T-004,840,relay,H170,-1.66471130194,12.9608281586,True
Q3-T-004,850,relay,H170,-1.66231014804,12.9277471996,True
Q3-T-004,860,relay,H170,-1.66014432003,12.8922280432,True
Q3-T-004,864.983001623,relay,H170,-1.65915285356,12.8736338571,True
Q3-T-004,870,relay,H170,-1.65915285356,12.8736338571,True
Q3-T-004,880,relay,H170,-1.65915285356,12.8736338571,True
Q3-T-004,890,relay,H170,-1.65915285356,12.8736338571,True
Q3-T-004,900,relay,H170,-1.65915285356,12.8736338571,True
Q3-T-004,910,relay,H170,-1.65915285356,12.8736338571,True
Q3-T-004,920,relay,H170,-1.65915285356,12.8736338571,True
Q3-T-004,930,relay,H170,-1.65915285356,12.8736338571,True
Q3-T-004,940,relay,H170,-1.65915285356,12.8736338571,True
Q3-T-004,950,relay,H170,-1.65915285356,12.8736338571,True
Q3-T-004,960,relay,H170,-1.65915285356,12.8736338571,True
Q3-T-004,970,relay,H170,-1.65915285356,12.8736338571,True
Q3-T-004,980,relay,H170,-1.65915285356,12.8736338571,True
Q3-T-004,990,relay,H170,-1.65915285356,12.8736338571,True
Q3-T-004,1000,relay,H170,-1.65915285356,12.8736338571,True
Q3-T-004,1010,relay,H170,-1.65915285356,12.8736338571,True
Q3-T-004,1020,relay,H170,-1.65915285356,12.8736338571,True
Q3-T-004,1030,relay,H170,-1.65915285356,12.8736338571,True
Q3-T-004,1040,relay,H170,-1.65915285356,12.8736338571,True
Q3-T-004,1044.98300162,relay,H170,-1.65915285356,12.8736338571,True
Q3-T-004,1050,relay,H170,-1.66035776214,12.8960192629,True
Q3-T-004,1060,relay,H170,-1.66301427844,12.9380510705,True
Q3-T-004,1070,relay,H170,-1.66600949697,12.9765460654,True
Q3-T-004,1072.99518017,relay,H170,-1.66697291809,12.9873781288,True
Q3-T-004,1080,relay,H170,-1.51359270149,12.6115992806,True
Q3-T-004,1090,relay,H170,-1.28982703777,12.0819616075,True
Q3-T-004,1100,relay,H170,-1.06018672837,11.5641349487,True
Q3-T-004,1110,relay,H170,-0.824317287772,11.0606904739,True
Q3-T-004,1120,relay,H170,-0.581913108699,10.5731675411,True
Q3-T-004,1130,relay,H170,-0.332562212947,10.1021680352,True
Q3-T-004,1140,relay,H170,-0.0758993965591,9.64788245186,True
Q3-T-004,1150,relay,H170,0.188542657072,9.21002197124,True
Q3-T-004,1160,direct,,0.461257978857,,True
Q3-T-004,1170,direct,,0.742737016945,,True
Q3-T-004,1180,direct,,1.03360635086,,True
Q3-T-004,1190,direct,,1.33445938238,,True
Q3-T-004,1200,direct,,1.64605247408,,True
Q3-T-004,1210,direct,,1.96912031531,,True
Q3-T-004,1220,direct,,2.3045887631,,True
Q3-T-004,1230,direct,,2.65337982776,,True
Q3-T-004,1240,direct,,3.01664493584,,True
Q3-T-004,1250,direct,,3.39555937626,,True
Q3-T-004,1260,direct,,3.79154860315,,True
Q3-T-004,1270,direct,,4.20623612347,,True
Q3-T-004,1280,direct,,4.64137339119,,True
Q3-T-004,1290,direct,,5.09912338033,,True
Q3-T-004,1300,direct,,5.58183580409,,True
Q3-T-004,1310,direct,,6.09241508259,,True
Q3-T-004,1320,direct,,16.6340994217,,True
Q3-T-004,1330,direct,,17.2109219469,,True
Q3-T-004,1340,direct,,17.8274639921,,True
Q3-T-004,1350,direct,,18.4894474024,,True
Q3-T-004,1360,direct,,19.2038297826,,True
Q3-T-004,1370,direct,,19.9789789337,,True
Q3-T-004,1380,direct,,20.8255529915,,True
Q3-T-004,1390,direct,,21.7565934862,,True
Q3-T-004,1400,direct,,22.7887916115,,True
Q3-T-004,1410,direct,,23.9425558987,,True
Q3-T-004,1420,direct,,25.2426636556,,True
Q3-T-004,1430,direct,,26.7144562609,,True
Q3-T-004,1440,direct,,28.3707056799,,True
Q3-T-004,1450,direct,,30.1608755806,,True
Q3-T-004,1460,direct,,31.8307510861,,True
Q3-T-004,1470,direct,,32.7375275498,,True
Q3-T-004,1471.71805567,direct,,32.7597351594,,True
Q3-T-004,1480,direct,,33.4080709323,,True
Q3-T-004,1490,direct,,34.2612165822,,True
Q3-T-004,1500,direct,,35.2073791218,,True
Q3-T-004,1510,direct,,36.2693518469,,True
Q3-T-004,1520,direct,,37.4794913705,,True
Q3-T-004,1530,direct,,38.885950965,,True
Q3-T-004,1540,direct,,40.564999866,,True
Q3-T-004,1550,direct,,42.648330993,,True
Q3-T-004,1560,direct,,45.3945129407,,True
Q3-T-004,1570,direct,,49.4333535373,,True
Q3-T-004,1580,direct,,57.2200696168,,True
Q3-T-004,1590,direct,,64.1373547897,,True
Q3-T-004,1594.89266991,direct,,55.9251752525,,True
Q3-T-005,390,direct,,55.9251752525,,True
Q3-T-005,400,direct,,61.9457751658,,True
Q3-T-005,410,direct,,49.9045753392,,True
Q3-T-005,420,direct,,45.0438143655,,True
Q3-T-005,430,direct,,41.9457751658,,True
Q3-T-005,438.452203367,direct,,39.9825954966,,True
Q3-T-005,440,direct,,39.8360907179,,True
Q3-T-005,450,direct,,35.3448789468,,True
Q3-T-005,460,direct,,31.1471961666,,True
Q3-T-005,470,direct,,28.149970721,,True
Q3-T-005,480,direct,,25.8807805641,,True
Q3-T-005,490,direct,,24.0670283727,,True
Q3-T-005,500,direct,,22.5603787655,,True
Q3-T-005,510,direct,,21.2732064516,,True
Q3-T-005,520,direct,,20.1503112733,,True
Q3-T-005,530,direct,,19.1549709742,,True
Q3-T-005,540,direct,,18.2612025775,,True
Q3-T-005,550,direct,,17.4504326943,,True
Q3-T-005,560,direct,,16.7085454204,,True
Q3-T-005,570,direct,,6.02477251995,,True
Q3-T-005,580,direct,,5.39078779509,,True
Q3-T-005,590,direct,,4.79975515844,,True
Q3-T-005,600,direct,,4.24632957882,,True
Q3-T-005,610,direct,,3.72596578696,,True
Q3-T-005,620,direct,,3.23492721805,,True
Q3-T-005,630,direct,,2.7701564902,,True
Q3-T-005,640,direct,,2.32891619386,,True
Q3-T-005,642.053777233,direct,,2.24100856332,,True
Q3-T-005,650,direct,,2.24314132354,,True
Q3-T-005,660,direct,,2.24530421795,,True
Q3-T-005,670,direct,,2.2468863086,,True
Q3-T-005,677.676421277,direct,,2.24770629523,,True
Q3-T-005,680,direct,,2.24770629523,,True
Q3-T-005,690,direct,,2.24770629523,,True
Q3-T-005,700,direct,,2.24770629523,,True
Q3-T-005,710,direct,,2.24770629523,,True
Q3-T-005,720,direct,,2.24770629523,,True
Q3-T-005,730,direct,,2.24770629523,,True
Q3-T-005,740,direct,,2.24770629523,,True
Q3-T-005,750,direct,,2.24770629523,,True
Q3-T-005,760,direct,,2.24770629523,,True
Q3-T-005,770,direct,,2.24770629523,,True
Q3-T-005,780,direct,,2.24770629523,,True
Q3-T-005,790,direct,,2.24770629523,,True
Q3-T-005,800,direct,,2.24770629523,,True
Q3-T-005,810,direct,,2.24770629523,,True
Q3-T-005,820,direct,,2.24770629523,,True
Q3-T-005,830,direct,,2.24770629523,,True
Q3-T-005,840,direct,,2.24770629523,,True
Q3-T-005,850,direct,,2.24770629523,,True
Q3-T-005,860,direct,,2.24770629523,,True
Q3-T-005,870,direct,,2.24770629523,,True
Q3-T-005,880,direct,,2.24770629523,,True
Q3-T-005,890,direct,,2.24770629523,,True
Q3-T-005,900,direct,,2.24770629523,,True
Q3-T-005,910,direct,,2.24770629523,,True
Q3-T-005,917.676421277,direct,,2.24770629523,,True
Q3-T-005,920,direct,,2.24744810093,,True
Q3-T-005,930,direct,,2.24582080512,,True
Q3-T-005,940,direct,,2.24335686557,,True
Q3-T-005,947.361957981,direct,,2.24100856332,,True
Q3-T-005,950,direct,,2.35408272874,,True
Q3-T-005,960,direct,,2.79663405791,,True
Q3-T-005,970,direct,,3.2628727462,,True
Q3-T-005,980,direct,,3.75552161872,,True
Q3-T-005,990,direct,,4.27770871415,,True
Q3-T-005,1000,direct,,4.83319654953,,True
Q3-T-005,1010,direct,,5.42658077403,,True
Q3-T-005,1020,direct,,6.06328941648,,True
Q3-T-005,1030,direct,,16.7501902988,,True
Q3-T-005,1040,direct,,17.4957804385,,True
Q3-T-005,1050,direct,,18.3109708079,,True
Q3-T-005,1060,direct,,19.2101069755,,True
Q3-T-005,1070,direct,,20.2121276647,,True
Q3-T-005,1080,direct,,21.343444267,,True
Q3-T-005,1090,direct,,22.6416932646,,True
Q3-T-005,1100,direct,,24.1634522854,,True
Q3-T-005,1110,direct,,25.9989155023,,True
Q3-T-005,1120,direct,,28.3015412274,,True
Q3-T-005,1130,direct,,31.3541521263,,True
Q3-T-005,1140,direct,,35.6354325703,,True
Q3-T-005,1150,direct,,39.9252065129,,True
Q3-T-005,1150.96353185,direct,,39.9825954966,,True
Q3-T-005,1160,direct,,41.7084480352,,True
Q3-T-005,1170,direct,,44.1295331867,,True
Q3-T-005,1180,direct,,47.4980332822,,True
Q3-T-005,1190,direct,,53.0742575708,,True
Q3-T-005,1200,direct,,73.0961797845,,True
Q3-T-005,1209.10617589,direct,,55.9251752525,,True
Q3-T-006,360,direct,,55.9251752525,,True
Q3-T-006,370,direct,,61.9457751658,,True
Q3-T-006,380,direct,,49.9045753392,,True
Q3-T-006,390,direct,,45.0438143655,,True
Q3-T-006,400,direct,,41.9457751658,,True
Q3-T-006,410,direct,,39.6669081196,,True
Q3-T-006,420,direct,,37.8633755126,,True
Q3-T-006,430,direct,,36.3707031467,,True
Q3-T-006,439.465946467,direct,,35.1607224851,,True
Q3-T-006,440,direct,,35.1548802447,,True
Q3-T-006,450,direct,,33.3324710237,,True
Q3-T-006,460,direct,,30.4055727951,,True
Q3-T-006,470,direct,,27.8384025497,,True
Q3-T-006,480,direct,,25.7404831201,,True
Q3-T-006,490,direct,,24.0059343227,,True
Q3-T-006,500,direct,,22.5397351035,,True
Q3-T-006,510,direct,,21.2747203945,,True
Q3-T-006,520,direct,,20.1646682263,,True
Q3-T-006,530,direct,,19.1768217149,,True
Q3-T-006,540,direct,,18.2875595414,,True
Q3-T-006,550,direct,,17.4793034062,,True
Q3-T-006,560,direct,,6.73884008679,,True
Q3-T-006,570,direct,,16.0557832807,,True
Q3-T-006,580,direct,,5.42196930258,,True
Q3-T-006,590,direct,,4.83080544685,,True
Q3-T-006,600,direct,,4.2770282843,,True
Q3-T-006,610,direct,,3.75619371076,,True
Q3-T-006,620,direct,,3.26459587294,,True
Q3-T-006,630,direct,,2.7992054266,,True
Q3-T-006,640,direct,,2.35735522239,,True
Q3-T-006,650,direct,,1.93679040873,,True
Q3-T-006,651.879203267,direct,,1.85996174426,,True
Q3-T-006,660,direct,,1.86356333267,,True
Q3-T-006,670,direct,,1.86751981211,,True
Q3-T-006,672.398339011,direct,,1.86839055086,,True
Q3-T-006,680,direct,,1.86839055086,,True
Q3-T-006,690,direct,,1.86839055086,,True
Q3-T-006,700,direct,,1.86839055086,,True
Q3-T-006,710,direct,,1.86839055086,,True
Q3-T-006,720,direct,,1.86839055086,,True
Q3-T-006,730,direct,,1.86839055086,,True
Q3-T-006,740,direct,,1.86839055086,,True
Q3-T-006,750,direct,,1.86839055086,,True
Q3-T-006,760,direct,,1.86839055086,,True
Q3-T-006,770,direct,,1.86839055086,,True
Q3-T-006,780,direct,,1.86839055086,,True
Q3-T-006,790,direct,,1.86839055086,,True
Q3-T-006,800,direct,,1.86839055086,,True
Q3-T-006,810,direct,,1.86839055086,,True
Q3-T-006,820,direct,,1.86839055086,,True
Q3-T-006,830,direct,,1.86839055086,,True
Q3-T-006,840,direct,,1.86839055086,,True
Q3-T-006,850,direct,,1.86839055086,,True
Q3-T-006,860,direct,,1.86839055086,,True
Q3-T-006,870,direct,,1.86839055086,,True
Q3-T-006,880,direct,,1.86839055086,,True
Q3-T-006,882.398339011,direct,,1.86839055086,,True
Q3-T-006,890,direct,,1.86491938518,,True
Q3-T-006,899.497618797,direct,,1.85996174426,,True
Q3-T-006,900,direct,,1.88042518348,,True
Q3-T-006,910,direct,,2.29821737459,,True
Q3-T-006,920,direct,,2.73703974705,,True
Q3-T-006,930,direct,,3.19904273048,,True
Q3-T-006,940,direct,,3.68683182419,,True
Q3-T-006,950,direct,,4.20346722157,,True
Q3-T-006,960,direct,,4.75246656917,,True
Q3-T-006,970,direct,,5.33815534166,,True
Q3-T-006,980,direct,,5.96573201946,,True
Q3-T-006,990,direct,,6.64161028206,,True
Q3-T-006,1000,direct,,17.3736140725,,True
Q3-T-006,1010,direct,,18.1717767652,,True
Q3-T-006,1020,direct,,19.0489459136,,True
Q3-T-006,1030,direct,,20.0220434141,,True
Q3-T-006,1040,direct,,21.1135776225,,True
Q3-T-006,1050,direct,,22.3548006165,,True
Q3-T-006,1060,direct,,23.7898518723,,True
Q3-T-006,1070,direct,,25.4825975505,,True
Q3-T-006,1080,direct,,27.5238522439,,True
Q3-T-006,1090,direct,,30.0223390327,,True
Q3-T-006,1100,direct,,32.9356978896,,True
Q3-T-006,1110,direct,,35.0865666531,,True
Q3-T-006,1111.9108756,direct,,35.1607224851,,True
Q3-T-006,1120,direct,,36.0045786843,,True
Q3-T-006,1130,direct,,37.1758204596,,True
Q3-T-006,1140,direct,,38.5299833568,,True
Q3-T-006,1150,direct,,40.1349711707,,True
Q3-T-006,1160,direct,,42.1053146105,,True
Q3-T-006,1170,direct,,44.6579270628,,True
Q3-T-006,1180,direct,,48.2884392525,,True
Q3-T-006,1190,direct,,54.6435065332,,True
Q3-T-006,1200,direct,,76.7443474061,,True
Q3-T-006,1207.27001136,direct,,55.9251752525,,True
Q3-T-007,480,direct,,55.9251752525,,True
Q3-T-007,490,direct,,67.966375079,,True
Q3-T-007,500,direct,,52.4033500714,,True
Q3-T-007,510,direct,,47.1385213759,,True
Q3-T-007,520,direct,,43.8839754259,,True
Q3-T-007,530,direct,,41.5219891844,,True
Q3-T-007,540,direct,,39.6669081196,,True
Q3-T-007,550,direct,,38.1391412024,,True
Q3-T-007,552.50170168,direct,,37.7957806996,,True
Q3-T-007,560,direct,,36.0741180759,,True
Q3-T-007,570,direct,,32.1734315205,,True
Q3-T-007,580,direct,,29.020131079,,True
Q3-T-007,590,direct,,26.6007125353,,True
Q3-T-007,600,direct,,24.6734928158,,True
Q3-T-007,610,direct,,23.08158693,,True
Q3-T-007,620,direct,,21.7292976539,,True
Q3-T-007,630,direct,,20.555353284,,True
Q3-T-007,640,direct,,19.5188714639,,True
Q3-T-007,650,direct,,18.591532705,,True
Q3-T-007,660,direct,,17.7527038283,,True
Q3-T-007,670,direct,,16.9871354667,,True
Q3-T-007,680,direct,,16.283089405,,True
Q3-T-007,690,direct,,15.6315456763,,True
Q3-T-007,700,direct,,15.0252085234,,True
Q3-T-007,710,direct,,14.4582329134,,True
Q3-T-007,720,direct,,3.92588916215,,True
Q3-T-007,730,direct,,3.42417647551,,True
Q3-T-007,740,direct,,2.94974413081,,True
Q3-T-007,750,direct,,2.4998280955,,True
Q3-T-007,760,direct,,2.0720218713,,True
Q3-T-007,770,direct,,1.66424949337,,True
Q3-T-007,780,direct,,1.27469903115,,True
Q3-T-007,790,direct,,0.90184938237,,True
Q3-T-007,800,direct,,0.544326800679,,True
Q3-T-007,810,direct,,0.200893976915,,True
Q3-T-007,820,relay,H170,-0.129476682266,3.70353494149,True
Q3-T-007,830,relay,H170,-0.447767507222,3.71576608642,True
Q3-T-007,840,relay,H170,-0.754833009322,3.7162917692,True
Q3-T-007,850,relay,H170,-1.05140892747,3.70514378332,True
Q3-T-007,860,relay,H170,-1.33820422684,3.68240398431,True
Q3-T-007,870,relay,H170,-1.61584272193,3.64825341462,True
Q3-T-007,880,relay,H170,-1.8849135328,3.6029665627,True
Q3-T-007,890,relay,H170,-2.14588499012,3.54687658741,True
Q3-T-007,900,relay,H170,-2.39925112274,3.48041021278,True
Q3-T-007,910,relay,H170,-2.64545722715,3.40403519597,True
Q3-T-007,920,relay,H170,-2.88487388926,3.3183225949,True
Q3-T-007,930,relay,H170,-3.1178674196,3.22379901001,True
Q3-T-007,940,relay,H170,-3.34479257214,3.12106555986,True
Q3-T-007,950,relay,H170,-3.56593066425,3.01076552862,True
Q3-T-007,960,relay,H170,-3.78158211518,2.89350961533,True
Q3-T-007,970,relay,H170,-3.99203053631,2.76991875162,True
Q3-T-007,980,relay,H170,-4.19748597097,2.64060953779,True
Q3-T-007,990,relay,H170,-4.39819659791,2.50617887126,True
Q3-T-007,1000,relay,H170,-4.59437650665,2.36720352337,True
Q3-T-007,1010,relay,H170,-4.78624215562,2.22423032757,True
Q3-T-007,1020,relay,H170,-4.9739471142,2.07779049585,True
Q3-T-007,1030,relay,H170,-5.15768341949,1.92837209083,True
Q3-T-007,1040,relay,H170,-5.33762630605,1.77642040635,True
Q3-T-007,1046.60395595,relay,H170,-5.4544475579,1.67491272173,True
Q3-T-007,1050,relay,H170,-5.45427815196,1.67403026153,True
Q3-T-007,1060,relay,H170,-5.45382147467,1.67134504354,True
Q3-T-007,1070,relay,H170,-5.4534279843,1.66853172011,True
Q3-T-007,1080,relay,H170,-5.45309769803,1.66559054115,True
Q3-T-007,1090,relay,H170,-5.45283063028,1.66252176748,True
Q3-T-007,1091.33108302,relay,H170,-5.45279987409,1.66210402145,True
Q3-T-007,1100,relay,H170,-5.45279987409,1.66210402145,True
Q3-T-007,1110,relay,H170,-5.45279987409,1.66210402145,True
Q3-T-007,1120,relay,H170,-5.45279987409,1.66210402145,True
Q3-T-007,1130,relay,H170,-5.45279987409,1.66210402145,True
Q3-T-007,1140,relay,H170,-5.45279987409,1.66210402145,True
Q3-T-007,1150,relay,H170,-5.45279987409,1.66210402145,True
Q3-T-007,1160,relay,H170,-5.45279987409,1.66210402145,True
Q3-T-007,1170,relay,H170,-5.45279987409,1.66210402145,True
Q3-T-007,1180,relay,H170,-5.45279987409,1.66210402145,True
Q3-T-007,1190,relay,H170,-5.45279987409,1.66210402145,True
Q3-T-007,1200,relay,H170,-5.45279987409,1.66210402145,True
Q3-T-007,1210,relay,H170,-5.45279987409,1.66210402145,True
Q3-T-007,1220,relay,H170,-5.45279987409,1.66210402145,True
Q3-T-007,1230,relay,H170,-5.45279987409,1.66210402145,True
Q3-T-007,1240,relay,H170,-5.45279987409,1.66210402145,True
Q3-T-007,1250,relay,H170,-5.45279987409,1.66210402145,True
Q3-T-007,1260,relay,H170,-5.45279987409,1.66210402145,True
Q3-T-007,1270,relay,H170,-5.45279987409,1.66210402145,True
Q3-T-007,1280,relay,H170,-5.45279987409,1.66210402145,True
Q3-T-007,1290,relay,H170,-5.45279987409,1.66210402145,True
Q3-T-007,1300,relay,H170,-5.45279987409,1.66210402145,True
Q3-T-007,1310,relay,H170,-5.45279987409,1.66210402145,True
Q3-T-007,1320,relay,H170,-5.45279987409,1.66210402145,True
Q3-T-007,1330,relay,H170,-5.45279987409,1.66210402145,True
Q3-T-007,1340,relay,H170,-5.45279987409,1.66210402145,True
Q3-T-007,1350,relay,H170,-5.45279987409,1.66210402145,True
Q3-T-007,1360,relay,H170,-5.45279987409,1.66210402145,True
Q3-T-007,1370,relay,H170,-5.45279987409,1.66210402145,True
Q3-T-007,1380,relay,H170,-5.45279987409,1.66210402145,True
Q3-T-007,1390,relay,H170,-5.45279987409,1.66210402145,True
Q3-T-007,1400,relay,H170,-5.45279987409,1.66210402145,True
Q3-T-007,1410,relay,H170,-5.45279987409,1.66210402145,True
Q3-T-007,1420,relay,H170,-5.45279987409,1.66210402145,True
Q3-T-007,1430,relay,H170,-5.45279987409,1.66210402145,True
Q3-T-007,1440,relay,H170,-5.45279987409,1.66210402145,True
Q3-T-007,1450,relay,H170,-5.45279987409,1.66210402145,True
Q3-T-007,1460,relay,H170,-5.45279987409,1.66210402145,True
Q3-T-007,1470,relay,H170,-5.45279987409,1.66210402145,True
Q3-T-007,1480,relay,H170,-5.45279987409,1.66210402145,True
Q3-T-007,1487.33108302,relay,H170,-5.45279987409,1.66210402145,True
Q3-T-007,1490,relay,H170,-5.45287910981,1.66314727039,True
Q3-T-007,1500,relay,H170,-5.45323866793,1.66693135115,True
Q3-T-007,1510,relay,H170,-5.45369699517,1.67051588028,True
Q3-T-007,1520,relay,H170,-5.45425406027,1.6739003606,True
Q3-T-007,1523.11278468,relay,H170,-5.4544475579,1.67491272173,True
Q3-T-007,1530,relay,H170,-5.33257357945,1.78076102224,True
Q3-T-007,1540,relay,H170,-5.15253614949,1.93263266355,True
Q3-T-007,1550,relay,H170,-4.96868982637,2.0819730613,True
Q3-T-007,1560,relay,H170,-4.7808583549,2.22833605722,True
Q3-T-007,1570,relay,H170,-4.58888939998,2.37119942359,True
Q3-T-007,1580,relay,H170,-4.392579112,2.51004293632,True
Q3-T-007,1590,relay,H170,-4.19172469343,2.64435095278,True
Q3-T-007,1600,relay,H170,-3.98613140102,2.77350627165,True
Q3-T-007,1610,relay,H170,-3.77555692505,2.89692497855,True
Q3-T-007,1620,relay,H170,-3.55973502811,3.01399322312,True
Q3-T-007,1630,relay,H170,-3.33843723644,3.12408684268,True
Q3-T-007,1640,relay,H170,-3.11135809782,3.22658293584,True
Q3-T-007,1650,relay,H170,-2.87818767756,3.32086556777,True
Q3-T-007,1660,relay,H170,-2.63857549273,3.4063492728,True
Q3-T-007,1670,relay,H170,-2.39218064342,3.48242249931,True
Q3-T-007,1680,relay,H170,-2.13860535031,3.54860141425,True
Q3-T-007,1690,relay,H170,-1.87739566571,3.60440219872,True
Q3-T-007,1700,relay,H170,-1.60811231233,3.64938520375,True
Q3-T-007,1710,relay,H170,-1.33021570263,3.68319781324,True
Q3-T-007,1720,relay,H170,-1.04313447604,3.70562065996,True
Q3-T-007,1730,relay,H170,-0.746271405735,3.71643810033,True
Q3-T-007,1740,relay,H170,-0.438917381524,3.71557298648,True
Q3-T-007,1750,relay,H170,-0.120296582366,3.70301234709,True
Q3-T-007,1760,direct,,0.210450314123,,True
Q3-T-007,1770,direct,,0.554246467941,,True
Q3-T-007,1780,direct,,0.912185285295,,True
Q3-T-007,1790,direct,,1.28550130568,,True
Q3-T-007,1800,direct,,1.67553202441,,True
Q3-T-007,1810,direct,,2.08384565164,,True
Q3-T-007,1820,direct,,2.51227454961,,True
Q3-T-007,1830,direct,,2.96283884366,,True
Q3-T-007,1840,direct,,3.43798668506,,True
Q3-T-007,1850,direct,,3.94054981263,,True
Q3-T-007,1860,direct,,14.4738168268,,True
Q3-T-007,1870,direct,,15.0418030614,,True
Q3-T-007,1880,direct,,15.6493180701,,True
Q3-T-007,1890,direct,,16.3022972816,,True
Q3-T-007,1900,direct,,17.0079087005,,True
Q3-T-007,1910,direct,,17.7753752087,,True
Q3-T-007,1920,direct,,18.6165111025,,True
Q3-T-007,1930,direct,,19.5466532811,,True
Q3-T-007,1940,direct,,20.5865303951,,True
Q3-T-007,1950,direct,,21.7649658265,,True
Q3-T-007,1960,direct,,23.1230828886,,True
Q3-T-007,1970,direct,,24.7228155027,,True
Q3-T-007,1980,direct,,26.6614869012,,True
Q3-T-007,1990,direct,,29.0981428447,,True
Q3-T-007,2000,direct,,32.2757988684,,True
Q3-T-007,2010,direct,,36.1805967017,,True
Q3-T-007,2017.21503895,direct,,37.7957806996,,True
Q3-T-007,2020,direct,,38.1011187073,,True
Q3-T-007,2030,direct,,39.2954584675,,True
Q3-T-007,2040,direct,,40.6806095668,,True
Q3-T-007,2050,direct,,42.3293518329,,True
Q3-T-007,2060,direct,,44.3661526979,,True
Q3-T-007,2070,direct,,47.0317906337,,True
Q3-T-007,2080,direct,,50.8972782517,,True
Q3-T-007,2090,direct,,58.0388539988,,True
Q3-T-007,2100,direct,,69.2361002295,,True
Q3-T-007,2107.84216605,direct,,55.9251752525,,True
Q3-T-008,360,direct,,55.9251752525,,True
Q3-T-008,370,direct,,67.966375079,,True
Q3-T-008,380,direct,,52.4033500714,,True
Q3-T-008,390,direct,,47.1385213759,,True
Q3-T-008,400,direct,,43.8839754259,,True
Q3-T-008,410,direct,,41.5219891844,,True
Q3-T-008,420,direct,,39.6669081196,,True
Q3-T-008,430,direct,,38.1391412024,,True
Q3-T-008,440,direct,,36.8403250637,,True
Q3-T-008,450,direct,,35.7106979447,,True
Q3-T-008,460,direct,,34.7112184454,,True
Q3-T-008,470,direct,,33.8149715571,,True
Q3-T-008,480,direct,,33.0026145389,,True
Q3-T-008,483.17461424,direct,,32.7597351594,,True
Q3-T-008,490,direct,,32.2427498064,,True
Q3-T-008,500,direct,,30.2842802067,,True
Q3-T-008,510,direct,,28.0572336889,,True
Q3-T-008,520,direct,,26.0570883533,,True
Q3-T-008,530,direct,,24.3396523878,,True
Q3-T-008,540,direct,,22.8638422547,,True
Q3-T-008,550,direct,,21.5807594253,,True
Q3-T-008,560,direct,,20.4508697179,,True
Q3-T-008,570,direct,,19.4437632642,,True
Q3-T-008,580,direct,,18.5367066843,,True
Q3-T-008,590,direct,,17.7124473277,,True
Q3-T-008,600,direct,,16.9574939511,,True
Q3-T-008,610,direct,,6.26146156981,,True
Q3-T-008,620,direct,,5.61595670812,,True
Q3-T-008,630,direct,,5.01433657073,,True
Q3-T-008,640,direct,,4.45103031846,,True
Q3-T-008,650,direct,,3.92159843263,,True
Q3-T-008,660,direct,,3.42217880732,,True
Q3-T-008,670,direct,,2.9496085327,,True
Q3-T-008,680,direct,,2.5012184989,,True
Q3-T-008,690,direct,,2.0746171901,,True
Q3-T-008,700,direct,,1.6678453779,,True
Q3-T-008,710,direct,,1.2791193119,,True
Q3-T-008,720,direct,,0.906956595243,,True
Q3-T-008,730,direct,,0.549961866918,,True
Q3-T-008,740,direct,,0.206986008173,,True
Q3-T-008,750,relay,H170,-0.123009053824,9.72902436306,True
Q3-T-008,760,relay,H170,-0.441004920031,10.3032827862,True
Q3-T-008,770,relay,H170,-0.747806554526,10.9035739217,True
Q3-T-008,780,relay,H170,-1.04419934248,11.5290852416,True
Q3-T-008,790,relay,H170,-1.33083244057,12.1772112289,True
Q3-T-008,800,relay,H170,-1.60836503064,12.8426931443,True
Q3-T-008,802.15291464,relay,H170,-1.66697291809,12.9873781288,True
Q3-T-008,810,relay,H170,-1.66531019515,12.9682482517,True
Q3-T-008,820,relay,H170,-1.66332623065,12.9424471912,True
Q3-T-008,830,relay,H170,-1.66149276959,12.9150691289,True
Q3-T-008,840,relay,H170,-1.65981000303,12.886144681,True
Q3-T-008,844.17118246,relay,H170,-1.65915285356,12.8736338571,True
Q3-T-008,850,relay,H170,-1.65915285356,12.8736338571,True
Q3-T-008,860,relay,H170,-1.65915285356,12.8736338571,True
Q3-T-008,870,relay,H170,-1.65915285356,12.8736338571,True
Q3-T-008,880,relay,H170,-1.65915285356,12.8736338571,True
Q3-T-008,890,relay,H170,-1.65915285356,12.8736338571,True
Q3-T-008,900,relay,H170,-1.65915285356,12.8736338571,True
Q3-T-008,910,relay,H170,-1.65915285356,12.8736338571,True
Q3-T-008,920,relay,H170,-1.65915285356,12.8736338571,True
Q3-T-008,930,relay,H170,-1.65915285356,12.8736338571,True
Q3-T-008,940,relay,H170,-1.65915285356,12.8736338571,True
Q3-T-008,950,relay,H170,-1.65915285356,12.8736338571,True
Q3-T-008,960,relay,H170,-1.65915285356,12.8736338571,True
Q3-T-008,970,relay,H170,-1.65915285356,12.8736338571,True
Q3-T-008,980,relay,H170,-1.65915285356,12.8736338571,True
Q3-T-008,990,relay,H170,-1.65915285356,12.8736338571,True
Q3-T-008,1000,relay,H170,-1.65915285356,12.8736338571,True
Q3-T-008,1010,relay,H170,-1.65915285356,12.8736338571,True
Q3-T-008,1020,relay,H170,-1.65915285356,12.8736338571,True
Q3-T-008,1030,relay,H170,-1.65915285356,12.8736338571,True
Q3-T-008,1040,relay,H170,-1.65915285356,12.8736338571,True
Q3-T-008,1050,relay,H170,-1.65915285356,12.8736338571,True
Q3-T-008,1060,relay,H170,-1.65915285356,12.8736338571,True
Q3-T-008,1070,relay,H170,-1.65915285356,12.8736338571,True
Q3-T-008,1080,relay,H170,-1.65915285356,12.8736338571,True
Q3-T-008,1090,relay,H170,-1.65915285356,12.8736338571,True
Q3-T-008,1096.17118246,relay,H170,-1.65915285356,12.8736338571,True
Q3-T-008,1100,relay,H170,-1.65990914095,12.8879675733,True
Q3-T-008,1110,relay,H170,-1.66204774181,12.9237646809,True
Q3-T-008,1120,relay,H170,-1.66442171129,12.9571305375,True
Q3-T-008,1129.78579672,relay,H170,-1.66697291809,12.9873781288,True
Q3-T-008,1130,relay,H170,-1.66115792686,12.9729663231,True
Q3-T-008,1140,relay,H170,-1.38535032114,12.3051690506,True
Q3-T-008,1150,relay,H170,-1.10050942737,11.6530859135,True
Q3-T-008,1160,relay,H170,-0.806056262912,11.0229130618,True
Q3-T-008,1170,relay,H170,-0.501337081563,10.4176577658,True
Q3-T-008,1180,relay,H170,-0.185566187504,9.83831509776,True
Q3-T-008,1190,relay,H170,0.142028591737,9.28492508529,True
Q3-T-008,1200,direct,,0.482413615873,,True
Q3-T-008,1210,direct,,0.836580310162,,True
Q3-T-008,1220,direct,,1.20572064074,,True
Q3-T-008,1230,direct,,1.59112731945,,True
Q3-T-008,1240,direct,,1.99426821158,,True
Q3-T-008,1250,direct,,2.41688111261,,True
Q3-T-008,1260,direct,,2.86087086079,,True
Q3-T-008,1270,direct,,3.32856179202,,True
Q3-T-008,1280,direct,,3.82250923829,,True
Q3-T-008,1290,direct,,4.34587411914,,True
Q3-T-008,1300,direct,,4.90229349228,,True
Q3-T-008,1310,direct,,5.49608170931,,True
Q3-T-008,1320,direct,,6.13260473638,,True
Q3-T-008,1330,direct,,16.8182417559,,True
Q3-T-008,1340,direct,,17.5610365259,,True
Q3-T-008,1350,direct,,18.3709088705,,True
Q3-T-008,1360,direct,,19.2606985702,,True
Q3-T-008,1370,direct,,20.2467691202,,True
Q3-T-008,1380,direct,,21.3508102134,,True
Q3-T-008,1390,direct,,22.6014034164,,True
Q3-T-008,1400,direct,,24.0362658267,,True
Q3-T-008,1410,direct,,25.702913745,,True
Q3-T-008,1420,direct,,27.6470956271,,True
Q3-T-008,1430,direct,,29.8471744742,,True
Q3-T-008,1440,direct,,31.937417329,,True
Q3-T-008,1448.76409712,direct,,32.7597351594,,True
Q3-T-008,1450,direct,,32.8348699366,,True
Q3-T-008,1460,direct,,33.4657933646,,True
Q3-T-008,1470,direct,,34.1461605681,,True
Q3-T-008,1480,direct,,34.8843851125,,True
Q3-T-008,1490,direct,,35.6912294902,,True
Q3-T-008,1500,direct,,36.5807700568,,True
Q3-T-008,1510,direct,,37.5719147659,,True
Q3-T-008,1520,direct,,38.6909035011,,True
Q3-T-008,1530,direct,,39.9756695017,,True
Q3-T-008,1540,direct,,41.4840198259,,True
Q3-T-008,1550,direct,,43.3105173961,,True
Q3-T-008,1560,direct,,45.6262551463,,True
Q3-T-008,1570,direct,,48.793186538,,True
Q3-T-008,1580,direct,,53.8286071794,,True
Q3-T-008,1590,direct,,67.2019223117,,True
Q3-T-008,1600,direct,,58.6944870353,,True
Q3-T-008,1602.73236492,direct,,55.9251752525,,True
Q3-T-009,1597.27001136,direct,,55.9251752525,,True
Q3-T-009,1607.27001136,direct,,61.9457751658,,True
Q3-T-009,1617.27001136,direct,,49.9045753392,,True
Q3-T-009,1627.27001136,direct,,45.0438143655,,True
Q3-T-009,1637.27001136,direct,,41.9457751658,,True
Q3-T-009,1647.27001136,direct,,39.6669081196,,True
Q3-T-009,1657.27001136,direct,,37.8633755126,,True
Q3-T-009,1667.27001136,direct,,36.3707031467,,True
Q3-T-009,1677.27001136,direct,,35.0973215493,,True
Q3-T-009,1687.27001136,direct,,33.9869749923,,True
Q3-T-009,1687.76395259,direct,,33.9357061322,,True
Q3-T-009,1697.27001136,direct,,32.7249939985,,True
Q3-T-009,1707.27001136,direct,,30.2182453453,,True
Q3-T-009,1717.27001136,direct,,27.8106780125,,True
Q3-T-009,1727.27001136,direct,,25.7715049201,,True
Q3-T-009,1737.27001136,direct,,24.0592387302,,True
Q3-T-009,1747.27001136,direct,,22.6010048395,,True
Q3-T-009,1757.27001136,direct,,21.3378742008,,True
Q3-T-009,1767.27001136,direct,,20.227009183,,True
Q3-T-009,1777.27001136,direct,,19.2371163881,,True
Q3-T-009,1787.27001136,direct,,18.3453904605,,True
Q3-T-009,1797.27001136,direct,,17.5345833663,,True
Q3-T-009,1807.27001136,direct,,16.7915025823,,True
Q3-T-009,1817.27001136,direct,,16.1059795588,,True
Q3-T-009,1827.27001136,direct,,15.4698193581,,True
Q3-T-009,1837.27001136,direct,,14.8764881898,,True
Q3-T-009,1847.27001136,direct,,14.320690405,,True
Q3-T-009,1857.27001136,direct,,13.7979797934,,True
Q3-T-009,1867.27001136,direct,,13.304645587,,True
Q3-T-009,1877.27001136,direct,,12.8376381411,,True
Q3-T-009,1887.27001136,direct,,12.3942616744,,True
Q3-T-009,1897.27001136,direct,,1.97230109958,,True
Q3-T-009,1907.27001136,direct,,11.5697599357,,True
Q3-T-009,1917.27001136,direct,,11.1849426702,,True
Q3-T-009,1927.27001136,direct,,0.816390414164,,True
Q3-T-009,1937.27001136,direct,,0.46277113056,,True
Q3-T-009,1947.27001136,relay,H170,0.122907782571,9.4960846776,True
Q3-T-009,1957.27001136,relay,H170,-0.204189704515,10.083835112,True
Q3-T-009,1967.27001136,relay,H170,-0.519476963318,10.7049518494,True
Q3-T-009,1977.27001136,relay,H170,-0.823740738182,11.3613635969,True
Q3-T-009,1987.27001136,relay,H170,-1.11773940364,12.0544509013,True
Q3-T-009,1997.27001136,relay,H170,-1.40216659973,12.7842000054,True
Q3-T-009,2007.27001136,relay,H170,-1.67757538595,13.5477674308,True
Q3-T-009,2011.06640959,relay,H170,-1.77988927353,13.8451771227,True
Q3-T-009,2017.27001136,relay,H170,-1.77849666398,13.8191588877,True
Q3-T-009,2027.27001136,relay,H170,-1.77643769736,13.7748775305,True
Q3-T-009,2030.05913909,relay,H170,-1.77590455994,13.7620266026,True
Q3-T-009,2037.27001136,relay,H170,-1.77590455994,13.7620266026,True
Q3-T-009,2047.27001136,relay,H170,-1.77590455994,13.7620266026,True
Q3-T-009,2057.27001136,relay,H170,-1.77590455994,13.7620266026,True
Q3-T-009,2067.27001136,relay,H170,-1.77590455994,13.7620266026,True
Q3-T-009,2077.27001136,relay,H170,-1.77590455994,13.7620266026,True
Q3-T-009,2087.27001136,relay,H170,-1.77590455994,13.7620266026,True
Q3-T-009,2097.27001136,relay,H170,-1.77590455994,13.7620266026,True
Q3-T-009,2107.27001136,relay,H170,-1.77590455994,13.7620266026,True
Q3-T-009,2117.27001136,relay,H170,-1.77590455994,13.7620266026,True
Q3-T-009,2127.27001136,relay,H170,-1.77590455994,13.7620266026,True
Q3-T-009,2137.27001136,relay,H170,-1.77590455994,13.7620266026,True
Q3-T-009,2147.27001136,relay,H170,-1.77590455994,13.7620266026,True
Q3-T-009,2157.27001136,relay,H170,-1.77590455994,13.7620266026,True
Q3-T-009,2167.27001136,relay,H170,-1.77590455994,13.7620266026,True
Q3-T-009,2177.27001136,relay,H170,-1.77590455994,13.7620266026,True
Q3-T-009,2187.27001136,relay,H170,-1.77590455994,13.7620266026,True
Q3-T-009,2197.27001136,relay,H170,-1.77590455994,13.7620266026,True
Q3-T-009,2207.27001136,relay,H170,-1.77590455994,13.7620266026,True
Q3-T-009,2217.27001136,relay,H170,-1.77590455994,13.7620266026,True
Q3-T-009,2227.27001136,relay,H170,-1.77590455994,13.7620266026,True
Q3-T-009,2237.27001136,relay,H170,-1.77590455994,13.7620266026,True
Q3-T-009,2247.27001136,relay,H170,-1.77590455994,13.7620266026,True
Q3-T-009,2257.27001136,relay,H170,-1.77590455994,13.7620266026,True
Q3-T-009,2267.27001136,relay,H170,-1.77590455994,13.7620266026,True
Q3-T-009,2270.05913909,relay,H170,-1.77590455994,13.7620266026,True
Q3-T-009,2277.27001136,relay,H170,-1.777617262,13.8011910883,True
Q3-T-009,2285.88641366,relay,H170,-1.77988927353,13.8451771227,True
Q3-T-009,2287.27001136,relay,H170,-1.74274258851,13.7363835603,True
Q3-T-009,2297.27001136,relay,H170,-1.46941912816,12.9655213458,True
Q3-T-009,2307.27001136,relay,H170,-1.18722476638,12.2272122101,True
Q3-T-009,2317.27001136,relay,H170,-0.895590465079,11.5252101958,True
Q3-T-009,2327.27001136,relay,H170,-0.593868321756,10.8600332205,True
Q3-T-009,2337.27001136,relay,H170,-0.281308545885,10.2305566261,True
Q3-T-009,2347.27001136,relay,H170,0.0428548859498,9.63497046639,True
Q3-T-009,2357.27001136,direct,,0.379552951433,,True
Q3-T-009,2367.27001136,direct,,0.729747819626,,True
Q3-T-009,2377.27001136,direct,,11.0945833075,,True
Q3-T-009,2387.27001136,direct,,1.47535233689,,True
Q3-T-009,2397.27001136,direct,,11.873468061,,True
Q3-T-009,2407.27001136,direct,,12.2905711587,,True
Q3-T-009,2417.27001136,direct,,12.7285916219,,True
Q3-T-009,2427.27001136,direct,,13.1896650889,,True
Q3-T-009,2437.27001136,direct,,13.6763600767,,True
Q3-T-009,2447.27001136,direct,,14.1916915811,,True
Q3-T-009,2457.27001136,direct,,14.7391327407,,True
Q3-T-009,2467.27001136,direct,,15.3229659666,,True
Q3-T-009,2477.27001136,direct,,15.9482191558,,True
Q3-T-009,2487.27001136,direct,,16.6211724843,,True
Q3-T-009,2497.27001136,direct,,17.349528135,,True
Q3-T-009,2507.27001136,direct,,18.1429059426,,True
Q3-T-009,2517.27001136,direct,,19.0137104354,,True
Q3-T-009,2527.27001136,direct,,19.9780841506,,True
Q3-T-009,2537.27001136,direct,,21.0572589186,,True
Q3-T-009,2547.27001136,direct,,22.2802494198,,True
Q3-T-009,2557.27001136,direct,,23.6866661558,,True
Q3-T-009,2567.27001136,direct,,25.3312769692,,True
Q3-T-009,2577.27001136,direct,,27.2849514772,,True
Q3-T-009,2587.27001136,direct,,29.6071940061,,True
Q3-T-009,2597.27001136,direct,,32.1591083053,,True
Q3-T-009,2607.27001136,direct,,33.8791918918,,True
Q3-T-009,2609.18887066,direct,,33.9357061322,,True
Q3-T-009,2617.27001136,direct,,34.6630135925,,True
Q3-T-009,2627.27001136,direct,,35.6566327111,,True
Q3-T-009,2637.27001136,direct,,36.7787773154,,True
Q3-T-009,2647.27001136,direct,,38.0677071147,,True
Q3-T-009,2657.27001136,direct,,39.5818038049,,True
Q3-T-009,2667.27001136,direct,,41.416744251,,True
Q3-T-009,2677.27001136,direct,,43.746101267,,True
Q3-T-009,2687.27001136,direct,,46.9386933905,,True
Q3-T-009,2697.27001136,direct,,52.040440278,,True
Q3-T-009,2707.27001136,direct,,65.986582291,,True
Q3-T-009,2717.27001136,direct,,56.4996582777,,True
Q3-T-009,2717.78160014,direct,,55.9251752525,,True
Q3-T-010,1599.10617589,direct,,55.9251752525,,True
Q3-T-010,1609.10617589,direct,,61.9457751658,,True
Q3-T-010,1619.10617589,direct,,49.9045753392,,True
Q3-T-010,1629.10617589,direct,,45.0438143655,,True
Q3-T-010,1639.10617589,direct,,41.9457751658,,True
Q3-T-010,1649.10617589,direct,,39.6669081196,,True
Q3-T-010,1659.10617589,direct,,37.8633755126,,True
Q3-T-010,1669.10617589,direct,,36.3707031467,,True
Q3-T-010,1679.10617589,direct,,35.0973215493,,True
Q3-T-010,1689.10617589,direct,,33.9869749923,,True
Q3-T-010,1694.30650752,direct,,33.4612137518,,True
Q3-T-010,1699.10617589,direct,,33.1533003912,,True
Q3-T-010,1709.10617589,direct,,31.1602167146,,True
Q3-T-010,1719.10617589,direct,,28.7458313022,,True
Q3-T-010,1729.10617589,direct,,26.5925981106,,True
Q3-T-010,1739.10617589,direct,,24.7681098654,,True
Q3-T-010,1749.10617589,direct,,23.2170874034,,True
Q3-T-010,1759.10617589,direct,,21.8797393074,,True
Q3-T-010,1769.10617589,direct,,20.7091548552,,True
Q3-T-010,1779.10617589,direct,,19.6707229246,,True
Q3-T-010,1789.10617589,direct,,18.738885149,,True
Q3-T-010,1799.10617589,direct,,17.8945146428,,True
Q3-T-010,1809.10617589,direct,,17.123033678,,True
Q3-T-010,1819.10617589,direct,,16.4131339123,,True
Q3-T-010,1829.10617589,direct,,15.7558882961,,True
Q3-T-010,1839.10617589,direct,,15.1441490755,,True
Q3-T-010,1849.10617589,direct,,14.5720828024,,True
Q3-T-010,1859.10617589,direct,,14.0349645488,,True
Q3-T-010,1869.10617589,direct,,13.5288173274,,True
Q3-T-010,1879.10617589,direct,,13.0502322493,,True
Q3-T-010,1889.10617589,direct,,12.5964474658,,True
Q3-T-010,1899.10617589,direct,,12.1650202457,,True
Q3-T-010,1909.10617589,direct,,11.7538659695,,True
Q3-T-010,1919.10617589,direct,,1.36117763387,,True
Q3-T-010,1929.10617589,direct,,0.985375479649,,True
Q3-T-010,1939.10617589,direct,,0.62507550631,,True
Q3-T-010,1949.10617589,direct,,0.279039984792,,True
Q3-T-010,1959.10617589,relay,H170,-0.0537831261345,7.82310537428,True
Q3-T-010,1969.10617589,relay,H170,-0.374360230295,8.13155722404,True
Q3-T-010,1979.10617589,relay,H170,-0.683585923701,8.42888472813,True
Q3-T-010,1989.10617589,relay,H170,-0.982233509145,8.71096311814,True
Q3-T-010,1999.10617589,relay,H170,-1.27097471499,8.97323416057,True
Q3-T-010,2009.10617589,relay,H170,-1.55045581579,9.21072195724,True
Q3-T-010,2019.10617589,relay,H170,-1.82124991954,9.41820225395,True
Q3-T-010,2029.10617589,relay,H170,-2.08388053347,9.59067885798,True
Q3-T-010,2039.10617589,relay,H170,-2.33882358246,9.72339755101,True
Q3-T-010,2049.10617589,relay,H170,-2.58652642707,9.81240411027,True
Q3-T-010,2059.10617589,relay,H170,-2.82735500246,9.85492646815,True
Q3-T-010,2069.10617589,relay,H170,-3.06171210015,9.84961962676,True
Q3-T-010,2079.10617589,relay,H170,-3.2899250912,9.79662551902,True
Q3-T-010,2089.10617589,relay,H170,-3.51231734688,9.69762153781,True
Q3-T-010,2099.10617589,relay,H170,-3.72915843266,9.55574970258,True
Q3-T-010,2109.10617589,relay,H170,-3.94071748643,9.37508935118,True
Q3-T-010,2119.10617589,relay,H170,-4.14727415068,9.16046167594,True
Q3-T-010,2129.10617589,relay,H170,-4.34903162592,8.91706610436,True
Q3-T-010,2139.10617589,relay,H170,-4.54621625855,8.65001036858,True
Q3-T-010,2149.10617589,relay,H170,-4.73903043429,8.36418843116,True
Q3-T-010,2159.10617589,relay,H170,-4.92766295744,8.06403592931,True
Q3-T-010,2169.10617589,relay,H170,-5.11229199278,7.7535956864,True
Q3-T-010,2179.10617589,relay,H170,-5.29308329692,7.43624088269,True
Q3-T-010,2187.04918506,relay,H170,-5.43405539983,7.18115163004,True
Q3-T-010,2189.10617589,relay,H170,-5.43384071053,7.17940217668,True
Q3-T-010,2199.10617589,relay,H170,-5.43285619271,7.17046932833,True
Q3-T-010,2209.10617589,relay,H170,-5.43197074605,7.16083663085,True
Q3-T-010,2219.10617589,relay,H170,-5.43118443118,7.15050877245,True
Q3-T-010,2229.10617589,relay,H170,-5.43049730201,7.13949075272,True
Q3-T-010,2239.10617589,relay,H170,-5.42990940563,7.12778787474,True
Q3-T-010,2240.44958302,relay,H170,-5.4298379593,7.12616310027,True
Q3-T-010,2249.10617589,relay,H170,-5.4298379593,7.12616310027,True
Q3-T-010,2259.10617589,relay,H170,-5.4298379593,7.12616310027,True
Q3-T-010,2269.10617589,relay,H170,-5.4298379593,7.12616310027,True
Q3-T-010,2279.10617589,relay,H170,-5.4298379593,7.12616310027,True
Q3-T-010,2289.10617589,relay,H170,-5.4298379593,7.12616310027,True
Q3-T-010,2299.10617589,relay,H170,-5.4298379593,7.12616310027,True
Q3-T-010,2309.10617589,relay,H170,-5.4298379593,7.12616310027,True
Q3-T-010,2319.10617589,relay,H170,-5.4298379593,7.12616310027,True
Q3-T-010,2329.10617589,relay,H170,-5.4298379593,7.12616310027,True
Q3-T-010,2339.10617589,relay,H170,-5.4298379593,7.12616310027,True
Q3-T-010,2349.10617589,relay,H170,-5.4298379593,7.12616310027,True
Q3-T-010,2359.10617589,relay,H170,-5.4298379593,7.12616310027,True
Q3-T-010,2369.10617589,relay,H170,-5.4298379593,7.12616310027,True
Q3-T-010,2379.10617589,relay,H170,-5.4298379593,7.12616310027,True
Q3-T-010,2389.10617589,relay,H170,-5.4298379593,7.12616310027,True
Q3-T-010,2399.10617589,relay,H170,-5.4298379593,7.12616310027,True
Q3-T-010,2409.10617589,relay,H170,-5.4298379593,7.12616310027,True
Q3-T-010,2419.10617589,relay,H170,-5.4298379593,7.12616310027,True
Q3-T-010,2429.10617589,relay,H170,-5.4298379593,7.12616310027,True
Q3-T-010,2439.10617589,relay,H170,-5.4298379593,7.12616310027,True
Q3-T-010,2449.10617589,relay,H170,-5.4298379593,7.12616310027,True
Q3-T-010,2459.10617589,relay,H170,-5.4298379593,7.12616310027,True
Q3-T-010,2469.10617589,relay,H170,-5.4298379593,7.12616310027,True
Q3-T-010,2479.10617589,relay,H170,-5.4298379593,7.12616310027,True
Q3-T-010,2480.44958302,relay,H170,-5.4298379593,7.12616310027,True
Q3-T-010,2489.10617589,relay,H170,-5.43043680856,7.13840147803,True
Q3-T-010,2499.10617589,relay,H170,-5.43126188636,7.15161935468,True
Q3-T-010,2509.10617589,relay,H170,-5.43222978356,7.16384264283,True
Q3-T-010,2519.10617589,relay,H170,-5.43334040463,7.17506281283,True
Q3-T-010,2524.94991465,relay,H170,-5.43405539983,7.18115163004,True
Q3-T-010,2529.10617589,relay,H170,-5.3605736953,7.31487229341,True
Q3-T-010,2539.10617589,relay,H170,-5.1811943441,7.63406571526,True
Q3-T-010,2549.10617589,relay,H170,-4.9980464643,7.94750002266,True
Q3-T-010,2559.10617589,relay,H170,-4.81095006568,8.25196027099,True
Q3-T-010,2569.10617589,relay,H170,-4.61973207766,8.54372860543,True
Q3-T-010,2579.10617589,relay,H170,-4.42422546199,8.81844599753,True
Q3-T-010,2589.10617589,relay,H170,-4.22422426019,9.0713967713,True
Q3-T-010,2599.10617589,relay,H170,-4.01951782131,9.29755875471,True
Q3-T-010,2609.10617589,relay,H170,-3.80987877848,9.49165029094,True
Q3-T-010,2619.10617589,relay,H170,-3.59506455373,9.64873500377,True
Q3-T-010,2629.10617589,relay,H170,-3.37480344936,9.7644109902,True
Q3-T-010,2639.10617589,relay,H170,-3.14883393183,9.83509437974,True
Q3-T-010,2649.10617589,relay,H170,-2.91685320666,9.85859396399,True
Q3-T-010,2659.10617589,relay,H170,-2.67850980378,9.8340849939,True
Q3-T-010,2669.10617589,relay,H170,-2.4334466758,9.76242219296,True
Q3-T-010,2679.10617589,relay,H170,-2.18129876259,9.64583755391,True
Q3-T-010,2689.10617589,relay,H170,-1.92163294381,9.48789670886,True
Q3-T-010,2699.10617589,relay,H170,-1.65398916638,9.29310565754,True
Q3-T-010,2709.10617589,relay,H170,-1.37786185664,9.06634897554,True
Q3-T-010,2719.10617589,relay,H170,-1.09269819247,8.81286269362,True
Q3-T-010,2729.10617589,relay,H170,-0.797888919014,8.53771677925,True
Q3-T-010,2739.10617589,relay,H170,-0.492762023155,8.24569572051,True
Q3-T-010,2749.10617589,relay,H170,-0.176570620548,7.94098919268,True
Q3-T-010,2759.10617589,relay,H170,0.151513368259,7.62738673851,True
Q3-T-010,2769.10617589,direct,,0.492430993132,,True
Q3-T-010,2779.10617589,direct,,0.847187798406,,True
Q3-T-010,2789.10617589,direct,,1.21694800973,,True
Q3-T-010,2799.10617589,direct,,11.6030855703,,True
Q3-T-010,2809.10617589,direct,,12.007048443,,True
Q3-T-010,2819.10617589,direct,,12.4305698579,,True
Q3-T-010,2829.10617589,direct,,12.8756234808,,True
Q3-T-010,2839.10617589,direct,,13.3444933768,,True
Q3-T-010,2849.10617589,direct,,13.8398470741,,True
Q3-T-010,2859.10617589,direct,,14.3648167236,,True
Q3-T-010,2869.10617589,direct,,14.9231446968,,True
Q3-T-010,2879.10617589,direct,,15.5192297623,,True
Q3-T-010,2889.10617589,direct,,16.1584510556,,True
Q3-T-010,2899.10617589,direct,,16.8474683752,,True
Q3-T-010,2909.10617589,direct,,17.5944786743,,True
Q3-T-010,2919.10617589,direct,,18.4097333366,,True
Q3-T-010,2929.10617589,direct,,19.3064798612,,True
Q3-T-010,2939.10617589,direct,,20.30193774,,True
Q3-T-010,2949.10617589,direct,,21.4189664242,,True
Q3-T-010,2959.10617589,direct,,22.6883860576,,True
Q3-T-010,2969.10617589,direct,,24.1521233342,,True
Q3-T-010,2979.10617589,direct,,25.8654082787,,True
Q3-T-010,2989.10617589,direct,,27.8903984921,,True
Q3-T-010,2999.10617589,direct,,30.235166331,,True
Q3-T-010,3009.10617589,direct,,32.544045071,,True
Q3-T-010,3017.69259218,direct,,33.4612137518,,True
Q3-T-010,3019.10617589,direct,,33.5774289918,,True
Q3-T-010,3029.10617589,direct,,34.4482431717,,True
Q3-T-010,3039.10617589,direct,,35.4161904381,,True
Q3-T-010,3049.10617589,direct,,36.5056922409,,True
Q3-T-010,3059.10617589,direct,,37.7517225234,,True
Q3-T-010,3069.10617589,direct,,39.2069269103,,True
Q3-T-010,3079.10617589,direct,,40.9559877271,,True
Q3-T-010,3089.10617589,direct,,43.1484042766,,True
Q3-T-010,3099.10617589,direct,,46.0881402581,,True
Q3-T-010,3109.10617589,direct,,50.5653234452,,True
Q3-T-010,3119.10617589,direct,,60.3116297638,,True
Q3-T-010,3129.10617589,direct,,59.7138046682,,True
Q3-T-010,3131.93299014,direct,,55.9251752525,,True
Q3-T-011,1924.89266991,direct,,55.9251752525,,True
Q3-T-011,1934.89266991,direct,,61.9457751658,,True
Q3-T-011,1944.89266991,direct,,49.9045753392,,True
Q3-T-011,1954.89266991,direct,,45.0438143655,,True
Q3-T-011,1964.89266991,direct,,41.9457751658,,True
Q3-T-011,1974.89266991,direct,,39.6669081196,,True
Q3-T-011,1984.89266991,direct,,37.8633755126,,True
Q3-T-011,1994.89266991,direct,,36.3707031467,,True
Q3-T-011,2004.89266991,direct,,35.0973215493,,True
Q3-T-011,2014.89266991,direct,,33.9869749923,,True
Q3-T-011,2024.89266991,direct,,33.0026145389,,True
Q3-T-011,2034.89266991,direct,,32.1185412891,,True
Q3-T-011,2044.89266991,direct,,31.3161968249,,True
Q3-T-011,2054.89266991,direct,,30.5817406844,,True
Q3-T-011,2064.89266991,direct,,29.9045753392,,True
Q3-T-011,2074.89266991,direct,,29.2764060542,,True
Q3-T-011,2079.64179914,direct,,28.9932264362,,True
Q3-T-011,2084.89266991,direct,,28.9067169379,,True
Q3-T-011,2094.89266991,direct,,28.3124867955,,True
Q3-T-011,2104.89266991,direct,,27.3342003163,,True
Q3-T-011,2114.89266991,direct,,26.1904600421,,True
Q3-T-011,2124.89266991,direct,,25.0242435956,,True
Q3-T-011,2134.89266991,direct,,23.9047947264,,True
Q3-T-011,2144.89266991,direct,,22.8584260075,,True
Q3-T-011,2154.89266991,direct,,21.8905614967,,True
Q3-T-011,2164.89266991,direct,,20.9979066432,,True
Q3-T-011,2174.89266991,direct,,20.1737795914,,True
Q3-T-011,2184.89266991,direct,,19.4110306251,,True
Q3-T-011,2194.89266991,direct,,18.7028122076,,True
Q3-T-011,2204.89266991,direct,,18.0427841848,,True
Q3-T-011,2214.89266991,direct,,17.4255597524,,True
Q3-T-011,2224.89266991,direct,,16.8464530914,,True
Q3-T-011,2234.89266991,direct,,16.3012872967,,True
Q3-T-011,2244.89266991,direct,,15.7865915205,,True
Q3-T-011,2254.89266991,direct,,15.2993624878,,True
Q3-T-011,2264.89266991,direct,,14.8368788955,,True
Q3-T-011,2274.89266991,direct,,14.3968919588,,True
Q3-T-011,2284.89266991,direct,,13.9774272719,,True
Q3-T-011,2294.89266991,direct,,13.5766552058,,True
Q3-T-011,2304.89266991,direct,,13.1930606906,,True
Q3-T-011,2314.89266991,direct,,12.8252716984,,True
Q3-T-011,2324.89266991,direct,,12.472098305,,True
Q3-T-011,2334.89266991,direct,,12.1323933012,,True
Q3-T-011,2344.89266991,direct,,11.8052179589,,True
Q3-T-011,2354.89266991,direct,,1.48972275482,,True
Q3-T-011,2364.89266991,direct,,1.18506835785,,True
Q3-T-011,2374.89266991,direct,,0.890570187127,,True
Q3-T-011,2384.89266991,direct,,0.605606705425,,True
Q3-T-011,2394.89266991,direct,,0.329544269188,,True
Q3-T-011,2404.89266991,relay,H170,0.0618709756409,6.34472002094,True
Q3-T-011,2414.89266991,relay,H170,-0.197877427546,6.48982780929,True
Q3-T-011,2424.89266991,relay,H170,-0.450193258732,6.62531566051,True
Q3-T-011,2434.89266991,relay,H170,-0.695465695828,6.75008746538,True
Q3-T-011,2444.89266991,relay,H170,-0.934073126078,6.86307269719,True
Q3-T-011,2454.89266991,relay,H170,-1.16634550701,6.96322692822,True
Q3-T-011,2464.89266991,relay,H170,-1.39264402041,7.04959880843,True
Q3-T-011,2474.89266991,relay,H170,-1.61324903535,7.1212653134,True
Q3-T-011,2484.89266991,relay,H170,-1.82841752833,7.17751715438,True
Q3-T-011,2494.89266991,relay,H170,-2.03844407039,7.21771775365,True
Q3-T-011,2504.89266991,relay,H170,-2.24355031063,7.24140488201,True
Q3-T-011,2514.89266991,relay,H170,-2.44394333491,7.24830391155,True
Q3-T-011,2524.89266991,relay,H170,-2.6398652267,7.23834021761,True
Q3-T-011,2531.26982414,relay,H170,-2.76254846438,7.22322102923,True
Q3-T-011,2534.89266991,relay,H170,-2.7613780359,7.2219728444,True
Q3-T-011,2544.89266991,relay,H170,-2.75827192995,7.21803478441,True
Q3-T-011,2554.89266991,relay,H170,-2.75534750494,7.21337336563,True
Q3-T-011,2564.89266991,relay,H170,-2.75260512957,7.20799091868,True
Q3-T-011,2574.89266991,relay,H170,-2.75004515012,7.20189012745,True
Q3-T-011,2584.89266991,relay,H170,-2.74766789031,7.19507402464,True
Q3-T-011,2594.89266991,relay,H170,-2.74547365114,7.18754598676,True
Q3-T-011,2604.89266991,relay,H170,-2.74346271079,7.17930972866,True
Q3-T-011,2614.89266991,relay,H170,-2.74163532448,7.17036929746,True
Q3-T-011,2624.89266991,relay,H170,-2.73999172437,7.16072906603,True
Q3-T-011,2627.64877922,relay,H170,-2.73957108213,7.15794982696,True
Q3-T-011,2634.89266991,relay,H170,-2.73957108213,7.15794982696,True
Q3-T-011,2644.89266991,relay,H170,-2.73957108213,7.15794982696,True
Q3-T-011,2654.89266991,relay,H170,-2.73957108213,7.15794982696,True
Q3-T-011,2664.89266991,relay,H170,-2.73957108213,7.15794982696,True
Q3-T-011,2674.89266991,relay,H170,-2.73957108213,7.15794982696,True
Q3-T-011,2684.89266991,relay,H170,-2.73957108213,7.15794982696,True
Q3-T-011,2694.89266991,relay,H170,-2.73957108213,7.15794982696,True
Q3-T-011,2704.89266991,relay,H170,-2.73957108213,7.15794982696,True
Q3-T-011,2714.89266991,relay,H170,-2.73957108213,7.15794982696,True
Q3-T-011,2724.89266991,relay,H170,-2.73957108213,7.15794982696,True
Q3-T-011,2734.89266991,relay,H170,-2.73957108213,7.15794982696,True
Q3-T-011,2744.89266991,relay,H170,-2.73957108213,7.15794982696,True
Q3-T-011,2754.89266991,relay,H170,-2.73957108213,7.15794982696,True
Q3-T-011,2764.89266991,relay,H170,-2.73957108213,7.15794982696,True
Q3-T-011,2774.89266991,relay,H170,-2.73957108213,7.15794982696,True
Q3-T-011,2784.89266991,relay,H170,-2.73957108213,7.15794982696,True
Q3-T-011,2794.89266991,relay,H170,-2.73957108213,7.15794982696,True
Q3-T-011,2804.89266991,relay,H170,-2.73957108213,7.15794982696,True
Q3-T-011,2807.64877922,relay,H170,-2.73957108213,7.15794982696,True
Q3-T-011,2814.89266991,relay,H170,-2.74094518485,7.16653565879,True
Q3-T-011,2824.89266991,relay,H170,-2.74307049728,7.17752195585,True
Q3-T-011,2834.89266991,relay,H170,-2.74546019803,7.18749552237,True
Q3-T-011,2844.89266991,relay,H170,-2.74811385033,7.1964493051,True
Q3-T-011,2854.89266991,relay,H170,-2.7510309698,7.20437693966,True
Q3-T-011,2864.89266991,relay,H170,-2.75421102476,7.21127276541,True
Q3-T-011,2874.89266991,relay,H170,-2.75765343658,7.21713183881,True
Q3-T-011,2884.89266991,relay,H170,-2.76135757998,7.22194994512,True
Q3-T-011,2887.96457512,relay,H170,-2.76254846438,7.22322102923,True
Q3-T-011,2894.89266991,relay,H170,-2.62917939713,7.23930865492,True
Q3-T-011,2904.89266991,relay,H170,-2.43303182122,7.24834595804,True
Q3-T-011,2914.89266991,relay,H170,-2.23236786192,7.24054746697,True
Q3-T-011,2924.89266991,relay,H170,-2.02699634775,7.21594111206,True
Q3-T-011,2934.89266991,relay,H170,-1.81670944696,7.17484789649,True
Q3-T-011,2944.89266991,relay,H170,-1.60123150763,7.11772111868,True
Q3-T-011,2954.89266991,relay,H170,-1.38032122482,7.04519440998,True
Q3-T-011,2964.89266991,relay,H170,-1.15371942298,6.95804852779,True
Q3-T-011,2974.89266991,relay,H170,-0.921088471108,6.85715219909,True
Q3-T-011,2984.89266991,relay,H170,-0.682121644033,6.7435179897,True
Q3-T-011,2994.89266991,relay,H170,-0.436491781168,6.61813977596,True
Q3-T-011,3004.89266991,relay,H170,-0.183776638659,6.48209309692,True
Q3-T-011,3014.89266991,relay,H170,0.0764166469834,6.33647172548,True
Q3-T-011,3024.89266991,direct,,0.344537836741,,True
Q3-T-011,3034.89266991,direct,,0.621054509652,,True
Q3-T-011,3044.89266991,direct,,0.906549808139,,True
Q3-T-011,3054.89266991,direct,,1.2015921189,,True
Q3-T-011,3064.89266991,direct,,1.50680060728,,True
Q3-T-011,3074.89266991,direct,,11.8229428097,,True
Q3-T-011,3084.89266991,direct,,12.1507851658,,True
Q3-T-011,3094.89266991,direct,,12.4911772866,,True
Q3-T-011,3104.89266991,direct,,12.8451540828,,True
Q3-T-011,3114.89266991,direct,,13.2137812469,,True
Q3-T-011,3124.89266991,direct,,13.598254898,,True
Q3-T-011,3134.89266991,direct,,14.0000157318,,True
Q3-T-011,3144.89266991,direct,,14.4205960194,,True
Q3-T-011,3154.89266991,direct,,14.8617682839,,True
Q3-T-011,3164.89266991,direct,,15.325513536,,True
Q3-T-011,3174.89266991,direct,,15.814221723,,True
Q3-T-011,3184.89266991,direct,,16.3305167435,,True
Q3-T-011,3194.89266991,direct,,16.8774130313,,True
Q3-T-011,3204.89266991,direct,,17.4585532728,,True
Q3-T-011,3214.89266991,direct,,18.0780076051,,True
Q3-T-011,3224.89266991,direct,,18.7404858585,,True
Q3-T-011,3234.89266991,direct,,19.4515948071,,True
Q3-T-011,3244.89266991,direct,,20.2175418563,,True
Q3-T-011,3254.89266991,direct,,21.0451956338,,True
Q3-T-011,3264.89266991,direct,,21.9419079075,,True
Q3-T-011,3274.89266991,direct,,22.9140598656,,True
Q3-T-011,3284.89266991,direct,,23.9646291116,,True
Q3-T-011,3294.89266991,direct,,25.0876059888,,True
Q3-T-011,3304.89266991,direct,,26.255019194,,True
Q3-T-011,3314.89266991,direct,,27.3941584233,,True
Q3-T-011,3324.89266991,direct,,28.3573800447,,True
Q3-T-011,3334.89266991,direct,,28.9237907138,,True
Q3-T-011,3339.59260012,direct,,28.9932264362,,True
Q3-T-011,3344.89266991,direct,,29.2562297626,,True
Q3-T-011,3354.89266991,direct,,29.7752544942,,True
Q3-T-011,3364.89266991,direct,,30.3272756523,,True
Q3-T-011,3374.89266991,direct,,30.9167752063,,True
Q3-T-011,3384.89266991,direct,,31.5492152903,,True
Q3-T-011,3394.89266991,direct,,32.2313466361,,True
Q3-T-011,3404.89266991,direct,,32.9716487677,,True
Q3-T-011,3414.89266991,direct,,33.7809758595,,True
Q3-T-011,3424.89266991,direct,,34.6735355679,,True
Q3-T-011,3434.89266991,direct,,35.6684307584,,True
Q3-T-011,3444.89266991,direct,,36.7922036684,,True
Q3-T-011,3454.89266991,direct,,38.0832831987,,True
Q3-T-011,3464.89266991,direct,,39.6003492527,,True
Q3-T-011,3474.89266991,direct,,41.4396578605,,True
Q3-T-011,3484.89266991,direct,,43.7760747882,,True
Q3-T-011,3494.89266991,direct,,46.9820146256,,True
Q3-T-011,3504.89266991,direct,,52.1185412891,,True
Q3-T-011,3514.89266991,direct,,66.3827501581,,True
Q3-T-011,3524.89266991,direct,,56.3707031467,,True
Q3-T-011,3525.2915552,direct,,55.9251752525,,True
Q3-T-012,2270.68662533,direct,,55.9251752525,,True
Q3-T-012,2280.68662533,direct,,67.966375079,,True
Q3-T-012,2290.68662533,direct,,52.4033500714,,True
Q3-T-012,2300.68662533,direct,,47.1385213759,,True
Q3-T-012,2310.68662533,direct,,43.8839754259,,True
Q3-T-012,2320.68662533,direct,,41.5219891844,,True
Q3-T-012,2330.68662533,direct,,39.6669081196,,True
Q3-T-012,2340.68662533,direct,,38.1391412024,,True
Q3-T-012,2350.68662533,direct,,36.8403250637,,True
Q3-T-012,2360.68662533,direct,,35.7106979447,,True
Q3-T-012,2370.68662533,direct,,34.7112184454,,True
Q3-T-012,2380.68662533,direct,,33.8149715571,,True
Q3-T-012,2390.68662533,direct,,33.0026145389,,True
Q3-T-012,2400.68662533,direct,,32.2597783788,,True
Q3-T-012,2410.68662533,direct,,31.5754963682,,True
Q3-T-012,2420.68662533,direct,,30.9412081047,,True
Q3-T-012,2430.68662533,direct,,30.3501032334,,True
Q3-T-012,2440.68662533,direct,,29.7966747015,,True
Q3-T-012,2444.32828061,direct,,29.6036705557,,True
Q3-T-012,2450.68662533,direct,,29.3791915974,,True
Q3-T-012,2460.68662533,direct,,28.2967247919,,True
Q3-T-012,2470.68662533,direct,,26.7896418666,,True
Q3-T-012,2480.68662533,direct,,25.2348473681,,True
Q3-T-012,2490.68662533,direct,,23.7831723336,,True
Q3-T-012,2500.68662533,direct,,22.4707285784,,True
Q3-T-012,2510.68662533,direct,,21.2927713887,,True
Q3-T-012,2520.68662533,direct,,20.2332835401,,True
Q3-T-012,2530.68662533,direct,,19.2752928157,,True
Q3-T-012,2540.68662533,direct,,18.4035547044,,True
Q3-T-012,2550.68662533,direct,,17.6053430955,,True
Q3-T-012,2560.68662533,direct,,16.8701686172,,True
Q3-T-012,2570.68662533,direct,,16.1893589189,,True
Q3-T-012,2580.68662533,direct,,15.5558628603,,True
Q3-T-012,2590.68662533,direct,,14.9637687594,,True
Q3-T-012,2600.68662533,direct,,14.4082057208,,True
Q3-T-012,2610.68662533,direct,,13.8850830699,,True
Q3-T-012,2620.68662533,direct,,13.3908931801,,True
Q3-T-012,2630.68662533,direct,,12.9226936841,,True
Q3-T-012,2640.68662533,direct,,12.4779594821,,True
Q3-T-012,2650.68662533,direct,,12.0544694877,,True
Q3-T-012,2660.68662533,direct,,11.6503465221,,True
Q3-T-012,2670.68662533,direct,,11.2639004329,,True
Q3-T-012,2680.68662533,direct,,10.8936828792,,True
Q3-T-012,2690.68662533,direct,,10.5384148113,,True
Q3-T-012,2700.68662533,direct,,10.1969290311,,True
Q3-T-012,2710.68662533,relay,H161,-0.131781982717,11.1770801237,True
Q3-T-012,2720.68662533,relay,H161,-0.448619706509,11.3757292771,True
Q3-T-012,2730.68662533,relay,H161,-0.754422886784,11.5129541243,True
Q3-T-012,2740.68662533,relay,H161,-1.04990898833,11.5824522821,True
Q3-T-012,2750.68662533,relay,H161,-1.33576354225,11.5809982956,True
Q3-T-012,2760.68662533,relay,H161,-1.61258122946,11.5086144246,True
Q3-T-012,2770.68662533,relay,H161,-1.88090323057,11.3687145389,True
Q3-T-012,2780.68662533,relay,H161,-2.14124824856,11.1676854618,True
Q3-T-012,2790.68662533,relay,H161,-2.39405797601,10.9137350414,True
Q3-T-012,2800.68662533,relay,H161,-2.63976911724,10.6161809586,True
Q3-T-012,2810.68662533,relay,H161,-2.87875973245,10.2843145831,True
Q3-T-012,2820.68662533,relay,H161,-3.11137825901,9.92684264306,True
Q3-T-012,2830.68662533,relay,H161,-3.33796817196,9.55152507986,True
Q3-T-012,2840.68662533,relay,H161,-3.55882566614,9.16487079381,True
Q3-T-012,2850.68662533,relay,H161,-3.77422541482,8.77220293912,True
Q3-T-012,2860.68662533,relay,H161,-3.98444271067,8.37777477652,True
Q3-T-012,2870.68662533,relay,H161,-4.18970707555,7.98483031756,True
Q3-T-012,2880.68662533,relay,H161,-4.39026981043,7.59581163373,True
Q3-T-012,2890.68662533,relay,H161,-4.58631216724,7.21257897222,True
Q3-T-012,2900.68662533,relay,H161,-4.7780373685,6.83637673049,True
Q3-T-012,2910.68662533,relay,H161,-4.96564264548,6.46808690807,True
Q3-T-012,2920.68662533,relay,H161,-5.14928913105,6.10826413342,True
Q3-T-012,2928.58341181,relay,H161,-5.29162043631,5.8303437794,True
Q3-T-012,2930.68662533,relay,H161,-5.29133649051,5.82987705615,True
Q3-T-012,2940.68662533,relay,H161,-5.2900238368,5.82745069858,True
Q3-T-012,2950.68662533,relay,H161,-5.28877646459,5.82468780029,True
Q3-T-012,2960.68662533,relay,H161,-5.28759443027,5.82158900407,True
Q3-T-012,2970.68662533,relay,H161,-5.2864777873,5.81815502971,True
Q3-T-012,2980.68662533,relay,H161,-5.2854265862,5.81438667346,True
Q3-T-012,2990.68662533,relay,H161,-5.28444087457,5.81028480741,True
Q3-T-012,3000.68662533,relay,H161,-5.28352069708,5.80585037884,True
Q3-T-012,3010.68662533,relay,H161,-5.28266609544,5.80108440946,True
Q3-T-012,3020.68662533,relay,H161,-5.28187710839,5.79598799468,True
Q3-T-012,3030.68662533,relay,H161,-5.28115377174,5.79056230272,True
Q3-T-012,3040.23548091,relay,H161,-5.28052430092,5.78507452221,True
Q3-T-012,3040.68662533,relay,H161,-5.28052430092,5.78507452221,True
Q3-T-012,3050.68662533,relay,H161,-5.28052430092,5.78507452221,True
Q3-T-012,3060.68662533,relay,H161,-5.28052430092,5.78507452221,True
Q3-T-012,3070.68662533,relay,H161,-5.28052430092,5.78507452221,True
Q3-T-012,3080.68662533,relay,H161,-5.28052430092,5.78507452221,True
Q3-T-012,3090.68662533,relay,H161,-5.28052430092,5.78507452221,True
Q3-T-012,3100.68662533,relay,H161,-5.28052430092,5.78507452221,True
Q3-T-012,3110.68662533,relay,H161,-5.28052430092,5.78507452221,True
Q3-T-012,3120.68662533,relay,H161,-5.28052430092,5.78507452221,True
Q3-T-012,3130.68662533,relay,H161,-5.28052430092,5.78507452221,True
Q3-T-012,3140.68662533,relay,H161,-5.28052430092,5.78507452221,True
Q3-T-012,3150.68662533,relay,H161,-5.28052430092,5.78507452221,True
Q3-T-012,3160.68662533,relay,H161,-5.28052430092,5.78507452221,True
Q3-T-012,3170.68662533,relay,H161,-5.28052430092,5.78507452221,True
Q3-T-012,3180.68662533,relay,H161,-5.28052430092,5.78507452221,True
Q3-T-012,3190.68662533,relay,H161,-5.28052430092,5.78507452221,True
Q3-T-012,3200.68662533,relay,H161,-5.28052430092,5.78507452221,True
Q3-T-012,3210.68662533,relay,H161,-5.28052430092,5.78507452221,True
Q3-T-012,3220.68662533,relay,H161,-5.28052430092,5.78507452221,True
Q3-T-012,3230.68662533,relay,H161,-5.28052430092,5.78507452221,True
Q3-T-012,3240.68662533,relay,H161,-5.28052430092,5.78507452221,True
Q3-T-012,3250.68662533,relay,H161,-5.28052430092,5.78507452221,True
Q3-T-012,3260.68662533,relay,H161,-5.28052430092,5.78507452221,True
Q3-T-012,3270.68662533,relay,H161,-5.28052430092,5.78507452221,True
Q3-T-012,3280.68662533,relay,H161,-5.28052430092,5.78507452221,True
Q3-T-012,3290.68662533,relay,H161,-5.28052430092,5.78507452221,True
Q3-T-012,3300.68662533,relay,H161,-5.28052430092,5.78507452221,True
Q3-T-012,3310.68662533,relay,H161,-5.28052430092,5.78507452221,True
Q3-T-012,3320.68662533,relay,H161,-5.28052430092,5.78507452221,True
Q3-T-012,3330.68662533,relay,H161,-5.28052430092,5.78507452221,True
Q3-T-012,3340.68662533,relay,H161,-5.28052430092,5.78507452221,True
Q3-T-012,3350.68662533,relay,H161,-5.28052430092,5.78507452221,True
Q3-T-012,3360.68662533,relay,H161,-5.28052430092,5.78507452221,True
Q3-T-012,3370.68662533,relay,H161,-5.28052430092,5.78507452221,True
Q3-T-012,3380.68662533,relay,H161,-5.28052430092,5.78507452221,True
Q3-T-012,3390.68662533,relay,H161,-5.28052430092,5.78507452221,True
Q3-T-012,3400.68662533,relay,H161,-5.28052430092,5.78507452221,True
Q3-T-012,3410.68662533,relay,H161,-5.28052430092,5.78507452221,True
Q3-T-012,3420.68662533,relay,H161,-5.28052430092,5.78507452221,True
Q3-T-012,3430.68662533,relay,H161,-5.28052430092,5.78507452221,True
Q3-T-012,3436.23548091,relay,H161,-5.28052430092,5.78507452221,True
Q3-T-012,3440.68662533,relay,H161,-5.28088382305,5.78830868493,True
Q3-T-012,3450.68662533,relay,H161,-5.2817655414,5.79520306838,True
Q3-T-012,3460.68662533,relay,H161,-5.28274984618,5.80158324221,True
Q3-T-012,3470.68662533,relay,H161,-5.28383666762,5.8074469215,True
Q3-T-012,3480.68662533,relay,H161,-5.28502592871,5.81279199936,True
Q3-T-012,3490.68662533,relay,H161,-5.28631754526,5.81761654946,True
Q3-T-012,3500.68662533,relay,H161,-5.28771142586,5.82191882829,True
Q3-T-012,3510.68662533,relay,H161,-5.28920747194,5.82569727727,True
Q3-T-012,3520.68662533,relay,H161,-5.29080557782,5.82895052459,True
Q3-T-012,3525.55713619,relay,H161,-5.29162043631,5.8303437794,True
Q3-T-012,3530.68662533,relay,H161,-5.19943140274,6.01025825894,True
Q3-T-012,3540.68662533,relay,H161,-5.01684358595,6.36767129924,True
Q3-T-012,3550.68662533,relay,H161,-4.83034886168,6.73366309732,True
Q3-T-012,3560.68662533,relay,H161,-4.63978322991,7.10775000979,True
Q3-T-012,3570.68662533,relay,H161,-4.44495284423,7.48914599237,True
Q3-T-012,3580.68662533,relay,H161,-4.2456698922,7.87669566299,True
Q3-T-012,3590.68662533,relay,H161,-4.04173364521,8.26876164289,True
Q3-T-012,3600.68662533,relay,H161,-3.83290878436,8.66306612393,True
Q3-T-012,3610.68662533,relay,H161,-3.61897045526,9.05660290393,True
Q3-T-012,3620.68662533,relay,H161,-3.39964869597,9.44540207287,True
Q3-T-012,3630.68662533,relay,H161,-3.17467456395,9.8244580056,True
Q3-T-012,3640.68662533,relay,H161,-2.94375819597,10.1875965622,True
Q3-T-012,3650.68662533,relay,H161,-2.70656330859,10.5273785159,True
Q3-T-012,3660.68662533,relay,H161,-2.4627572644,10.835374405,True
Q3-T-012,3670.68662533,relay,H161,-2.21194676556,11.1023140491,True
Q3-T-012,3680.68662533,relay,H161,-1.95372899075,11.3188676869,True
Q3-T-012,3690.68662533,relay,H161,-1.68766512615,11.4764276487,True
Q3-T-012,3700.68662533,relay,H161,-1.41324898726,11.5679653478,True
Q3-T-012,3710.68662533,relay,H161,-1.12995328954,11.5892040458,True
Q3-T-012,3720.68662533,relay,H161,-0.837199083634,11.5391608511,True
Q3-T-012,3730.68662533,relay,H161,-0.534319008203,11.4201537298,True
Q3-T-012,3740.68662533,relay,H161,-0.220615953634,11.2377620189,True
Q3-T-012,3750.68662533,relay,H161,0.104725065788,10.9996482052,True
Q3-T-012,3760.68662533,direct,,10.4425784868,,True
Q3-T-012,3770.68662533,direct,,10.7939205532,,True
Q3-T-012,3780.68662533,direct,,11.1598816718,,True
Q3-T-012,3790.68662533,direct,,11.5416982768,,True
Q3-T-012,3800.68662533,direct,,11.940768607,,True
Q3-T-012,3810.68662533,direct,,12.358722992,,True
Q3-T-012,3820.68662533,direct,,12.7973681055,,True
Q3-T-012,3830.68662533,direct,,13.2588396616,,True
Q3-T-012,3840.68662533,direct,,13.74556032,,True
Q3-T-012,3850.68662533,direct,,14.2603478889,,True
Q3-T-012,3860.68662533,direct,,14.8065564662,,True
Q3-T-012,3870.68662533,direct,,15.388068735,,True
Q3-T-012,3880.68662533,direct,,16.0095795097,,True
Q3-T-012,3890.68662533,direct,,16.6766484294,,True
Q3-T-012,3900.68662533,direct,,17.3959800937,,True
Q3-T-012,3910.68662533,direct,,18.1757886456,,True
Q3-T-012,3920.68662533,direct,,19.026004088,,True
Q3-T-012,3930.68662533,direct,,19.9587005436,,True
Q3-T-012,3940.68662533,direct,,20.9884579396,,True
Q3-T-012,3950.68662533,direct,,22.1318810301,,True
Q3-T-012,3960.68662533,direct,,23.4058547578,,True
Q3-T-012,3970.68662533,direct,,24.8199957525,,True
Q3-T-012,3980.68662533,direct,,26.3544744579,,True
Q3-T-012,3990.68662533,direct,,27.9011396887,,True
Q3-T-012,4000.68662533,direct,,29.1532584385,,True
Q3-T-012,4009.81226739,direct,,29.6036705557,,True
Q3-T-012,4010.68662533,direct,,29.6402445467,,True
Q3-T-012,4020.68662533,direct,,30.0720806485,,True
Q3-T-012,4030.68662533,direct,,30.5265147331,,True
Q3-T-012,4040.68662533,direct,,31.0060431395,,True
Q3-T-012,4050.68662533,direct,,31.5136001598,,True
Q3-T-012,4060.68662533,direct,,32.0526668826,,True
Q3-T-012,4070.68662533,direct,,32.6274161015,,True
Q3-T-012,4080.68662533,direct,,33.2429086556,,True
Q3-T-012,4090.68662533,direct,,33.9053647911,,True
Q3-T-012,4100.68662533,direct,,34.6225478097,,True
Q3-T-012,4110.68662533,direct,,35.4043208324,,True
Q3-T-012,4120.68662533,direct,,36.2634797977,,True
Q3-T-012,4130.68662533,direct,,37.2170454574,,True
Q3-T-012,4140.68662533,direct,,38.288355886,,True
Q3-T-012,4150.68662533,direct,,39.510639996,,True
Q3-T-012,4160.68662533,direct,,40.9335405552,,True
Q3-T-012,4170.68662533,direct,,42.6360966809,,True
Q3-T-012,4180.68662533,direct,,44.755804002,,True
Q3-T-012,4190.68662533,direct,,47.5657824082,,True
Q3-T-012,4200.68662533,direct,,51.745604907,,True
Q3-T-012,4210.68662533,direct,,60.1054057507,,True
Q3-T-012,4220.68662533,direct,,64.2839079943,,True
Q3-T-012,4226.86433649,direct,,55.9251752525,,True
Q3-T-013,4154.64946753,direct,,55.9251752525,,True
Q3-T-013,4164.64946753,direct,,67.966375079,,True
Q3-T-013,4174.64946753,direct,,52.4033500714,,True
Q3-T-013,4184.64946753,direct,,47.1385213759,,True
Q3-T-013,4194.64946753,direct,,43.8839754259,,True
Q3-T-013,4204.64946753,direct,,41.5219891844,,True
Q3-T-013,4214.64946753,direct,,39.6669081196,,True
Q3-T-013,4224.64946753,direct,,38.1391412024,,True
Q3-T-013,4234.64946753,direct,,36.8403250637,,True
Q3-T-013,4244.64946753,direct,,35.7106979447,,True
Q3-T-013,4254.64946753,direct,,34.7112184454,,True
Q3-T-013,4262.86513405,direct,,33.968233704,,True
Q3-T-013,4264.64946753,direct,,33.9189448144,,True
Q3-T-013,4274.64946753,direct,,32.2137042255,,True
Q3-T-013,4284.64946753,direct,,29.6528405544,,True
Q3-T-013,4294.64946753,direct,,27.3207362588,,True
Q3-T-013,4304.64946753,direct,,25.3599344151,,True
Q3-T-013,4314.64946753,direct,,23.7101801462,,True
Q3-T-013,4324.64946753,direct,,22.300058685,,True
Q3-T-013,4334.64946753,direct,,21.0743743315,,True
Q3-T-013,4344.64946753,direct,,19.9930722914,,True
Q3-T-013,4354.64946753,direct,,19.0270719968,,True
Q3-T-013,4364.64946753,direct,,18.1549074929,,True
Q3-T-013,4374.64946753,direct,,17.360461083,,True
Q3-T-013,4384.64946753,direct,,16.6312055955,,True
Q3-T-013,4394.64946753,direct,,15.957474704,,True
Q3-T-013,4404.64946753,direct,,15.3315335548,,True
Q3-T-013,4414.64946753,direct,,14.7471323123,,True
Q3-T-013,4424.64946753,direct,,14.1991672745,,True
Q3-T-013,4434.64946753,direct,,13.6834021419,,True
Q3-T-013,4444.64946753,direct,,13.1962948619,,True
Q3-T-013,4454.64946753,direct,,12.7348824712,,True
Q3-T-013,4464.64946753,direct,,12.2965532444,,True
Q3-T-013,4474.64946753,direct,,11.8791477357,,True
Q3-T-013,4484.64946753,direct,,11.4807706271,,True
Q3-T-013,4494.64946753,direct,,11.0997715894,,True
Q3-T-013,4504.64946753,direct,,10.7347050201,,True
Q3-T-013,4514.64946753,direct,,10.384297685,,True
Q3-T-013,4524.64946753,direct,,10.0474224798,,True
Q3-T-013,4534.64946753,direct,,9.72309810617,,True
Q3-T-013,4544.64946753,direct,,9.41038615897,,True
Q3-T-013,4554.64946753,direct,,9.10850550312,,True
Q3-T-013,4564.64946753,direct,,8.81673319567,,True
Q3-T-013,4574.64946753,direct,,8.53441612845,,True
Q3-T-013,4584.64946753,direct,,8.26096233903,,True
Q3-T-013,4594.64946753,direct,,7.99583362855,,True
Q3-T-013,4604.64946753,direct,,7.73853925828,,True
Q3-T-013,4614.64946753,direct,,7.48864688719,,True
Q3-T-013,4624.64946753,direct,,7.2457120783,,True
Q3-T-013,4634.64946753,direct,,7.00937371286,,True
Q3-T-013,4644.64946753,relay,H039,-3.22071629746,22.0260634733,True
Q3-T-013,4654.64946753,direct,,6.55512075376,,True
Q3-T-013,4664.64946753,relay,H039,-3.66341230894,27.5197462795,True
Q3-T-013,4674.64946753,relay,H039,-3.87659089386,29.0788934776,True
Q3-T-013,4684.64946753,relay,H039,-4.08467071398,27.3356087223,True
Q3-T-013,4694.64946753,relay,H039,-4.28787629112,24.434663527,True
Q3-T-013,4704.64946753,relay,H039,-4.48645618964,21.8697980579,True
Q3-T-013,4714.64946753,relay,H039,-4.68060358055,19.7691835231,True
Q3-T-013,4724.64946753,relay,H039,-4.87051176733,18.0314227461,True
Q3-T-013,4734.64946753,relay,H039,-5.05636169384,16.5623575756,True
Q3-T-013,4744.64946753,relay,H039,-5.2383229747,15.295009364,True
Q3-T-013,4754.64946753,relay,H039,-5.41655482069,14.182942757,True
Q3-T-013,4764.64946753,relay,H039,-5.59120687165,13.1934133072,True
Q3-T-013,4774.64946753,relay,H039,-5.76240869884,12.3027889907,True
Q3-T-013,4777.17724379,relay,H039,-5.8051624007,12.0910828023,True
Q3-T-013,4784.64946753,relay,H039,-5.80463260228,12.0789183199,True
Q3-T-013,4794.64946753,relay,H039,-5.80397470777,12.0614565203,True
Q3-T-013,4804.64946753,relay,H039,-5.80337505301,12.0426500526,True
Q3-T-013,4814.64946753,relay,H039,-5.80283366215,12.0225166199,True
Q3-T-013,4824.64946753,relay,H039,-5.80235055698,12.0010749763,True
Q3-T-013,4834.64946753,relay,H039,-5.80192575697,11.9783448713,True
Q3-T-013,4844.64946753,relay,H039,-5.80155927924,11.9543469921,True
Q3-T-013,4854.64946753,relay,H039,-5.80125113854,11.9291029052,True
Q3-T-013,4862.14682694,relay,H039,-5.80105844188,11.9093788385,True
Q3-T-013,4864.64946753,relay,H039,-5.80105844188,11.9093788385,True
Q3-T-013,4874.64946753,relay,H039,-5.80105844188,11.9093788385,True
Q3-T-013,4884.64946753,relay,H039,-5.80105844188,11.9093788385,True
Q3-T-013,4894.64946753,relay,H039,-5.80105844188,11.9093788385,True
Q3-T-013,4904.64946753,relay,H039,-5.80105844188,11.9093788385,True
Q3-T-013,4914.64946753,relay,H039,-5.80105844188,11.9093788385,True
Q3-T-013,4924.64946753,relay,H039,-5.80105844188,11.9093788385,True
Q3-T-013,4934.64946753,relay,H039,-5.80105844188,11.9093788385,True
Q3-T-013,4944.64946753,relay,H039,-5.80105844188,11.9093788385,True
Q3-T-013,4954.64946753,relay,H039,-5.80105844188,11.9093788385,True
Q3-T-013,4964.64946753,relay,H039,-5.80105844188,11.9093788385,True
Q3-T-013,4974.64946753,relay,H039,-5.80105844188,11.9093788385,True
Q3-T-013,4984.64946753,relay,H039,-5.80105844188,11.9093788385,True
Q3-T-013,4994.64946753,relay,H039,-5.80105844188,11.9093788385,True
Q3-T-013,5004.64946753,relay,H039,-5.80105844188,11.9093788385,True
Q3-T-013,5014.64946753,relay,H039,-5.80105844188,11.9093788385,True
Q3-T-013,5024.64946753,relay,H039,-5.80105844188,11.9093788385,True
Q3-T-013,5034.64946753,relay,H039,-5.80105844188,11.9093788385,True
Q3-T-013,5044.64946753,relay,H039,-5.80105844188,11.9093788385,True
Q3-T-013,5054.64946753,relay,H039,-5.80105844188,11.9093788385,True
Q3-T-013,5064.64946753,relay,H039,-5.80105844188,11.9093788385,True
Q3-T-013,5074.64946753,relay,H039,-5.80105844188,11.9093788385,True
Q3-T-013,5084.64946753,relay,H039,-5.80105844188,11.9093788385,True
Q3-T-013,5094.64946753,relay,H039,-5.80105844188,11.9093788385,True
Q3-T-013,5104.64946753,relay,H039,-5.80105844188,11.9093788385,True
Q3-T-013,5114.64946753,relay,H039,-5.80105844188,11.9093788385,True
Q3-T-013,5124.64946753,relay,H039,-5.80105844188,11.9093788385,True
Q3-T-013,5134.64946753,relay,H039,-5.80105844188,11.9093788385,True
Q3-T-013,5144.64946753,relay,H039,-5.80105844188,11.9093788385,True
Q3-T-013,5154.64946753,relay,H039,-5.80105844188,11.9093788385,True
Q3-T-013,5164.64946753,relay,H039,-5.80105844188,11.9093788385,True
Q3-T-013,5174.64946753,relay,H039,-5.80105844188,11.9093788385,True
Q3-T-013,5184.64946753,relay,H039,-5.80105844188,11.9093788385,True
Q3-T-013,5194.64946753,relay,H039,-5.80105844188,11.9093788385,True
Q3-T-013,5204.64946753,relay,H039,-5.80105844188,11.9093788385,True
Q3-T-013,5214.64946753,relay,H039,-5.80105844188,11.9093788385,True
Q3-T-013,5224.64946753,relay,H039,-5.80105844188,11.9093788385,True
Q3-T-013,5234.64946753,relay,H039,-5.80105844188,11.9093788385,True
Q3-T-013,5244.64946753,relay,H039,-5.80105844188,11.9093788385,True
Q3-T-013,5254.64946753,relay,H039,-5.80105844188,11.9093788385,True
Q3-T-013,5258.14682694,relay,H039,-5.80105844188,11.9093788385,True
Q3-T-013,5264.64946753,relay,H039,-5.80126897064,11.9307425336,True
Q3-T-013,5274.64946753,relay,H039,-5.80166789307,11.9620054632,True
Q3-T-013,5284.64946753,relay,H039,-5.80215796012,11.9913105482,True
Q3-T-013,5294.64946753,relay,H039,-5.80273914093,12.0186164134,True
Q3-T-013,5304.64946753,relay,H039,-5.80341139892,12.0438839112,True
Q3-T-013,5314.64946753,relay,H039,-5.80417469178,12.0670762972,True
Q3-T-013,5324.64946753,relay,H039,-5.80502897152,12.0881594007,True
Q3-T-013,5326.12249346,relay,H039,-5.8051624007,12.0910828023,True
Q3-T-013,5334.64946753,relay,H039,-5.66010217132,12.8263503047,True
Q3-T-013,5344.64946753,relay,H039,-5.48684223895,13.7738888468,True
Q3-T-013,5354.64946753,relay,H039,-5.31007171208,14.8335224822,True
Q3-T-013,5364.64946753,relay,H039,-5.1296211143,16.0340659243,True
Q3-T-013,5374.64946753,relay,H039,-4.94534677035,17.4157165257,True
Q3-T-013,5384.64946753,relay,H039,-4.75708333374,19.0362828009,True
Q3-T-013,5394.64946753,relay,H039,-4.56465451088,20.9787048598,True
Q3-T-013,5404.64946753,relay,H039,-4.36787207426,23.3491575594,True
Q3-T-013,5414.64946753,relay,H039,-4.16653476219,26.1768446068,True
Q3-T-013,5424.64946753,relay,H039,-3.96042704873,28.7186697908,True
Q3-T-013,5434.64946753,relay,H039,-3.74933194392,28.4794962741,True
Q3-T-013,5444.64946753,relay,H039,-3.53297166791,25.784263137,True
Q3-T-013,5454.64946753,direct,,6.68890443029,,True
Q3-T-013,5464.64946753,relay,H039,-3.08341406258,20.6983042047,True
Q3-T-013,5474.64946753,direct,,7.15038419584,,True
Q3-T-013,5484.64946753,direct,,7.39063622937,,True
Q3-T-013,5494.64946753,direct,,7.63770764103,,True
Q3-T-013,5504.64946753,direct,,7.89199593035,,True
Q3-T-013,5514.64946753,direct,,8.15391666141,,True
Q3-T-013,5524.64946753,direct,,8.42397787863,,True
Q3-T-013,5534.64946753,direct,,8.70268096914,,True
Q3-T-013,5544.64946753,direct,,8.99059556424,,True
Q3-T-013,5554.64946753,direct,,9.28834934452,,True
Q3-T-013,5564.64946753,direct,,9.59663617523,,True
Q3-T-013,5574.64946753,direct,,9.91622571275,,True
Q3-T-013,5584.64946753,direct,,10.2479748117,,True
Q3-T-013,5594.64946753,direct,,10.5928178113,,True
Q3-T-013,5604.64946753,direct,,10.9518752981,,True
Q3-T-013,5614.64946753,direct,,11.3263367511,,True
Q3-T-013,5624.64946753,direct,,11.7175753042,,True
Q3-T-013,5634.64946753,direct,,12.1271550347,,True
Q3-T-013,5644.64946753,direct,,12.5568678141,,True
Q3-T-013,5654.64946753,direct,,13.0087794191,,True
Q3-T-013,5664.64946753,direct,,13.4852878105,,True
Q3-T-013,5674.64946753,direct,,13.9891631883,,True
Q3-T-013,5684.64946753,direct,,14.5237797759,,True
Q3-T-013,5694.64946753,direct,,15.0930416681,,True
Q3-T-013,5704.64946753,direct,,15.7016820882,,True
Q3-T-013,5714.64946753,direct,,16.3554569803,,True
Q3-T-013,5724.64946753,direct,,17.0614551856,,True
Q3-T-013,5734.64946753,direct,,17.8285317345,,True
Q3-T-013,5744.64946753,direct,,18.6679247645,,True
Q3-T-013,5754.64946753,direct,,19.5940862755,,True
Q3-T-013,5764.64946753,direct,,20.6262560983,,True
Q3-T-013,5774.64946753,direct,,21.7900701097,,True
Q3-T-013,5784.64946753,direct,,23.1207169421,,True
Q3-T-013,5794.64946753,direct,,24.6668496309,,True
Q3-T-013,5804.64946753,direct,,26.4939678632,,True
Q3-T-013,5814.64946753,direct,,28.6749588424,,True
Q3-T-013,5824.64946753,direct,,31.1964559016,,True
Q3-T-013,5834.64946753,direct,,33.4761414761,,True
Q3-T-013,5840.43460319,direct,,33.968233704,,True
Q3-T-013,5844.64946753,direct,,34.2655206115,,True
Q3-T-013,5854.64946753,direct,,35.0144129235,,True
Q3-T-013,5864.64946753,direct,,35.8340191243,,True
Q3-T-013,5874.64946753,direct,,36.7390992784,,True
Q3-T-013,5884.64946753,direct,,37.7495790501,,True
Q3-T-013,5894.64946753,direct,,38.8932823768,,True
Q3-T-013,5904.64946753,direct,,40.2107505409,,True
Q3-T-013,5914.64946753,direct,,41.7644096419,,True
Q3-T-013,5924.64946753,direct,,43.6578541232,,True
Q3-T-013,5934.64946753,direct,,46.0825445809,,True
Q3-T-013,5944.64946753,direct,,49.4580703374,,True
Q3-T-013,5954.64946753,direct,,55.0540003142,,True
Q3-T-013,5964.64946753,direct,,75.4601260598,,True
Q3-T-013,5974.64946753,direct,,56.8935683544,,True
Q3-T-013,5975.70418634,direct,,55.9251752525,,True
Q3-T-014,3295.73586055,direct,,55.9251752525,,True
Q3-T-014,3305.73586055,direct,,61.9457751658,,True
Q3-T-014,3315.73586055,direct,,49.9045753392,,True
Q3-T-014,3325.73586055,direct,,45.0438143655,,True
Q3-T-014,3335.73586055,direct,,41.9457751658,,True
Q3-T-014,3345.73586055,direct,,39.6669081196,,True
Q3-T-014,3355.73586055,direct,,37.8633755126,,True
Q3-T-014,3365.73586055,direct,,36.3707031467,,True
Q3-T-014,3375.73586055,direct,,35.0973215493,,True
Q3-T-014,3385.73586055,direct,,33.9869749923,,True
Q3-T-014,3395.73586055,direct,,33.0026145389,,True
Q3-T-014,3405.73586055,direct,,32.1185412891,,True
Q3-T-014,3415.73586055,direct,,31.3161968249,,True
Q3-T-014,3425.73586055,direct,,30.5817406844,,True
Q3-T-014,3435.73586055,direct,,29.9045753392,,True
Q3-T-014,3443.76894568,direct,,29.3964097166,,True
Q3-T-014,3445.73586055,direct,,29.3754455933,,True
Q3-T-014,3455.73586055,direct,,28.680696114,,True
Q3-T-014,3465.73586055,direct,,27.3452688263,,True
Q3-T-014,3475.73586055,direct,,25.8202399212,,True
Q3-T-014,3485.73586055,direct,,24.3405423138,,True
Q3-T-014,3495.73586055,direct,,22.9832953016,,True
Q3-T-014,3505.73586055,direct,,21.7594568147,,True
Q3-T-014,3515.73586055,direct,,20.6579497391,,True
Q3-T-014,3525.73586055,direct,,19.6629560336,,True
Q3-T-014,3535.73586055,direct,,18.7591156635,,True
Q3-T-014,3545.73586055,direct,,17.9330790171,,True
Q3-T-014,3555.73586055,direct,,17.1737042957,,True
Q3-T-014,3565.73586055,direct,,16.4717872948,,True
Q3-T-014,3575.73586055,direct,,15.8197429422,,True
Q3-T-014,3585.73586055,direct,,15.2112822551,,True
Q3-T-014,3595.73586055,direct,,14.6411812595,,True
Q3-T-014,3605.73586055,direct,,14.1050834613,,True
Q3-T-014,3615.73586055,direct,,13.5992133558,,True
Q3-T-014,3625.73586055,direct,,13.120496613,,True
Q3-T-014,3635.73586055,direct,,12.6662168305,,True
Q3-T-014,3645.73586055,direct,,12.2340740292,,True
Q3-T-014,3655.73586055,direct,,11.8219946126,,True
Q3-T-014,3665.73586055,direct,,11.4282817477,,True
Q3-T-014,3675.73586055,direct,,11.051396695,,True
Q3-T-014,3685.73586055,direct,,0.689930022298,,True
Q3-T-014,3695.73586055,direct,,10.3427320049,,True
Q3-T-014,3705.73586055,direct,,10.0087187019,,True
Q3-T-014,3715.73586055,direct,,9.68695243792,,True
Q3-T-014,3725.73586055,direct,,9.37653265881,,True
Q3-T-014,3735.73586055,direct,,9.07673379227,,True
Q3-T-014,3745.73586055,direct,,8.78686188758,,True
Q3-T-014,3755.73586055,direct,,8.50625877528,,True
Q3-T-014,3765.73586055,direct,,8.23435607388,,True
Q3-T-014,3775.73586055,direct,,7.97065685147,,True
Q3-T-014,3785.73586055,relay,H161,-2.28531399874,25.2374660651,True
Q3-T-014,3795.73586055,relay,H161,-2.53401793655,22.2033833066,True
Q3-T-014,3805.73586055,relay,H161,-2.7758523977,19.9171665359,True
Q3-T-014,3815.73586055,relay,H161,-3.01115272604,18.094351314,True
Q3-T-014,3825.73586055,relay,H161,-3.24029286359,16.5819201993,True
Q3-T-014,3835.73586055,relay,H161,-3.46357462864,15.2908992645,True
Q3-T-014,3844.41993848,relay,H161,-3.6529442698,14.3054706007,True
Q3-T-014,3845.73586055,relay,H161,-3.65261165977,14.3031024282,True
Q3-T-014,3855.73586055,relay,H161,-3.65016807267,14.2830542322,True
Q3-T-014,3865.73586055,relay,H161,-3.64787284962,14.2594148136,True
Q3-T-014,3875.73586055,relay,H161,-3.64572622666,14.2322430097,True
Q3-T-014,3883.33964063,relay,H161,-3.6441935299,14.2092581371,True
Q3-T-014,3885.73586055,relay,H161,-3.6441935299,14.2092581371,True
Q3-T-014,3895.73586055,relay,H161,-3.6441935299,14.2092581371,True
Q3-T-014,3905.73586055,relay,H161,-3.6441935299,14.2092581371,True
Q3-T-014,3915.73586055,relay,H161,-3.6441935299,14.2092581371,True
Q3-T-014,3925.73586055,relay,H161,-3.6441935299,14.2092581371,True
Q3-T-014,3935.73586055,relay,H161,-3.6441935299,14.2092581371,True
Q3-T-014,3945.73586055,relay,H161,-3.6441935299,14.2092581371,True
Q3-T-014,3955.73586055,relay,H161,-3.6441935299,14.2092581371,True
Q3-T-014,3965.73586055,relay,H161,-3.6441935299,14.2092581371,True
Q3-T-014,3975.73586055,relay,H161,-3.6441935299,14.2092581371,True
Q3-T-014,3985.73586055,relay,H161,-3.6441935299,14.2092581371,True
Q3-T-014,3995.73586055,relay,H161,-3.6441935299,14.2092581371,True
Q3-T-014,4005.73586055,relay,H161,-3.6441935299,14.2092581371,True
Q3-T-014,4015.73586055,relay,H161,-3.6441935299,14.2092581371,True
Q3-T-014,4025.73586055,relay,H161,-3.6441935299,14.2092581371,True
Q3-T-014,4035.73586055,relay,H161,-3.6441935299,14.2092581371,True
Q3-T-014,4045.73586055,relay,H161,-3.6441935299,14.2092581371,True
Q3-T-014,4055.73586055,relay,H161,-3.6441935299,14.2092581371,True
Q3-T-014,4065.73586055,relay,H161,-3.6441935299,14.2092581371,True
Q3-T-014,4075.73586055,relay,H161,-3.6441935299,14.2092581371,True
Q3-T-014,4085.73586055,relay,H161,-3.6441935299,14.2092581371,True
Q3-T-014,4095.73586055,relay,H161,-3.6441935299,14.2092581371,True
Q3-T-014,4105.73586055,relay,H161,-3.6441935299,14.2092581371,True
Q3-T-014,4115.73586055,relay,H161,-3.6441935299,14.2092581371,True
Q3-T-014,4123.33964063,relay,H161,-3.6441935299,14.2092581371,True
Q3-T-014,4125.73586055,relay,H161,-3.64476310541,14.2181851709,True
Q3-T-014,4135.73586055,relay,H161,-3.64727250165,14.2523500546,True
Q3-T-014,4145.73586055,relay,H161,-3.6499959702,14.281453824,True
Q3-T-014,4155.73586055,relay,H161,-3.65293310766,14.3053924421,True
Q3-T-014,4155.77272575,relay,H161,-3.6529442698,14.3054706007,True
Q3-T-014,4165.73586055,relay,H161,-3.43532898999,15.4458686264,True
Q3-T-014,4175.73586055,relay,H161,-3.21131449814,16.7615801204,True
Q3-T-014,4185.73586055,relay,H161,-2.98141455373,18.3077384703,True
Q3-T-014,4195.73586055,relay,H161,-2.74527860874,20.1795939795,True
Q3-T-014,4205.73586055,relay,H161,-2.50259567905,22.541554117,True
Q3-T-014,4215.73586055,relay,H161,-2.2529962507,25.7032865112,True
Q3-T-014,4225.73586055,relay,H161,-1.99605082255,30.2067114558,True
Q3-T-014,4235.73586055,direct,,8.26868057194,,True
Q3-T-014,4245.73586055,direct,,8.54165596188,,True
Q3-T-014,4255.73586055,relay,H161,-1.17660078647,25.8287577562,True
Q3-T-014,4265.73586055,direct,,9.11451710217,,True
Q3-T-014,4275.73586055,direct,,9.41564601902,,True
Q3-T-014,4285.73586055,relay,H161,-0.272552845839,18.3644279144,True
Q3-T-014,4295.73586055,direct,,10.0507442968,,True
Q3-T-014,4305.73586055,direct,,10.3863887615,,True
Q3-T-014,4315.73586055,direct,,0.735345472421,,True
Q3-T-014,4325.73586055,direct,,11.098702676,,True
Q3-T-014,4335.73586055,direct,,11.4776773374,,True
Q3-T-014,4345.73586055,direct,,11.8736472691,,True
Q3-T-014,4355.73586055,direct,,12.2881741868,,True
Q3-T-014,4365.73586055,direct,,12.7230490599,,True
Q3-T-014,4375.73586055,direct,,13.1803182089,,True
Q3-T-014,4385.73586055,direct,,13.6623216957,,True
Q3-T-014,4395.73586055,direct,,14.1718774951,,True
Q3-T-014,4405.73586055,direct,,14.7121284807,,True
Q3-T-014,4415.73586055,direct,,15.286875999,,True
Q3-T-014,4425.73586055,direct,,15.9005690443,,True
Q3-T-014,4435.73586055,direct,,16.5586494326,,True
Q3-T-014,4445.73586055,direct,,17.2674624061,,True
Q3-T-014,4455.73586055,direct,,18.0347733063,,True
Q3-T-014,4465.73586055,direct,,18.8701317852,,True
Q3-T-014,4475.73586055,direct,,19.7848463837,,True
Q3-T-014,4485.73586055,direct,,20.7925734133,,True
Q3-T-014,4495.73586055,direct,,21.9088166002,,True
Q3-T-014,4505.73586055,direct,,23.1494319381,,True
Q3-T-014,4515.73586055,direct,,24.5236776444,,True
Q3-T-014,4525.73586055,direct,,26.0156141379,,True
Q3-T-014,4535.73586055,direct,,27.5341714325,,True
Q3-T-014,4545.73586055,direct,,28.8163621235,,True
Q3-T-014,4555.73586055,direct,,29.3938422605,,True
Q3-T-014,4556.42371855,direct,,29.3964097166,,True
Q3-T-014,4565.73586055,direct,,29.8867874918,,True
Q3-T-014,4575.73586055,direct,,30.4461774015,,True
Q3-T-014,4585.73586055,direct,,31.0440882813,,True
Q3-T-014,4595.73586055,direct,,31.6862203789,,True
Q3-T-014,4605.73586055,direct,,32.3796410273,,True
Q3-T-014,4615.73586055,direct,,33.1332600831,,True
Q3-T-014,4625.73586055,direct,,33.9585318955,,True
Q3-T-014,4635.73586055,direct,,34.8705271044,,True
Q3-T-014,4645.73586055,direct,,35.8896359109,,True
Q3-T-014,4655.73586055,direct,,37.0444096514,,True
Q3-T-014,4665.73586055,direct,,38.3765964367,,True
Q3-T-014,4675.73586055,direct,,39.9507815488,,True
Q3-T-014,4685.73586055,direct,,41.8748413037,,True
Q3-T-014,4695.73586055,direct,,44.350099564,,True
Q3-T-014,4705.73586055,direct,,47.8250819515,,True
Q3-T-014,4715.73586055,direct,,53.7066504072,,True
Q3-T-014,4725.73586055,direct,,83.6694981181,,True
Q3-T-014,4734.06342071,direct,,55.9251752525,,True
Q3-T-015,3709.88725055,direct,,55.9251752525,,True
Q3-T-015,3719.88725055,direct,,61.9457751658,,True
Q3-T-015,3729.88725055,direct,,49.9045753392,,True
Q3-T-015,3739.88725055,direct,,45.0438143655,,True
Q3-T-015,3749.88725055,direct,,41.9457751658,,True
Q3-T-015,3759.88725055,direct,,39.6669081196,,True
Q3-T-015,3765.06355468,direct,,38.6867245789,,True
Q3-T-015,3769.88725055,direct,,37.7274887743,,True
Q3-T-015,3779.88725055,direct,,33.4563168045,,True
Q3-T-015,3789.88725055,direct,,29.9092551516,,True
Q3-T-015,3799.88725055,direct,,27.2617972659,,True
Q3-T-015,3809.88725055,direct,,25.1950075589,,True
Q3-T-015,3819.88725055,direct,,23.5106143606,,True
Q3-T-015,3829.88725055,direct,,22.0930633934,,True
Q3-T-015,3839.88725055,direct,,20.8707568357,,True
Q3-T-015,3849.88725055,direct,,19.7971885081,,True
Q3-T-015,3859.88725055,direct,,18.8403575069,,True
Q3-T-015,3869.88725055,direct,,17.9777150494,,True
Q3-T-015,3879.88725055,direct,,17.1924246716,,True
Q3-T-015,3889.88725055,direct,,16.4718722149,,True
Q3-T-015,3899.88725055,direct,,5.80617568075,,True
Q3-T-015,3909.88725055,direct,,5.18771051242,,True
Q3-T-015,3919.88725055,direct,,4.61018142354,,True
Q3-T-015,3929.88725055,direct,,4.06855157989,,True
Q3-T-015,3939.88725055,direct,,3.55857510959,,True
Q3-T-015,3949.88725055,direct,,3.0768466055,,True
Q3-T-015,3959.88725055,direct,,2.62035848067,,True
Q3-T-015,3969.88725055,direct,,2.18662594761,,True
Q3-T-015,3979.88725055,direct,,1.77344589061,,True
Q3-T-015,3989.88725055,direct,,1.37902865792,,True
Q3-T-015,3999.88725055,direct,,1.00170535605,,True
Q3-T-015,4009.88725055,direct,,0.640077329799,,True
Q3-T-015,4019.88725055,direct,,0.292853513072,,True
Q3-T-015,4029.88725055,relay,H161,-0.0410113897853,2.25935332257,True
Q3-T-015,4039.88725055,relay,H161,-0.362541725543,2.1452683472,True
Q3-T-015,4049.88725055,relay,H161,-0.672598758304,2.02618823835,True
Q3-T-015,4059.88725055,relay,H161,-0.972006231447,1.90255810118,True
Q3-T-015,4069.88725055,relay,H161,-1.26142122542,1.77488132728,True
Q3-T-015,4079.88725055,relay,H161,-1.54151987154,1.64357158185,True
Q3-T-015,4089.88725055,relay,H161,-1.81286809332,1.50909031336,True
Q3-T-015,4099.88725055,relay,H161,-2.07602557869,1.37180769601,True
Q3-T-015,4109.88725055,relay,H161,-2.33142809512,1.23214361302,True
Q3-T-015,4119.88725055,relay,H161,-2.57954713981,1.09042231784,True
Q3-T-015,4129.88725055,relay,H161,-2.82077325053,0.947008693618,True
Q3-T-015,4139.88725055,relay,H161,-3.05550558942,0.802178424631,True
Q3-T-015,4145.41711781,relay,H161,-3.18262159269,0.721607518353,True
Q3-T-015,4149.88725055,relay,H161,-3.1822043592,0.720431077107,True
Q3-T-015,4159.88725055,relay,H161,-3.18139186079,0.717683680732,True
Q3-T-015,4169.88725055,relay,H161,-3.18074595447,0.714775240758,True
Q3-T-015,4170.70868275,relay,H161,-3.18070038293,0.714529614332,True
Q3-T-015,4179.88725055,relay,H161,-3.18070038293,0.714529614332,True
Q3-T-015,4189.88725055,relay,H161,-3.18070038293,0.714529614332,True
Q3-T-015,4199.88725055,relay,H161,-3.18070038293,0.714529614332,True
Q3-T-015,4209.88725055,relay,H161,-3.18070038293,0.714529614332,True
Q3-T-015,4219.88725055,relay,H161,-3.18070038293,0.714529614332,True
Q3-T-015,4229.88725055,relay,H161,-3.18070038293,0.714529614332,True
Q3-T-015,4239.88725055,relay,H161,-3.18070038293,0.714529614332,True
Q3-T-015,4249.88725055,relay,H161,-3.18070038293,0.714529614332,True
Q3-T-015,4259.88725055,relay,H161,-3.18070038293,0.714529614332,True
Q3-T-015,4269.88725055,relay,H161,-3.18070038293,0.714529614332,True
Q3-T-015,4279.88725055,relay,H161,-3.18070038293,0.714529614332,True
Q3-T-015,4289.88725055,relay,H161,-3.18070038293,0.714529614332,True
Q3-T-015,4299.88725055,relay,H161,-3.18070038293,0.714529614332,True
Q3-T-015,4309.88725055,relay,H161,-3.18070038293,0.714529614332,True
Q3-T-015,4319.88725055,relay,H161,-3.18070038293,0.714529614332,True
Q3-T-015,4329.88725055,relay,H161,-3.18070038293,0.714529614332,True
Q3-T-015,4339.88725055,relay,H161,-3.18070038293,0.714529614332,True
Q3-T-015,4349.88725055,relay,H161,-3.18070038293,0.714529614332,True
Q3-T-015,4359.88725055,relay,H161,-3.18070038293,0.714529614332,True
Q3-T-015,4369.88725055,relay,H161,-3.18070038293,0.714529614332,True
Q3-T-015,4379.88725055,relay,H161,-3.18070038293,0.714529614332,True
Q3-T-015,4389.88725055,relay,H161,-3.18070038293,0.714529614332,True
Q3-T-015,4399.88725055,relay,H161,-3.18070038293,0.714529614332,True
Q3-T-015,4409.88725055,relay,H161,-3.18070038293,0.714529614332,True
Q3-T-015,4410.70868275,relay,H161,-3.18070038293,0.714529614332,True
Q3-T-015,4419.88725055,relay,H161,-3.18140618543,0.717739078026,True
Q3-T-015,4429.88725055,relay,H161,-3.18240508365,0.72101280891,True
Q3-T-015,4431.78498687,relay,H161,-3.18262159269,0.721607518353,True
Q3-T-015,4439.88725055,relay,H161,-2.99572057552,0.839553917162,True
Q3-T-015,4449.88725055,relay,H161,-2.75936040558,0.98404916903,True
Q3-T-015,4459.88725055,relay,H161,-2.51639981368,1.12705420645,True
Q3-T-015,4469.88725055,relay,H161,-2.26643014005,1.2682864704,True
Q3-T-015,4479.88725055,relay,H161,-2.00908216392,1.40736822458,True
Q3-T-015,4489.88725055,relay,H161,-1.7438753905,1.5439700072,True
Q3-T-015,4499.88725055,relay,H161,-1.47033089317,1.6776710132,True
Q3-T-015,4509.88725055,relay,H161,-1.18787424158,1.8080941788,True
Q3-T-015,4519.88725055,relay,H161,-0.895959128634,1.93476873279,True
Q3-T-015,4529.88725055,relay,H161,-0.593894150806,2.05727739663,True
Q3-T-015,4539.88725055,relay,H161,-0.280966976644,2.17511472104,True
Q3-T-015,4549.88725055,relay,H161,0.0436705774979,2.28783095925,True
Q3-T-015,4559.88725055,direct,,0.380865872798,,True
Q3-T-015,4569.88725055,direct,,0.731670987986,,True
Q3-T-015,4579.88725055,direct,,1.09720774884,,True
Q3-T-015,4589.88725055,direct,,1.47881135106,,True
Q3-T-015,4599.88725055,direct,,1.87788257405,,True
Q3-T-015,4609.88725055,direct,,2.29614549255,,True
Q3-T-015,4619.88725055,direct,,2.73550917236,,True
Q3-T-015,4629.88725055,direct,,3.1982661536,,True
Q3-T-015,4639.88725055,direct,,3.68694901146,,True
Q3-T-015,4649.88725055,direct,,4.2046903124,,True
Q3-T-015,4659.88725055,direct,,4.75511871608,,True
Q3-T-015,4669.88725055,direct,,5.34269375137,,True
Q3-T-015,4679.88725055,direct,,15.9726475696,,True
Q3-T-015,4689.88725055,direct,,16.6516194729,,True
Q3-T-015,4699.88725055,direct,,17.3877839662,,True
Q3-T-015,4709.88725055,direct,,18.1916814345,,True
Q3-T-015,4719.88725055,direct,,19.0767371805,,True
Q3-T-015,4729.88725055,direct,,20.0610939537,,True
Q3-T-015,4739.88725055,direct,,21.1693998015,,True
Q3-T-015,4749.88725055,direct,,22.4368046505,,True
Q3-T-015,4759.88725055,direct,,23.9148144565,,True
Q3-T-015,4769.88725055,direct,,25.6840012358,,True
Q3-T-015,4779.88725055,direct,,27.8767127054,,True
Q3-T-015,4789.88725055,direct,,30.7210841128,,True
Q3-T-015,4799.88725055,direct,,34.5461188262,,True
Q3-T-015,4809.88725055,direct,,38.4589720567,,True
Q3-T-015,4812.13855,direct,,38.6867245789,,True
Q3-T-015,4819.88725055,direct,,39.9273415594,,True
Q3-T-015,4829.88725055,direct,,41.8455987523,,True
Q3-T-015,4839.88725055,direct,,44.3112364582,,True
Q3-T-015,4849.88725055,direct,,47.7671644496,,True
Q3-T-015,4859.88725055,direct,,53.5930203727,,True
Q3-T-015,4869.88725055,direct,,80.6566153812,,True
Q3-T-015,4878.35011496,direct,,55.9251752525,,True
Q3-T-016,4676.86433649,direct,,55.9251752525,,True
Q3-T-016,4686.86433649,direct,,67.966375079,,True
Q3-T-016,4696.86433649,direct,,52.4033500714,,True
Q3-T-016,4706.86433649,direct,,47.1385213759,,True
Q3-T-016,4716.86433649,direct,,43.8839754259,,True
Q3-T-016,4726.86433649,direct,,41.5219891844,,True
Q3-T-016,4736.86433649,direct,,39.6669081196,,True
Q3-T-016,4746.86433649,direct,,38.1391412024,,True
Q3-T-016,4756.86433649,direct,,36.8403250637,,True
Q3-T-016,4766.86433649,direct,,35.7106979447,,True
Q3-T-016,4774.94806941,direct,,34.894021754,,True
Q3-T-016,4776.86433649,direct,,34.8238267775,,True
Q3-T-016,4786.86433649,direct,,32.7724245353,,True
Q3-T-016,4796.86433649,direct,,29.9375213336,,True
Q3-T-016,4806.86433649,direct,,27.4755099074,,True
Q3-T-016,4816.86433649,direct,,25.4520294744,,True
Q3-T-016,4826.86433649,direct,,23.7690145206,,True
Q3-T-016,4836.86433649,direct,,22.3397488019,,True
Q3-T-016,4846.86433649,direct,,21.102145748,,True
Q3-T-016,4856.86433649,direct,,20.0130525066,,True
Q3-T-016,4866.86433649,direct,,19.0417360716,,True
Q3-T-016,4876.86433649,direct,,18.1658168514,,True
Q3-T-016,4886.86433649,direct,,17.3685922953,,True
Q3-T-016,4896.86433649,direct,,16.6373687,,True
Q3-T-016,4906.86433649,direct,,15.9620990326,,True
Q3-T-016,4916.86433649,direct,,15.3349716707,,True
Q3-T-016,4926.86433649,direct,,14.749646789,,True
Q3-T-016,4936.86433649,direct,,14.2009479134,,True
Q3-T-016,4946.86433649,direct,,13.6846287696,,True
Q3-T-016,4956.86433649,direct,,13.1970467834,,True
Q3-T-016,4966.86433649,direct,,12.7352187745,,True
Q3-T-016,4976.86433649,direct,,12.2965754543,,True
Q3-T-016,4986.86433649,direct,,11.8789117734,,True
Q3-T-016,4996.86433649,direct,,11.4803215154,,True
Q3-T-016,5006.86433649,direct,,11.0991700716,,True
Q3-T-016,5016.86433649,direct,,10.7339557852,,True
Q3-T-016,5026.86433649,direct,,10.3834254056,,True
Q3-T-016,5036.86433649,direct,,10.0464526537,,True
Q3-T-016,5046.86433649,direct,,9.72202137965,,True
Q3-T-016,5056.86433649,direct,,9.40923865827,,True
Q3-T-016,5066.86433649,direct,,9.10731841975,,True
Q3-T-016,5076.86433649,direct,,8.81549671437,,True
Q3-T-016,5086.86433649,relay,H161,-1.46686117628,8.71361690785,True
Q3-T-016,5096.86433649,relay,H161,-1.74034849905,8.59251465523,True
Q3-T-016,5106.86433649,relay,H161,-2.00550452613,8.43985161033,True
Q3-T-016,5116.86433649,relay,H161,-2.26280444631,8.258974249,True
Q3-T-016,5126.86433649,relay,H161,-2.51273107379,8.05344370262,True
Q3-T-016,5136.86433649,relay,H161,-2.75567940482,7.82695810418,True
Q3-T-016,5146.86433649,relay,H161,-2.99202792606,7.58311353998,True
Q3-T-016,5156.86433649,relay,H161,-3.22212519141,7.3253010344,True
Q3-T-016,5166.86433649,relay,H161,-3.44629289262,7.05662550504,True
Q3-T-016,5176.86433649,relay,H161,-3.66481454409,6.77988446498,True
Q3-T-016,5186.86433649,relay,H161,-3.8779909669,6.49744075343,True
Q3-T-016,5196.86433649,relay,H161,-4.08607029637,6.21143946031,True
Q3-T-016,5206.86433649,relay,H161,-4.2892872968,5.92362650464,True
Q3-T-016,5216.86433649,relay,H161,-4.48786376816,5.63547329034,True
Q3-T-016,5226.86433649,relay,H161,-4.68199423175,5.34821278115,True
Q3-T-016,5236.86433649,relay,H161,-4.87189731765,5.06278226113,True
Q3-T-016,5246.86433649,relay,H161,-5.05774135733,4.77999125579,True
Q3-T-016,5256.86433649,relay,H161,-5.23969607535,4.50045997558,True
Q3-T-016,5266.86433649,relay,H161,-5.41792077862,4.2246686357,True
Q3-T-016,5276.86433649,relay,H161,-5.59256519117,3.95298073844,True
Q3-T-016,5286.86433649,relay,H161,-5.76375920735,3.68568306573,True
Q3-T-016,5296.86433649,relay,H161,-5.93165778109,3.42292302588,True
Q3-T-016,5306.86433649,relay,H161,-6.09637490529,3.1648436981,True
Q3-T-016,5313.55543267,relay,H161,-6.20486586232,2.99481268045,True
Q3-T-016,5316.86433649,relay,H161,-6.20467052948,2.99387577305,True
Q3-T-016,5326.86433649,relay,H161,-6.20411574927,2.99092936777,True
Q3-T-016,5336.86433649,relay,H161,-6.20361410142,2.98780913271,True
Q3-T-016,5346.86433649,relay,H161,-6.20316560435,2.98451544373,True
Q3-T-016,5356.86433649,relay,H161,-6.20277027453,2.98104869691,True
Q3-T-016,5364.56009882,relay,H161,-6.2025022745,2.97826347566,True
Q3-T-016,5366.86433649,relay,H161,-6.2025022745,2.97826347566,True
Q3-T-016,5376.86433649,relay,H161,-6.2025022745,2.97826347566,True
Q3-T-016,5386.86433649,relay,H161,-6.2025022745,2.97826347566,True
Q3-T-016,5396.86433649,relay,H161,-6.2025022745,2.97826347566,True
Q3-T-016,5406.86433649,relay,H161,-6.2025022745,2.97826347566,True
Q3-T-016,5416.86433649,relay,H161,-6.2025022745,2.97826347566,True
Q3-T-016,5426.86433649,relay,H161,-6.2025022745,2.97826347566,True
Q3-T-016,5436.86433649,relay,H161,-6.2025022745,2.97826347566,True
Q3-T-016,5446.86433649,relay,H161,-6.2025022745,2.97826347566,True
Q3-T-016,5456.86433649,relay,H161,-6.2025022745,2.97826347566,True
Q3-T-016,5466.86433649,relay,H161,-6.2025022745,2.97826347566,True
Q3-T-016,5476.86433649,relay,H161,-6.2025022745,2.97826347566,True
Q3-T-016,5486.86433649,relay,H161,-6.2025022745,2.97826347566,True
Q3-T-016,5496.86433649,relay,H161,-6.2025022745,2.97826347566,True
Q3-T-016,5506.86433649,relay,H161,-6.2025022745,2.97826347566,True
Q3-T-016,5516.86433649,relay,H161,-6.2025022745,2.97826347566,True
Q3-T-016,5526.86433649,relay,H161,-6.2025022745,2.97826347566,True
Q3-T-016,5536.86433649,relay,H161,-6.2025022745,2.97826347566,True
Q3-T-016,5546.86433649,relay,H161,-6.2025022745,2.97826347566,True
Q3-T-016,5556.86433649,relay,H161,-6.2025022745,2.97826347566,True
Q3-T-016,5566.86433649,relay,H161,-6.2025022745,2.97826347566,True
Q3-T-016,5576.86433649,relay,H161,-6.2025022745,2.97826347566,True
Q3-T-016,5586.86433649,relay,H161,-6.2025022745,2.97826347566,True
Q3-T-016,5596.86433649,relay,H161,-6.2025022745,2.97826347566,True
Q3-T-016,5606.86433649,relay,H161,-6.2025022745,2.97826347566,True
Q3-T-016,5616.86433649,relay,H161,-6.2025022745,2.97826347566,True
Q3-T-016,5626.86433649,relay,H161,-6.2025022745,2.97826347566,True
Q3-T-016,5636.86433649,relay,H161,-6.2025022745,2.97826347566,True
Q3-T-016,5646.86433649,relay,H161,-6.2025022745,2.97826347566,True
Q3-T-016,5656.86433649,relay,H161,-6.2025022745,2.97826347566,True
Q3-T-016,5666.86433649,relay,H161,-6.2025022745,2.97826347566,True
Q3-T-016,5676.86433649,relay,H161,-6.2025022745,2.97826347566,True
Q3-T-016,5686.86433649,relay,H161,-6.2025022745,2.97826347566,True
Q3-T-016,5696.86433649,relay,H161,-6.2025022745,2.97826347566,True
Q3-T-016,5706.86433649,relay,H161,-6.2025022745,2.97826347566,True
Q3-T-016,5716.86433649,relay,H161,-6.2025022745,2.97826347566,True
Q3-T-016,5724.56009882,relay,H161,-6.2025022745,2.97826347566,True
Q3-T-016,5726.86433649,relay,H161,-6.20259889081,2.97931785559,True
Q3-T-016,5736.86433649,relay,H161,-6.20306935551,2.98372827113,True
Q3-T-016,5746.86433649,relay,H161,-6.20362289941,2.98786843301,True
Q3-T-016,5756.86433649,relay,H161,-6.20425949077,2.99173756347,True
Q3-T-016,5765.36383174,relay,H161,-6.20486586232,2.99481268045,True
Q3-T-016,5766.86433649,relay,H161,-6.1806589836,3.03274691257,True
Q3-T-016,5776.86433649,relay,H161,-6.01754620508,3.28836564317,True
Q3-T-016,5786.86433649,relay,H161,-5.85131418693,3.54870736,True
Q3-T-016,5796.86433649,relay,H161,-5.68184140454,3.81367797185,True
Q3-T-016,5806.86433649,relay,H161,-5.50900177021,4.08313336215,True
Q3-T-016,5816.86433649,relay,H161,-5.33266496676,4.35681319573,True
Q3-T-016,5826.86433649,relay,H161,-5.15266568744,4.63445542793,True
Q3-T-016,5836.86433649,relay,H161,-4.9688610251,4.9156226011,True
Q3-T-016,5846.86433649,relay,H161,-4.78108677243,5.19977027896,True
Q3-T-016,5856.86433649,relay,H161,-4.58916787074,5.48620168845,True
Q3-T-016,5866.86433649,relay,H161,-4.39291743338,5.77403974687,True
Q3-T-016,5876.86433649,relay,H161,-4.1921488358,6.06217305036,True
Q3-T-016,5886.86433649,relay,H161,-3.98662209851,6.34931608406,True
Q3-T-016,5896.86433649,relay,H161,-3.77612066651,6.63383733694,True
Q3-T-016,5906.86433649,relay,H161,-3.5603980781,6.91382081714,True
Q3-T-016,5916.86433649,relay,H161,-3.33918911746,7.18701822105,True
Q3-T-016,5926.86433649,relay,H161,-3.1122227864,7.4508120899,True
Q3-T-016,5936.86433649,relay,H161,-2.87916081656,7.70231236944,True
Q3-T-016,5946.86433649,relay,H161,-2.63968349157,7.9382454907,True
Q3-T-016,5956.86433649,relay,H161,-2.39343209643,8.15513757362,True
Q3-T-016,5966.86433649,relay,H161,-2.14000498789,8.34927995573,True
Q3-T-016,5976.86433649,relay,H161,-1.87897644759,8.51703516225,True
Q3-T-016,5986.86433649,relay,H161,-1.60989509545,8.65489252513,True
Q3-T-016,5996.86433649,direct,,8.6677877785,,True
Q3-T-016,6006.86433649,direct,,8.95461935726,,True
Q3-T-016,6016.86433649,direct,,9.25122141604,,True
Q3-T-016,6026.86433649,direct,,9.55828116347,,True
Q3-T-016,6036.86433649,direct,,9.87653969488,,True
Q3-T-016,6046.86433649,direct,,10.206886574,,True
Q3-T-016,6056.86433649,direct,,10.5502494643,,True
Q3-T-016,6066.86433649,direct,,10.9076921206,,True
Q3-T-016,6076.86433649,direct,,11.280413693,,True
Q3-T-016,6086.86433649,direct,,11.6697726106,,True
Q3-T-016,6096.86433649,direct,,12.0772824855,,True
Q3-T-016,6106.86433649,direct,,12.5047806842,,True
Q3-T-016,6116.86433649,direct,,12.9542780182,,True
Q3-T-016,6126.86433649,direct,,13.428145518,,True
Q3-T-016,6136.86433649,direct,,13.9291562264,,True
Q3-T-016,6146.86433649,direct,,14.4605806376,,True
Q3-T-016,6156.86433649,direct,,15.0262739912,,True
Q3-T-016,6166.86433649,direct,,15.6309919252,,True
Q3-T-016,6176.86433649,direct,,16.280396219,,True
Q3-T-016,6186.86433649,direct,,16.9815097044,,True
Q3-T-016,6196.86433649,direct,,17.7431170215,,True
Q3-T-016,6206.86433649,direct,,18.5763340212,,True
Q3-T-016,6216.86433649,direct,,19.4957477153,,True
Q3-T-016,6226.86433649,direct,,20.5204758986,,True
Q3-T-016,6236.86433649,direct,,21.6764853845,,True
Q3-T-016,6246.86433649,direct,,22.9999294777,,True
Q3-T-016,6256.86433649,direct,,24.5421335601,,True
Q3-T-016,6266.86433649,direct,,26.3763509687,,True
Q3-T-016,6276.86433649,direct,,28.6002886415,,True
Q3-T-016,6286.86433649,direct,,31.2801041339,,True
Q3-T-016,6296.86433649,direct,,34.0160225646,,True
Q3-T-016,6303.97119501,direct,,34.894021754,,True
Q3-T-016,6306.86433649,direct,,35.1202509513,,True
Q3-T-016,6316.86433649,direct,,35.9504009274,,True
Q3-T-016,6326.86433649,direct,,36.868358119,,True
Q3-T-016,6336.86433649,direct,,37.8949190699,,True
Q3-T-016,6346.86433649,direct,,39.0592735978,,True
Q3-T-016,6356.86433649,direct,,40.4042338289,,True
Q3-T-016,6366.86433649,direct,,41.9962999897,,True
Q3-T-016,6376.86433649,direct,,43.9471775112,,True
Q3-T-016,6386.86433649,direct,,46.4671222164,,True
Q3-T-016,6396.86433649,direct,,50.0314427669,,True
Q3-T-016,6406.86433649,direct,,56.1807906543,,True
Q3-T-016,6416.86433649,direct,,86.6772152945,,True
Q3-T-016,6426.57586116,direct,,55.9251752525,,True
Q3-T-017,5124.06342071,direct,,55.9251752525,,True
Q3-T-017,5134.06342071,direct,,61.9457751658,,True
Q3-T-017,5144.06342071,direct,,49.9045753392,,True
Q3-T-017,5154.06342071,direct,,45.0438143655,,True
Q3-T-017,5164.06342071,direct,,41.9457751658,,True
Q3-T-017,5174.06342071,direct,,39.6669081196,,True
Q3-T-017,5179.95067251,direct,,38.560517884,,True
Q3-T-017,5184.06342071,direct,,37.8619066921,,True
Q3-T-017,5194.06342071,direct,,33.7099368818,,True
Q3-T-017,5204.06342071,direct,,30.1096169626,,True
Q3-T-017,5214.06342071,direct,,27.4182010192,,True
Q3-T-017,5224.06342071,direct,,25.3215639682,,True
Q3-T-017,5234.06342071,direct,,23.6165637304,,True
Q3-T-017,5244.06342071,direct,,22.1838188414,,True
Q3-T-017,5254.06342071,direct,,20.9501584644,,True
Q3-T-017,5264.06342071,direct,,19.867612413,,True
Q3-T-017,5274.06342071,direct,,18.9037289075,,True
Q3-T-017,5284.06342071,direct,,18.0352143144,,True
Q3-T-017,5294.06342071,direct,,17.2450825492,,True
Q3-T-017,5304.06342071,direct,,16.5203757471,,True
Q3-T-017,5314.06342071,direct,,5.85121916081,,True
Q3-T-017,5324.06342071,direct,,5.22968453246,,True
Q3-T-017,5334.06342071,direct,,4.64950887478,,True
Q3-T-017,5344.06342071,direct,,4.10549953607,,True
Q3-T-017,5354.06342071,direct,,3.59349765716,,True
Q3-T-017,5364.06342071,direct,,3.10987644193,,True
Q3-T-017,5367.15776664,direct,,2.96550809411,,True
Q3-T-017,5374.06342071,direct,,2.96814484283,,True
Q3-T-017,5384.06342071,direct,,2.97138575398,,True
Q3-T-017,5394.06342071,direct,,2.97394115375,,True
Q3-T-017,5400.46246879,direct,,2.97521628007,,True
Q3-T-017,5404.06342071,direct,,2.97521628007,,True
Q3-T-017,5414.06342071,direct,,2.97521628007,,True
Q3-T-017,5424.06342071,direct,,2.97521628007,,True
Q3-T-017,5434.06342071,direct,,2.97521628007,,True
Q3-T-017,5444.06342071,direct,,2.97521628007,,True
Q3-T-017,5454.06342071,direct,,2.97521628007,,True
Q3-T-017,5464.06342071,direct,,2.97521628007,,True
Q3-T-017,5474.06342071,direct,,2.97521628007,,True
Q3-T-017,5484.06342071,direct,,2.97521628007,,True
Q3-T-017,5494.06342071,direct,,2.97521628007,,True
Q3-T-017,5504.06342071,direct,,2.97521628007,,True
Q3-T-017,5514.06342071,direct,,2.97521628007,,True
Q3-T-017,5524.06342071,direct,,2.97521628007,,True
Q3-T-017,5534.06342071,direct,,2.97521628007,,True
Q3-T-017,5544.06342071,direct,,2.97521628007,,True
Q3-T-017,5554.06342071,direct,,2.97521628007,,True
Q3-T-017,5564.06342071,direct,,2.97521628007,,True
Q3-T-017,5574.06342071,direct,,2.97521628007,,True
Q3-T-017,5584.06342071,direct,,2.97521628007,,True
Q3-T-017,5594.06342071,direct,,2.97521628007,,True
Q3-T-017,5604.06342071,direct,,2.97521628007,,True
Q3-T-017,5614.06342071,direct,,2.97521628007,,True
Q3-T-017,5624.06342071,direct,,2.97521628007,,True
Q3-T-017,5634.06342071,direct,,2.97521628007,,True
Q3-T-017,5640.46246879,direct,,2.97521628007,,True
Q3-T-017,5644.06342071,direct,,2.97438643675,,True
Q3-T-017,5654.06342071,direct,,2.97140891911,,True
Q3-T-017,5664.06342071,direct,,2.96744426635,,True
Q3-T-017,5668.21638725,direct,,2.96550809411,,True
Q3-T-017,5674.06342071,direct,,3.24035082889,,True
Q3-T-017,5684.06342071,direct,,3.73144735372,,True
Q3-T-017,5694.06342071,direct,,4.25191276447,,True
Q3-T-017,5704.06342071,direct,,4.80538229142,,True
Q3-T-017,5714.06342071,direct,,5.39641628766,,True
Q3-T-017,5724.06342071,direct,,6.03035675619,,True
Q3-T-017,5734.06342071,direct,,16.7139553899,,True
Q3-T-017,5744.06342071,direct,,17.4555384497,,True
Q3-T-017,5754.06342071,direct,,18.2658528971,,True
Q3-T-017,5764.06342071,direct,,19.1586561399,,True
Q3-T-017,5774.06342071,direct,,20.1526063801,,True
Q3-T-017,5784.06342071,direct,,21.2729452076,,True
Q3-T-017,5794.06342071,direct,,22.5558836921,,True
Q3-T-017,5804.06342071,direct,,24.0547901333,,True
Q3-T-017,5814.06342071,direct,,25.8530145665,,True
Q3-T-017,5824.06342071,direct,,28.0883517428,,True
Q3-T-017,5834.06342071,direct,,30.9954018911,,True
Q3-T-017,5844.06342071,direct,,34.8837942713,,True
Q3-T-017,5854.06342071,direct,,38.4783873726,,True
Q3-T-017,5855.42348138,direct,,38.560517884,,True
Q3-T-017,5864.06342071,direct,,39.93422911,,True
Q3-T-017,5874.06342071,direct,,41.8541892877,,True
Q3-T-017,5884.06342071,direct,,44.3226487443,,True
Q3-T-017,5894.06342071,direct,,47.7841589564,,True
Q3-T-017,5904.06342071,direct,,53.6262869382,,True
Q3-T-017,5914.06342071,direct,,81.4396578605,,True
Q3-T-017,5922.48818354,direct,,55.9251752525,,True
Q3-T-018,6455.70418634,direct,,55.9251752525,,True
Q3-T-018,6465.70418634,direct,,67.966375079,,True
Q3-T-018,6475.70418634,direct,,52.4033500714,,True
Q3-T-018,6485.70418634,direct,,47.1385213759,,True
Q3-T-018,6495.70418634,direct,,43.8839754259,,True
Q3-T-018,6505.70418634,direct,,41.5219891844,,True
Q3-T-018,6515.70418634,direct,,39.6669081196,,True
Q3-T-018,6525.70418634,direct,,38.1391412024,,True
Q3-T-018,6535.18854182,direct,,36.9027980694,,True
Q3-T-018,6535.70418634,direct,,36.894660646,,True
Q3-T-018,6545.70418634,direct,,34.4009836324,,True
Q3-T-018,6555.70418634,direct,,30.9200767337,,True
Q3-T-018,6565.70418634,direct,,28.1174023086,,True
Q3-T-018,6575.70418634,direct,,25.9112985652,,True
Q3-T-018,6585.70418634,direct,,24.1203896134,,True
Q3-T-018,6595.70418634,direct,,22.6214510819,,True
Q3-T-018,6605.70418634,direct,,21.3359749546,,True
Q3-T-018,6615.70418634,direct,,20.212295811,,True
Q3-T-018,6625.70418634,direct,,19.2148692303,,True
Q3-T-018,6635.70418634,direct,,18.3187098918,,True
Q3-T-018,6645.70418634,direct,,17.5052931408,,True
Q3-T-018,6655.70418634,direct,,16.7608237731,,True
Q3-T-018,6665.70418634,direct,,16.0746669036,,True
Q3-T-018,6675.70418634,direct,,15.4383366935,,True
Q3-T-018,6685.70418634,direct,,14.845204477,,True
Q3-T-018,6695.70418634,direct,,14.2897399464,,True
Q3-T-018,6705.70418634,direct,,13.7674987929,,True
Q3-T-018,6715.70418634,direct,,13.2747795672,,True
Q3-T-018,6725.70418634,direct,,12.8083768278,,True
Q3-T-018,6735.70418634,direct,,12.3656874657,,True
Q3-T-018,6745.70418634,direct,,11.9443707752,,True
Q3-T-018,6755.70418634,direct,,11.542514931,,True
Q3-T-018,6765.70418634,direct,,11.1583571444,,True
Q3-T-018,6775.70418634,direct,,10.7904309097,,True
Q3-T-018,6785.70418634,direct,,10.4374461768,,True
Q3-T-018,6795.70418634,relay,H161,0.0981957336457,6.41268766709,True
Q3-T-018,6805.70418634,relay,H161,-0.228305328278,6.38329031076,True
Q3-T-018,6815.70418634,relay,H161,-0.543019336311,6.33266989476,True
Q3-T-018,6825.70418634,relay,H161,-0.846747154882,6.26156328861,True
Q3-T-018,6835.70418634,relay,H161,-1.14020957621,6.17097675024,True
Q3-T-018,6845.70418634,relay,H161,-1.42411342784,6.06211316391,True
Q3-T-018,6855.70418634,relay,H161,-1.6990254646,5.93637606835,True
Q3-T-018,6865.70418634,relay,H161,-1.96553148692,5.79524881186,True
Q3-T-018,6875.70418634,relay,H161,-2.22411325345,5.64030842708,True
Q3-T-018,6885.70418634,relay,H161,-2.47521139871,5.47315403211,True
Q3-T-018,6887.22809976,relay,H161,-2.51284808004,5.44670144431,True
Q3-T-018,6895.70418634,relay,H161,-2.51195020596,5.44180679988,True
Q3-T-018,6905.70418634,relay,H161,-2.51100554424,5.43575310262,True
Q3-T-018,6915.70418634,relay,H161,-2.51018521001,5.42939933411,True
Q3-T-018,6925.70418634,relay,H161,-2.50948927377,5.422746822,True
Q3-T-018,6935.70418634,relay,H161,-2.50891779535,5.41579695152,True
Q3-T-018,6945.70418634,relay,H161,-2.50847082389,5.40855116451,True
Q3-T-018,6952.93354411,relay,H161,-2.50822523667,5.40312898906,True
Q3-T-018,6955.70418634,relay,H161,-2.50822523667,5.40312898906,True
Q3-T-018,6965.70418634,relay,H161,-2.50822523667,5.40312898906,True
Q3-T-018,6975.70418634,relay,H161,-2.50822523667,5.40312898906,True
Q3-T-018,6985.70418634,relay,H161,-2.50822523667,5.40312898906,True
Q3-T-018,6995.70418634,relay,H161,-2.50822523667,5.40312898906,True
Q3-T-018,7005.70418634,relay,H161,-2.50822523667,5.40312898906,True
Q3-T-018,7015.70418634,relay,H161,-2.50822523667,5.40312898906,True
Q3-T-018,7025.70418634,relay,H161,-2.50822523667,5.40312898906,True
Q3-T-018,7035.70418634,relay,H161,-2.50822523667,5.40312898906,True
Q3-T-018,7045.70418634,relay,H161,-2.50822523667,5.40312898906,True
Q3-T-018,7055.70418634,relay,H161,-2.50822523667,5.40312898906,True
Q3-T-018,7065.70418634,relay,H161,-2.50822523667,5.40312898906,True
Q3-T-018,7075.70418634,relay,H161,-2.50822523667,5.40312898906,True
Q3-T-018,7085.70418634,relay,H161,-2.50822523667,5.40312898906,True
Q3-T-018,7095.70418634,relay,H161,-2.50822523667,5.40312898906,True
Q3-T-018,7105.70418634,relay,H161,-2.50822523667,5.40312898906,True
Q3-T-018,7115.70418634,relay,H161,-2.50822523667,5.40312898906,True
Q3-T-018,7125.70418634,relay,H161,-2.50822523667,5.40312898906,True
Q3-T-018,7135.70418634,relay,H161,-2.50822523667,5.40312898906,True
Q3-T-018,7145.70418634,relay,H161,-2.50822523667,5.40312898906,True
Q3-T-018,7155.70418634,relay,H161,-2.50822523667,5.40312898906,True
Q3-T-018,7165.70418634,relay,H161,-2.50822523667,5.40312898906,True
Q3-T-018,7175.70418634,relay,H161,-2.50822523667,5.40312898906,True
Q3-T-018,7185.70418634,relay,H161,-2.50822523667,5.40312898906,True
Q3-T-018,7195.70418634,relay,H161,-2.50822523667,5.40312898906,True
Q3-T-018,7205.70418634,relay,H161,-2.50822523667,5.40312898906,True
Q3-T-018,7215.70418634,relay,H161,-2.50822523667,5.40312898906,True
Q3-T-018,7225.70418634,relay,H161,-2.50822523667,5.40312898906,True
Q3-T-018,7235.70418634,relay,H161,-2.50822523667,5.40312898906,True
Q3-T-018,7245.70418634,relay,H161,-2.50822523667,5.40312898906,True
Q3-T-018,7255.70418634,relay,H161,-2.50822523667,5.40312898906,True
Q3-T-018,7265.70418634,relay,H161,-2.50822523667,5.40312898906,True
Q3-T-018,7275.70418634,relay,H161,-2.50822523667,5.40312898906,True
Q3-T-018,7285.70418634,relay,H161,-2.50822523667,5.40312898906,True
Q3-T-018,7295.70418634,relay,H161,-2.50822523667,5.40312898906,True
Q3-T-018,7305.70418634,relay,H161,-2.50822523667,5.40312898906,True
Q3-T-018,7315.70418634,relay,H161,-2.50822523667,5.40312898906,True
Q3-T-018,7325.70418634,relay,H161,-2.50822523667,5.40312898906,True
Q3-T-018,7335.70418634,relay,H161,-2.50822523667,5.40312898906,True
Q3-T-018,7345.70418634,relay,H161,-2.50822523667,5.40312898906,True
Q3-T-018,7348.93354411,relay,H161,-2.50822523667,5.40312898906,True
Q3-T-018,7355.70418634,relay,H161,-2.50851928467,5.40946198518,True
Q3-T-018,7365.70418634,relay,H161,-2.50911667776,5.4184274285,True
Q3-T-018,7375.70418634,relay,H161,-2.50990858549,5.42692965464,True
Q3-T-018,7385.70418634,relay,H161,-2.51089490144,5.43496590253,True
Q3-T-018,7395.70418634,relay,H161,-2.51207549317,5.44253355075,True
Q3-T-018,7401.49789959,relay,H161,-2.51284808004,5.44670144431,True
Q3-T-018,7405.70418634,relay,H161,-2.40855640233,5.51909224535,True
Q3-T-018,7415.70418634,relay,H161,-2.15549787645,5.68312145033,True
Q3-T-018,7425.70418634,relay,H161,-1.89483693505,5.83451148444,True
Q3-T-018,7435.70418634,relay,H161,-1.62614014658,5.97165426858,True
Q3-T-018,7445.70418634,relay,H161,-1.34885981074,6.09304177372,True
Q3-T-018,7455.70418634,relay,H161,-1.06246770412,6.19712683216,True
Q3-T-018,7465.70418634,relay,H161,-0.76630584794,6.28260510872,True
Q3-T-018,7475.70418634,relay,H161,-0.459706802476,6.34830409395,True
Q3-T-018,7485.70418634,relay,H161,-0.141930980618,6.39328862861,True
Q3-T-018,7495.70418634,direct,,10.1879112656,,True
Q3-T-018,7505.70418634,direct,,10.5307229978,,True
Q3-T-018,7515.70418634,direct,,10.8876129364,,True
Q3-T-018,7525.70418634,direct,,11.2597575269,,True
Q3-T-018,7535.70418634,direct,,11.6484888908,,True
Q3-T-018,7545.70418634,direct,,12.0554066765,,True
Q3-T-018,7555.70418634,direct,,12.4822305627,,True
Q3-T-018,7565.70418634,direct,,12.9310636928,,True
Q3-T-018,7575.70418634,direct,,13.4042555156,,True
Q3-T-018,7585.70418634,direct,,13.9045546985,,True
Q3-T-018,7595.70418634,direct,,14.4353137818,,True
Q3-T-018,7605.70418634,direct,,15.0003790211,,True
Q3-T-018,7615.70418634,direct,,15.6045459045,,True
Q3-T-018,7625.70418634,direct,,16.2534902198,,True
Q3-T-018,7635.70418634,direct,,16.95441585,,True
Q3-T-018,7645.70418634,direct,,17.7162197316,,True
Q3-T-018,7655.70418634,direct,,18.5502718462,,True
Q3-T-018,7665.70418634,direct,,19.4716003494,,True
Q3-T-018,7675.70418634,direct,,20.5000305434,,True
Q3-T-018,7685.70418634,direct,,21.6631481746,,True
Q3-T-018,7695.70418634,direct,,22.9999307753,,True
Q3-T-018,7705.70418634,direct,,24.5679303002,,True
Q3-T-018,7715.70418634,direct,,26.4558692019,,True
Q3-T-018,7725.70418634,direct,,28.8019285262,,True
Q3-T-018,7735.70418634,direct,,31.7966806993,,True
Q3-T-018,7745.70418634,direct,,35.3426085741,,True
Q3-T-018,7753.53745752,direct,,36.9027980694,,True
Q3-T-018,7755.70418634,direct,,37.1158416992,,True
Q3-T-018,7765.70418634,direct,,38.1739544339,,True
Q3-T-018,7775.70418634,direct,,39.3790824307,,True
Q3-T-018,7785.70418634,direct,,40.7787733216,,True
Q3-T-018,7795.70418634,direct,,42.4481757056,,True
Q3-T-018,7805.70418634,direct,,44.5166516853,,True
Q3-T-018,7815.70418634,direct,,47.2369911007,,True
Q3-T-018,7825.70418634,direct,,51.2196577187,,True
Q3-T-018,7835.70418634,direct,,58.7905974448,,True
Q3-T-018,7845.70418634,direct,,66.9510488544,,True
Q3-T-018,7852.89290187,direct,,55.9251752525,,True
Q3-T-019,5539.34723082,direct,,55.9251752525,,True
Q3-T-019,5549.34723082,direct,,61.9457751658,,True
Q3-T-019,5559.34723082,direct,,49.9045753392,,True
Q3-T-019,5569.34723082,direct,,45.0438143655,,True
Q3-T-019,5579.34723082,direct,,41.9457751658,,True
Q3-T-019,5589.34723082,direct,,39.6669081196,,True
Q3-T-019,5599.34723082,direct,,37.8633755126,,True
Q3-T-019,5609.34723082,direct,,36.3707031467,,True
Q3-T-019,5619.34723082,direct,,35.0973215493,,True
Q3-T-019,5629.34723082,direct,,33.9869749923,,True
Q3-T-019,5639.34723082,direct,,33.0026145389,,True
Q3-T-019,5649.34723082,direct,,32.1185412891,,True
Q3-T-019,5659.34723082,direct,,31.3161968249,,True
Q3-T-019,5669.34723082,direct,,30.5817406844,,True
Q3-T-019,5679.34723082,direct,,29.9045753392,,True
Q3-T-019,5684.04861022,direct,,29.6036705557,,True
Q3-T-019,5689.34723082,direct,,29.4465528204,,True
Q3-T-019,5699.34723082,direct,,28.4405994553,,True
Q3-T-019,5709.34723082,direct,,26.9560041477,,True
Q3-T-019,5719.34723082,direct,,25.3960284012,,True
Q3-T-019,5729.34723082,direct,,23.9305732361,,True
Q3-T-019,5739.34723082,direct,,22.6032347701,,True
Q3-T-019,5749.34723082,direct,,21.4117097021,,True
Q3-T-019,5759.34723082,direct,,20.3404868004,,True
Q3-T-019,5769.34723082,direct,,19.3724726604,,True
Q3-T-019,5779.34723082,direct,,18.4922653382,,True
Q3-T-019,5789.34723082,direct,,17.6867949927,,True
Q3-T-019,5799.34723082,direct,,16.9453571869,,True
Q3-T-019,5809.34723082,direct,,16.2591657989,,True
Q3-T-019,5819.34723082,direct,,15.6209345251,,True
Q3-T-019,5829.34723082,direct,,15.0247169059,,True
Q3-T-019,5839.34723082,direct,,14.4654887771,,True
Q3-T-019,5849.34723082,direct,,13.9390876014,,True
Q3-T-019,5859.34723082,direct,,13.4419940872,,True
Q3-T-019,5869.34723082,direct,,12.9711667902,,True
Q3-T-019,5879.34723082,direct,,12.5240564061,,True
Q3-T-019,5889.34723082,direct,,12.0984079734,,True
Q3-T-019,5899.34723082,direct,,11.692303556,,True
Q3-T-019,5909.34723082,direct,,11.3040677661,,True
Q3-T-019,5919.34723082,direct,,10.9321940144,,True
Q3-T-019,5929.34723082,direct,,10.5753879478,,True
Q3-T-019,5939.34723082,direct,,10.232501721,,True
Q3-T-019,5949.34723082,direct,,9.90248162189,,True
Q3-T-019,5959.34723082,relay,H161,-0.415573183474,11.357446841,True
Q3-T-019,5969.34723082,relay,H161,-0.722510786866,11.5015245263,True
Q3-T-019,5979.34723082,relay,H161,-1.0190660673,11.578456627,True
Q3-T-019,5989.34723082,relay,H161,-1.30590345023,11.5845387718,True
Q3-T-019,5999.34723082,relay,H161,-1.58365203033,11.5195657573,True
Q3-T-019,6009.34723082,relay,H161,-1.85286448747,11.3865284969,True
Q3-T-019,6019.34723082,relay,H161,-2.11403304823,11.1916148033,True
Q3-T-019,6029.34723082,relay,H161,-2.36762767194,10.9428698697,True
Q3-T-019,6039.34723082,relay,H161,-2.6140647426,10.6494626332,True
Q3-T-019,6049.34723082,relay,H161,-2.8537499319,10.3208048617,True
Q3-T-019,6059.34723082,relay,H161,-3.08703409451,9.96567924846,True
Q3-T-019,6069.34723082,relay,H161,-3.31424121967,9.59190590172,True
Q3-T-019,6079.34723082,relay,H161,-3.53569226773,9.20618113747,True
Q3-T-019,6089.34723082,relay,H161,-3.75165671668,8.81393189249,True
Q3-T-019,6099.34723082,relay,H161,-3.9624119377,8.41952286546,True
Q3-T-019,6109.34723082,relay,H161,-4.16819583781,8.02629985587,True
Q3-T-019,6119.34723082,relay,H161,-4.36923017839,7.6367934031,True
Q3-T-019,6129.34723082,relay,H161,-4.56574081614,7.25288240038,True
Q3-T-019,6139.34723082,relay,H161,-4.7579139686,6.87588695998,True
Q3-T-019,6149.34723082,relay,H161,-4.94594818521,6.5067277184,True
Q3-T-019,6159.34723082,relay,H161,-5.13001163358,6.14599008059,True
Q3-T-019,6168.30374142,relay,H161,-5.29162043631,5.8303437794,True
Q3-T-019,6169.34723082,relay,H161,-5.29144432122,5.83005660874,True
Q3-T-019,6179.34723082,relay,H161,-5.28980717633,5.82700473211,True
Q3-T-019,6189.34723082,relay,H161,-5.28827204887,5.8234271785,True
Q3-T-019,6199.34723082,relay,H161,-5.28683904729,5.81932524775,True
Q3-T-019,6209.34723082,relay,H161,-5.28550827288,5.81470042715,True
Q3-T-019,6219.34723082,relay,H161,-5.28427981978,5.80955438966,True
Q3-T-019,6229.34723082,relay,H161,-5.28315377495,5.80388899189,True
Q3-T-019,6239.34723082,relay,H161,-5.28213021816,5.79770627188,True
Q3-T-019,6249.34723082,relay,H161,-5.28120922194,5.79100844673,True
Q3-T-019,6257.6253967,relay,H161,-5.28052430092,5.78507452221,True
Q3-T-019,6259.34723082,relay,H161,-5.28052430092,5.78507452221,True
Q3-T-019,6269.34723082,relay,H161,-5.28052430092,5.78507452221,True
Q3-T-019,6279.34723082,relay,H161,-5.28052430092,5.78507452221,True
Q3-T-019,6289.34723082,relay,H161,-5.28052430092,5.78507452221,True
Q3-T-019,6299.34723082,relay,H161,-5.28052430092,5.78507452221,True
Q3-T-019,6309.34723082,relay,H161,-5.28052430092,5.78507452221,True
Q3-T-019,6319.34723082,relay,H161,-5.28052430092,5.78507452221,True
Q3-T-019,6329.34723082,relay,H161,-5.28052430092,5.78507452221,True
Q3-T-019,6339.34723082,relay,H161,-5.28052430092,5.78507452221,True
Q3-T-019,6349.34723082,relay,H161,-5.28052430092,5.78507452221,True
Q3-T-019,6359.34723082,relay,H161,-5.28052430092,5.78507452221,True
Q3-T-019,6369.34723082,relay,H161,-5.28052430092,5.78507452221,True
Q3-T-019,6379.34723082,relay,H161,-5.28052430092,5.78507452221,True
Q3-T-019,6389.34723082,relay,H161,-5.28052430092,5.78507452221,True
Q3-T-019,6399.34723082,relay,H161,-5.28052430092,5.78507452221,True
Q3-T-019,6409.34723082,relay,H161,-5.28052430092,5.78507452221,True
Q3-T-019,6419.34723082,relay,H161,-5.28052430092,5.78507452221,True
Q3-T-019,6429.34723082,relay,H161,-5.28052430092,5.78507452221,True
Q3-T-019,6439.34723082,relay,H161,-5.28052430092,5.78507452221,True
Q3-T-019,6449.34723082,relay,H161,-5.28052430092,5.78507452221,True
Q3-T-019,6459.34723082,relay,H161,-5.28052430092,5.78507452221,True
Q3-T-019,6467.6253967,relay,H161,-5.28052430092,5.78507452221,True
Q3-T-019,6469.34723082,relay,H161,-5.28068877197,5.78658942504,True
Q3-T-019,6479.34723082,relay,H161,-5.28172978896,5.79494780259,True
Q3-T-019,6489.34723082,relay,H161,-5.2829185337,5.80256585895,True
Q3-T-019,6499.34723082,relay,H161,-5.28425488482,5.80943966485,True
Q3-T-019,6509.34723082,relay,H161,-5.28573870602,5.81556566104,True
Q3-T-019,6519.34723082,relay,H161,-5.28736984605,5.82094066438,True
Q3-T-019,6529.34723082,relay,H161,-5.28914813877,5.8255618733,True
Q3-T-019,6539.34723082,relay,H161,-5.29107340326,5.82942687265,True
Q3-T-019,6542.06010943,relay,H161,-5.29162043631,5.8303437794,True
Q3-T-019,6549.34723082,relay,H161,-5.16036110092,6.08661288648,True
Q3-T-019,6559.34723082,relay,H161,-4.97695023112,6.44590708144,True
Q3-T-019,6569.34723082,relay,H161,-4.78959078621,6.81369418418,True
Q3-T-019,6579.34723082,relay,H161,-4.5981160433,7.18943156701,True
Q3-T-019,6589.34723082,relay,H161,-4.40234827274,7.57227219544,True
Q3-T-019,6599.34723082,relay,H161,-4.20207813216,7.96095237444,True
Q3-T-019,6609.34723082,relay,H161,-3.99710810399,8.35371814885,True
Q3-T-019,6619.34723082,relay,H161,-3.78719943538,8.74813920099,True
Q3-T-019,6629.34723082,relay,H161,-3.57211661469,9.14101150976,True
Q3-T-019,6639.34723082,relay,H161,-3.35160662589,9.52818574444,True
Q3-T-019,6649.34723082,relay,H161,-3.12537498407,9.90436898841,True
Q3-T-019,6659.34723082,relay,H161,-2.89312020726,10.2631787021,True
Q3-T-019,6669.34723082,relay,H161,-2.65452750069,10.5968465215,True
Q3-T-019,6679.34723082,relay,H161,-2.40923680119,10.8967565792,True
Q3-T-019,6689.34723082,relay,H161,-2.15687198974,11.1536372194,True
Q3-T-019,6699.34723082,relay,H161,-1.89699857785,11.3581428893,True
Q3-T-019,6709.34723082,relay,H161,-1.62916851588,11.5019360084,True
Q3-T-019,6719.34723082,relay,H161,-1.35289223367,11.5786063512,True
Q3-T-019,6729.34723082,relay,H161,-1.06760531312,11.5844219301,True
Q3-T-019,6739.34723082,relay,H161,-0.772725366451,11.5191897486,True
Q3-T-019,6749.34723082,relay,H161,-0.467570921612,11.3859384201,True
Q3-T-019,6759.34723082,relay,H161,-0.151418671541,11.1907676894,True
Q3-T-019,6769.34723082,direct,,10.1765336408,,True
Q3-T-019,6779.34723082,direct,,10.5172126185,,True
Q3-T-019,6789.34723082,direct,,10.8716200639,,True
Q3-T-019,6799.34723082,direct,,11.2408799115,,True
Q3-T-019,6809.34723082,direct,,11.6262966841,,True
Q3-T-019,6819.34723082,direct,,12.0292958126,,True
Q3-T-019,6829.34723082,direct,,12.451554026,,True
Q3-T-019,6839.34723082,direct,,12.8949473476,,True
Q3-T-019,6849.34723082,direct,,13.3616336474,,True
Q3-T-019,6859.34723082,direct,,13.8541590191,,True
Q3-T-019,6869.34723082,direct,,14.3754231175,,True
Q3-T-019,6879.34723082,direct,,14.9288989888,,True
Q3-T-019,6889.34723082,direct,,15.5186347935,,True
Q3-T-019,6899.34723082,direct,,16.1494485879,,True
Q3-T-019,6909.34723082,direct,,16.827185743,,True
Q3-T-019,6919.34723082,direct,,17.5588394045,,True
Q3-T-019,6929.34723082,direct,,18.3529049082,,True
Q3-T-019,6939.34723082,direct,,19.2198196613,,True
Q3-T-019,6949.34723082,direct,,20.1721399212,,True
Q3-T-019,6959.34723082,direct,,21.2249659386,,True
Q3-T-019,6969.34723082,direct,,22.3952435896,,True
Q3-T-019,6979.34723082,direct,,23.6991143373,,True
Q3-T-019,6989.34723082,direct,,25.1426763609,,True
Q3-T-019,6999.34723082,direct,,26.693795706,,True
Q3-T-019,7009.34723082,direct,,28.211869335,,True
Q3-T-019,7019.34723082,direct,,29.3354486202,,True
Q3-T-019,7026.31524063,direct,,29.6036705557,,True
Q3-T-019,7029.34723082,direct,,29.7641368276,,True
Q3-T-019,7039.34723082,direct,,30.3154289773,,True
Q3-T-019,7049.34723082,direct,,30.9040972087,,True
Q3-T-019,7059.34723082,direct,,31.5355804912,,True
Q3-T-019,7069.34723082,direct,,32.2165988281,,True
Q3-T-019,7079.34723082,direct,,32.9555900892,,True
Q3-T-019,7089.34723082,direct,,33.7633505409,,True
Q3-T-019,7099.34723082,direct,,34.6540048903,,True
Q3-T-019,7109.34723082,direct,,35.6465328383,,True
Q3-T-019,7119.34723082,direct,,36.7672855082,,True
Q3-T-019,7129.34723082,direct,,38.0543783812,,True
Q3-T-019,7139.34723082,direct,,39.5659391618,,True
Q3-T-019,7149.34723082,direct,,41.3971520104,,True
Q3-T-019,7159.34723082,direct,,43.7204917458,,True
Q3-T-019,7169.34723082,direct,,46.9017321022,,True
Q3-T-019,7179.34723082,direct,,51.9740509894,,True
Q3-T-019,7189.34723082,direct,,65.6608232511,,True
Q3-T-019,7199.34723082,direct,,56.6117358281,,True
Q3-T-019,7199.95689591,direct,,55.9251752525,,True
Q3-T-020,8332.89290187,direct,,55.9251752525,,True
Q3-T-020,8342.89290187,direct,,67.966375079,,True
Q3-T-020,8352.89290187,direct,,52.4033500714,,True
Q3-T-020,8362.89290187,direct,,47.1385213759,,True
Q3-T-020,8372.89290187,direct,,43.8839754259,,True
Q3-T-020,8382.89290187,direct,,41.5219891844,,True
Q3-T-020,8391.03554591,direct,,39.9825954966,,True
Q3-T-020,8392.89290187,direct,,39.7732152887,,True
Q3-T-020,8402.89290187,direct,,35.1928183423,,True
Q3-T-020,8412.89290187,direct,,31.0393721216,,True
Q3-T-020,8422.89290187,direct,,28.0707192828,,True
Q3-T-020,8432.89290187,direct,,25.8187126526,,True
Q3-T-020,8442.89290187,direct,,24.0163801093,,True
Q3-T-020,8452.89290187,direct,,22.5176143466,,True
Q3-T-020,8462.89290187,direct,,21.2361609958,,True
Q3-T-020,8472.89290187,direct,,20.117763433,,True
Q3-T-020,8482.89290187,direct,,19.1258533765,,True
Q3-T-020,8492.89290187,direct,,18.2349589837,,True
Q3-T-020,8502.89290187,direct,,17.4265109895,,True
Q3-T-020,8512.89290187,direct,,16.68652699,,True
Q3-T-020,8522.89290187,direct,,6.0044518184,,True
Q3-T-020,8532.89290187,direct,,5.37185376016,,True
Q3-T-020,8542.89290187,direct,,4.7820960412,,True
Q3-T-020,8552.89290187,direct,,4.22975648331,,True
Q3-T-020,8562.89290187,direct,,3.71032262454,,True
Q3-T-020,8572.89290187,direct,,3.22017017626,,True
Q3-T-020,8582.89290187,direct,,2.75613880623,,True
Q3-T-020,8592.89290187,direct,,2.31561711283,,True
Q3-T-020,8594.63711978,direct,,2.24100856332,,True
Q3-T-020,8602.89290187,direct,,2.24280639922,,True
Q3-T-020,8612.89290187,direct,,2.24464554457,,True
Q3-T-020,8622.89290187,direct,,2.24611314022,,True
Q3-T-020,8632.89290187,direct,,2.24720880915,,True
Q3-T-020,8639.16542483,direct,,2.24770629523,,True
Q3-T-020,8642.89290187,direct,,2.24770629523,,True
Q3-T-020,8652.89290187,direct,,2.24770629523,,True
Q3-T-020,8662.89290187,direct,,2.24770629523,,True
Q3-T-020,8672.89290187,direct,,2.24770629523,,True
Q3-T-020,8682.89290187,direct,,2.24770629523,,True
Q3-T-020,8692.89290187,direct,,2.24770629523,,True
Q3-T-020,8702.89290187,direct,,2.24770629523,,True
Q3-T-020,8712.89290187,direct,,2.24770629523,,True
Q3-T-020,8722.89290187,direct,,2.24770629523,,True
Q3-T-020,8732.89290187,direct,,2.24770629523,,True
Q3-T-020,8742.89290187,direct,,2.24770629523,,True
Q3-T-020,8752.89290187,direct,,2.24770629523,,True
Q3-T-020,8762.89290187,direct,,2.24770629523,,True
Q3-T-020,8772.89290187,direct,,2.24770629523,,True
Q3-T-020,8782.89290187,direct,,2.24770629523,,True
Q3-T-020,8792.89290187,direct,,2.24770629523,,True
Q3-T-020,8802.89290187,direct,,2.24770629523,,True
Q3-T-020,8812.89290187,direct,,2.24770629523,,True
Q3-T-020,8822.89290187,direct,,2.24770629523,,True
Q3-T-020,8832.89290187,direct,,2.24770629523,,True
Q3-T-020,8842.89290187,direct,,2.24770629523,,True
Q3-T-020,8852.89290187,direct,,2.24770629523,,True
Q3-T-020,8862.89290187,direct,,2.24770629523,,True
Q3-T-020,8872.89290187,direct,,2.24770629523,,True
Q3-T-020,8882.89290187,direct,,2.24770629523,,True
Q3-T-020,8892.89290187,direct,,2.24770629523,,True
Q3-T-020,8902.89290187,direct,,2.24770629523,,True
Q3-T-020,8912.89290187,direct,,2.24770629523,,True
Q3-T-020,8922.89290187,direct,,2.24770629523,,True
Q3-T-020,8932.89290187,direct,,2.24770629523,,True
Q3-T-020,8942.89290187,direct,,2.24770629523,,True
Q3-T-020,8952.89290187,direct,,2.24770629523,,True
Q3-T-020,8962.89290187,direct,,2.24770629523,,True
Q3-T-020,8972.89290187,direct,,2.24770629523,,True
Q3-T-020,8982.89290187,direct,,2.24770629523,,True
Q3-T-020,8992.89290187,direct,,2.24770629523,,True
Q3-T-020,9002.89290187,direct,,2.24770629523,,True
Q3-T-020,9012.89290187,direct,,2.24770629523,,True
Q3-T-020,9022.89290187,direct,,2.24770629523,,True
Q3-T-020,9032.89290187,direct,,2.24770629523,,True
Q3-T-020,9035.16542483,direct,,2.24770629523,,True
Q3-T-020,9042.89290187,direct,,2.24687958516,,True
Q3-T-020,9052.89290187,direct,,2.24529447249,,True
Q3-T-020,9062.89290187,direct,,2.24312855996,,True
Q3-T-020,9070.78806888,direct,,2.24100856332,,True
Q3-T-020,9072.89290187,direct,,2.33112399997,,True
Q3-T-020,9082.89290187,direct,,2.77245169986,,True
Q3-T-020,9092.89290187,direct,,3.23737730149,,True
Q3-T-020,9102.89290187,direct,,3.72852742439,,True
Q3-T-020,9112.89290187,direct,,4.2490666504,,True
Q3-T-020,9122.89290187,direct,,4.80268763493,,True
Q3-T-020,9132.89290187,direct,,5.39388900544,,True
Q3-T-020,9142.89290187,direct,,6.02814757646,,True
Q3-T-020,9152.89290187,direct,,16.7121525612,,True
Q3-T-020,9162.89290187,direct,,17.4543853247,,True
Q3-T-020,9172.89290187,direct,,18.265563071,,True
Q3-T-020,9182.89290187,direct,,19.1597433533,,True
Q3-T-020,9192.89290187,direct,,20.1557214777,,True
Q3-T-020,9202.89290187,direct,,21.2792813301,,True
Q3-T-020,9212.89290187,direct,,22.5674534495,,True
Q3-T-020,9222.89290187,direct,,24.0754569758,,True
Q3-T-020,9232.89290187,direct,,25.8909744721,,True
Q3-T-020,9242.89290187,direct,,28.163180966,,True
Q3-T-020,9252.89290187,direct,,31.165190919,,True
Q3-T-020,9262.89290187,direct,,35.3700883908,,True
Q3-T-020,9272.89290187,direct,,39.8454929505,,True
Q3-T-020,9274.38964275,direct,,39.9825954966,,True
Q3-T-020,9282.89290187,direct,,41.2491968527,,True
Q3-T-020,9292.89290187,direct,,43.0216440889,,True
Q3-T-020,9302.89290187,direct,,45.2510047877,,True
Q3-T-020,9312.89290187,direct,,48.2578455974,,True
Q3-T-020,9322.89290187,direct,,52.8947139012,,True
Q3-T-020,9332.89290187,direct,,63.5120456561,,True
Q3-T-020,9342.89290187,direct,,60.6192566585,,True
Q3-T-020,9347.0679478,direct,,55.9251752525,,True
Q3-T-021,8985.43713793,direct,,55.9251752525,,True
Q3-T-021,8995.43713793,direct,,67.966375079,,True
Q3-T-021,9005.43713793,direct,,52.4033500714,,True
Q3-T-021,9015.43713793,direct,,47.1385213759,,True
Q3-T-021,9025.43713793,direct,,43.8839754259,,True
Q3-T-021,9035.43713793,direct,,41.5219891844,,True
Q3-T-021,9045.43713793,direct,,39.6669081196,,True
Q3-T-021,9055.43713793,direct,,38.1391412024,,True
Q3-T-021,9065.43713793,direct,,36.8403250637,,True
Q3-T-021,9075.43713793,direct,,35.7106979447,,True
Q3-T-021,9080.79627369,direct,,35.1607224851,,True
Q3-T-021,9085.43713793,direct,,34.7404600036,,True
Q3-T-021,9095.43713793,direct,,32.1262838798,,True
Q3-T-021,9105.43713793,direct,,29.2902605072,,True
Q3-T-021,9115.43713793,direct,,26.9257150442,,True
Q3-T-021,9125.43713793,direct,,24.9902230546,,True
Q3-T-021,9135.43713793,direct,,23.3756813139,,True
Q3-T-021,9145.43713793,direct,,21.9988936401,,True
Q3-T-021,9155.43713793,direct,,20.8022646832,,True
Q3-T-021,9165.43713793,direct,,19.7456845716,,True
Q3-T-021,9175.43713793,direct,,18.8007854388,,True
Q3-T-021,9185.43713793,direct,,17.9466603636,,True
Q3-T-021,9195.43713793,direct,,7.16764396695,,True
Q3-T-021,9205.43713793,direct,,16.4518704315,,True
Q3-T-021,9215.43713793,direct,,5.78992340216,,True
Q3-T-021,9225.43713793,direct,,5.17435759053,,True
Q3-T-021,9235.43713793,direct,,4.59911970125,,True
Q3-T-021,9245.43713793,direct,,4.05936044349,,True
Q3-T-021,9255.43713793,direct,,3.5509550985,,True
Q3-T-021,9265.43713793,direct,,3.07048425294,,True
Q3-T-021,9275.43713793,direct,,2.61502541359,,True
Q3-T-021,9285.43713793,direct,,2.18217195778,,True
Q3-T-021,9293.20953049,direct,,1.85996174426,,True
Q3-T-021,9295.43713793,direct,,1.86078285986,,True
Q3-T-021,9305.43713793,direct,,1.86425839155,,True
Q3-T-021,9315.43713793,direct,,1.86739547196,,True
Q3-T-021,9318.85845017,direct,,1.86839055086,,True
Q3-T-021,9325.43713793,direct,,1.86839055086,,True
Q3-T-021,9335.43713793,direct,,1.86839055086,,True
Q3-T-021,9345.43713793,direct,,1.86839055086,,True
Q3-T-021,9355.43713793,direct,,1.86839055086,,True
Q3-T-021,9365.43713793,direct,,1.86839055086,,True
Q3-T-021,9375.43713793,direct,,1.86839055086,,True
Q3-T-021,9385.43713793,direct,,1.86839055086,,True
Q3-T-021,9395.43713793,direct,,1.86839055086,,True
Q3-T-021,9405.43713793,direct,,1.86839055086,,True
Q3-T-021,9415.43713793,direct,,1.86839055086,,True
Q3-T-021,9425.43713793,direct,,1.86839055086,,True
Q3-T-021,9435.43713793,direct,,1.86839055086,,True
Q3-T-021,9445.43713793,direct,,1.86839055086,,True
Q3-T-021,9455.43713793,direct,,1.86839055086,,True
Q3-T-021,9465.43713793,direct,,1.86839055086,,True
Q3-T-021,9475.43713793,direct,,1.86839055086,,True
Q3-T-021,9485.43713793,direct,,1.86839055086,,True
Q3-T-021,9495.43713793,direct,,1.86839055086,,True
Q3-T-021,9505.43713793,direct,,1.86839055086,,True
Q3-T-021,9515.43713793,direct,,1.86839055086,,True
Q3-T-021,9525.43713793,direct,,1.86839055086,,True
Q3-T-021,9535.43713793,direct,,1.86839055086,,True
Q3-T-021,9545.43713793,direct,,1.86839055086,,True
Q3-T-021,9555.43713793,direct,,1.86839055086,,True
Q3-T-021,9565.43713793,direct,,1.86839055086,,True
Q3-T-021,9575.43713793,direct,,1.86839055086,,True
Q3-T-021,9585.43713793,direct,,1.86839055086,,True
Q3-T-021,9595.43713793,direct,,1.86839055086,,True
Q3-T-021,9605.43713793,direct,,1.86839055086,,True
Q3-T-021,9615.43713793,direct,,1.86839055086,,True
Q3-T-021,9625.43713793,direct,,1.86839055086,,True
Q3-T-021,9635.43713793,direct,,1.86839055086,,True
Q3-T-021,9642.85845017,direct,,1.86839055086,,True
Q3-T-021,9645.43713793,direct,,1.86745327573,,True
Q3-T-021,9655.43713793,direct,,1.86348726865,,True
Q3-T-021,9665.43713793,direct,,1.85899271948,,True
Q3-T-021,9675.43713793,direct,,1.85397127137,,True
Q3-T-021,9685.43713793,direct,,1.84842475539,,True
Q3-T-021,9695.43713793,direct,,1.84235518835,,True
Q3-T-021,9705.43713793,direct,,1.83576477035,,True
Q3-T-021,9715.43713793,direct,,1.82865588217,,True
Q3-T-021,9725.43713793,direct,,1.82103108244,,True
Q3-T-021,9735.43713793,direct,,11.8128931046,,True
Q3-T-021,9745.43713793,direct,,11.8042448538,,True
Q3-T-021,9753.08298141,direct,,11.79729193,,True
Q3-T-021,9755.43713793,direct,,11.7724480355,,True
Q3-T-021,9765.43713793,direct,,11.6572209935,,True
Q3-T-021,9775.43713793,direct,,11.527186793,,True
Q3-T-021,9785.43713793,direct,,11.3837290982,,True
Q3-T-021,9795.43713793,direct,,11.2282604923,,True
Q3-T-021,9805.43713793,direct,,11.0621908888,,True
Q3-T-021,9815.43713793,direct,,10.8868968316,,True
Q3-T-021,9825.43713793,direct,,10.7036976956,,True
Q3-T-021,9835.43713793,direct,,10.5138379885,,True
Q3-T-021,9845.43713793,direct,,10.3184539228,,True
Q3-T-021,9855.43713793,direct,,10.1186525203,,True
Q3-T-021,9865.43713793,direct,,9.91537821377,,True
Q3-T-021,9875.43713793,relay,H161,-0.290499211524,9.77330969476,True
Q3-T-021,9885.43713793,relay,H161,-0.498203944141,10.3235311733,True
Q3-T-021,9895.43713793,relay,H161,-0.707049607687,10.8922387334,True
Q3-T-021,9905.43713793,relay,H161,-0.916433547559,11.4764028649,True
Q3-T-021,9915.43713793,direct,,8.87416957059,,True
Q3-T-021,9920.24657448,direct,,8.77359014636,,True
Q3-T-021,9925.43713793,direct,,8.77549050885,,True
Q3-T-021,9935.43713793,direct,,8.77902716771,,True
Q3-T-021,9945.43713793,relay,H161,-1.21760099565,12.3337711568,True
Q3-T-021,9955.43713793,relay,H161,-1.21439436762,12.321604873,True
Q3-T-021,9965.43713793,relay,H161,-1.21135331628,12.30796885,True
Q3-T-021,9975.43713793,relay,H161,-1.20847819131,12.2928769984,True
Q3-T-021,9985.43713793,relay,H161,-1.20576932384,12.2763445953,True
Q3-T-021,9995.43713793,relay,H161,-1.2032270263,12.2583882337,True
Q3-T-021,10005.4371379,relay,H161,-1.20085159236,12.2390257693,True
Q3-T-021,10015.4371379,relay,H161,-1.19864329673,12.218276263,True
Q3-T-021,10025.4371379,relay,H161,-1.19660239515,12.1961599206,True
Q3-T-021,10035.4371379,relay,H161,-1.19472912422,12.172698031,True
Q3-T-021,10041.1772385,relay,H161,-1.19372967689,12.1586316776,True
Q3-T-021,10045.4371379,relay,H161,-1.19372967689,12.1586316776,True
Q3-T-021,10055.4371379,relay,H161,-1.19372967689,12.1586316776,True
Q3-T-021,10065.4371379,relay,H161,-1.19372967689,12.1586316776,True
Q3-T-021,10075.4371379,relay,H161,-1.19372967689,12.1586316776,True
Q3-T-021,10085.4371379,relay,H161,-1.19372967689,12.1586316776,True
Q3-T-021,10095.4371379,relay,H161,-1.19372967689,12.1586316776,True
Q3-T-021,10105.4371379,relay,H161,-1.19372967689,12.1586316776,True
Q3-T-021,10115.4371379,relay,H161,-1.19372967689,12.1586316776,True
Q3-T-021,10125.4371379,relay,H161,-1.19372967689,12.1586316776,True
Q3-T-021,10135.4371379,relay,H161,-1.19372967689,12.1586316776,True
Q3-T-021,10145.4371379,relay,H161,-1.19372967689,12.1586316776,True
Q3-T-021,10155.4371379,relay,H161,-1.19372967689,12.1586316776,True
Q3-T-021,10165.4371379,relay,H161,-1.19372967689,12.1586316776,True
Q3-T-021,10175.4371379,relay,H161,-1.19372967689,12.1586316776,True
Q3-T-021,10185.4371379,relay,H161,-1.19372967689,12.1586316776,True
Q3-T-021,10195.4371379,relay,H161,-1.19372967689,12.1586316776,True
Q3-T-021,10205.4371379,relay,H161,-1.19372967689,12.1586316776,True
Q3-T-021,10215.4371379,relay,H161,-1.19372967689,12.1586316776,True
Q3-T-021,10225.4371379,relay,H161,-1.19372967689,12.1586316776,True
Q3-T-021,10235.4371379,relay,H161,-1.19372967689,12.1586316776,True
Q3-T-021,10245.4371379,relay,H161,-1.19372967689,12.1586316776,True
Q3-T-021,10255.4371379,relay,H161,-1.19372967689,12.1586316776,True
Q3-T-021,10265.4371379,relay,H161,-1.19372967689,12.1586316776,True
Q3-T-021,10275.4371379,relay,H161,-1.19372967689,12.1586316776,True
Q3-T-021,10285.4371379,relay,H161,-1.19372967689,12.1586316776,True
Q3-T-021,10295.4371379,relay,H161,-1.19372967689,12.1586316776,True
Q3-T-021,10305.4371379,relay,H161,-1.19372967689,12.1586316776,True
Q3-T-021,10315.4371379,relay,H161,-1.19372967689,12.1586316776,True
Q3-T-021,10325.4371379,relay,H161,-1.19372967689,12.1586316776,True
Q3-T-021,10329.1772385,relay,H161,-1.19372967689,12.1586316776,True
Q3-T-021,10335.4371379,relay,H161,-1.19510585835,12.1776997767,True
Q3-T-021,10345.4371379,relay,H161,-1.19751735288,12.2064686075,True
Q3-T-021,10355.4371379,relay,H161,-1.2001906031,12.2331196425,True
Q3-T-021,10365.4371379,relay,H161,-1.20312512511,12.2576125296,True
Q3-T-021,10375.4371379,relay,H161,-1.20632038848,12.2799096683,True
Q3-T-021,10385.4371379,relay,H161,-1.20977581664,12.2999763941,True
Q3-T-021,10394.5665085,relay,H161,-1.21315652908,12.3163193394,True
Q3-T-021,10395.4371379,relay,H161,-1.1882797243,12.3144655438,True
Q3-T-021,10405.4371379,relay,H161,-0.897208254972,12.2480328489,True
Q3-T-021,10415.4371379,relay,H161,-0.596105672651,12.1011548254,True
Q3-T-021,10425.4371379,relay,H161,-0.284283452432,11.8817831606,True
Q3-T-021,10435.4371379,relay,H161,0.0390660286137,11.6004538375,True
Q3-T-021,10445.4371379,direct,,10.3748156168,,True
Q3-T-021,10455.4371379,direct,,10.7239155512,,True
Q3-T-021,10465.4371379,direct,,11.0874943858,,True
Q3-T-021,10475.4371379,direct,,11.4667635159,,True
Q3-T-021,10485.4371379,direct,,11.8631482459,,True
Q3-T-021,10495.4371379,direct,,12.2782138649,,True
Q3-T-021,10505.4371379,direct,,12.7138103154,,True
Q3-T-021,10515.4371379,direct,,13.1720041681,,True
Q3-T-021,10525.4371379,direct,,13.6552543398,,True
Q3-T-021,10535.4371379,direct,,14.1663586549,,True
Q3-T-021,10545.4371379,direct,,14.708658355,,True
Q3-T-021,10555.4371379,direct,,15.2861113153,,True
Q3-T-021,10565.4371379,direct,,15.9033812266,,True
Q3-T-021,10575.4371379,direct,,16.5661790194,,True
Q3-T-021,10585.4371379,direct,,17.2813578219,,True
Q3-T-021,10595.4371379,direct,,18.0574430815,,True
Q3-T-021,10605.4371379,direct,,18.9048932329,,True
Q3-T-021,10615.4371379,direct,,19.8368949103,,True
Q3-T-021,10625.4371379,direct,,20.8698134949,,True
Q3-T-021,10635.4371379,direct,,22.0240129481,,True
Q3-T-021,10645.4371379,direct,,23.3235981508,,True
Q3-T-021,10655.4371379,direct,,24.7928379114,,True
Q3-T-021,10665.4371379,direct,,26.4416432871,,True
Q3-T-021,10675.4371379,direct,,28.213782952,,True
Q3-T-021,10685.4371379,direct,,29.8463923505,,True
Q3-T-021,10695.4371379,direct,,30.7019831319,,True
Q3-T-021,10696.8810002,direct,,30.7173070509,,True
Q3-T-021,10705.4371379,direct,,31.1351815719,,True
Q3-T-021,10715.4371379,direct,,31.6505711754,,True
Q3-T-021,10725.4371379,direct,,32.1984819874,,True
Q3-T-021,10735.4371379,direct,,32.7832962725,,True
Q3-T-021,10745.4371379,direct,,33.4103464699,,True
Q3-T-021,10755.4371379,direct,,34.0862114349,,True
Q3-T-021,10765.4371379,direct,,34.8191379655,,True
Q3-T-021,10775.4371379,direct,,35.6196571189,,True
Q3-T-021,10785.4371379,direct,,36.5015144354,,True
Q3-T-021,10795.4371379,direct,,37.4831279163,,True
Q3-T-021,10805.4371379,direct,,38.5899795826,,True
Q3-T-021,10815.4371379,direct,,39.8587647809,,True
Q3-T-021,10825.4371379,direct,,41.345121067,,True
Q3-T-021,10835.4371379,direct,,43.1394307343,,True
Q3-T-021,10845.4371379,direct,,45.4035614164,,True
Q3-T-021,10855.4371379,direct,,48.4742992373,,True
Q3-T-021,10865.4371379,direct,,53.2671798536,,True
Q3-T-021,10875.4371379,direct,,64.8475147196,,True
Q3-T-021,10885.4371379,direct,,59.7744746911,,True
Q3-T-021,10889.0175877,direct,,55.9251752525,,True
Q3-T-022,10309.7217738,direct,,55.9251752525,,True
Q3-T-022,10319.7217738,direct,,67.966375079,,True
Q3-T-022,10329.7217738,direct,,52.4033500714,,True
Q3-T-022,10339.7217738,direct,,47.1385213759,,True
Q3-T-022,10349.7217738,direct,,43.8839754259,,True
Q3-T-022,10359.7217738,direct,,41.5219891844,,True
Q3-T-022,10367.8644179,direct,,39.9825954966,,True
Q3-T-022,10369.7217738,direct,,39.7732152887,,True
Q3-T-022,10379.7217738,direct,,35.1928183423,,True
Q3-T-022,10389.7217738,direct,,31.0393721216,,True
Q3-T-022,10399.7217738,direct,,28.0707192828,,True
Q3-T-022,10409.7217738,direct,,25.8187126526,,True
Q3-T-022,10419.7217738,direct,,24.0163801093,,True
Q3-T-022,10429.7217738,direct,,22.5176143466,,True
Q3-T-022,10439.7217738,direct,,21.2361609958,,True
Q3-T-022,10449.7217738,direct,,20.117763433,,True
Q3-T-022,10459.7217738,direct,,19.1258533765,,True
Q3-T-022,10469.7217738,direct,,18.2349589837,,True
Q3-T-022,10479.7217738,direct,,17.4265109895,,True
Q3-T-022,10489.7217738,direct,,16.68652699,,True
Q3-T-022,10499.7217738,direct,,6.0044518184,,True
Q3-T-022,10509.7217738,direct,,5.37185376016,,True
Q3-T-022,10519.7217738,direct,,4.7820960412,,True
Q3-T-022,10529.7217738,direct,,4.22975648331,,True
Q3-T-022,10539.7217738,direct,,3.71032262454,,True
Q3-T-022,10549.7217738,direct,,3.22017017626,,True
Q3-T-022,10559.7217738,direct,,2.75613880623,,True
Q3-T-022,10569.7217738,direct,,2.31561711283,,True
Q3-T-022,10571.4659917,direct,,2.24100856332,,True
Q3-T-022,10579.7217738,direct,,2.24280639922,,True
Q3-T-022,10589.7217738,direct,,2.24464554457,,True
Q3-T-022,10599.7217738,direct,,2.24611314022,,True
Q3-T-022,10609.7217738,direct,,2.24720880915,,True
Q3-T-022,10615.9942968,direct,,2.24770629523,,True
Q3-T-022,10619.7217738,direct,,2.24770629523,,True
Q3-T-022,10629.7217738,direct,,2.24770629523,,True
Q3-T-022,10639.7217738,direct,,2.24770629523,,True
Q3-T-022,10649.7217738,direct,,2.24770629523,,True
Q3-T-022,10659.7217738,direct,,2.24770629523,,True
Q3-T-022,10669.7217738,direct,,2.24770629523,,True
Q3-T-022,10679.7217738,direct,,2.24770629523,,True
Q3-T-022,10689.7217738,direct,,2.24770629523,,True
Q3-T-022,10699.7217738,direct,,2.24770629523,,True
Q3-T-022,10709.7217738,direct,,2.24770629523,,True
Q3-T-022,10719.7217738,direct,,2.24770629523,,True
Q3-T-022,10729.7217738,direct,,2.24770629523,,True
Q3-T-022,10739.7217738,direct,,2.24770629523,,True
Q3-T-022,10749.7217738,direct,,2.24770629523,,True
Q3-T-022,10759.7217738,direct,,2.24770629523,,True
Q3-T-022,10769.7217738,direct,,2.24770629523,,True
Q3-T-022,10779.7217738,direct,,2.24770629523,,True
Q3-T-022,10789.7217738,direct,,2.24770629523,,True
Q3-T-022,10799.7217738,direct,,2.24770629523,,True
Q3-T-022,10809.7217738,direct,,2.24770629523,,True
Q3-T-022,10819.7217738,direct,,2.24770629523,,True
Q3-T-022,10829.7217738,direct,,2.24770629523,,True
Q3-T-022,10839.7217738,direct,,2.24770629523,,True
Q3-T-022,10849.7217738,direct,,2.24770629523,,True
Q3-T-022,10859.7217738,direct,,2.24770629523,,True
Q3-T-022,10869.7217738,direct,,2.24770629523,,True
Q3-T-022,10879.7217738,direct,,2.24770629523,,True
Q3-T-022,10889.7217738,direct,,2.24770629523,,True
Q3-T-022,10899.7217738,direct,,2.24770629523,,True
Q3-T-022,10909.7217738,direct,,2.24770629523,,True
Q3-T-022,10919.7217738,direct,,2.24770629523,,True
Q3-T-022,10929.7217738,direct,,2.24770629523,,True
Q3-T-022,10939.7217738,direct,,2.24770629523,,True
Q3-T-022,10949.7217738,direct,,2.24770629523,,True
Q3-T-022,10959.7217738,direct,,2.24770629523,,True
Q3-T-022,10969.7217738,direct,,2.24770629523,,True
Q3-T-022,10979.7217738,direct,,2.24770629523,,True
Q3-T-022,10989.7217738,direct,,2.24770629523,,True
Q3-T-022,10999.7217738,direct,,2.24770629523,,True
Q3-T-022,11009.7217738,direct,,2.24770629523,,True
Q3-T-022,11011.9942968,direct,,2.24770629523,,True
Q3-T-022,11019.7217738,direct,,2.24687958516,,True
Q3-T-022,11029.7217738,direct,,2.24529447249,,True
Q3-T-022,11039.7217738,direct,,2.24312855996,,True
Q3-T-022,11047.6169408,direct,,2.24100856332,,True
Q3-T-022,11049.7217738,direct,,2.33112399997,,True
Q3-T-022,11059.7217738,direct,,2.77245169986,,True
Q3-T-022,11069.7217738,direct,,3.23737730149,,True
Q3-T-022,11079.7217738,direct,,3.72852742439,,True
Q3-T-022,11089.7217738,direct,,4.2490666504,,True
Q3-T-022,11099.7217738,direct,,4.80268763493,,True
Q3-T-022,11109.7217738,direct,,5.39388900544,,True
Q3-T-022,11119.7217738,direct,,6.02814757646,,True
Q3-T-022,11129.7217738,direct,,16.7121525612,,True
Q3-T-022,11139.7217738,direct,,17.4543853247,,True
Q3-T-022,11149.7217738,direct,,18.265563071,,True
Q3-T-022,11159.7217738,direct,,19.1597433533,,True
Q3-T-022,11169.7217738,direct,,20.1557214777,,True
Q3-T-022,11179.7217738,direct,,21.2792813301,,True
Q3-T-022,11189.7217738,direct,,22.5674534495,,True
Q3-T-022,11199.7217738,direct,,24.0754569758,,True
Q3-T-022,11209.7217738,direct,,25.8909744721,,True
Q3-T-022,11219.7217738,direct,,28.163180966,,True
Q3-T-022,11229.7217738,direct,,31.165190919,,True
Q3-T-022,11239.7217738,direct,,35.3700883908,,True
Q3-T-022,11249.7217738,direct,,39.8454929505,,True
Q3-T-022,11251.2185147,direct,,39.9825954966,,True
Q3-T-022,11259.7217738,direct,,41.2491968527,,True
Q3-T-022,11269.7217738,direct,,43.0216440889,,True
Q3-T-022,11279.7217738,direct,,45.2510047877,,True
Q3-T-022,11289.7217738,direct,,48.2578455974,,True
Q3-T-022,11299.7217738,direct,,52.8947139012,,True
Q3-T-022,11309.7217738,direct,,63.5120456561,,True
Q3-T-022,11319.7217738,direct,,60.6192566585,,True
Q3-T-022,11323.8968197,direct,,55.9251752525,,True
