service_id,type_id,reserve_fraction,max_safe_payload_kg,status,energy_budget_kwh,energy_empty_kwh,energy_at_rated_payload_kwh,energy_at_safe_payload_kwh,rated_payload_kg,distance_out_m,distance_back_m,climb_out_m,climb_back_m,descent_out_m,descent_back_m,cruise_alt_m,flight_s
S001,A,0,25,rated_payload_limited,4.5,1.16153051602,1.31271024158,1.31271024158,25,3054.023608,3054.023608,145.3566101,89.05661011,89.05661011,145.3566101,273.0566101,680.906962821
S001,B,0,30,rated_payload_limited,4,0.930225761055,1.27394097204,1.27394097204,30,3054.023608,3054.023608,145.3566101,89.05661011,89.05661011,145.3566101,273.0566101,579.106175887
S001,C,0,80,rated_payload_limited,8,1.94139247193,3.08170436114,3.08170436114,80,3054.023608,3054.023608,145.3566101,89.05661011,89.05661011,145.3566101,273.0566101,618.175045922
S002,A,0,25,rated_payload_limited,4.5,2.73984663737,3.09050972759,3.09050972759,25,7411.533814,7411.533814,181.2542542,89.45425415,89.45425415,181.2542542,308.9542542,1433.77520846
S002,B,0,30,rated_payload_limited,4,2.18415452088,2.99882031183,2.99882031183,30,7411.533814,7411.533814,181.2542542,89.45425415,89.45425415,181.2542542,308.9542542,1186.72408132
S002,C,0,80,rated_payload_limited,8,4.6325359292,7.34794754861,7.34794754861,80,7411.533814,7411.533814,181.2542542,89.45425415,89.45425415,181.2542542,308.9542542,1231.84216605
S003,A,0,25,rated_payload_limited,4.5,2.7890857722,3.15701804891,3.15701804891,25,7263.826968,7263.826968,434.1041382,223.3041382,223.3041382,434.1041382,561.8041382,1692.73723069
S003,B,0,30,rated_payload_limited,4,2.23705090717,3.06459015809,3.06459015809,30,7263.826968,7263.826968,434.1041382,223.3041382,223.3041382,434.1041382,561.8041382,1450.60966509
S003,C,0,80,rated_payload_limited,8,4.64390670284,7.38282653444,7.38282653444,80,7263.826968,7263.826968,434.1041382,223.3041382,223.3041382,434.1041382,561.8041382,1560.17771116
S004,A,0,25,rated_payload_limited,4.5,2.89394171155,3.26669153411,3.26669153411,25,7714.681646,7714.681646,270.5391663,169.9391663,169.9391663,270.5391663,398.2391663,1608.79771824
S004,B,0,30,rated_payload_limited,4,2.31251848078,3.16979849246,3.16979849246,30,7714.681646,7714.681646,270.5391663,169.9391663,169.9391663,270.5391663,398.2391663,1351.64166337
S004,C,0,80,rated_payload_limited,8,4.86398606465,7.71524423837,7.71524423837,80,7714.681646,7714.681646,270.5391663,169.9391663,169.9391663,270.5391663,398.2391663,1425.05471881
S005,A,0,25,rated_payload_limited,4.5,1.98844309239,2.24486501136,2.24486501136,25,5280.593369,5280.593369,198.7108887,131.4108887,131.4108887,198.7108887,326.4108887,1122.18819826
S005,B,0,30,rated_payload_limited,4,1.58992547929,2.1782576011,2.1782576011,30,5280.593369,5280.593369,198.7108887,131.4108887,131.4108887,198.7108887,326.4108887,946.168419293
S005,C,0,80,rated_payload_limited,8,3.33690049967,5.29264281489,5.29264281489,80,5280.593369,5280.593369,198.7108887,131.4108887,131.4108887,198.7108887,326.4108887,1001.18871553
S006,A,0,25,rated_payload_limited,4.5,1.22375461487,1.38968260036,1.38968260036,25,3186.198852,3186.198852,238.3978394,51.29783936,51.29783936,238.3978394,366.0978394,743.476639757
S006,B,0,30,rated_payload_limited,4,0.981585340998,1.35002263401,1.35002263401,30,3186.198852,3186.198852,238.3978394,51.29783936,51.29783936,238.3978394,366.0978394,637.270011357
S006,C,0,80,rated_payload_limited,8,2.0373511789,3.25327178824,3.25327178824,80,3186.198852,3186.198852,238.3978394,51.29783936,51.29783936,238.3978394,366.0978394,685.552624484
S007,A,0,25,rated_payload_limited,4.5,1.77756344482,2.01797249109,2.01797249109,25,4534.717375,4534.717375,384.273175,163.473175,163.473175,384.273175,511.973175,1157.46688583
S007,B,0,30,rated_payload_limited,4,1.43033692627,1.95981561942,1.95981561942,30,4534.717375,4534.717375,384.273175,163.473175,163.473175,384.273175,511.973175,1006.30964
S007,C,0,80,rated_payload_limited,8,2.93545326153,4.67961017039,4.67961017039,80,4534.717375,4534.717375,384.273175,163.473175,163.473175,384.273175,511.973175,1097.60069833
S008,A,0,25,rated_payload_limited,4.5,3.00043718224,3.38719045973,3.38719045973,25,8079.110449,8079.110449,245.2093323,102.0093323,102.0093323,245.2093323,372.9093323,1601.14542887
S008,B,0,30,rated_payload_limited,4,2.39370630456,3.28715724997,3.28715724997,30,8079.110449,8079.110449,245.2093323,102.0093323,102.0093323,245.2093323,372.9093323,1331.84174724
S008,C,0,79.6774477066,energy_limited,8,5.06358632917,8.03799840697,8,80,8079.110449,8079.110449,245.2093323,102.0093323,102.0093323,245.2093323,372.9093323,1389.71152467
S009,A,0,25,rated_payload_limited,4.5,2.11449348264,2.38688881319,2.38688881319,25,5705.303447,5705.303447,165.5289124,63.22891235,63.22891235,165.5289124,293.2289124,1118.63964598
S009,B,0,30,rated_payload_limited,4,1.68634349503,2.31641401773,2.31641401773,30,5705.303447,5705.303447,165.5289124,63.22891235,63.22891235,165.5289124,293.2289124,928.462864417
S009,C,0,80,rated_payload_limited,8,3.57145366019,5.66961266921,5.66961266921,80,5705.303447,5705.303447,165.5289124,63.22891235,63.22891235,165.5289124,293.2289124,966.589168542
S010,A,0,25,rated_payload_limited,4.5,1.82629300362,2.0707297629,2.0707297629,25,4784.674506,4784.674506,307.9365356,84.03653564,84.03653564,307.9365356,435.6365356,1084.89266991
S010,B,0,30,rated_payload_limited,4,1.46344502735,2.01104041223,2.01104041223,30,4784.674506,4784.674506,307.9365356,84.03653564,84.03653564,307.9365356,435.6365356,925.403519709
S010,C,0,80,rated_payload_limited,8,3.04807696181,4.85885692633,4.85885692633,80,4784.674506,4784.674506,307.9365356,84.03653564,84.03653564,307.9365356,435.6365356,990.732364916
S011,A,0,25,rated_payload_limited,4.5,1.07737291221,1.21959611273,1.21959611273,25,2808.106412,2808.106412,167.6617554,83.26175537,83.26175537,167.6617554,295.3617554,652.028309898
S011,B,0,30,rated_payload_limited,4,0.864023964183,1.1839226027,1.1839226027,30,2808.106412,2808.106412,167.6617554,83.26175537,83.26175537,167.6617554,295.3617554,558.424762831
S011,C,0,80,rated_payload_limited,8,1.79442515305,2.85321027055,2.85321027055,80,2808.106412,2808.106412,167.6617554,83.26175537,83.26175537,167.6617554,295.3617554,600.24534796
S012,A,0,25,rated_payload_limited,4.5,2.77180546523,3.13142055533,3.13142055533,25,7391.140163,7391.140163,285.6009949,133.5009949,133.5009949,285.6009949,413.3009949,1539.19815302
S012,B,0,30,rated_payload_limited,4,2.21482112408,3.039145538,3.039145538,30,7391.140163,7391.140163,285.6009949,133.5009949,133.5009949,285.6009949,413.3009949,1292.82681425
S012,C,0,80,rated_payload_limited,8,4.65923038872,7.39890429565,7.39890429565,80,7391.140163,7391.140163,285.6009949,133.5009949,133.5009949,285.6009949,413.3009949,1362.67714589
S013,A,0,25,rated_payload_limited,4.5,1.83030762726,2.07421509617,2.07421509617,25,4849.536855,4849.536855,271.4818237,47.48182373,47.48182373,271.4818237,399.1818237,1042.16281728
S013,B,0,30,rated_payload_limited,4,1.46402243521,2.0144296422,2.0144296422,30,4849.536855,4849.536855,271.4818237,47.48182373,47.48182373,271.4818237,399.1818237,880.511588782
S013,C,0,80,rated_payload_limited,8,3.06868405411,4.89171403136,4.89171403136,80,4849.536855,4849.536855,271.4818237,47.48182373,47.48182373,271.4818237,399.1818237,933.672196687
S014,A,0,25,rated_payload_limited,4.5,2.13779691217,2.42558723052,2.42558723052,25,5419.5363,5419.5363,464.2473877,240.9473877,240.9473877,464.2473877,591.9473877,1420.39888529
S014,B,0,30,rated_payload_limited,4,1.72186251244,2.35522053783,2.35522053783,30,5419.5363,5419.5363,464.2473877,240.9473877,240.9473877,464.2473877,591.9473877,1239.74767529
S014,C,0,80,rated_payload_limited,8,3.52159630022,5.60758666095,5.60758666095,80,5419.5363,5419.5363,464.2473877,240.9473877,240.9473877,464.2473877,591.9473877,1357.28013786
S015,A,0,25,rated_payload_limited,4.5,2.30689938866,2.61934426755,2.61934426755,25,6009.764892,6009.764892,444.0992554,97.29925537,97.29925537,444.0992554,571.7992554,1398.65305656
S015,B,0,30,rated_payload_limited,4,1.85021799472,2.5445279265,2.5445279265,30,6009.764892,6009.764892,444.0992554,97.29925537,97.29925537,444.0992554,571.7992554,1198.32756016
S015,C,0,80,rated_payload_limited,8,3.84149604983,6.13326501752,6.13326501752,80,6009.764892,6009.764892,444.0992554,97.29925537,97.29925537,444.0992554,571.7992554,1288.56064529
S001,A,0.1,25,rated_payload_limited,4.05,1.16153051602,1.31271024158,1.31271024158,25,3054.023608,3054.023608,145.3566101,89.05661011,89.05661011,145.3566101,273.0566101,680.906962821
S001,B,0.1,30,rated_payload_limited,3.6,0.930225761055,1.27394097204,1.27394097204,30,3054.023608,3054.023608,145.3566101,89.05661011,89.05661011,145.3566101,273.0566101,579.106175887
S001,C,0.1,80,rated_payload_limited,7.2,1.94139247193,3.08170436114,3.08170436114,80,3054.023608,3054.023608,145.3566101,89.05661011,89.05661011,145.3566101,273.0566101,618.175045922
S002,A,0.1,25,rated_payload_limited,4.05,2.73984663737,3.09050972759,3.09050972759,25,7411.533814,7411.533814,181.2542542,89.45425415,89.45425415,181.2542542,308.9542542,1433.77520846
S002,B,0.1,30,rated_payload_limited,3.6,2.18415452088,2.99882031183,2.99882031183,30,7411.533814,7411.533814,181.2542542,89.45425415,89.45425415,181.2542542,308.9542542,1186.72408132
S002,C,0.1,78.592218323,energy_limited,7.2,4.6325359292,7.34794754861,7.2,80,7411.533814,7411.533814,181.2542542,89.45425415,89.45425415,181.2542542,308.9542542,1231.84216605
S003,A,0.1,25,rated_payload_limited,4.05,2.7890857722,3.15701804891,3.15701804891,25,7263.826968,7263.826968,434.1041382,223.3041382,223.3041382,434.1041382,561.8041382,1692.73723069
S003,B,0.1,30,rated_payload_limited,3.6,2.23705090717,3.06459015809,3.06459015809,30,7263.826968,7263.826968,434.1041382,223.3041382,223.3041382,434.1041382,561.8041382,1450.60966509
S003,C,0.1,78.2261928284,energy_limited,7.2,4.64390670284,7.38282653444,7.2,80,7263.826968,7263.826968,434.1041382,223.3041382,223.3041382,434.1041382,561.8041382,1560.17771116
S004,A,0.1,25,rated_payload_limited,4.05,2.89394171155,3.26669153411,3.26669153411,25,7714.681646,7714.681646,270.5391663,169.9391663,169.9391663,270.5391663,398.2391663,1608.79771824
S004,B,0.1,30,rated_payload_limited,3.6,2.31251848078,3.16979849246,3.16979849246,30,7714.681646,7714.681646,270.5391663,169.9391663,169.9391663,270.5391663,398.2391663,1351.64166337
S004,C,0.1,74.8851645825,energy_limited,7.2,4.86398606465,7.71524423837,7.2,80,7714.681646,7714.681646,270.5391663,169.9391663,169.9391663,270.5391663,398.2391663,1425.05471881
S005,A,0.1,25,rated_payload_limited,4.05,1.98844309239,2.24486501136,2.24486501136,25,5280.593369,5280.593369,198.7108887,131.4108887,131.4108887,198.7108887,326.4108887,1122.18819826
S005,B,0.1,30,rated_payload_limited,3.6,1.58992547929,2.1782576011,2.1782576011,30,5280.593369,5280.593369,198.7108887,131.4108887,131.4108887,198.7108887,326.4108887,946.168419293
S005,C,0.1,80,rated_payload_limited,7.2,3.33690049967,5.29264281489,5.29264281489,80,5280.593369,5280.593369,198.7108887,131.4108887,131.4108887,198.7108887,326.4108887,1001.18871553
S006,A,0.1,25,rated_payload_limited,4.05,1.22375461487,1.38968260036,1.38968260036,25,3186.198852,3186.198852,238.3978394,51.29783936,51.29783936,238.3978394,366.0978394,743.476639757
S006,B,0.1,30,rated_payload_limited,3.6,0.981585340998,1.35002263401,1.35002263401,30,3186.198852,3186.198852,238.3978394,51.29783936,51.29783936,238.3978394,366.0978394,637.270011357
S006,C,0.1,80,rated_payload_limited,7.2,2.0373511789,3.25327178824,3.25327178824,80,3186.198852,3186.198852,238.3978394,51.29783936,51.29783936,238.3978394,366.0978394,685.552624484
S007,A,0.1,25,rated_payload_limited,4.05,1.77756344482,2.01797249109,2.01797249109,25,4534.717375,4534.717375,384.273175,163.473175,163.473175,384.273175,511.973175,1157.46688583
S007,B,0.1,30,rated_payload_limited,3.6,1.43033692627,1.95981561942,1.95981561942,30,4534.717375,4534.717375,384.273175,163.473175,163.473175,384.273175,511.973175,1006.30964
S007,C,0.1,80,rated_payload_limited,7.2,2.93545326153,4.67961017039,4.67961017039,80,4534.717375,4534.717375,384.273175,163.473175,163.473175,384.273175,511.973175,1097.60069833
S008,A,0.1,25,rated_payload_limited,4.05,3.00043718224,3.38719045973,3.38719045973,25,8079.110449,8079.110449,245.2093323,102.0093323,102.0093323,245.2093323,372.9093323,1601.14542887
S008,B,0.1,30,rated_payload_limited,3.6,2.39370630456,3.28715724997,3.28715724997,30,8079.110449,8079.110449,245.2093323,102.0093323,102.0093323,245.2093323,372.9093323,1331.84174724
S008,C,0.1,71.4380273882,energy_limited,7.2,5.06358632917,8.03799840697,7.2,80,8079.110449,8079.110449,245.2093323,102.0093323,102.0093323,245.2093323,372.9093323,1389.71152467
S009,A,0.1,25,rated_payload_limited,4.05,2.11449348264,2.38688881319,2.38688881319,25,5705.303447,5705.303447,165.5289124,63.22891235,63.22891235,165.5289124,293.2289124,1118.63964598
S009,B,0.1,30,rated_payload_limited,3.6,1.68634349503,2.31641401773,2.31641401773,30,5705.303447,5705.303447,165.5289124,63.22891235,63.22891235,165.5289124,293.2289124,928.462864417
S009,C,0.1,80,rated_payload_limited,7.2,3.57145366019,5.66961266921,5.66961266921,80,5705.303447,5705.303447,165.5289124,63.22891235,63.22891235,165.5289124,293.2289124,966.589168542
S010,A,0.1,25,rated_payload_limited,4.05,1.82629300362,2.0707297629,2.0707297629,25,4784.674506,4784.674506,307.9365356,84.03653564,84.03653564,307.9365356,435.6365356,1084.89266991
S010,B,0.1,30,rated_payload_limited,3.6,1.46344502735,2.01104041223,2.01104041223,30,4784.674506,4784.674506,307.9365356,84.03653564,84.03653564,307.9365356,435.6365356,925.403519709
S010,C,0.1,80,rated_payload_limited,7.2,3.04807696181,4.85885692633,4.85885692633,80,4784.674506,4784.674506,307.9365356,84.03653564,84.03653564,307.9365356,435.6365356,990.732364916
S011,A,0.1,25,rated_payload_limited,4.05,1.07737291221,1.21959611273,1.21959611273,25,2808.106412,2808.106412,167.6617554,83.26175537,83.26175537,167.6617554,295.3617554,652.028309898
S011,B,0.1,30,rated_payload_limited,3.6,0.864023964183,1.1839226027,1.1839226027,30,2808.106412,2808.106412,167.6617554,83.26175537,83.26175537,167.6617554,295.3617554,558.424762831
S011,C,0.1,80,rated_payload_limited,7.2,1.79442515305,2.85321027055,2.85321027055,80,2808.106412,2808.106412,167.6617554,83.26175537,83.26175537,167.6617554,295.3617554,600.24534796
S012,A,0.1,25,rated_payload_limited,4.05,2.77180546523,3.13142055533,3.13142055533,25,7391.140163,7391.140163,285.6009949,133.5009949,133.5009949,285.6009949,413.3009949,1539.19815302
S012,B,0.1,30,rated_payload_limited,3.6,2.21482112408,3.039145538,3.039145538,30,7391.140163,7391.140163,285.6009949,133.5009949,133.5009949,285.6009949,413.3009949,1292.82681425
S012,C,0.1,78.0863711276,energy_limited,7.2,4.65923038872,7.39890429565,7.2,80,7391.140163,7391.140163,285.6009949,133.5009949,133.5009949,285.6009949,413.3009949,1362.67714589
S013,A,0.1,25,rated_payload_limited,4.05,1.83030762726,2.07421509617,2.07421509617,25,4849.536855,4849.536855,271.4818237,47.48182373,47.48182373,271.4818237,399.1818237,1042.16281728
S013,B,0.1,30,rated_payload_limited,3.6,1.46402243521,2.0144296422,2.0144296422,30,4849.536855,4849.536855,271.4818237,47.48182373,47.48182373,271.4818237,399.1818237,880.511588782
S013,C,0.1,80,rated_payload_limited,7.2,3.06868405411,4.89171403136,4.89171403136,80,4849.536855,4849.536855,271.4818237,47.48182373,47.48182373,271.4818237,399.1818237,933.672196687
S014,A,0.1,25,rated_payload_limited,4.05,2.13779691217,2.42558723052,2.42558723052,25,5419.5363,5419.5363,464.2473877,240.9473877,240.9473877,464.2473877,591.9473877,1420.39888529
S014,B,0.1,30,rated_payload_limited,3.6,1.72186251244,2.35522053783,2.35522053783,30,5419.5363,5419.5363,464.2473877,240.9473877,240.9473877,464.2473877,591.9473877,1239.74767529
S014,C,0.1,80,rated_payload_limited,7.2,3.52159630022,5.60758666095,5.60758666095,80,5419.5363,5419.5363,464.2473877,240.9473877,240.9473877,464.2473877,591.9473877,1357.28013786
S015,A,0.1,25,rated_payload_limited,4.05,2.30689938866,2.61934426755,2.61934426755,25,6009.764892,6009.764892,444.0992554,97.29925537,97.29925537,444.0992554,571.7992554,1398.65305656
S015,B,0.1,30,rated_payload_limited,3.6,1.85021799472,2.5445279265,2.5445279265,30,6009.764892,6009.764892,444.0992554,97.29925537,97.29925537,444.0992554,571.7992554,1198.32756016
S015,C,0.1,80,rated_payload_limited,7.2,3.84149604983,6.13326501752,6.13326501752,80,6009.764892,6009.764892,444.0992554,97.29925537,97.29925537,444.0992554,571.7992554,1288.56064529
S001,A,0.15,25,rated_payload_limited,3.825,1.16153051602,1.31271024158,1.31271024158,25,3054.023608,3054.023608,145.3566101,89.05661011,89.05661011,145.3566101,273.0566101,680.906962821
S001,B,0.15,30,rated_payload_limited,3.4,0.930225761055,1.27394097204,1.27394097204,30,3054.023608,3054.023608,145.3566101,89.05661011,89.05661011,145.3566101,273.0566101,579.106175887
S001,C,0.15,80,rated_payload_limited,6.8,1.94139247193,3.08170436114,3.08170436114,80,3054.023608,3054.023608,145.3566101,89.05661011,89.05661011,145.3566101,273.0566101,618.175045922
S002,A,0.15,25,rated_payload_limited,3.825,2.73984663737,3.09050972759,3.09050972759,25,7411.533814,7411.533814,181.2542542,89.45425415,89.45425415,181.2542542,308.9542542,1433.77520846
S002,B,0.15,30,rated_payload_limited,3.4,2.18415452088,2.99882031183,2.99882031183,30,7411.533814,7411.533814,181.2542542,89.45425415,89.45425415,181.2542542,308.9542542,1186.72408132
S002,C,0.15,74.2392734359,energy_limited,6.8,4.6325359292,7.34794754861,6.8,80,7411.533814,7411.533814,181.2542542,89.45425415,89.45425415,181.2542542,308.9542542,1231.84216605
S003,A,0.15,25,rated_payload_limited,3.825,2.7890857722,3.15701804891,3.15701804891,25,7263.826968,7263.826968,434.1041382,223.3041382,223.3041382,434.1041382,561.8041382,1692.73723069
S003,B,0.15,30,rated_payload_limited,3.4,2.23705090717,3.06459015809,3.06459015809,30,7263.826968,7263.826968,434.1041382,223.3041382,223.3041382,434.1041382,561.8041382,1450.60966509
S003,C,0.15,73.7464067066,energy_limited,6.8,4.64390670284,7.38282653444,6.8,80,7263.826968,7263.826968,434.1041382,223.3041382,223.3041382,434.1041382,561.8041382,1560.17771116
S004,A,0.15,25,rated_payload_limited,3.825,2.89394171155,3.26669153411,3.26669153411,25,7714.681646,7714.681646,270.5391663,169.9391663,169.9391663,270.5391663,398.2391663,1608.79771824
S004,B,0.15,30,rated_payload_limited,3.4,2.31251848078,3.16979849246,3.16979849246,30,7714.681646,7714.681646,270.5391663,169.9391663,169.9391663,270.5391663,398.2391663,1351.64166337
S004,C,0.15,69.9144075804,energy_limited,6.8,4.86398606465,7.71524423837,6.8,80,7714.681646,7714.681646,270.5391663,169.9391663,169.9391663,270.5391663,398.2391663,1425.05471881
S005,A,0.15,25,rated_payload_limited,3.825,1.98844309239,2.24486501136,2.24486501136,25,5280.593369,5280.593369,198.7108887,131.4108887,131.4108887,198.7108887,326.4108887,1122.18819826
S005,B,0.15,30,rated_payload_limited,3.4,1.58992547929,2.1782576011,2.1782576011,30,5280.593369,5280.593369,198.7108887,131.4108887,131.4108887,198.7108887,326.4108887,946.168419293
S005,C,0.15,80,rated_payload_limited,6.8,3.33690049967,5.29264281489,5.29264281489,80,5280.593369,5280.593369,198.7108887,131.4108887,131.4108887,198.7108887,326.4108887,1001.18871553
S006,A,0.15,25,rated_payload_limited,3.825,1.22375461487,1.38968260036,1.38968260036,25,3186.198852,3186.198852,238.3978394,51.29783936,51.29783936,238.3978394,366.0978394,743.476639757
S006,B,0.15,30,rated_payload_limited,3.4,0.981585340998,1.35002263401,1.35002263401,30,3186.198852,3186.198852,238.3978394,51.29783936,51.29783936,238.3978394,366.0978394,637.270011357
S006,C,0.15,80,rated_payload_limited,6.8,2.0373511789,3.25327178824,3.25327178824,80,3186.198852,3186.198852,238.3978394,51.29783936,51.29783936,238.3978394,366.0978394,685.552624484
S007,A,0.15,25,rated_payload_limited,3.825,1.77756344482,2.01797249109,2.01797249109,25,4534.717375,4534.717375,384.273175,163.473175,163.473175,384.273175,511.973175,1157.46688583
S007,B,0.15,30,rated_payload_limited,3.4,1.43033692627,1.95981561942,1.95981561942,30,4534.717375,4534.717375,384.273175,163.473175,163.473175,384.273175,511.973175,1006.30964
S007,C,0.15,80,rated_payload_limited,6.8,2.93545326153,4.67961017039,4.67961017039,80,4534.717375,4534.717375,384.273175,163.473175,163.473175,384.273175,511.973175,1097.60069833
S008,A,0.15,25,rated_payload_limited,3.825,3.00043718224,3.38719045973,3.38719045973,25,8079.110449,8079.110449,245.2093323,102.0093323,102.0093323,245.2093323,372.9093323,1601.14542887
S008,B,0.15,30,rated_payload_limited,3.4,2.39370630456,3.28715724997,3.28715724997,30,8079.110449,8079.110449,245.2093323,102.0093323,102.0093323,245.2093323,372.9093323,1331.84174724
S008,C,0.15,65.9024472685,energy_limited,6.8,5.06358632917,8.03799840697,6.8,80,8079.110449,8079.110449,245.2093323,102.0093323,102.0093323,245.2093323,372.9093323,1389.71152467
S009,A,0.15,25,rated_payload_limited,3.825,2.11449348264,2.38688881319,2.38688881319,25,5705.303447,5705.303447,165.5289124,63.22891235,63.22891235,165.5289124,293.2289124,1118.63964598
S009,B,0.15,30,rated_payload_limited,3.4,1.68634349503,2.31641401773,2.31641401773,30,5705.303447,5705.303447,165.5289124,63.22891235,63.22891235,165.5289124,293.2289124,928.462864417
S009,C,0.15,80,rated_payload_limited,6.8,3.57145366019,5.66961266921,5.66961266921,80,5705.303447,5705.303447,165.5289124,63.22891235,63.22891235,165.5289124,293.2289124,966.589168542
S010,A,0.15,25,rated_payload_limited,3.825,1.82629300362,2.0707297629,2.0707297629,25,4784.674506,4784.674506,307.9365356,84.03653564,84.03653564,307.9365356,435.6365356,1084.89266991
S010,B,0.15,30,rated_payload_limited,3.4,1.46344502735,2.01104041223,2.01104041223,30,4784.674506,4784.674506,307.9365356,84.03653564,84.03653564,307.9365356,435.6365356,925.403519709
S010,C,0.15,80,rated_payload_limited,6.8,3.04807696181,4.85885692633,4.85885692633,80,4784.674506,4784.674506,307.9365356,84.03653564,84.03653564,307.9365356,435.6365356,990.732364916
S011,A,0.15,25,rated_payload_limited,3.825,1.07737291221,1.21959611273,1.21959611273,25,2808.106412,2808.106412,167.6617554,83.26175537,83.26175537,167.6617554,295.3617554,652.028309898
S011,B,0.15,30,rated_payload_limited,3.4,0.864023964183,1.1839226027,1.1839226027,30,2808.106412,2808.106412,167.6617554,83.26175537,83.26175537,167.6617554,295.3617554,558.424762831
S011,C,0.15,80,rated_payload_limited,6.8,1.79442515305,2.85321027055,2.85321027055,80,2808.106412,2808.106412,167.6617554,83.26175537,83.26175537,167.6617554,295.3617554,600.24534796
S012,A,0.15,25,rated_payload_limited,3.825,2.77180546523,3.13142055533,3.13142055533,25,7391.140163,7391.140163,285.6009949,133.5009949,133.5009949,285.6009949,413.3009949,1539.19815302
S012,B,0.15,30,rated_payload_limited,3.4,2.21482112408,3.039145538,3.039145538,30,7391.140163,7391.140163,285.6009949,133.5009949,133.5009949,285.6009949,413.3009949,1292.82681425
S012,C,0.15,73.628919184,energy_limited,6.8,4.65923038872,7.39890429565,6.8,80,7391.140163,7391.140163,285.6009949,133.5009949,133.5009949,285.6009949,413.3009949,1362.67714589
S013,A,0.15,25,rated_payload_limited,3.825,1.83030762726,2.07421509617,2.07421509617,25,4849.536855,4849.536855,271.4818237,47.48182373,47.48182373,271.4818237,399.1818237,1042.16281728
S013,B,0.15,30,rated_payload_limited,3.4,1.46402243521,2.0144296422,2.0144296422,30,4849.536855,4849.536855,271.4818237,47.48182373,47.48182373,271.4818237,399.1818237,880.511588782
S013,C,0.15,80,rated_payload_limited,6.8,3.06868405411,4.89171403136,4.89171403136,80,4849.536855,4849.536855,271.4818237,47.48182373,47.48182373,271.4818237,399.1818237,933.672196687
S014,A,0.15,25,rated_payload_limited,3.825,2.13779691217,2.42558723052,2.42558723052,25,5419.5363,5419.5363,464.2473877,240.9473877,240.9473877,464.2473877,591.9473877,1420.39888529
S014,B,0.15,30,rated_payload_limited,3.4,1.72186251244,2.35522053783,2.35522053783,30,5419.5363,5419.5363,464.2473877,240.9473877,240.9473877,464.2473877,591.9473877,1239.74767529
S014,C,0.15,80,rated_payload_limited,6.8,3.52159630022,5.60758666095,5.60758666095,80,5419.5363,5419.5363,464.2473877,240.9473877,240.9473877,464.2473877,591.9473877,1357.28013786
S015,A,0.15,25,rated_payload_limited,3.825,2.30689938866,2.61934426755,2.61934426755,25,6009.764892,6009.764892,444.0992554,97.29925537,97.29925537,444.0992554,571.7992554,1398.65305656
S015,B,0.15,30,rated_payload_limited,3.4,1.85021799472,2.5445279265,2.5445279265,30,6009.764892,6009.764892,444.0992554,97.29925537,97.29925537,444.0992554,571.7992554,1198.32756016
S015,C,0.15,80,rated_payload_limited,6.8,3.84149604983,6.13326501752,6.13326501752,80,6009.764892,6009.764892,444.0992554,97.29925537,97.29925537,444.0992554,571.7992554,1288.56064529
S001,A,0.2,25,rated_payload_limited,3.6,1.16153051602,1.31271024158,1.31271024158,25,3054.023608,3054.023608,145.3566101,89.05661011,89.05661011,145.3566101,273.0566101,680.906962821
S001,B,0.2,30,rated_payload_limited,3.2,0.930225761055,1.27394097204,1.27394097204,30,3054.023608,3054.023608,145.3566101,89.05661011,89.05661011,145.3566101,273.0566101,579.106175887
S001,C,0.2,80,rated_payload_limited,6.4,1.94139247193,3.08170436114,3.08170436114,80,3054.023608,3054.023608,145.3566101,89.05661011,89.05661011,145.3566101,273.0566101,618.175045922
S002,A,0.2,25,rated_payload_limited,3.6,2.73984663737,3.09050972759,3.09050972759,25,7411.533814,7411.533814,181.2542542,89.45425415,89.45425415,181.2542542,308.9542542,1433.77520846
S002,B,0.2,30,rated_payload_limited,3.2,2.18415452088,2.99882031183,2.99882031183,30,7411.533814,7411.533814,181.2542542,89.45425415,89.45425415,181.2542542,308.9542542,1186.72408132
S002,C,0.2,68.8581041088,energy_limited,6.4,4.6325359292,7.34794754861,6.4,80,7411.533814,7411.533814,181.2542542,89.45425415,89.45425415,181.2542542,308.9542542,1231.84216605
S003,A,0.2,25,rated_payload_limited,3.6,2.7890857722,3.15701804891,3.15701804891,25,7263.826968,7263.826968,434.1041382,223.3041382,223.3041382,434.1041382,561.8041382,1692.73723069
S003,B,0.2,30,rated_payload_limited,3.2,2.23705090717,3.06459015809,3.06459015809,30,7263.826968,7263.826968,434.1041382,223.3041382,223.3041382,434.1041382,561.8041382,1450.60966509
S003,C,0.2,68.1995418428,energy_limited,6.4,4.64390670284,7.38282653444,6.4,80,7263.826968,7263.826968,434.1041382,223.3041382,223.3041382,434.1041382,561.8041382,1560.17771116
S004,A,0.2,25,rated_payload_limited,3.6,2.89394171155,3.26669153411,3.26669153411,25,7714.681646,7714.681646,270.5391663,169.9391663,169.9391663,270.5391663,398.2391663,1608.79771824
S004,B,0.2,30,rated_payload_limited,3.2,2.31251848078,3.16979849246,3.16979849246,30,7714.681646,7714.681646,270.5391663,169.9391663,169.9391663,270.5391663,398.2391663,1351.64166337
S004,C,0.2,63.6982509526,energy_limited,6.4,4.86398606465,7.71524423837,6.4,80,7714.681646,7714.681646,270.5391663,169.9391663,169.9391663,270.5391663,398.2391663,1425.05471881
S005,A,0.2,25,rated_payload_limited,3.6,1.98844309239,2.24486501136,2.24486501136,25,5280.593369,5280.593369,198.7108887,131.4108887,131.4108887,198.7108887,326.4108887,1122.18819826
S005,B,0.2,30,rated_payload_limited,3.2,1.58992547929,2.1782576011,2.1782576011,30,5280.593369,5280.593369,198.7108887,131.4108887,131.4108887,198.7108887,326.4108887,946.168419293
S005,C,0.2,80,rated_payload_limited,6.4,3.33690049967,5.29264281489,5.29264281489,80,5280.593369,5280.593369,198.7108887,131.4108887,131.4108887,198.7108887,326.4108887,1001.18871553
S006,A,0.2,25,rated_payload_limited,3.6,1.22375461487,1.38968260036,1.38968260036,25,3186.198852,3186.198852,238.3978394,51.29783936,51.29783936,238.3978394,366.0978394,743.476639757
S006,B,0.2,30,rated_payload_limited,3.2,0.981585340998,1.35002263401,1.35002263401,30,3186.198852,3186.198852,238.3978394,51.29783936,51.29783936,238.3978394,366.0978394,637.270011357
S006,C,0.2,80,rated_payload_limited,6.4,2.0373511789,3.25327178824,3.25327178824,80,3186.198852,3186.198852,238.3978394,51.29783936,51.29783936,238.3978394,366.0978394,685.552624484
S007,A,0.2,25,rated_payload_limited,3.6,1.77756344482,2.01797249109,2.01797249109,25,4534.717375,4534.717375,384.273175,163.473175,163.473175,384.273175,511.973175,1157.46688583
S007,B,0.2,30,rated_payload_limited,3.2,1.43033692627,1.95981561942,1.95981561942,30,4534.717375,4534.717375,384.273175,163.473175,163.473175,384.273175,511.973175,1006.30964
S007,C,0.2,80,rated_payload_limited,6.4,2.93545326153,4.67961017039,4.67961017039,80,4534.717375,4534.717375,384.273175,163.473175,163.473175,384.273175,511.973175,1097.60069833
S008,A,0.2,25,rated_payload_limited,3.6,3.00043718224,3.38719045973,3.38719045973,25,8079.110449,8079.110449,245.2093323,102.0093323,102.0093323,245.2093323,372.9093323,1601.14542887
S008,B,0.2,28.8013603555,energy_limited,3.2,2.39370630456,3.28715724997,3.2,30,8079.110449,8079.110449,245.2093323,102.0093323,102.0093323,245.2093323,372.9093323,1331.84174724
S008,C,0.2,58.9041660082,energy_limited,6.4,5.06358632917,8.03799840697,6.4,80,8079.110449,8079.110449,245.2093323,102.0093323,102.0093323,245.2093323,372.9093323,1389.71152467
S009,A,0.2,25,rated_payload_limited,3.6,2.11449348264,2.38688881319,2.38688881319,25,5705.303447,5705.303447,165.5289124,63.22891235,63.22891235,165.5289124,293.2289124,1118.63964598
S009,B,0.2,30,rated_payload_limited,3.2,1.68634349503,2.31641401773,2.31641401773,30,5705.303447,5705.303447,165.5289124,63.22891235,63.22891235,165.5289124,293.2289124,928.462864417
S009,C,0.2,80,rated_payload_limited,6.4,3.57145366019,5.66961266921,5.66961266921,80,5705.303447,5705.303447,165.5289124,63.22891235,63.22891235,165.5289124,293.2289124,966.589168542
S010,A,0.2,25,rated_payload_limited,3.6,1.82629300362,2.0707297629,2.0707297629,25,4784.674506,4784.674506,307.9365356,84.03653564,84.03653564,307.9365356,435.6365356,1084.89266991
S010,B,0.2,30,rated_payload_limited,3.2,1.46344502735,2.01104041223,2.01104041223,30,4784.674506,4784.674506,307.9365356,84.03653564,84.03653564,307.9365356,435.6365356,925.403519709
S010,C,0.2,80,rated_payload_limited,6.4,3.04807696181,4.85885692633,4.85885692633,80,4784.674506,4784.674506,307.9365356,84.03653564,84.03653564,307.9365356,435.6365356,990.732364916
S011,A,0.2,25,rated_payload_limited,3.6,1.07737291221,1.21959611273,1.21959611273,25,2808.106412,2808.106412,167.6617554,83.26175537,83.26175537,167.6617554,295.3617554,652.028309898
S011,B,0.2,30,rated_payload_limited,3.2,0.864023964183,1.1839226027,1.1839226027,30,2808.106412,2808.106412,167.6617554,83.26175537,83.26175537,167.6617554,295.3617554,558.424762831
S011,C,0.2,80,rated_payload_limited,6.4,1.79442515305,2.85321027055,2.85321027055,80,2808.106412,2808.106412,167.6617554,83.26175537,83.26175537,167.6617554,295.3617554,600.24534796
S012,A,0.2,25,rated_payload_limited,3.6,2.77180546523,3.13142055533,3.13142055533,25,7391.140163,7391.140163,285.6009949,133.5009949,133.5009949,285.6009949,413.3009949,1539.19815302
S012,B,0.2,30,rated_payload_limited,3.2,2.21482112408,3.039145538,3.039145538,30,7391.140163,7391.140163,285.6009949,133.5009949,133.5009949,285.6009949,413.3009949,1292.82681425
S012,C,0.2,68.1097405421,energy_limited,6.4,4.65923038872,7.39890429565,6.4,80,7391.140163,7391.140163,285.6009949,133.5009949,133.5009949,285.6009949,413.3009949,1362.67714589
S013,A,0.2,25,rated_payload_limited,3.6,1.83030762726,2.07421509617,2.07421509617,25,4849.536855,4849.536855,271.4818237,47.48182373,47.48182373,271.4818237,399.1818237,1042.16281728
S013,B,0.2,30,rated_payload_limited,3.2,1.46402243521,2.0144296422,2.0144296422,30,4849.536855,4849.536855,271.4818237,47.48182373,47.48182373,271.4818237,399.1818237,880.511588782
S013,C,0.2,80,rated_payload_limited,6.4,3.06868405411,4.89171403136,4.89171403136,80,4849.536855,4849.536855,271.4818237,47.48182373,47.48182373,271.4818237,399.1818237,933.672196687
S014,A,0.2,25,rated_payload_limited,3.6,2.13779691217,2.42558723052,2.42558723052,25,5419.5363,5419.5363,464.2473877,240.9473877,240.9473877,464.2473877,591.9473877,1420.39888529
S014,B,0.2,30,rated_payload_limited,3.2,1.72186251244,2.35522053783,2.35522053783,30,5419.5363,5419.5363,464.2473877,240.9473877,240.9473877,464.2473877,591.9473877,1239.74767529
S014,C,0.2,80,rated_payload_limited,6.4,3.52159630022,5.60758666095,5.60758666095,80,5419.5363,5419.5363,464.2473877,240.9473877,240.9473877,464.2473877,591.9473877,1357.28013786
S015,A,0.2,25,rated_payload_limited,3.6,2.30689938866,2.61934426755,2.61934426755,25,6009.764892,6009.764892,444.0992554,97.29925537,97.29925537,444.0992554,571.7992554,1398.65305656
S015,B,0.2,30,rated_payload_limited,3.2,1.85021799472,2.5445279265,2.5445279265,30,6009.764892,6009.764892,444.0992554,97.29925537,97.29925537,444.0992554,571.7992554,1198.32756016
S015,C,0.2,80,rated_payload_limited,6.4,3.84149604983,6.13326501752,6.13326501752,80,6009.764892,6009.764892,444.0992554,97.29925537,97.29925537,444.0992554,571.7992554,1288.56064529
S001,A,0.225,25,rated_payload_limited,3.4875,1.16153051602,1.31271024158,1.31271024158,25,3054.023608,3054.023608,145.3566101,89.05661011,89.05661011,145.3566101,273.0566101,680.906962821
S001,B,0.225,30,rated_payload_limited,3.1,0.930225761055,1.27394097204,1.27394097204,30,3054.023608,3054.023608,145.3566101,89.05661011,89.05661011,145.3566101,273.0566101,579.106175887
S001,C,0.225,80,rated_payload_limited,6.2,1.94139247193,3.08170436114,3.08170436114,80,3054.023608,3054.023608,145.3566101,89.05661011,89.05661011,145.3566101,273.0566101,618.175045922
S002,A,0.225,25,rated_payload_limited,3.4875,2.73984663737,3.09050972759,3.09050972759,25,7411.533814,7411.533814,181.2542542,89.45425415,89.45425415,181.2542542,308.9542542,1433.77520846
S002,B,0.225,30,rated_payload_limited,3.1,2.18415452088,2.99882031183,2.99882031183,30,7411.533814,7411.533814,181.2542542,89.45425415,89.45425415,181.2542542,308.9542542,1186.72408132
S002,C,0.225,65.6552545167,energy_limited,6.2,4.6325359292,7.34794754861,6.2,80,7411.533814,7411.533814,181.2542542,89.45425415,89.45425415,181.2542542,308.9542542,1231.84216605
S003,A,0.225,25,rated_payload_limited,3.4875,2.7890857722,3.15701804891,3.15701804891,25,7263.826968,7263.826968,434.1041382,223.3041382,223.3041382,434.1041382,561.8041382,1692.73723069
S003,B,0.225,30,rated_payload_limited,3.1,2.23705090717,3.06459015809,3.06459015809,30,7263.826968,7263.826968,434.1041382,223.3041382,223.3041382,434.1041382,561.8041382,1450.60966509
S003,C,0.225,64.8951980367,energy_limited,6.2,4.64390670284,7.38282653444,6.2,80,7263.826968,7263.826968,434.1041382,223.3041382,223.3041382,434.1041382,561.8041382,1560.17771116
S004,A,0.225,25,rated_payload_limited,3.4875,2.89394171155,3.26669153411,3.26669153411,25,7714.681646,7714.681646,270.5391663,169.9391663,169.9391663,270.5391663,398.2391663,1608.79771824
S004,B,0.225,29.0055524863,energy_limited,3.1,2.31251848078,3.16979849246,3.1,30,7714.681646,7714.681646,270.5391663,169.9391663,169.9391663,270.5391663,398.2391663,1351.64166337
S004,C,0.225,59.9577065487,energy_limited,6.2,4.86398606465,7.71524423837,6.2,80,7714.681646,7714.681646,270.5391663,169.9391663,169.9391663,270.5391663,398.2391663,1425.05471881
S005,A,0.225,25,rated_payload_limited,3.4875,1.98844309239,2.24486501136,2.24486501136,25,5280.593369,5280.593369,198.7108887,131.4108887,131.4108887,198.7108887,326.4108887,1122.18819826
S005,B,0.225,30,rated_payload_limited,3.1,1.58992547929,2.1782576011,2.1782576011,30,5280.593369,5280.593369,198.7108887,131.4108887,131.4108887,198.7108887,326.4108887,946.168419293
S005,C,0.225,80,rated_payload_limited,6.2,3.33690049967,5.29264281489,5.29264281489,80,5280.593369,5280.593369,198.7108887,131.4108887,131.4108887,198.7108887,326.4108887,1001.18871553
S006,A,0.225,25,rated_payload_limited,3.4875,1.22375461487,1.38968260036,1.38968260036,25,3186.198852,3186.198852,238.3978394,51.29783936,51.29783936,238.3978394,366.0978394,743.476639757
S006,B,0.225,30,rated_payload_limited,3.1,0.981585340998,1.35002263401,1.35002263401,30,3186.198852,3186.198852,238.3978394,51.29783936,51.29783936,238.3978394,366.0978394,637.270011357
S006,C,0.225,80,rated_payload_limited,6.2,2.0373511789,3.25327178824,3.25327178824,80,3186.198852,3186.198852,238.3978394,51.29783936,51.29783936,238.3978394,366.0978394,685.552624484
S007,A,0.225,25,rated_payload_limited,3.4875,1.77756344482,2.01797249109,2.01797249109,25,4534.717375,4534.717375,384.273175,163.473175,163.473175,384.273175,511.973175,1157.46688583
S007,B,0.225,30,rated_payload_limited,3.1,1.43033692627,1.95981561942,1.95981561942,30,4534.717375,4534.717375,384.273175,163.473175,163.473175,384.273175,511.973175,1006.30964
S007,C,0.225,80,rated_payload_limited,6.2,2.93545326153,4.67961017039,4.67961017039,80,4534.717375,4534.717375,384.273175,163.473175,163.473175,384.273175,511.973175,1097.60069833
S008,A,0.225,25,rated_payload_limited,3.4875,3.00043718224,3.38719045973,3.38719045973,25,8079.110449,8079.110449,245.2093323,102.0093323,102.0093323,245.2093323,372.9093323,1601.14542887
S008,B,0.225,27.2536091444,energy_limited,3.1,2.39370630456,3.28715724997,3.1,30,8079.110449,8079.110449,245.2093323,102.0093323,102.0093323,245.2093323,372.9093323,1331.84174724
S008,C,0.225,54.6457409959,energy_limited,6.2,5.06358632917,8.03799840697,6.2,80,8079.110449,8079.110449,245.2093323,102.0093323,102.0093323,245.2093323,372.9093323,1389.71152467
S009,A,0.225,25,rated_payload_limited,3.4875,2.11449348264,2.38688881319,2.38688881319,25,5705.303447,5705.303447,165.5289124,63.22891235,63.22891235,165.5289124,293.2289124,1118.63964598
S009,B,0.225,30,rated_payload_limited,3.1,1.68634349503,2.31641401773,2.31641401773,30,5705.303447,5705.303447,165.5289124,63.22891235,63.22891235,165.5289124,293.2289124,928.462864417
S009,C,0.225,80,rated_payload_limited,6.2,3.57145366019,5.66961266921,5.66961266921,80,5705.303447,5705.303447,165.5289124,63.22891235,63.22891235,165.5289124,293.2289124,966.589168542
S010,A,0.225,25,rated_payload_limited,3.4875,1.82629300362,2.0707297629,2.0707297629,25,4784.674506,4784.674506,307.9365356,84.03653564,84.03653564,307.9365356,435.6365356,1084.89266991
S010,B,0.225,30,rated_payload_limited,3.1,1.46344502735,2.01104041223,2.01104041223,30,4784.674506,4784.674506,307.9365356,84.03653564,84.03653564,307.9365356,435.6365356,925.403519709
S010,C,0.225,80,rated_payload_limited,6.2,3.04807696181,4.85885692633,4.85885692633,80,4784.674506,4784.674506,307.9365356,84.03653564,84.03653564,307.9365356,435.6365356,990.732364916
S011,A,0.225,25,rated_payload_limited,3.4875,1.07737291221,1.21959611273,1.21959611273,25,2808.106412,2808.106412,167.6617554,83.26175537,83.26175537,167.6617554,295.3617554,652.028309898
S011,B,0.225,30,rated_payload_limited,3.1,0.864023964183,1.1839226027,1.1839226027,30,2808.106412,2808.106412,167.6617554,83.26175537,83.26175537,167.6617554,295.3617554,558.424762831
S011,C,0.225,80,rated_payload_limited,6.2,1.79442515305,2.85321027055,2.85321027055,80,2808.106412,2808.106412,167.6617554,83.26175537,83.26175537,167.6617554,295.3617554,600.24534796
S012,A,0.225,25,rated_payload_limited,3.4875,2.77180546523,3.13142055533,3.13142055533,25,7391.140163,7391.140163,285.6009949,133.5009949,133.5009949,285.6009949,413.3009949,1539.19815302
S012,B,0.225,30,rated_payload_limited,3.1,2.21482112408,3.039145538,3.039145538,30,7391.140163,7391.140163,285.6009949,133.5009949,133.5009949,285.6009949,413.3009949,1292.82681425
S012,C,0.225,64.8205897687,energy_limited,6.2,4.65923038872,7.39890429565,6.2,80,7391.140163,7391.140163,285.6009949,133.5009949,133.5009949,285.6009949,413.3009949,1362.67714589
S013,A,0.225,25,rated_payload_limited,3.4875,1.83030762726,2.07421509617,2.07421509617,25,4849.536855,4849.536855,271.4818237,47.48182373,47.48182373,271.4818237,399.1818237,1042.16281728
S013,B,0.225,30,rated_payload_limited,3.1,1.46402243521,2.0144296422,2.0144296422,30,4849.536855,4849.536855,271.4818237,47.48182373,47.48182373,271.4818237,399.1818237,880.511588782
S013,C,0.225,80,rated_payload_limited,6.2,3.06868405411,4.89171403136,4.89171403136,80,4849.536855,4849.536855,271.4818237,47.48182373,47.48182373,271.4818237,399.1818237,933.672196687
S014,A,0.225,25,rated_payload_limited,3.4875,2.13779691217,2.42558723052,2.42558723052,25,5419.5363,5419.5363,464.2473877,240.9473877,240.9473877,464.2473877,591.9473877,1420.39888529
S014,B,0.225,30,rated_payload_limited,3.1,1.72186251244,2.35522053783,2.35522053783,30,5419.5363,5419.5363,464.2473877,240.9473877,240.9473877,464.2473877,591.9473877,1239.74767529
S014,C,0.225,80,rated_payload_limited,6.2,3.52159630022,5.60758666095,5.60758666095,80,5419.5363,5419.5363,464.2473877,240.9473877,240.9473877,464.2473877,591.9473877,1357.28013786
S015,A,0.225,25,rated_payload_limited,3.4875,2.30689938866,2.61934426755,2.61934426755,25,6009.764892,6009.764892,444.0992554,97.29925537,97.29925537,444.0992554,571.7992554,1398.65305656
S015,B,0.225,30,rated_payload_limited,3.1,1.85021799472,2.5445279265,2.5445279265,30,6009.764892,6009.764892,444.0992554,97.29925537,97.29925537,444.0992554,571.7992554,1198.32756016
S015,C,0.225,80,rated_payload_limited,6.2,3.84149604983,6.13326501752,6.13326501752,80,6009.764892,6009.764892,444.0992554,97.29925537,97.29925537,444.0992554,571.7992554,1288.56064529
S001,A,0.25,25,rated_payload_limited,3.375,1.16153051602,1.31271024158,1.31271024158,25,3054.023608,3054.023608,145.3566101,89.05661011,89.05661011,145.3566101,273.0566101,680.906962821
S001,B,0.25,30,rated_payload_limited,3,0.930225761055,1.27394097204,1.27394097204,30,3054.023608,3054.023608,145.3566101,89.05661011,89.05661011,145.3566101,273.0566101,579.106175887
S001,C,0.25,80,rated_payload_limited,6,1.94139247193,3.08170436114,3.08170436114,80,3054.023608,3054.023608,145.3566101,89.05661011,89.05661011,145.3566101,273.0566101,618.175045922
S002,A,0.25,25,rated_payload_limited,3.375,2.73984663737,3.09050972759,3.09050972759,25,7411.533814,7411.533814,181.2542542,89.45425415,89.45425415,181.2542542,308.9542542,1433.77520846
S002,B,0.25,30,rated_payload_limited,3,2.18415452088,2.99882031183,2.99882031183,30,7411.533814,7411.533814,181.2542542,89.45425415,89.45425415,181.2542542,308.9542542,1186.72408132
S002,C,0.25,62.0127235334,energy_limited,6,4.6325359292,7.34794754861,6,80,7411.533814,7411.533814,181.2542542,89.45425415,89.45425415,181.2542542,308.9542542,1231.84216605
S003,A,0.25,25,rated_payload_limited,3.375,2.7890857722,3.15701804891,3.15701804891,25,7263.826968,7263.826968,434.1041382,223.3041382,223.3041382,434.1041382,561.8041382,1692.73723069
S003,B,0.25,29.0337464602,energy_limited,3,2.23705090717,3.06459015809,3,30,7263.826968,7263.826968,434.1041382,223.3041382,223.3041382,434.1041382,561.8041382,1450.60966509
S003,C,0.25,61.1361363812,energy_limited,6,4.64390670284,7.38282653444,6,80,7263.826968,7263.826968,434.1041382,223.3041382,223.3041382,434.1041382,561.8041382,1560.17771116
S004,A,0.25,25,rated_payload_limited,3.375,2.89394171155,3.26669153411,3.26669153411,25,7714.681646,7714.681646,270.5391663,169.9391663,169.9391663,270.5391663,398.2391663,1608.79771824
S004,B,0.25,27.4130014026,energy_limited,3,2.31251848078,3.16979849246,3,30,7714.681646,7714.681646,270.5391663,169.9391663,169.9391663,270.5391663,398.2391663,1351.64166337
S004,C,0.25,55.6628130291,energy_limited,6,4.86398606465,7.71524423837,6,80,7714.681646,7714.681646,270.5391663,169.9391663,169.9391663,270.5391663,398.2391663,1425.05471881
S005,A,0.25,25,rated_payload_limited,3.375,1.98844309239,2.24486501136,2.24486501136,25,5280.593369,5280.593369,198.7108887,131.4108887,131.4108887,198.7108887,326.4108887,1122.18819826
S005,B,0.25,30,rated_payload_limited,3,1.58992547929,2.1782576011,2.1782576011,30,5280.593369,5280.593369,198.7108887,131.4108887,131.4108887,198.7108887,326.4108887,946.168419293
S005,C,0.25,80,rated_payload_limited,6,3.33690049967,5.29264281489,5.29264281489,80,5280.593369,5280.593369,198.7108887,131.4108887,131.4108887,198.7108887,326.4108887,1001.18871553
S006,A,0.25,25,rated_payload_limited,3.375,1.22375461487,1.38968260036,1.38968260036,25,3186.198852,3186.198852,238.3978394,51.29783936,51.29783936,238.3978394,366.0978394,743.476639757
S006,B,0.25,30,rated_payload_limited,3,0.981585340998,1.35002263401,1.35002263401,30,3186.198852,3186.198852,238.3978394,51.29783936,51.29783936,238.3978394,366.0978394,637.270011357
S006,C,0.25,80,rated_payload_limited,6,2.0373511789,3.25327178824,3.25327178824,80,3186.198852,3186.198852,238.3978394,51.29783936,51.29783936,238.3978394,366.0978394,685.552624484
S007,A,0.25,25,rated_payload_limited,3.375,1.77756344482,2.01797249109,2.01797249109,25,4534.717375,4534.717375,384.273175,163.473175,163.473175,384.273175,511.973175,1157.46688583
S007,B,0.25,30,rated_payload_limited,3,1.43033692627,1.95981561942,1.95981561942,30,4534.717375,4534.717375,384.273175,163.473175,163.473175,384.273175,511.973175,1006.30964
S007,C,0.25,80,rated_payload_limited,6,2.93545326153,4.67961017039,4.67961017039,80,4534.717375,4534.717375,384.273175,163.473175,163.473175,384.273175,511.973175,1097.60069833
S008,A,0.25,24.5630540097,energy_limited,3.375,3.00043718224,3.38719045973,3.375,25,8079.110449,8079.110449,245.2093323,102.0093323,102.0093323,245.2093323,372.9093323,1601.14542887
S008,B,0.25,25.4806849869,energy_limited,3,2.39370630456,3.28715724997,3,30,8079.110449,8079.110449,245.2093323,102.0093323,102.0093323,245.2093323,372.9093323,1331.84174724
S008,C,0.25,49.7043454467,energy_limited,6,5.06358632917,8.03799840697,6,80,8079.110449,8079.110449,245.2093323,102.0093323,102.0093323,245.2093323,372.9093323,1389.71152467
S009,A,0.25,25,rated_payload_limited,3.375,2.11449348264,2.38688881319,2.38688881319,25,5705.303447,5705.303447,165.5289124,63.22891235,63.22891235,165.5289124,293.2289124,1118.63964598
S009,B,0.25,30,rated_payload_limited,3,1.68634349503,2.31641401773,2.31641401773,30,5705.303447,5705.303447,165.5289124,63.22891235,63.22891235,165.5289124,293.2289124,928.462864417
S009,C,0.25,80,rated_payload_limited,6,3.57145366019,5.66961266921,5.66961266921,80,5705.303447,5705.303447,165.5289124,63.22891235,63.22891235,165.5289124,293.2289124,966.589168542
S010,A,0.25,25,rated_payload_limited,3.375,1.82629300362,2.0707297629,2.0707297629,25,4784.674506,4784.674506,307.9365356,84.03653564,84.03653564,307.9365356,435.6365356,1084.89266991
S010,B,0.25,30,rated_payload_limited,3,1.46344502735,2.01104041223,2.01104041223,30,4784.674506,4784.674506,307.9365356,84.03653564,84.03653564,307.9365356,435.6365356,925.403519709
S010,C,0.25,80,rated_payload_limited,6,3.04807696181,4.85885692633,4.85885692633,80,4784.674506,4784.674506,307.9365356,84.03653564,84.03653564,307.9365356,435.6365356,990.732364916
S011,A,0.25,25,rated_payload_limited,3.375,1.07737291221,1.21959611273,1.21959611273,25,2808.106412,2808.106412,167.6617554,83.26175537,83.26175537,167.6617554,295.3617554,652.028309898
S011,B,0.25,30,rated_payload_limited,3,0.864023964183,1.1839226027,1.1839226027,30,2808.106412,2808.106412,167.6617554,83.26175537,83.26175537,167.6617554,295.3617554,558.424762831
S011,C,0.25,80,rated_payload_limited,6,1.79442515305,2.85321027055,2.85321027055,80,2808.106412,2808.106412,167.6617554,83.26175537,83.26175537,167.6617554,295.3617554,600.24534796
S012,A,0.25,25,rated_payload_limited,3.375,2.77180546523,3.13142055533,3.13142055533,25,7391.140163,7391.140163,285.6009949,133.5009949,133.5009949,285.6009949,413.3009949,1539.19815302
S012,B,0.25,29.42939869,energy_limited,3,2.21482112408,3.039145538,3,30,7391.140163,7391.140163,285.6009949,133.5009949,133.5009949,285.6009949,413.3009949,1292.82681425
S012,C,0.25,61.0764707674,energy_limited,6,4.65923038872,7.39890429565,6,80,7391.140163,7391.140163,285.6009949,133.5009949,133.5009949,285.6009949,413.3009949,1362.67714589
S013,A,0.25,25,rated_payload_limited,3.375,1.83030762726,2.07421509617,2.07421509617,25,4849.536855,4849.536855,271.4818237,47.48182373,47.48182373,271.4818237,399.1818237,1042.16281728
S013,B,0.25,30,rated_payload_limited,3,1.46402243521,2.0144296422,2.0144296422,30,4849.536855,4849.536855,271.4818237,47.48182373,47.48182373,271.4818237,399.1818237,880.511588782
S013,C,0.25,80,rated_payload_limited,6,3.06868405411,4.89171403136,4.89171403136,80,4849.536855,4849.536855,271.4818237,47.48182373,47.48182373,271.4818237,399.1818237,933.672196687
S014,A,0.25,25,rated_payload_limited,3.375,2.13779691217,2.42558723052,2.42558723052,25,5419.5363,5419.5363,464.2473877,240.9473877,240.9473877,464.2473877,591.9473877,1420.39888529
S014,B,0.25,30,rated_payload_limited,3,1.72186251244,2.35522053783,2.35522053783,30,5419.5363,5419.5363,464.2473877,240.9473877,240.9473877,464.2473877,591.9473877,1239.74767529
S014,C,0.25,80,rated_payload_limited,6,3.52159630022,5.60758666095,5.60758666095,80,5419.5363,5419.5363,464.2473877,240.9473877,240.9473877,464.2473877,591.9473877,1357.28013786
S015,A,0.25,25,rated_payload_limited,3.375,2.30689938866,2.61934426755,2.61934426755,25,6009.764892,6009.764892,444.0992554,97.29925537,97.29925537,444.0992554,571.7992554,1398.65305656
S015,B,0.25,30,rated_payload_limited,3,1.85021799472,2.5445279265,2.5445279265,30,6009.764892,6009.764892,444.0992554,97.29925537,97.29925537,444.0992554,571.7992554,1198.32756016
S015,C,0.25,78.4513561888,energy_limited,6,3.84149604983,6.13326501752,6,80,6009.764892,6009.764892,444.0992554,97.29925537,97.29925537,444.0992554,571.7992554,1288.56064529
S001,A,0.275,25,rated_payload_limited,3.2625,1.16153051602,1.31271024158,1.31271024158,25,3054.023608,3054.023608,145.3566101,89.05661011,89.05661011,145.3566101,273.0566101,680.906962821
S001,B,0.275,30,rated_payload_limited,2.9,0.930225761055,1.27394097204,1.27394097204,30,3054.023608,3054.023608,145.3566101,89.05661011,89.05661011,145.3566101,273.0566101,579.106175887
S001,C,0.275,80,rated_payload_limited,5.8,1.94139247193,3.08170436114,3.08170436114,80,3054.023608,3054.023608,145.3566101,89.05661011,89.05661011,145.3566101,273.0566101,618.175045922
S002,A,0.275,25,rated_payload_limited,3.2625,2.73984663737,3.09050972759,3.09050972759,25,7411.533814,7411.533814,181.2542542,89.45425415,89.45425415,181.2542542,308.9542542,1433.77520846
S002,B,0.275,28.4951860367,energy_limited,2.9,2.18415452088,2.99882031183,2.9,30,7411.533814,7411.533814,181.2542542,89.45425415,89.45425415,181.2542542,308.9542542,1186.72408132
S002,C,0.275,57.8256307099,energy_limited,5.8,4.6325359292,7.34794754861,5.8,80,7411.533814,7411.533814,181.2542542,89.45425415,89.45425415,181.2542542,308.9542542,1231.84216605
S003,A,0.275,25,rated_payload_limited,3.2625,2.7890857722,3.15701804891,3.15701804891,25,7263.826968,7263.826968,434.1041382,223.3041382,223.3041382,434.1041382,561.8041382,1692.73723069
S003,B,0.275,27.3599917917,energy_limited,2.9,2.23705090717,3.06459015809,2.9,30,7263.826968,7263.826968,434.1041382,223.3041382,223.3041382,434.1041382,561.8041382,1450.60966509
S003,C,0.275,56.8153695539,energy_limited,5.8,4.64390670284,7.38282653444,5.8,80,7263.826968,7263.826968,434.1041382,223.3041382,223.3041382,434.1041382,561.8041382,1560.17771116
S004,A,0.275,24.8445259467,energy_limited,3.2625,2.89394171155,3.26669153411,3.2625,25,7714.681646,7714.681646,270.5391663,169.9391663,169.9391663,270.5391663,398.2391663,1608.79771824
S004,B,0.275,25.580239373,energy_limited,2.9,2.31251848078,3.16979849246,2.9,30,7714.681646,7714.681646,270.5391663,169.9391663,169.9391663,270.5391663,398.2391663,1351.64166337
S004,C,0.275,50.6656383565,energy_limited,5.8,4.86398606465,7.71524423837,5.8,80,7714.681646,7714.681646,270.5391663,169.9391663,169.9391663,270.5391663,398.2391663,1425.05471881
S005,A,0.275,25,rated_payload_limited,3.2625,1.98844309239,2.24486501136,2.24486501136,25,5280.593369,5280.593369,198.7108887,131.4108887,131.4108887,198.7108887,326.4108887,1122.18819826
S005,B,0.275,30,rated_payload_limited,2.9,1.58992547929,2.1782576011,2.1782576011,30,5280.593369,5280.593369,198.7108887,131.4108887,131.4108887,198.7108887,326.4108887,946.168419293
S005,C,0.275,80,rated_payload_limited,5.8,3.33690049967,5.29264281489,5.29264281489,80,5280.593369,5280.593369,198.7108887,131.4108887,131.4108887,198.7108887,326.4108887,1001.18871553
S006,A,0.275,25,rated_payload_limited,3.2625,1.22375461487,1.38968260036,1.38968260036,25,3186.198852,3186.198852,238.3978394,51.29783936,51.29783936,238.3978394,366.0978394,743.476639757
S006,B,0.275,30,rated_payload_limited,2.9,0.981585340998,1.35002263401,1.35002263401,30,3186.198852,3186.198852,238.3978394,51.29783936,51.29783936,238.3978394,366.0978394,637.270011357
S006,C,0.275,80,rated_payload_limited,5.8,2.0373511789,3.25327178824,3.25327178824,80,3186.198852,3186.198852,238.3978394,51.29783936,51.29783936,238.3978394,366.0978394,685.552624484
S007,A,0.275,25,rated_payload_limited,3.2625,1.77756344482,2.01797249109,2.01797249109,25,4534.717375,4534.717375,384.273175,163.473175,163.473175,384.273175,511.973175,1157.46688583
S007,B,0.275,30,rated_payload_limited,2.9,1.43033692627,1.95981561942,1.95981561942,30,4534.717375,4534.717375,384.273175,163.473175,163.473175,384.273175,511.973175,1006.30964
S007,C,0.275,80,rated_payload_limited,5.8,2.93545326153,4.67961017039,4.67961017039,80,4534.717375,4534.717375,384.273175,163.473175,163.473175,384.273175,511.973175,1097.60069833
S008,A,0.275,20.028714609,energy_limited,3.2625,3.00043718224,3.38719045973,3.2625,25,8079.110449,8079.110449,245.2093323,102.0093323,102.0093323,245.2093323,372.9093323,1601.14542887
S008,B,0.275,23.4244162835,energy_limited,2.9,2.39370630456,3.28715724997,2.9,30,8079.110449,8079.110449,245.2093323,102.0093323,102.0093323,245.2093323,372.9093323,1331.84174724
S008,C,0.275,43.870969378,energy_limited,5.8,5.06358632917,8.03799840697,5.8,80,8079.110449,8079.110449,245.2093323,102.0093323,102.0093323,245.2093323,372.9093323,1389.71152467
S009,A,0.275,25,rated_payload_limited,3.2625,2.11449348264,2.38688881319,2.38688881319,25,5705.303447,5705.303447,165.5289124,63.22891235,63.22891235,165.5289124,293.2289124,1118.63964598
S009,B,0.275,30,rated_payload_limited,2.9,1.68634349503,2.31641401773,2.31641401773,30,5705.303447,5705.303447,165.5289124,63.22891235,63.22891235,165.5289124,293.2289124,928.462864417
S009,C,0.275,80,rated_payload_limited,5.8,3.57145366019,5.66961266921,5.66961266921,80,5705.303447,5705.303447,165.5289124,63.22891235,63.22891235,165.5289124,293.2289124,966.589168542
S010,A,0.275,25,rated_payload_limited,3.2625,1.82629300362,2.0707297629,2.0707297629,25,4784.674506,4784.674506,307.9365356,84.03653564,84.03653564,307.9365356,435.6365356,1084.89266991
S010,B,0.275,30,rated_payload_limited,2.9,1.46344502735,2.01104041223,2.01104041223,30,4784.674506,4784.674506,307.9365356,84.03653564,84.03653564,307.9365356,435.6365356,925.403519709
S010,C,0.275,80,rated_payload_limited,5.8,3.04807696181,4.85885692633,4.85885692633,80,4784.674506,4784.674506,307.9365356,84.03653564,84.03653564,307.9365356,435.6365356,990.732364916
S011,A,0.275,25,rated_payload_limited,3.2625,1.07737291221,1.21959611273,1.21959611273,25,2808.106412,2808.106412,167.6617554,83.26175537,83.26175537,167.6617554,295.3617554,652.028309898
S011,B,0.275,30,rated_payload_limited,2.9,0.864023964183,1.1839226027,1.1839226027,30,2808.106412,2808.106412,167.6617554,83.26175537,83.26175537,167.6617554,295.3617554,558.424762831
S011,C,0.275,80,rated_payload_limited,5.8,1.79442515305,2.85321027055,2.85321027055,80,2808.106412,2808.106412,167.6617554,83.26175537,83.26175537,167.6617554,295.3617554,600.24534796
S012,A,0.275,25,rated_payload_limited,3.2625,2.77180546523,3.13142055533,3.13142055533,25,7391.140163,7391.140163,285.6009949,133.5009949,133.5009949,285.6009949,413.3009949,1539.19815302
S012,B,0.275,27.8281200499,energy_limited,2.9,2.21482112408,3.039145538,2.9,30,7391.140163,7391.140163,285.6009949,133.5009949,133.5009949,285.6009949,413.3009949,1292.82681425
S012,C,0.275,56.7683674478,energy_limited,5.8,4.65923038872,7.39890429565,5.8,80,7391.140163,7391.140163,285.6009949,133.5009949,133.5009949,285.6009949,413.3009949,1362.67714589
S013,A,0.275,25,rated_payload_limited,3.2625,1.83030762726,2.07421509617,2.07421509617,25,4849.536855,4849.536855,271.4818237,47.48182373,47.48182373,271.4818237,399.1818237,1042.16281728
S013,B,0.275,30,rated_payload_limited,2.9,1.46402243521,2.0144296422,2.0144296422,30,4849.536855,4849.536855,271.4818237,47.48182373,47.48182373,271.4818237,399.1818237,880.511588782
S013,C,0.275,80,rated_payload_limited,5.8,3.06868405411,4.89171403136,4.89171403136,80,4849.536855,4849.536855,271.4818237,47.48182373,47.48182373,271.4818237,399.1818237,933.672196687
S014,A,0.275,25,rated_payload_limited,3.2625,2.13779691217,2.42558723052,2.42558723052,25,5419.5363,5419.5363,464.2473877,240.9473877,240.9473877,464.2473877,591.9473877,1420.39888529
S014,B,0.275,30,rated_payload_limited,2.9,1.72186251244,2.35522053783,2.35522053783,30,5419.5363,5419.5363,464.2473877,240.9473877,240.9473877,464.2473877,591.9473877,1239.74767529
S014,C,0.275,80,rated_payload_limited,5.8,3.52159630022,5.60758666095,5.60758666095,80,5419.5363,5419.5363,464.2473877,240.9473877,240.9473877,464.2473877,591.9473877,1357.28013786
S015,A,0.275,25,rated_payload_limited,3.2625,2.30689938866,2.61934426755,2.61934426755,25,6009.764892,6009.764892,444.0992554,97.29925537,97.29925537,444.0992554,571.7992554,1398.65305656
S015,B,0.275,30,rated_payload_limited,2.9,1.85021799472,2.5445279265,2.5445279265,30,6009.764892,6009.764892,444.0992554,97.29925537,97.29925537,444.0992554,571.7992554,1198.32756016
S015,C,0.275,75.8927732599,energy_limited,5.8,3.84149604983,6.13326501752,5.8,80,6009.764892,6009.764892,444.0992554,97.29925537,97.29925537,444.0992554,571.7992554,1288.56064529
S001,A,0.3,25,rated_payload_limited,3.15,1.16153051602,1.31271024158,1.31271024158,25,3054.023608,3054.023608,145.3566101,89.05661011,89.05661011,145.3566101,273.0566101,680.906962821
S001,B,0.3,30,rated_payload_limited,2.8,0.930225761055,1.27394097204,1.27394097204,30,3054.023608,3054.023608,145.3566101,89.05661011,89.05661011,145.3566101,273.0566101,579.106175887
S001,C,0.3,80,rated_payload_limited,5.6,1.94139247193,3.08170436114,3.08170436114,80,3054.023608,3054.023608,145.3566101,89.05661011,89.05661011,145.3566101,273.0566101,618.175045922
S002,A,0.3,25,rated_payload_limited,3.15,2.73984663737,3.09050972759,3.09050972759,25,7411.533814,7411.533814,181.2542542,89.45425415,89.45425415,181.2542542,308.9542542,1433.77520846
S002,B,0.3,26.7449335456,energy_limited,2.8,2.18415452088,2.99882031183,2.8,30,7411.533814,7411.533814,181.2542542,89.45425415,89.45425415,181.2542542,308.9542542,1186.72408132
S002,C,0.3,52.9482082405,energy_limited,5.6,4.6325359292,7.34794754861,5.6,80,7411.533814,7411.533814,181.2542542,89.45425415,89.45425415,181.2542542,308.9542542,1231.84216605
S003,A,0.3,24.7300039699,energy_limited,3.15,2.7890857722,3.15701804891,3.15,25,7263.826968,7263.826968,434.1041382,223.3041382,223.3041382,434.1041382,561.8041382,1692.73723069
S003,B,0.3,25.4231644048,energy_limited,2.8,2.23705090717,3.06459015809,2.8,30,7263.826968,7263.826968,434.1041382,223.3041382,223.3041382,434.1041382,561.8041382,1450.60966509
S003,C,0.3,51.785197226,energy_limited,5.6,4.64390670284,7.38282653444,5.6,80,7263.826968,7263.826968,434.1041382,223.3041382,223.3041382,434.1041382,561.8041382,1560.17771116
S004,A,0.3,20.1714931783,energy_limited,3.15,2.89394171155,3.26669153411,3.15,25,7714.681646,7714.681646,270.5391663,169.9391663,169.9391663,270.5391663,398.2391663,1608.79771824
S004,B,0.3,23.4429770321,energy_limited,2.8,2.31251848078,3.16979849246,2.8,30,7714.681646,7714.681646,270.5391663,169.9391663,169.9391663,270.5391663,398.2391663,1351.64166337
S004,C,0.3,44.7492582804,energy_limited,5.6,4.86398606465,7.71524423837,5.6,80,7714.681646,7714.681646,270.5391663,169.9391663,169.9391663,270.5391663,398.2391663,1425.05471881
S005,A,0.3,25,rated_payload_limited,3.15,1.98844309239,2.24486501136,2.24486501136,25,5280.593369,5280.593369,198.7108887,131.4108887,131.4108887,198.7108887,326.4108887,1122.18819826
S005,B,0.3,30,rated_payload_limited,2.8,1.58992547929,2.1782576011,2.1782576011,30,5280.593369,5280.593369,198.7108887,131.4108887,131.4108887,198.7108887,326.4108887,946.168419293
S005,C,0.3,80,rated_payload_limited,5.6,3.33690049967,5.29264281489,5.29264281489,80,5280.593369,5280.593369,198.7108887,131.4108887,131.4108887,198.7108887,326.4108887,1001.18871553
S006,A,0.3,25,rated_payload_limited,3.15,1.22375461487,1.38968260036,1.38968260036,25,3186.198852,3186.198852,238.3978394,51.29783936,51.29783936,238.3978394,366.0978394,743.476639757
S006,B,0.3,30,rated_payload_limited,2.8,0.981585340998,1.35002263401,1.35002263401,30,3186.198852,3186.198852,238.3978394,51.29783936,51.29783936,238.3978394,366.0978394,637.270011357
S006,C,0.3,80,rated_payload_limited,5.6,2.0373511789,3.25327178824,3.25327178824,80,3186.198852,3186.198852,238.3978394,51.29783936,51.29783936,238.3978394,366.0978394,685.552624484
S007,A,0.3,25,rated_payload_limited,3.15,1.77756344482,2.01797249109,2.01797249109,25,4534.717375,4534.717375,384.273175,163.473175,163.473175,384.273175,511.973175,1157.46688583
S007,B,0.3,30,rated_payload_limited,2.8,1.43033692627,1.95981561942,1.95981561942,30,4534.717375,4534.717375,384.273175,163.473175,163.473175,384.273175,511.973175,1006.30964
S007,C,0.3,80,rated_payload_limited,5.6,2.93545326153,4.67961017039,4.67961017039,80,4534.717375,4534.717375,384.273175,163.473175,163.473175,384.273175,511.973175,1097.60069833
S008,A,0.3,14.2135523612,energy_limited,3.15,3.00043718224,3.38719045973,3.15,25,8079.110449,8079.110449,245.2093323,102.0093323,102.0093323,245.2093323,372.9093323,1601.14542887
S008,B,0.3,21.0010920275,energy_limited,2.8,2.39370630456,3.28715724997,2.8,30,8079.110449,8079.110449,245.2093323,102.0093323,102.0093323,245.2093323,372.9093323,1331.84174724
S008,C,0.3,36.8133742029,energy_limited,5.6,5.06358632917,8.03799840697,5.6,80,8079.110449,8079.110449,245.2093323,102.0093323,102.0093323,245.2093323,372.9093323,1389.71152467
S009,A,0.3,25,rated_payload_limited,3.15,2.11449348264,2.38688881319,2.38688881319,25,5705.303447,5705.303447,165.5289124,63.22891235,63.22891235,165.5289124,293.2289124,1118.63964598
S009,B,0.3,30,rated_payload_limited,2.8,1.68634349503,2.31641401773,2.31641401773,30,5705.303447,5705.303447,165.5289124,63.22891235,63.22891235,165.5289124,293.2289124,928.462864417
S009,C,0.3,79.1521053246,energy_limited,5.6,3.57145366019,5.66961266921,5.6,80,5705.303447,5705.303447,165.5289124,63.22891235,63.22891235,165.5289124,293.2289124,966.589168542
S010,A,0.3,25,rated_payload_limited,3.15,1.82629300362,2.0707297629,2.0707297629,25,4784.674506,4784.674506,307.9365356,84.03653564,84.03653564,307.9365356,435.6365356,1084.89266991
S010,B,0.3,30,rated_payload_limited,2.8,1.46344502735,2.01104041223,2.01104041223,30,4784.674506,4784.674506,307.9365356,84.03653564,84.03653564,307.9365356,435.6365356,925.403519709
S010,C,0.3,80,rated_payload_limited,5.6,3.04807696181,4.85885692633,4.85885692633,80,4784.674506,4784.674506,307.9365356,84.03653564,84.03653564,307.9365356,435.6365356,990.732364916
S011,A,0.3,25,rated_payload_limited,3.15,1.07737291221,1.21959611273,1.21959611273,25,2808.106412,2808.106412,167.6617554,83.26175537,83.26175537,167.6617554,295.3617554,652.028309898
S011,B,0.3,30,rated_payload_limited,2.8,0.864023964183,1.1839226027,1.1839226027,30,2808.106412,2808.106412,167.6617554,83.26175537,83.26175537,167.6617554,295.3617554,558.424762831
S011,C,0.3,80,rated_payload_limited,5.6,1.79442515305,2.85321027055,2.85321027055,80,2808.106412,2808.106412,167.6617554,83.26175537,83.26175537,167.6617554,295.3617554,600.24534796
S012,A,0.3,25,rated_payload_limited,3.15,2.77180546523,3.13142055533,3.13142055533,25,7391.140163,7391.140163,285.6009949,133.5009949,133.5009949,285.6009949,413.3009949,1539.19815302
S012,B,0.3,25.9803132047,energy_limited,2.8,2.21482112408,3.039145538,2.8,30,7391.140163,7391.140163,285.6009949,133.5009949,133.5009949,285.6009949,413.3009949,1292.82681425
S012,C,0.3,51.7445041623,energy_limited,5.6,4.65923038872,7.39890429565,5.6,80,7391.140163,7391.140163,285.6009949,133.5009949,133.5009949,285.6009949,413.3009949,1362.67714589
S013,A,0.3,25,rated_payload_limited,3.15,1.83030762726,2.07421509617,2.07421509617,25,4849.536855,4849.536855,271.4818237,47.48182373,47.48182373,271.4818237,399.1818237,1042.16281728
S013,B,0.3,30,rated_payload_limited,2.8,1.46402243521,2.0144296422,2.0144296422,30,4849.536855,4849.536855,271.4818237,47.48182373,47.48182373,271.4818237,399.1818237,880.511588782
S013,C,0.3,80,rated_payload_limited,5.6,3.06868405411,4.89171403136,4.89171403136,80,4849.536855,4849.536855,271.4818237,47.48182373,47.48182373,271.4818237,399.1818237,933.672196687
S014,A,0.3,25,rated_payload_limited,3.15,2.13779691217,2.42558723052,2.42558723052,25,5419.5363,5419.5363,464.2473877,240.9473877,240.9473877,464.2473877,591.9473877,1420.39888529
S014,B,0.3,30,rated_payload_limited,2.8,1.72186251244,2.35522053783,2.35522053783,30,5419.5363,5419.5363,464.2473877,240.9473877,240.9473877,464.2473877,591.9473877,1239.74767529
S014,C,0.3,79.9058794738,energy_limited,5.6,3.52159630022,5.60758666095,5.6,80,5419.5363,5419.5363,464.2473877,240.9473877,240.9473877,464.2473877,591.9473877,1357.28013786
S015,A,0.3,25,rated_payload_limited,3.15,2.30689938866,2.61934426755,2.61934426755,25,6009.764892,6009.764892,444.0992554,97.29925537,97.29925537,444.0992554,571.7992554,1398.65305656
S015,B,0.3,30,rated_payload_limited,2.8,1.85021799472,2.5445279265,2.5445279265,30,6009.764892,6009.764892,444.0992554,97.29925537,97.29925537,444.0992554,571.7992554,1198.32756016
S015,C,0.3,73.0038609971,energy_limited,5.6,3.84149604983,6.13326501752,5.6,80,6009.764892,6009.764892,444.0992554,97.29925537,97.29925537,444.0992554,571.7992554,1288.56064529
S001,A,0.325,25,rated_payload_limited,3.0375,1.16153051602,1.31271024158,1.31271024158,25,3054.023608,3054.023608,145.3566101,89.05661011,89.05661011,145.3566101,273.0566101,680.906962821
S001,B,0.325,30,rated_payload_limited,2.7,0.930225761055,1.27394097204,1.27394097204,30,3054.023608,3054.023608,145.3566101,89.05661011,89.05661011,145.3566101,273.0566101,579.106175887
S001,C,0.325,80,rated_payload_limited,5.4,1.94139247193,3.08170436114,3.08170436114,80,3054.023608,3054.023608,145.3566101,89.05661011,89.05661011,145.3566101,273.0566101,618.175045922
S002,A,0.325,22.8267746526,energy_limited,3.0375,2.73984663737,3.09050972759,3.0375,25,7411.533814,7411.533814,181.2542542,89.45425415,89.45425415,181.2542542,308.9542542,1433.77520846
S002,B,0.325,24.7055936942,energy_limited,2.7,2.18415452088,2.99882031183,2.7,30,7411.533814,7411.533814,181.2542542,89.45425415,89.45425415,181.2542542,308.9542542,1186.72408132
S002,C,0.325,47.1675662737,energy_limited,5.4,4.6325359292,7.34794754861,5.4,80,7411.533814,7411.533814,181.2542542,89.45425415,89.45425415,181.2542542,308.9542542,1231.84216605
S003,A,0.325,19.8648720209,energy_limited,3.0375,2.7890857722,3.15701804891,3.0375,25,7263.826968,7263.826968,434.1041382,223.3041382,223.3041382,434.1041382,561.8041382,1692.73723069
S003,B,0.325,23.1505576825,energy_limited,2.7,2.23705090717,3.06459015809,2.7,30,7263.826968,7263.826968,434.1041382,223.3041382,223.3041382,434.1041382,561.8041382,1450.60966509
S003,C,0.325,45.8316346029,energy_limited,5.4,4.64390670284,7.38282653444,5.4,80,7263.826968,7263.826968,434.1041382,223.3041382,223.3041382,434.1041382,561.8041382,1560.17771116
S004,A,0.325,14.1377252798,energy_limited,3.0375,2.89394171155,3.26669153411,3.0375,25,7714.681646,7714.681646,270.5391663,169.9391663,169.9391663,270.5391663,398.2391663,1608.79771824
S004,B,0.325,20.9076295411,energy_limited,2.7,2.31251848078,3.16979849246,2.7,30,7714.681646,7714.681646,270.5391663,169.9391663,169.9391663,270.5391663,398.2391663,1351.64166337
S004,C,0.325,37.5690658025,energy_limited,5.4,4.86398606465,7.71524423837,5.4,80,7714.681646,7714.681646,270.5391663,169.9391663,169.9391663,270.5391663,398.2391663,1425.05471881
S005,A,0.325,25,rated_payload_limited,3.0375,1.98844309239,2.24486501136,2.24486501136,25,5280.593369,5280.593369,198.7108887,131.4108887,131.4108887,198.7108887,326.4108887,1122.18819826
S005,B,0.325,30,rated_payload_limited,2.7,1.58992547929,2.1782576011,2.1782576011,30,5280.593369,5280.593369,198.7108887,131.4108887,131.4108887,198.7108887,326.4108887,946.168419293
S005,C,0.325,80,rated_payload_limited,5.4,3.33690049967,5.29264281489,5.29264281489,80,5280.593369,5280.593369,198.7108887,131.4108887,131.4108887,198.7108887,326.4108887,1001.18871553
S006,A,0.325,25,rated_payload_limited,3.0375,1.22375461487,1.38968260036,1.38968260036,25,3186.198852,3186.198852,238.3978394,51.29783936,51.29783936,238.3978394,366.0978394,743.476639757
S006,B,0.325,30,rated_payload_limited,2.7,0.981585340998,1.35002263401,1.35002263401,30,3186.198852,3186.198852,238.3978394,51.29783936,51.29783936,238.3978394,366.0978394,637.270011357
S006,C,0.325,80,rated_payload_limited,5.4,2.0373511789,3.25327178824,3.25327178824,80,3186.198852,3186.198852,238.3978394,51.29783936,51.29783936,238.3978394,366.0978394,685.552624484
S007,A,0.325,25,rated_payload_limited,3.0375,1.77756344482,2.01797249109,2.01797249109,25,4534.717375,4534.717375,384.273175,163.473175,163.473175,384.273175,511.973175,1157.46688583
S007,B,0.325,30,rated_payload_limited,2.7,1.43033692627,1.95981561942,1.95981561942,30,4534.717375,4534.717375,384.273175,163.473175,163.473175,384.273175,511.973175,1006.30964
S007,C,0.325,80,rated_payload_limited,5.4,2.93545326153,4.67961017039,4.67961017039,80,4534.717375,4534.717375,384.273175,163.473175,163.473175,384.273175,511.973175,1097.60069833
S008,A,0.325,5.63815658802,energy_limited,3.0375,3.00043718224,3.38719045973,3.0375,25,8079.110449,8079.110449,245.2093323,102.0093323,102.0093323,245.2093323,372.9093323,1601.14542887
S008,B,0.325,18.0818691411,energy_limited,2.7,2.39370630456,3.28715724997,2.7,30,8079.110449,8079.110449,245.2093323,102.0093323,102.0093323,245.2093323,372.9093323,1331.84174724
S008,C,0.325,27.9235419857,energy_limited,5.4,5.06358632917,8.03799840697,5.4,80,8079.110449,8079.110449,245.2093323,102.0093323,102.0093323,245.2093323,372.9093323,1389.71152467
S009,A,0.325,25,rated_payload_limited,3.0375,2.11449348264,2.38688881319,2.38688881319,25,5705.303447,5705.303447,165.5289124,63.22891235,63.22891235,165.5289124,293.2289124,1118.63964598
S009,B,0.325,30,rated_payload_limited,2.7,1.68634349503,2.31641401773,2.31641401773,30,5705.303447,5705.303447,165.5289124,63.22891235,63.22891235,165.5289124,293.2289124,928.462864417
S009,C,0.325,76.5043235551,energy_limited,5.4,3.57145366019,5.66961266921,5.4,80,5705.303447,5705.303447,165.5289124,63.22891235,63.22891235,165.5289124,293.2289124,966.589168542
S010,A,0.325,25,rated_payload_limited,3.0375,1.82629300362,2.0707297629,2.0707297629,25,4784.674506,4784.674506,307.9365356,84.03653564,84.03653564,307.9365356,435.6365356,1084.89266991
S010,B,0.325,30,rated_payload_limited,2.7,1.46344502735,2.01104041223,2.01104041223,30,4784.674506,4784.674506,307.9365356,84.03653564,84.03653564,307.9365356,435.6365356,925.403519709
S010,C,0.325,80,rated_payload_limited,5.4,3.04807696181,4.85885692633,4.85885692633,80,4784.674506,4784.674506,307.9365356,84.03653564,84.03653564,307.9365356,435.6365356,990.732364916
S011,A,0.325,25,rated_payload_limited,3.0375,1.07737291221,1.21959611273,1.21959611273,25,2808.106412,2808.106412,167.6617554,83.26175537,83.26175537,167.6617554,295.3617554,652.028309898
S011,B,0.325,30,rated_payload_limited,2.7,0.864023964183,1.1839226027,1.1839226027,30,2808.106412,2808.106412,167.6617554,83.26175537,83.26175537,167.6617554,295.3617554,558.424762831
S011,C,0.325,80,rated_payload_limited,5.4,1.79442515305,2.85321027055,2.85321027055,80,2808.106412,2808.106412,167.6617554,83.26175537,83.26175537,167.6617554,295.3617554,600.24534796
S012,A,0.325,21.0404983768,energy_limited,3.0375,2.77180546523,3.13142055533,3.0375,25,7391.140163,7391.140163,285.6009949,133.5009949,133.5009949,285.6009949,413.3009949,1539.19815302
S012,B,0.325,23.8189803027,energy_limited,2.7,2.21482112408,3.039145538,2.7,30,7391.140163,7391.140163,285.6009949,133.5009949,133.5009949,285.6009949,413.3009949,1292.82681425
S012,C,0.325,45.7824835375,energy_limited,5.4,4.65923038872,7.39890429565,5.4,80,7391.140163,7391.140163,285.6009949,133.5009949,133.5009949,285.6009949,413.3009949,1362.67714589
S013,A,0.325,25,rated_payload_limited,3.0375,1.83030762726,2.07421509617,2.07421509617,25,4849.536855,4849.536855,271.4818237,47.48182373,47.48182373,271.4818237,399.1818237,1042.16281728
S013,B,0.325,30,rated_payload_limited,2.7,1.46402243521,2.0144296422,2.0144296422,30,4849.536855,4849.536855,271.4818237,47.48182373,47.48182373,271.4818237,399.1818237,880.511588782
S013,C,0.325,80,rated_payload_limited,5.4,3.06868405411,4.89171403136,4.89171403136,80,4849.536855,4849.536855,271.4818237,47.48182373,47.48182373,271.4818237,399.1818237,933.672196687
S014,A,0.325,25,rated_payload_limited,3.0375,2.13779691217,2.42558723052,2.42558723052,25,5419.5363,5419.5363,464.2473877,240.9473877,240.9473877,464.2473877,591.9473877,1420.39888529
S014,B,0.325,30,rated_payload_limited,2.7,1.72186251244,2.35522053783,2.35522053783,30,5419.5363,5419.5363,464.2473877,240.9473877,240.9473877,464.2473877,591.9473877,1239.74767529
S014,C,0.325,77.2582382088,energy_limited,5.4,3.52159630022,5.60758666095,5.4,80,5419.5363,5419.5363,464.2473877,240.9473877,240.9473877,464.2473877,591.9473877,1357.28013786
S015,A,0.325,25,rated_payload_limited,3.0375,2.30689938866,2.61934426755,2.61934426755,25,6009.764892,6009.764892,444.0992554,97.29925537,97.29925537,444.0992554,571.7992554,1398.65305656
S015,B,0.325,30,rated_payload_limited,2.7,1.85021799472,2.5445279265,2.5445279265,30,6009.764892,6009.764892,444.0992554,97.29925537,97.29925537,444.0992554,571.7992554,1198.32756016
S015,C,0.325,69.7150371844,energy_limited,5.4,3.84149604983,6.13326501752,5.4,80,6009.764892,6009.764892,444.0992554,97.29925537,97.29925537,444.0992554,571.7992554,1288.56064529
S001,A,0.35,25,rated_payload_limited,2.925,1.16153051602,1.31271024158,1.31271024158,25,3054.023608,3054.023608,145.3566101,89.05661011,89.05661011,145.3566101,273.0566101,680.906962821
S001,B,0.35,30,rated_payload_limited,2.6,0.930225761055,1.27394097204,1.27394097204,30,3054.023608,3054.023608,145.3566101,89.05661011,89.05661011,145.3566101,273.0566101,579.106175887
S001,C,0.35,80,rated_payload_limited,5.2,1.94139247193,3.08170436114,3.08170436114,80,3054.023608,3054.023608,145.3566101,89.05661011,89.05661011,145.3566101,273.0566101,618.175045922
S002,A,0.35,17.2837957354,energy_limited,2.925,2.73984663737,3.09050972759,2.925,25,7411.533814,7411.533814,181.2542542,89.45425415,89.45425415,181.2542542,308.9542542,1433.77520846
S002,B,0.35,22.2900464573,energy_limited,2.6,2.18415452088,2.99882031183,2.6,30,7411.533814,7411.533814,181.2542542,89.45425415,89.45425415,181.2542542,308.9542542,1186.72408132
S002,C,0.35,40.1487328645,energy_limited,5.2,4.6325359292,7.34794754861,5.2,80,7411.533814,7411.533814,181.2542542,89.45425415,89.45425415,181.2542542,308.9542542,1231.84216605
S003,A,0.35,13.5674284801,energy_limited,2.925,2.7890857722,3.15701804891,2.925,25,7263.826968,7263.826968,434.1041382,223.3041382,223.3041382,434.1041382,561.8041382,1692.73723069
S003,B,0.35,20.4352958292,energy_limited,2.6,2.23705090717,3.06459015809,2.6,30,7263.826968,7263.826968,434.1041382,223.3041382,223.3041382,434.1041382,561.8041382,1450.60966509
S003,C,0.35,38.6209896033,energy_limited,5.2,4.64390670284,7.38282653444,5.2,80,7263.826968,7263.826968,434.1041382,223.3041382,223.3041382,434.1041382,561.8041382,1560.17771116
S004,A,0.35,5.07370254871,energy_limited,2.925,2.89394171155,3.26669153411,2.925,25,7714.681646,7714.681646,270.5391663,169.9391663,169.9391663,270.5391663,398.2391663,1608.79771824
S004,B,0.35,17.8277734993,energy_limited,2.6,2.31251848078,3.16979849246,2.6,30,7714.681646,7714.681646,270.5391663,169.9391663,169.9391663,270.5391663,398.2391663,1351.64166337
S004,C,0.35,28.4957653328,energy_limited,5.2,4.86398606465,7.71524423837,5.2,80,7714.681646,7714.681646,270.5391663,169.9391663,169.9391663,270.5391663,398.2391663,1425.05471881
S005,A,0.35,25,rated_payload_limited,2.925,1.98844309239,2.24486501136,2.24486501136,25,5280.593369,5280.593369,198.7108887,131.4108887,131.4108887,198.7108887,326.4108887,1122.18819826
S005,B,0.35,30,rated_payload_limited,2.6,1.58992547929,2.1782576011,2.1782576011,30,5280.593369,5280.593369,198.7108887,131.4108887,131.4108887,198.7108887,326.4108887,946.168419293
S005,C,0.35,78.772383806,energy_limited,5.2,3.33690049967,5.29264281489,5.2,80,5280.593369,5280.593369,198.7108887,131.4108887,131.4108887,198.7108887,326.4108887,1001.18871553
S006,A,0.35,25,rated_payload_limited,2.925,1.22375461487,1.38968260036,1.38968260036,25,3186.198852,3186.198852,238.3978394,51.29783936,51.29783936,238.3978394,366.0978394,743.476639757
S006,B,0.35,30,rated_payload_limited,2.6,0.981585340998,1.35002263401,1.35002263401,30,3186.198852,3186.198852,238.3978394,51.29783936,51.29783936,238.3978394,366.0978394,637.270011357
S006,C,0.35,80,rated_payload_limited,5.2,2.0373511789,3.25327178824,3.25327178824,80,3186.198852,3186.198852,238.3978394,51.29783936,51.29783936,238.3978394,366.0978394,685.552624484
S007,A,0.35,25,rated_payload_limited,2.925,1.77756344482,2.01797249109,2.01797249109,25,4534.717375,4534.717375,384.273175,163.473175,163.473175,384.273175,511.973175,1157.46688583
S007,B,0.35,30,rated_payload_limited,2.6,1.43033692627,1.95981561942,1.95981561942,30,4534.717375,4534.717375,384.273175,163.473175,163.473175,384.273175,511.973175,1006.30964
S007,C,0.35,80,rated_payload_limited,5.2,2.93545326153,4.67961017039,4.67961017039,80,4534.717375,4534.717375,384.273175,163.473175,163.473175,384.273175,511.973175,1097.60069833
S008,A,0.35,,empty_roundtrip_infeasible,2.925,3.00043718224,3.38719045973,,25,8079.110449,8079.110449,245.2093323,102.0093323,102.0093323,245.2093323,372.9093323,1601.14542887
S008,B,0.35,14.4452944363,energy_limited,2.6,2.39370630456,3.28715724997,2.6,30,8079.110449,8079.110449,245.2093323,102.0093323,102.0093323,245.2093323,372.9093323,1331.84174724
S008,C,0.35,15.681818211,energy_limited,5.2,5.06358632917,8.03799840697,5.2,80,8079.110449,8079.110449,245.2093323,102.0093323,102.0093323,245.2093323,372.9093323,1389.71152467
S009,A,0.35,25,rated_payload_limited,2.925,2.11449348264,2.38688881319,2.38688881319,25,5705.303447,5705.303447,165.5289124,63.22891235,63.22891235,165.5289124,293.2289124,1118.63964598
S009,B,0.35,30,rated_payload_limited,2.6,1.68634349503,2.31641401773,2.31641401773,30,5705.303447,5705.303447,165.5289124,63.22891235,63.22891235,165.5289124,293.2289124,928.462864417
S009,C,0.35,73.4901501285,energy_limited,5.2,3.57145366019,5.66961266921,5.2,80,5705.303447,5705.303447,165.5289124,63.22891235,63.22891235,165.5289124,293.2289124,966.589168542
S010,A,0.35,25,rated_payload_limited,2.925,1.82629300362,2.0707297629,2.0707297629,25,4784.674506,4784.674506,307.9365356,84.03653564,84.03653564,307.9365356,435.6365356,1084.89266991
S010,B,0.35,30,rated_payload_limited,2.6,1.46344502735,2.01104041223,2.01104041223,30,4784.674506,4784.674506,307.9365356,84.03653564,84.03653564,307.9365356,435.6365356,925.403519709
S010,C,0.35,80,rated_payload_limited,5.2,3.04807696181,4.85885692633,4.85885692633,80,4784.674506,4784.674506,307.9365356,84.03653564,84.03653564,307.9365356,435.6365356,990.732364916
S011,A,0.35,25,rated_payload_limited,2.925,1.07737291221,1.21959611273,1.21959611273,25,2808.106412,2808.106412,167.6617554,83.26175537,83.26175537,167.6617554,295.3617554,652.028309898
S011,B,0.35,30,rated_payload_limited,2.6,0.864023964183,1.1839226027,1.1839226027,30,2808.106412,2808.106412,167.6617554,83.26175537,83.26175537,167.6617554,295.3617554,558.424762831
S011,C,0.35,80,rated_payload_limited,5.2,1.79442515305,2.85321027055,2.85321027055,80,2808.106412,2808.106412,167.6617554,83.26175537,83.26175537,167.6617554,295.3617554,600.24534796
S012,A,0.35,15.0403238257,energy_limited,2.925,2.77180546523,3.13142055533,2.925,25,7391.140163,7391.140163,285.6009949,133.5009949,133.5009949,285.6009949,413.3009949,1539.19815302
S012,B,0.35,21.2463371397,energy_limited,2.6,2.21482112408,3.039145538,2.6,30,7391.140163,7391.140163,285.6009949,133.5009949,133.5009949,285.6009949,413.3009949,1292.82681425
S012,C,0.35,38.5299228716,energy_limited,5.2,4.65923038872,7.39890429565,5.2,80,7391.140163,7391.140163,285.6009949,133.5009949,133.5009949,285.6009949,413.3009949,1362.67714589
S013,A,0.35,25,rated_payload_limited,2.925,1.83030762726,2.07421509617,2.07421509617,25,4849.536855,4849.536855,271.4818237,47.48182373,47.48182373,271.4818237,399.1818237,1042.16281728
S013,B,0.35,30,rated_payload_limited,2.6,1.46402243521,2.0144296422,2.0144296422,30,4849.536855,4849.536855,271.4818237,47.48182373,47.48182373,271.4818237,399.1818237,880.511588782
S013,C,0.35,80,rated_payload_limited,5.2,3.06868405411,4.89171403136,4.89171403136,80,4849.536855,4849.536855,271.4818237,47.48182373,47.48182373,271.4818237,399.1818237,933.672196687
S014,A,0.35,25,rated_payload_limited,2.925,2.13779691217,2.42558723052,2.42558723052,25,5419.5363,5419.5363,464.2473877,240.9473877,240.9473877,464.2473877,591.9473877,1420.39888529
S014,B,0.35,30,rated_payload_limited,2.6,1.72186251244,2.35522053783,2.35522053783,30,5419.5363,5419.5363,464.2473877,240.9473877,240.9473877,464.2473877,591.9473877,1239.74767529
S014,C,0.35,74.2444098335,energy_limited,5.2,3.52159630022,5.60758666095,5.2,80,5419.5363,5419.5363,464.2473877,240.9473877,240.9473877,464.2473877,591.9473877,1357.28013786
S015,A,0.35,25,rated_payload_limited,2.925,2.30689938866,2.61934426755,2.61934426755,25,6009.764892,6009.764892,444.0992554,97.29925537,97.29925537,444.0992554,571.7992554,1398.65305656
S015,B,0.35,30,rated_payload_limited,2.6,1.85021799472,2.5445279265,2.5445279265,30,6009.764892,6009.764892,444.0992554,97.29925537,97.29925537,444.0992554,571.7992554,1198.32756016
S015,C,0.35,65.9349019961,energy_limited,5.2,3.84149604983,6.13326501752,5.2,80,6009.764892,6009.764892,444.0992554,97.29925537,97.29925537,444.0992554,571.7992554,1288.56064529
S001,A,0.375,25,rated_payload_limited,2.8125,1.16153051602,1.31271024158,1.31271024158,25,3054.023608,3054.023608,145.3566101,89.05661011,89.05661011,145.3566101,273.0566101,680.906962821
S001,B,0.375,30,rated_payload_limited,2.5,0.930225761055,1.27394097204,1.27394097204,30,3054.023608,3054.023608,145.3566101,89.05661011,89.05661011,145.3566101,273.0566101,579.106175887
S001,C,0.375,80,rated_payload_limited,5,1.94139247193,3.08170436114,3.08170436114,80,3054.023608,3054.023608,145.3566101,89.05661011,89.05661011,145.3566101,273.0566101,618.175045922
S002,A,0.375,9.54890855227,energy_limited,2.8125,2.73984663737,3.09050972759,2.8125,25,7411.533814,7411.533814,181.2542542,89.45425415,89.45425415,181.2542542,308.9542542,1433.77520846
S002,B,0.375,19.364427498,energy_limited,2.5,2.18415452088,2.99882031183,2.5,30,7411.533814,7411.533814,181.2542542,89.45425415,89.45425415,181.2542542,308.9542542,1186.72408132
S002,C,0.375,31.2938220329,energy_limited,5,4.6325359292,7.34794754861,5,80,7411.533814,7411.533814,181.2542542,89.45425415,89.45425415,181.2542542,308.9542542,1231.84216605
S003,A,0.375,3.98659835698,energy_limited,2.8125,2.7890857722,3.15701804891,2.8125,25,7263.826968,7263.826968,434.1041382,223.3041382,223.3041382,434.1041382,561.8041382,1692.73723069
S003,B,0.375,17.1075163999,energy_limited,2.5,2.23705090717,3.06459015809,2.5,30,7263.826968,7263.826968,434.1041382,223.3041382,223.3041382,434.1041382,561.8041382,1450.60966509
S003,C,0.375,29.5624187519,energy_limited,5,4.64390670284,7.38282653444,5,80,7263.826968,7263.826968,434.1041382,223.3041382,223.3041382,434.1041382,561.8041382,1560.17771116
S004,A,0.375,,empty_roundtrip_infeasible,2.8125,2.89394171155,3.26669153411,,25,7714.681646,7714.681646,270.5391663,169.9391663,169.9391663,270.5391663,398.2391663,1608.79771824
S004,B,0.375,13.9446814403,energy_limited,2.5,2.31251848078,3.16979849246,2.5,30,7714.681646,7714.681646,270.5391663,169.9391663,169.9391663,270.5391663,398.2391663,1351.64166337
S004,C,0.375,15.9633406624,energy_limited,5,4.86398606465,7.71524423837,5,80,7714.681646,7714.681646,270.5391663,169.9391663,169.9391663,270.5391663,398.2391663,1425.05471881
S005,A,0.375,25,rated_payload_limited,2.8125,1.98844309239,2.24486501136,2.24486501136,25,5280.593369,5280.593369,198.7108887,131.4108887,131.4108887,198.7108887,326.4108887,1122.18819826
S005,B,0.375,30,rated_payload_limited,2.5,1.58992547929,2.1782576011,2.1782576011,30,5280.593369,5280.593369,198.7108887,131.4108887,131.4108887,198.7108887,326.4108887,946.168419293
S005,C,0.375,75.849174966,energy_limited,5,3.33690049967,5.29264281489,5,80,5280.593369,5280.593369,198.7108887,131.4108887,131.4108887,198.7108887,326.4108887,1001.18871553
S006,A,0.375,25,rated_payload_limited,2.8125,1.22375461487,1.38968260036,1.38968260036,25,3186.198852,3186.198852,238.3978394,51.29783936,51.29783936,238.3978394,366.0978394,743.476639757
S006,B,0.375,30,rated_payload_limited,2.5,0.981585340998,1.35002263401,1.35002263401,30,3186.198852,3186.198852,238.3978394,51.29783936,51.29783936,238.3978394,366.0978394,637.270011357
S006,C,0.375,80,rated_payload_limited,5,2.0373511789,3.25327178824,3.25327178824,80,3186.198852,3186.198852,238.3978394,51.29783936,51.29783936,238.3978394,366.0978394,685.552624484
S007,A,0.375,25,rated_payload_limited,2.8125,1.77756344482,2.01797249109,2.01797249109,25,4534.717375,4534.717375,384.273175,163.473175,163.473175,384.273175,511.973175,1157.46688583
S007,B,0.375,30,rated_payload_limited,2.5,1.43033692627,1.95981561942,1.95981561942,30,4534.717375,4534.717375,384.273175,163.473175,163.473175,384.273175,511.973175,1006.30964
S007,C,0.375,80,rated_payload_limited,5,2.93545326153,4.67961017039,4.67961017039,80,4534.717375,4534.717375,384.273175,163.473175,163.473175,384.273175,511.973175,1097.60069833
S008,A,0.375,,empty_roundtrip_infeasible,2.8125,3.00043718224,3.38719045973,,25,8079.110449,8079.110449,245.2093323,102.0093323,102.0093323,245.2093323,372.9093323,1601.14542887
S008,B,0.375,9.6182661088,energy_limited,2.5,2.39370630456,3.28715724997,2.5,30,8079.110449,8079.110449,245.2093323,102.0093323,102.0093323,245.2093323,372.9093323,1331.84174724
S008,C,0.375,,empty_roundtrip_infeasible,5,5.06358632917,8.03799840697,,80,8079.110449,8079.110449,245.2093323,102.0093323,102.0093323,245.2093323,372.9093323,1389.71152467
S009,A,0.375,25,rated_payload_limited,2.8125,2.11449348264,2.38688881319,2.38688881319,25,5705.303447,5705.303447,165.5289124,63.22891235,63.22891235,165.5289124,293.2289124,1118.63964598
S009,B,0.375,30,rated_payload_limited,2.5,1.68634349503,2.31641401773,2.31641401773,30,5705.303447,5705.303447,165.5289124,63.22891235,63.22891235,165.5289124,293.2289124,928.462864417
S009,C,0.375,70.0250680217,energy_limited,5,3.57145366019,5.66961266921,5,80,5705.303447,5705.303447,165.5289124,63.22891235,63.22891235,165.5289124,293.2289124,966.589168542
S010,A,0.375,25,rated_payload_limited,2.8125,1.82629300362,2.0707297629,2.0707297629,25,4784.674506,4784.674506,307.9365356,84.03653564,84.03653564,307.9365356,435.6365356,1084.89266991
S010,B,0.375,30,rated_payload_limited,2.5,1.46344502735,2.01104041223,2.01104041223,30,4784.674506,4784.674506,307.9365356,84.03653564,84.03653564,307.9365356,435.6365356,925.403519709
S010,C,0.375,80,rated_payload_limited,5,3.04807696181,4.85885692633,4.85885692633,80,4784.674506,4784.674506,307.9365356,84.03653564,84.03653564,307.9365356,435.6365356,990.732364916
S011,A,0.375,25,rated_payload_limited,2.8125,1.07737291221,1.21959611273,1.21959611273,25,2808.106412,2808.106412,167.6617554,83.26175537,83.26175537,167.6617554,295.3617554,652.028309898
S011,B,0.375,30,rated_payload_limited,2.5,0.864023964183,1.1839226027,1.1839226027,30,2808.106412,2808.106412,167.6617554,83.26175537,83.26175537,167.6617554,295.3617554,558.424762831
S011,C,0.375,80,rated_payload_limited,5,1.79442515305,2.85321027055,2.85321027055,80,2808.106412,2808.106412,167.6617554,83.26175537,83.26175537,167.6617554,295.3617554,600.24534796
S012,A,0.375,6.23185263913,energy_limited,2.8125,2.77180546523,3.13142055533,2.8125,25,7391.140163,7391.140163,285.6009949,133.5009949,133.5009949,285.6009949,413.3009949,1539.19815302
S012,B,0.375,18.108999139,energy_limited,2.5,2.21482112408,3.039145538,2.5,30,7391.140163,7391.140163,285.6009949,133.5009949,133.5009949,285.6009949,413.3009949,1292.82681425
S012,C,0.375,29.3473514699,energy_limited,5,4.65923038872,7.39890429565,5,80,7391.140163,7391.140163,285.6009949,133.5009949,133.5009949,285.6009949,413.3009949,1362.67714589
S013,A,0.375,25,rated_payload_limited,2.8125,1.83030762726,2.07421509617,2.07421509617,25,4849.536855,4849.536855,271.4818237,47.48182373,47.48182373,271.4818237,399.1818237,1042.16281728
S013,B,0.375,30,rated_payload_limited,2.5,1.46402243521,2.0144296422,2.0144296422,30,4849.536855,4849.536855,271.4818237,47.48182373,47.48182373,271.4818237,399.1818237,880.511588782
S013,C,0.375,80,rated_payload_limited,5,3.06868405411,4.89171403136,4.89171403136,80,4849.536855,4849.536855,271.4818237,47.48182373,47.48182373,271.4818237,399.1818237,933.672196687
S014,A,0.375,25,rated_payload_limited,2.8125,2.13779691217,2.42558723052,2.42558723052,25,5419.5363,5419.5363,464.2473877,240.9473877,240.9473877,464.2473877,591.9473877,1420.39888529
S014,B,0.375,30,rated_payload_limited,2.5,1.72186251244,2.35522053783,2.35522053783,30,5419.5363,5419.5363,464.2473877,240.9473877,240.9473877,464.2473877,591.9473877,1239.74767529
S014,C,0.375,70.7818881404,energy_limited,5,3.52159630022,5.60758666095,5,80,5419.5363,5419.5363,464.2473877,240.9473877,240.9473877,464.2473877,591.9473877,1357.28013786
S015,A,0.375,25,rated_payload_limited,2.8125,2.30689938866,2.61934426755,2.61934426755,25,6009.764892,6009.764892,444.0992554,97.29925537,97.29925537,444.0992554,571.7992554,1398.65305656
S015,B,0.375,29.2053986059,energy_limited,2.5,1.85021799472,2.5445279265,2.5,30,6009.764892,6009.764892,444.0992554,97.29925537,97.29925537,444.0992554,571.7992554,1198.32756016
S015,C,0.375,61.5402981876,energy_limited,5,3.84149604983,6.13326501752,5,80,6009.764892,6009.764892,444.0992554,97.29925537,97.29925537,444.0992554,571.7992554,1288.56064529
S001,A,0.4,25,rated_payload_limited,2.7,1.16153051602,1.31271024158,1.31271024158,25,3054.023608,3054.023608,145.3566101,89.05661011,89.05661011,145.3566101,273.0566101,680.906962821
S001,B,0.4,30,rated_payload_limited,2.4,0.930225761055,1.27394097204,1.27394097204,30,3054.023608,3054.023608,145.3566101,89.05661011,89.05661011,145.3566101,273.0566101,579.106175887
S001,C,0.4,80,rated_payload_limited,4.8,1.94139247193,3.08170436114,3.08170436114,80,3054.023608,3054.023608,145.3566101,89.05661011,89.05661011,145.3566101,273.0566101,618.175045922
S002,A,0.4,,empty_roundtrip_infeasible,2.7,2.73984663737,3.09050972759,,25,7411.533814,7411.533814,181.2542542,89.45425415,89.45425415,181.2542542,308.9542542,1433.77520846
S002,B,0.4,15.7006588364,energy_limited,2.4,2.18415452088,2.99882031183,2.4,30,7411.533814,7411.533814,181.2542542,89.45425415,89.45425415,181.2542542,308.9542542,1186.72408132
S002,C,0.4,19.2120163218,energy_limited,4.8,4.6325359292,7.34794754861,4.8,80,7411.533814,7411.533814,181.2542542,89.45425415,89.45425415,181.2542542,308.9542542,1231.84216605
S003,A,0.4,,empty_roundtrip_infeasible,2.7,2.7890857722,3.15701804891,,25,7263.826968,7263.826968,434.1041382,223.3041382,223.3041382,434.1041382,561.8041382,1692.73723069
S003,B,0.4,12.8573538006,energy_limited,2.4,2.23705090717,3.06459015809,2.4,30,7263.826968,7263.826968,434.1041382,223.3041382,223.3041382,434.1041382,561.8041382,1450.60966509
S003,C,0.4,17.2796073342,energy_limited,4.8,4.64390670284,7.38282653444,4.8,80,7263.826968,7263.826968,434.1041382,223.3041382,223.3041382,434.1041382,561.8041382,1560.17771116
S004,A,0.4,,empty_roundtrip_infeasible,2.7,2.89394171155,3.26669153411,,25,7714.681646,7714.681646,270.5391663,169.9391663,169.9391663,270.5391663,398.2391663,1608.79771824
S004,B,0.4,8.6693921055,energy_limited,2.4,2.31251848078,3.16979849246,2.4,30,7714.681646,7714.681646,270.5391663,169.9391663,169.9391663,270.5391663,398.2391663,1351.64166337
S004,C,0.4,,empty_roundtrip_infeasible,4.8,4.86398606465,7.71524423837,,80,7714.681646,7714.681646,270.5391663,169.9391663,169.9391663,270.5391663,398.2391663,1425.05471881
S005,A,0.4,25,rated_payload_limited,2.7,1.98844309239,2.24486501136,2.24486501136,25,5280.593369,5280.593369,198.7108887,131.4108887,131.4108887,198.7108887,326.4108887,1122.18819826
S005,B,0.4,30,rated_payload_limited,2.4,1.58992547929,2.1782576011,2.1782576011,30,5280.593369,5280.593369,198.7108887,131.4108887,131.4108887,198.7108887,326.4108887,946.168419293
S005,C,0.4,72.4813935262,energy_limited,4.8,3.33690049967,5.29264281489,4.8,80,5280.593369,5280.593369,198.7108887,131.4108887,131.4108887,198.7108887,326.4108887,1001.18871553
S006,A,0.4,25,rated_payload_limited,2.7,1.22375461487,1.38968260036,1.38968260036,25,3186.198852,3186.198852,238.3978394,51.29783936,51.29783936,238.3978394,366.0978394,743.476639757
S006,B,0.4,30,rated_payload_limited,2.4,0.981585340998,1.35002263401,1.35002263401,30,3186.198852,3186.198852,238.3978394,51.29783936,51.29783936,238.3978394,366.0978394,637.270011357
S006,C,0.4,80,rated_payload_limited,4.8,2.0373511789,3.25327178824,3.25327178824,80,3186.198852,3186.198852,238.3978394,51.29783936,51.29783936,238.3978394,366.0978394,685.552624484
S007,A,0.4,25,rated_payload_limited,2.7,1.77756344482,2.01797249109,2.01797249109,25,4534.717375,4534.717375,384.273175,163.473175,163.473175,384.273175,511.973175,1157.46688583
S007,B,0.4,30,rated_payload_limited,2.4,1.43033692627,1.95981561942,1.95981561942,30,4534.717375,4534.717375,384.273175,163.473175,163.473175,384.273175,511.973175,1006.30964
S007,C,0.4,80,rated_payload_limited,4.8,2.93545326153,4.67961017039,4.67961017039,80,4534.717375,4534.717375,384.273175,163.473175,163.473175,384.273175,511.973175,1097.60069833
S008,A,0.4,,empty_roundtrip_infeasible,2.7,3.00043718224,3.38719045973,,25,8079.110449,8079.110449,245.2093323,102.0093323,102.0093323,245.2093323,372.9093323,1601.14542887
S008,B,0.4,1.39789340885,energy_limited,2.4,2.39370630456,3.28715724997,2.4,30,8079.110449,8079.110449,245.2093323,102.0093323,102.0093323,245.2093323,372.9093323,1331.84174724
S008,C,0.4,,empty_roundtrip_infeasible,4.8,5.06358632917,8.03799840697,,80,8079.110449,8079.110449,245.2093323,102.0093323,102.0093323,245.2093323,372.9093323,1389.71152467
S009,A,0.4,25,rated_payload_limited,2.7,2.11449348264,2.38688881319,2.38688881319,25,5705.303447,5705.303447,165.5289124,63.22891235,63.22891235,165.5289124,293.2289124,1118.63964598
S009,B,0.4,30,rated_payload_limited,2.4,1.68634349503,2.31641401773,2.31641401773,30,5705.303447,5705.303447,165.5289124,63.22891235,63.22891235,165.5289124,293.2289124,928.462864417
S009,C,0.4,65.994835067,energy_limited,4.8,3.57145366019,5.66961266921,4.8,80,5705.303447,5705.303447,165.5289124,63.22891235,63.22891235,165.5289124,293.2289124,966.589168542
S010,A,0.4,25,rated_payload_limited,2.7,1.82629300362,2.0707297629,2.0707297629,25,4784.674506,4784.674506,307.9365356,84.03653564,84.03653564,307.9365356,435.6365356,1084.89266991
S010,B,0.4,30,rated_payload_limited,2.4,1.46344502735,2.01104041223,2.01104041223,30,4784.674506,4784.674506,307.9365356,84.03653564,84.03653564,307.9365356,435.6365356,925.403519709
S010,C,0.4,79.1530646646,energy_limited,4.8,3.04807696181,4.85885692633,4.8,80,4784.674506,4784.674506,307.9365356,84.03653564,84.03653564,307.9365356,435.6365356,990.732364916
S011,A,0.4,25,rated_payload_limited,2.7,1.07737291221,1.21959611273,1.21959611273,25,2808.106412,2808.106412,167.6617554,83.26175537,83.26175537,167.6617554,295.3617554,652.028309898
S011,B,0.4,30,rated_payload_limited,2.4,0.864023964183,1.1839226027,1.1839226027,30,2808.106412,2808.106412,167.6617554,83.26175537,83.26175537,167.6617554,295.3617554,558.424762831
S011,C,0.4,80,rated_payload_limited,4.8,1.79442515305,2.85321027055,2.85321027055,80,2808.106412,2808.106412,167.6617554,83.26175537,83.26175537,167.6617554,295.3617554,600.24534796
S012,A,0.4,,empty_roundtrip_infeasible,2.7,2.77180546523,3.13142055533,,25,7391.140163,7391.140163,285.6009949,133.5009949,133.5009949,285.6009949,413.3009949,1539.19815302
S012,B,0.4,14.13517399,energy_limited,2.4,2.21482112408,3.039145538,2.4,30,7391.140163,7391.140163,285.6009949,133.5009949,133.5009949,285.6009949,413.3009949,1292.82681425
S012,C,0.4,16.6691304335,energy_limited,4.8,4.65923038872,7.39890429565,4.8,80,7391.140163,7391.140163,285.6009949,133.5009949,133.5009949,285.6009949,413.3009949,1362.67714589
S013,A,0.4,25,rated_payload_limited,2.7,1.83030762726,2.07421509617,2.07421509617,25,4849.536855,4849.536855,271.4818237,47.48182373,47.48182373,271.4818237,399.1818237,1042.16281728
S013,B,0.4,30,rated_payload_limited,2.4,1.46402243521,2.0144296422,2.0144296422,30,4849.536855,4849.536855,271.4818237,47.48182373,47.48182373,271.4818237,399.1818237,880.511588782
S013,C,0.4,78.6801576929,energy_limited,4.8,3.06868405411,4.89171403136,4.8,80,4849.536855,4849.536855,271.4818237,47.48182373,47.48182373,271.4818237,399.1818237,933.672196687
S014,A,0.4,25,rated_payload_limited,2.7,2.13779691217,2.42558723052,2.42558723052,25,5419.5363,5419.5363,464.2473877,240.9473877,240.9473877,464.2473877,591.9473877,1420.39888529
S014,B,0.4,30,rated_payload_limited,2.4,1.72186251244,2.35522053783,2.35522053783,30,5419.5363,5419.5363,464.2473877,240.9473877,240.9473877,464.2473877,591.9473877,1239.74767529
S014,C,0.4,66.7605726848,energy_limited,4.8,3.52159630022,5.60758666095,4.8,80,5419.5363,5419.5363,464.2473877,240.9473877,240.9473877,464.2473877,591.9473877,1357.28013786
S015,A,0.4,25,rated_payload_limited,2.7,2.30689938866,2.61934426755,2.61934426755,25,6009.764892,6009.764892,444.0992554,97.29925537,97.29925537,444.0992554,571.7992554,1398.65305656
S015,B,0.4,27.1972144839,energy_limited,2.4,1.85021799472,2.5445279265,2.4,30,6009.764892,6009.764892,444.0992554,97.29925537,97.29925537,444.0992554,571.7992554,1198.32756016
S015,C,0.4,56.359688673,energy_limited,4.8,3.84149604983,6.13326501752,4.8,80,6009.764892,6009.764892,444.0992554,97.29925537,97.29925537,444.0992554,571.7992554,1288.56064529
S001,A,0.45,25,rated_payload_limited,2.475,1.16153051602,1.31271024158,1.31271024158,25,3054.023608,3054.023608,145.3566101,89.05661011,89.05661011,145.3566101,273.0566101,680.906962821
S001,B,0.45,30,rated_payload_limited,2.2,0.930225761055,1.27394097204,1.27394097204,30,3054.023608,3054.023608,145.3566101,89.05661011,89.05661011,145.3566101,273.0566101,579.106175887
S001,C,0.45,80,rated_payload_limited,4.4,1.94139247193,3.08170436114,3.08170436114,80,3054.023608,3054.023608,145.3566101,89.05661011,89.05661011,145.3566101,273.0566101,618.175045922
S002,A,0.45,,empty_roundtrip_infeasible,2.475,2.73984663737,3.09050972759,,25,7411.533814,7411.533814,181.2542542,89.45425415,89.45425415,181.2542542,308.9542542,1433.77520846
S002,B,0.45,2.90515620795,energy_limited,2.2,2.18415452088,2.99882031183,2.2,30,7411.533814,7411.533814,181.2542542,89.45425415,89.45425415,181.2542542,308.9542542,1186.72408132
S002,C,0.45,,empty_roundtrip_infeasible,4.4,4.6325359292,7.34794754861,,80,7411.533814,7411.533814,181.2542542,89.45425415,89.45425415,181.2542542,308.9542542,1231.84216605
S003,A,0.45,,empty_roundtrip_infeasible,2.475,2.7890857722,3.15701804891,,25,7263.826968,7263.826968,434.1041382,223.3041382,223.3041382,434.1041382,561.8041382,1692.73723069
S003,B,0.45,,empty_roundtrip_infeasible,2.2,2.23705090717,3.06459015809,,30,7263.826968,7263.826968,434.1041382,223.3041382,223.3041382,434.1041382,561.8041382,1450.60966509
S003,C,0.45,,empty_roundtrip_infeasible,4.4,4.64390670284,7.38282653444,,80,7263.826968,7263.826968,434.1041382,223.3041382,223.3041382,434.1041382,561.8041382,1560.17771116
S004,A,0.45,,empty_roundtrip_infeasible,2.475,2.89394171155,3.26669153411,,25,7714.681646,7714.681646,270.5391663,169.9391663,169.9391663,270.5391663,398.2391663,1608.79771824
S004,B,0.45,,empty_roundtrip_infeasible,2.2,2.31251848078,3.16979849246,,30,7714.681646,7714.681646,270.5391663,169.9391663,169.9391663,270.5391663,398.2391663,1351.64166337
S004,C,0.45,,empty_roundtrip_infeasible,4.4,4.86398606465,7.71524423837,,80,7714.681646,7714.681646,270.5391663,169.9391663,169.9391663,270.5391663,398.2391663,1425.05471881
S005,A,0.45,25,rated_payload_limited,2.475,1.98844309239,2.24486501136,2.24486501136,25,5280.593369,5280.593369,198.7108887,131.4108887,131.4108887,198.7108887,326.4108887,1122.18819826
S005,B,0.45,30,rated_payload_limited,2.2,1.58992547929,2.1782576011,2.1782576011,30,5280.593369,5280.593369,198.7108887,131.4108887,131.4108887,198.7108887,326.4108887,946.168419293
S005,C,0.45,63.9134605306,energy_limited,4.4,3.33690049967,5.29264281489,4.4,80,5280.593369,5280.593369,198.7108887,131.4108887,131.4108887,198.7108887,326.4108887,1001.18871553
S006,A,0.45,25,rated_payload_limited,2.475,1.22375461487,1.38968260036,1.38968260036,25,3186.198852,3186.198852,238.3978394,51.29783936,51.29783936,238.3978394,366.0978394,743.476639757
S006,B,0.45,30,rated_payload_limited,2.2,0.981585340998,1.35002263401,1.35002263401,30,3186.198852,3186.198852,238.3978394,51.29783936,51.29783936,238.3978394,366.0978394,637.270011357
S006,C,0.45,80,rated_payload_limited,4.4,2.0373511789,3.25327178824,3.25327178824,80,3186.198852,3186.198852,238.3978394,51.29783936,51.29783936,238.3978394,366.0978394,685.552624484
S007,A,0.45,25,rated_payload_limited,2.475,1.77756344482,2.01797249109,2.01797249109,25,4534.717375,4534.717375,384.273175,163.473175,163.473175,384.273175,511.973175,1157.46688583
S007,B,0.45,30,rated_payload_limited,2.2,1.43033692627,1.95981561942,1.95981561942,30,4534.717375,4534.717375,384.273175,163.473175,163.473175,384.273175,511.973175,1006.30964
S007,C,0.45,75.3966944201,energy_limited,4.4,2.93545326153,4.67961017039,4.4,80,4534.717375,4534.717375,384.273175,163.473175,163.473175,384.273175,511.973175,1097.60069833
S008,A,0.45,,empty_roundtrip_infeasible,2.475,3.00043718224,3.38719045973,,25,8079.110449,8079.110449,245.2093323,102.0093323,102.0093323,245.2093323,372.9093323,1601.14542887
S008,B,0.45,,empty_roundtrip_infeasible,2.2,2.39370630456,3.28715724997,,30,8079.110449,8079.110449,245.2093323,102.0093323,102.0093323,245.2093323,372.9093323,1331.84174724
S008,C,0.45,,empty_roundtrip_infeasible,4.4,5.06358632917,8.03799840697,,80,8079.110449,8079.110449,245.2093323,102.0093323,102.0093323,245.2093323,372.9093323,1389.71152467
S009,A,0.45,25,rated_payload_limited,2.475,2.11449348264,2.38688881319,2.38688881319,25,5705.303447,5705.303447,165.5289124,63.22891235,63.22891235,165.5289124,293.2289124,1118.63964598
S009,B,0.45,27.6151148207,energy_limited,2.2,1.68634349503,2.31641401773,2.2,30,5705.303447,5705.303447,165.5289124,63.22891235,63.22891235,165.5289124,293.2289124,928.462864417
S009,C,0.45,55.527600034,energy_limited,4.4,3.57145366019,5.66961266921,4.4,80,5705.303447,5705.303447,165.5289124,63.22891235,63.22891235,165.5289124,293.2289124,966.589168542
S010,A,0.45,25,rated_payload_limited,2.475,1.82629300362,2.0707297629,2.0707297629,25,4784.674506,4784.674506,307.9365356,84.03653564,84.03653564,307.9365356,435.6365356,1084.89266991
S010,B,0.45,30,rated_payload_limited,2.2,1.46344502735,2.01104041223,2.01104041223,30,4784.674506,4784.674506,307.9365356,84.03653564,84.03653564,307.9365356,435.6365356,925.403519709
S010,C,0.45,72.3055820974,energy_limited,4.4,3.04807696181,4.85885692633,4.4,80,4784.674506,4784.674506,307.9365356,84.03653564,84.03653564,307.9365356,435.6365356,990.732364916
S011,A,0.45,25,rated_payload_limited,2.475,1.07737291221,1.21959611273,1.21959611273,25,2808.106412,2808.106412,167.6617554,83.26175537,83.26175537,167.6617554,295.3617554,652.028309898
S011,B,0.45,30,rated_payload_limited,2.2,0.864023964183,1.1839226027,1.1839226027,30,2808.106412,2808.106412,167.6617554,83.26175537,83.26175537,167.6617554,295.3617554,558.424762831
S011,C,0.45,80,rated_payload_limited,4.4,1.79442515305,2.85321027055,2.85321027055,80,2808.106412,2808.106412,167.6617554,83.26175537,83.26175537,167.6617554,295.3617554,600.24534796
S012,A,0.45,,empty_roundtrip_infeasible,2.475,2.77180546523,3.13142055533,,25,7391.140163,7391.140163,285.6009949,133.5009949,133.5009949,285.6009949,413.3009949,1539.19815302
S012,B,0.45,,empty_roundtrip_infeasible,2.2,2.21482112408,3.039145538,,30,7391.140163,7391.140163,285.6009949,133.5009949,133.5009949,285.6009949,413.3009949,1292.82681425
S012,C,0.45,,empty_roundtrip_infeasible,4.4,4.65923038872,7.39890429565,,80,7391.140163,7391.140163,285.6009949,133.5009949,133.5009949,285.6009949,413.3009949,1362.67714589
S013,A,0.45,25,rated_payload_limited,2.475,1.83030762726,2.07421509617,2.07421509617,25,4849.536855,4849.536855,271.4818237,47.48182373,47.48182373,271.4818237,399.1818237,1042.16281728
S013,B,0.45,30,rated_payload_limited,2.2,1.46402243521,2.0144296422,2.0144296422,30,4849.536855,4849.536855,271.4818237,47.48182373,47.48182373,271.4818237,399.1818237,880.511588782
S013,C,0.45,71.7497790288,energy_limited,4.4,3.06868405411,4.89171403136,4.4,80,4849.536855,4849.536855,271.4818237,47.48182373,47.48182373,271.4818237,399.1818237,933.672196687
S014,A,0.45,25,rated_payload_limited,2.475,2.13779691217,2.42558723052,2.42558723052,25,5419.5363,5419.5363,464.2473877,240.9473877,240.9473877,464.2473877,591.9473877,1420.39888529
S014,B,0.45,26.6006413443,energy_limited,2.2,1.72186251244,2.35522053783,2.2,30,5419.5363,5419.5363,464.2473877,240.9473877,240.9473877,464.2473877,591.9473877,1239.74767529
S014,C,0.45,56.3733430817,energy_limited,4.4,3.52159630022,5.60758666095,4.4,80,5419.5363,5419.5363,464.2473877,240.9473877,240.9473877,464.2473877,591.9473877,1357.28013786
S015,A,0.45,17.1889100893,energy_limited,2.475,2.30689938866,2.61934426755,2.475,25,6009.764892,6009.764892,444.0992554,97.29925537,97.29925537,444.0992554,571.7992554,1398.65305656
S015,B,0.45,21.8925455925,energy_limited,2.2,1.85021799472,2.5445279265,2.2,30,6009.764892,6009.764892,444.0992554,97.29925537,97.29925537,444.0992554,571.7992554,1198.32756016
S015,C,0.45,42.4994177586,energy_limited,4.4,3.84149604983,6.13326501752,4.4,80,6009.764892,6009.764892,444.0992554,97.29925537,97.29925537,444.0992554,571.7992554,1288.56064529
S001,A,0.5,25,rated_payload_limited,2.25,1.16153051602,1.31271024158,1.31271024158,25,3054.023608,3054.023608,145.3566101,89.05661011,89.05661011,145.3566101,273.0566101,680.906962821
S001,B,0.5,30,rated_payload_limited,2,0.930225761055,1.27394097204,1.27394097204,30,3054.023608,3054.023608,145.3566101,89.05661011,89.05661011,145.3566101,273.0566101,579.106175887
S001,C,0.5,80,rated_payload_limited,4,1.94139247193,3.08170436114,3.08170436114,80,3054.023608,3054.023608,145.3566101,89.05661011,89.05661011,145.3566101,273.0566101,618.175045922
S002,A,0.5,,empty_roundtrip_infeasible,2.25,2.73984663737,3.09050972759,,25,7411.533814,7411.533814,181.2542542,89.45425415,89.45425415,181.2542542,308.9542542,1433.77520846
S002,B,0.5,,empty_roundtrip_infeasible,2,2.18415452088,2.99882031183,,30,7411.533814,7411.533814,181.2542542,89.45425415,89.45425415,181.2542542,308.9542542,1186.72408132
S002,C,0.5,,empty_roundtrip_infeasible,4,4.6325359292,7.34794754861,,80,7411.533814,7411.533814,181.2542542,89.45425415,89.45425415,181.2542542,308.9542542,1231.84216605
S003,A,0.5,,empty_roundtrip_infeasible,2.25,2.7890857722,3.15701804891,,25,7263.826968,7263.826968,434.1041382,223.3041382,223.3041382,434.1041382,561.8041382,1692.73723069
S003,B,0.5,,empty_roundtrip_infeasible,2,2.23705090717,3.06459015809,,30,7263.826968,7263.826968,434.1041382,223.3041382,223.3041382,434.1041382,561.8041382,1450.60966509
S003,C,0.5,,empty_roundtrip_infeasible,4,4.64390670284,7.38282653444,,80,7263.826968,7263.826968,434.1041382,223.3041382,223.3041382,434.1041382,561.8041382,1560.17771116
S004,A,0.5,,empty_roundtrip_infeasible,2.25,2.89394171155,3.26669153411,,25,7714.681646,7714.681646,270.5391663,169.9391663,169.9391663,270.5391663,398.2391663,1608.79771824
S004,B,0.5,,empty_roundtrip_infeasible,2,2.31251848078,3.16979849246,,30,7714.681646,7714.681646,270.5391663,169.9391663,169.9391663,270.5391663,398.2391663,1351.64166337
S004,C,0.5,,empty_roundtrip_infeasible,4,4.86398606465,7.71524423837,,80,7714.681646,7714.681646,270.5391663,169.9391663,169.9391663,270.5391663,398.2391663,1425.05471881
S005,A,0.5,25,rated_payload_limited,2.25,1.98844309239,2.24486501136,2.24486501136,25,5280.593369,5280.593369,198.7108887,131.4108887,131.4108887,198.7108887,326.4108887,1122.18819826
S005,B,0.5,25.769943179,energy_limited,2,1.58992547929,2.1782576011,2,30,5280.593369,5280.593369,198.7108887,131.4108887,131.4108887,198.7108887,326.4108887,946.168419293
S005,C,0.5,51.438264186,energy_limited,4,3.33690049967,5.29264281489,4,80,5280.593369,5280.593369,198.7108887,131.4108887,131.4108887,198.7108887,326.4108887,1001.18871553
S006,A,0.5,25,rated_payload_limited,2.25,1.22375461487,1.38968260036,1.38968260036,25,3186.198852,3186.198852,238.3978394,51.29783936,51.29783936,238.3978394,366.0978394,743.476639757
S006,B,0.5,30,rated_payload_limited,2,0.981585340998,1.35002263401,1.35002263401,30,3186.198852,3186.198852,238.3978394,51.29783936,51.29783936,238.3978394,366.0978394,637.270011357
S006,C,0.5,80,rated_payload_limited,4,2.0373511789,3.25327178824,3.25327178824,80,3186.198852,3186.198852,238.3978394,51.29783936,51.29783936,238.3978394,366.0978394,685.552624484
S007,A,0.5,25,rated_payload_limited,2.25,1.77756344482,2.01797249109,2.01797249109,25,4534.717375,4534.717375,384.273175,163.473175,163.473175,384.273175,511.973175,1157.46688583
S007,B,0.5,30,rated_payload_limited,2,1.43033692627,1.95981561942,1.95981561942,30,4534.717375,4534.717375,384.273175,163.473175,163.473175,384.273175,511.973175,1006.30964
S007,C,0.5,66.6542594759,energy_limited,4,2.93545326153,4.67961017039,4,80,4534.717375,4534.717375,384.273175,163.473175,163.473175,384.273175,511.973175,1097.60069833
S008,A,0.5,,empty_roundtrip_infeasible,2.25,3.00043718224,3.38719045973,,25,8079.110449,8079.110449,245.2093323,102.0093323,102.0093323,245.2093323,372.9093323,1601.14542887
S008,B,0.5,,empty_roundtrip_infeasible,2,2.39370630456,3.28715724997,,30,8079.110449,8079.110449,245.2093323,102.0093323,102.0093323,245.2093323,372.9093323,1331.84174724
S008,C,0.5,,empty_roundtrip_infeasible,4,5.06358632917,8.03799840697,,80,8079.110449,8079.110449,245.2093323,102.0093323,102.0093323,245.2093323,372.9093323,1389.71152467
S009,A,0.5,16.637303415,energy_limited,2.25,2.11449348264,2.38688881319,2.25,25,5705.303447,5705.303447,165.5289124,63.22891235,63.22891235,165.5289124,293.2289124,1118.63964598
S009,B,0.5,21.99094084,energy_limited,2,1.68634349503,2.31641401773,2,30,5705.303447,5705.303447,165.5289124,63.22891235,63.22891235,165.5289124,293.2289124,928.462864417
S009,C,0.5,39.5264229141,energy_limited,4,3.57145366019,5.66961266921,4,80,5705.303447,5705.303447,165.5289124,63.22891235,63.22891235,165.5289124,293.2289124,966.589168542
S010,A,0.5,25,rated_payload_limited,2.25,1.82629300362,2.0707297629,2.0707297629,25,4784.674506,4784.674506,307.9365356,84.03653564,84.03653564,307.9365356,435.6365356,1084.89266991
S010,B,0.5,29.7575028418,energy_limited,2,1.46344502735,2.01104041223,2,30,4784.674506,4784.674506,307.9365356,84.03653564,84.03653564,307.9365356,435.6365356,925.403519709
S010,C,0.5,62.7221342648,energy_limited,4,3.04807696181,4.85885692633,4,80,4784.674506,4784.674506,307.9365356,84.03653564,84.03653564,307.9365356,435.6365356,990.732364916
S011,A,0.5,25,rated_payload_limited,2.25,1.07737291221,1.21959611273,1.21959611273,25,2808.106412,2808.106412,167.6617554,83.26175537,83.26175537,167.6617554,295.3617554,652.028309898
S011,B,0.5,30,rated_payload_limited,2,0.864023964183,1.1839226027,1.1839226027,30,2808.106412,2808.106412,167.6617554,83.26175537,83.26175537,167.6617554,295.3617554,558.424762831
S011,C,0.5,80,rated_payload_limited,4,1.79442515305,2.85321027055,2.85321027055,80,2808.106412,2808.106412,167.6617554,83.26175537,83.26175537,167.6617554,295.3617554,600.24534796
S012,A,0.5,,empty_roundtrip_infeasible,2.25,2.77180546523,3.13142055533,,25,7391.140163,7391.140163,285.6009949,133.5009949,133.5009949,285.6009949,413.3009949,1539.19815302
S012,B,0.5,,empty_roundtrip_infeasible,2,2.21482112408,3.039145538,,30,7391.140163,7391.140163,285.6009949,133.5009949,133.5009949,285.6009949,413.3009949,1292.82681425
S012,C,0.5,,empty_roundtrip_infeasible,4,4.65923038872,7.39890429565,,80,7391.140163,7391.140163,285.6009949,133.5009949,133.5009949,285.6009949,413.3009949,1362.67714589
S013,A,0.5,25,rated_payload_limited,2.25,1.83030762726,2.07421509617,2.07421509617,25,4849.536855,4849.536855,271.4818237,47.48182373,47.48182373,271.4818237,399.1818237,1042.16281728
S013,B,0.5,29.6852480096,energy_limited,2,1.46402243521,2.0144296422,2,30,4849.536855,4849.536855,271.4818237,47.48182373,47.48182373,271.4818237,399.1818237,880.511588782
S013,C,0.5,62.0327061805,energy_limited,4,3.06868405411,4.89171403136,4,80,4849.536855,4849.536855,271.4818237,47.48182373,47.48182373,271.4818237,399.1818237,933.672196687
S014,A,0.5,13.8660688767,energy_limited,2.25,2.13779691217,2.42558723052,2.25,25,5419.5363,5419.5363,464.2473877,240.9473877,240.9473877,464.2473877,591.9473877,1420.39888529
S014,B,0.5,20.2971041349,energy_limited,2,1.72186251244,2.35522053783,2,30,5419.5363,5419.5363,464.2473877,240.9473877,240.9473877,464.2473877,591.9473877,1239.74767529
S014,C,0.5,40.7964572801,energy_limited,4,3.52159630022,5.60758666095,4,80,5419.5363,5419.5363,464.2473877,240.9473877,240.9473877,464.2473877,591.9473877,1357.28013786
S015,A,0.5,,empty_roundtrip_infeasible,2.25,2.30689938866,2.61934426755,,25,6009.764892,6009.764892,444.0992554,97.29925537,97.29925537,444.0992554,571.7992554,1398.65305656
S015,B,0.5,13.4734231859,energy_limited,2,1.85021799472,2.5445279265,2,30,6009.764892,6009.764892,444.0992554,97.29925537,97.29925537,444.0992554,571.7992554,1198.32756016
S015,C,0.5,19.3040147723,energy_limited,4,3.84149604983,6.13326501752,4,80,6009.764892,6009.764892,444.0992554,97.29925537,97.29925537,444.0992554,571.7992554,1288.56064529
