service_id,type_id,reserve_fraction,max_safe_payload_kg,status,energy_budget_kwh,energy_empty_kwh,energy_at_rated_payload_kwh,energy_at_safe_payload_kwh,rated_payload_kg,distance_out_m,distance_back_m,climb_out_m,climb_back_m,descent_out_m,descent_back_m,cruise_alt_m,flight_s
S001,A,0,25,rated_payload_limited,4.5,1.16153051602,1.31271024158,1.31271024158,25,3054.023608,3054.023608,145.3566101,89.05661011,89.05661011,145.3566101,273.0566101,680.906962821
S001,B,0,30,rated_payload_limited,4,0.930225761055,1.27394097204,1.27394097204,30,3054.023608,3054.023608,145.3566101,89.05661011,89.05661011,145.3566101,273.0566101,579.106175887
S001,C,0,80,rated_payload_limited,8,1.94139247193,3.08170436114,3.08170436114,80,3054.023608,3054.023608,145.3566101,89.05661011,89.05661011,145.3566101,273.0566101,618.175045922
S002,A,0,25,rated_payload_limited,4.5,2.73984663737,3.09050972759,3.09050972759,25,7411.533814,7411.533814,181.2542542,89.45425415,89.45425415,181.2542542,308.9542542,1433.77520846
S002,B,0,30,rated_payload_limited,4,2.18415452088,2.99882031183,2.99882031183,30,7411.533814,7411.533814,181.2542542,89.45425415,89.45425415,181.2542542,308.9542542,1186.72408132
S002,C,0,80,rated_payload_limited,8,4.6325359292,7.34794754861,7.34794754861,80,7411.533814,7411.533814,181.2542542,89.45425415,89.45425415,181.2542542,308.9542542,1231.84216605
S003,A,0,25,rated_payload_limited,4.5,2.7890857722,3.15701804891,3.15701804891,25,7263.826968,7263.826968,434.1041382,223.3041382,223.3041382,434.1041382,561.8041382,1692.73723069
S003,B,0,30,rated_payload_limited,4,2.23705090717,3.06459015809,3.06459015809,30,7263.826968,7263.826968,434.1041382,223.3041382,223.3041382,434.1041382,561.8041382,1450.60966509
S003,C,0,80,rated_payload_limited,8,4.64390670284,7.38282653444,7.38282653444,80,7263.826968,7263.826968,434.1041382,223.3041382,223.3041382,434.1041382,561.8041382,1560.17771116
S004,A,0,25,rated_payload_limited,4.5,2.89394171155,3.26669153411,3.26669153411,25,7714.681646,7714.681646,270.5391663,169.9391663,169.9391663,270.5391663,398.2391663,1608.79771824
S004,B,0,30,rated_payload_limited,4,2.31251848078,3.16979849246,3.16979849246,30,7714.681646,7714.681646,270.5391663,169.9391663,169.9391663,270.5391663,398.2391663,1351.64166337
S004,C,0,80,rated_payload_limited,8,4.86398606465,7.71524423837,7.71524423837,80,7714.681646,7714.681646,270.5391663,169.9391663,169.9391663,270.5391663,398.2391663,1425.05471881
S005,A,0,25,rated_payload_limited,4.5,1.98844309239,2.24486501136,2.24486501136,25,5280.593369,5280.593369,198.7108887,131.4108887,131.4108887,198.7108887,326.4108887,1122.18819826
S005,B,0,30,rated_payload_limited,4,1.58992547929,2.1782576011,2.1782576011,30,5280.593369,5280.593369,198.7108887,131.4108887,131.4108887,198.7108887,326.4108887,946.168419293
S005,C,0,80,rated_payload_limited,8,3.33690049967,5.29264281489,5.29264281489,80,5280.593369,5280.593369,198.7108887,131.4108887,131.4108887,198.7108887,326.4108887,1001.18871553
S006,A,0,25,rated_payload_limited,4.5,1.22375461487,1.38968260036,1.38968260036,25,3186.198852,3186.198852,238.3978394,51.29783936,51.29783936,238.3978394,366.0978394,743.476639757
S006,B,0,30,rated_payload_limited,4,0.981585340998,1.35002263401,1.35002263401,30,3186.198852,3186.198852,238.3978394,51.29783936,51.29783936,238.3978394,366.0978394,637.270011357
S006,C,0,80,rated_payload_limited,8,2.0373511789,3.25327178824,3.25327178824,80,3186.198852,3186.198852,238.3978394,51.29783936,51.29783936,238.3978394,366.0978394,685.552624484
S007,A,0,25,rated_payload_limited,4.5,1.77756344482,2.01797249109,2.01797249109,25,4534.717375,4534.717375,384.273175,163.473175,163.473175,384.273175,511.973175,1157.46688583
S007,B,0,30,rated_payload_limited,4,1.43033692627,1.95981561942,1.95981561942,30,4534.717375,4534.717375,384.273175,163.473175,163.473175,384.273175,511.973175,1006.30964
S007,C,0,80,rated_payload_limited,8,2.93545326153,4.67961017039,4.67961017039,80,4534.717375,4534.717375,384.273175,163.473175,163.473175,384.273175,511.973175,1097.60069833
S008,A,0,25,rated_payload_limited,4.5,3.00043718224,3.38719045973,3.38719045973,25,8079.110449,8079.110449,245.2093323,102.0093323,102.0093323,245.2093323,372.9093323,1601.14542887
S008,B,0,30,rated_payload_limited,4,2.39370630456,3.28715724997,3.28715724997,30,8079.110449,8079.110449,245.2093323,102.0093323,102.0093323,245.2093323,372.9093323,1331.84174724
S008,C,0,79.6774477066,energy_limited,8,5.06358632917,8.03799840697,8,80,8079.110449,8079.110449,245.2093323,102.0093323,102.0093323,245.2093323,372.9093323,1389.71152467
S009,A,0,25,rated_payload_limited,4.5,2.11449348264,2.38688881319,2.38688881319,25,5705.303447,5705.303447,165.5289124,63.22891235,63.22891235,165.5289124,293.2289124,1118.63964598
S009,B,0,30,rated_payload_limited,4,1.68634349503,2.31641401773,2.31641401773,30,5705.303447,5705.303447,165.5289124,63.22891235,63.22891235,165.5289124,293.2289124,928.462864417
S009,C,0,80,rated_payload_limited,8,3.57145366019,5.66961266921,5.66961266921,80,5705.303447,5705.303447,165.5289124,63.22891235,63.22891235,165.5289124,293.2289124,966.589168542
S010,A,0,25,rated_payload_limited,4.5,1.82629300362,2.0707297629,2.0707297629,25,4784.674506,4784.674506,307.9365356,84.03653564,84.03653564,307.9365356,435.6365356,1084.89266991
S010,B,0,30,rated_payload_limited,4,1.46344502735,2.01104041223,2.01104041223,30,4784.674506,4784.674506,307.9365356,84.03653564,84.03653564,307.9365356,435.6365356,925.403519709
S010,C,0,80,rated_payload_limited,8,3.04807696181,4.85885692633,4.85885692633,80,4784.674506,4784.674506,307.9365356,84.03653564,84.03653564,307.9365356,435.6365356,990.732364916
S011,A,0,25,rated_payload_limited,4.5,1.07737291221,1.21959611273,1.21959611273,25,2808.106412,2808.106412,167.6617554,83.26175537,83.26175537,167.6617554,295.3617554,652.028309898
S011,B,0,30,rated_payload_limited,4,0.864023964183,1.1839226027,1.1839226027,30,2808.106412,2808.106412,167.6617554,83.26175537,83.26175537,167.6617554,295.3617554,558.424762831
S011,C,0,80,rated_payload_limited,8,1.79442515305,2.85321027055,2.85321027055,80,2808.106412,2808.106412,167.6617554,83.26175537,83.26175537,167.6617554,295.3617554,600.24534796
S012,A,0,25,rated_payload_limited,4.5,2.77180546523,3.13142055533,3.13142055533,25,7391.140163,7391.140163,285.6009949,133.5009949,133.5009949,285.6009949,413.3009949,1539.19815302
S012,B,0,30,rated_payload_limited,4,2.21482112408,3.039145538,3.039145538,30,7391.140163,7391.140163,285.6009949,133.5009949,133.5009949,285.6009949,413.3009949,1292.82681425
S012,C,0,80,rated_payload_limited,8,4.65923038872,7.39890429565,7.39890429565,80,7391.140163,7391.140163,285.6009949,133.5009949,133.5009949,285.6009949,413.3009949,1362.67714589
S013,A,0,25,rated_payload_limited,4.5,1.83030762726,2.07421509617,2.07421509617,25,4849.536855,4849.536855,271.4818237,47.48182373,47.48182373,271.4818237,399.1818237,1042.16281728
S013,B,0,30,rated_payload_limited,4,1.46402243521,2.0144296422,2.0144296422,30,4849.536855,4849.536855,271.4818237,47.48182373,47.48182373,271.4818237,399.1818237,880.511588782
S013,C,0,80,rated_payload_limited,8,3.06868405411,4.89171403136,4.89171403136,80,4849.536855,4849.536855,271.4818237,47.48182373,47.48182373,271.4818237,399.1818237,933.672196687
S014,A,0,25,rated_payload_limited,4.5,2.13779691217,2.42558723052,2.42558723052,25,5419.5363,5419.5363,464.2473877,240.9473877,240.9473877,464.2473877,591.9473877,1420.39888529
S014,B,0,30,rated_payload_limited,4,1.72186251244,2.35522053783,2.35522053783,30,5419.5363,5419.5363,464.2473877,240.9473877,240.9473877,464.2473877,591.9473877,1239.74767529
S014,C,0,80,rated_payload_limited,8,3.52159630022,5.60758666095,5.60758666095,80,5419.5363,5419.5363,464.2473877,240.9473877,240.9473877,464.2473877,591.9473877,1357.28013786
S015,A,0,25,rated_payload_limited,4.5,2.30689938866,2.61934426755,2.61934426755,25,6009.764892,6009.764892,444.0992554,97.29925537,97.29925537,444.0992554,571.7992554,1398.65305656
S015,B,0,30,rated_payload_limited,4,1.85021799472,2.5445279265,2.5445279265,30,6009.764892,6009.764892,444.0992554,97.29925537,97.29925537,444.0992554,571.7992554,1198.32756016
S015,C,0,80,rated_payload_limited,8,3.84149604983,6.13326501752,6.13326501752,80,6009.764892,6009.764892,444.0992554,97.29925537,97.29925537,444.0992554,571.7992554,1288.56064529
S001,A,0.005,25,rated_payload_limited,4.4775,1.16153051602,1.31271024158,1.31271024158,25,3054.023608,3054.023608,145.3566101,89.05661011,89.05661011,145.3566101,273.0566101,680.906962821
S001,B,0.005,30,rated_payload_limited,3.98,0.930225761055,1.27394097204,1.27394097204,30,3054.023608,3054.023608,145.3566101,89.05661011,89.05661011,145.3566101,273.0566101,579.106175887
S001,C,0.005,80,rated_payload_limited,7.96,1.94139247193,3.08170436114,3.08170436114,80,3054.023608,3054.023608,145.3566101,89.05661011,89.05661011,145.3566101,273.0566101,618.175045922
S002,A,0.005,25,rated_payload_limited,4.4775,2.73984663737,3.09050972759,3.09050972759,25,7411.533814,7411.533814,181.2542542,89.45425415,89.45425415,181.2542542,308.9542542,1433.77520846
S002,B,0.005,30,rated_payload_limited,3.98,2.18415452088,2.99882031183,2.99882031183,30,7411.533814,7411.533814,181.2542542,89.45425415,89.45425415,181.2542542,308.9542542,1186.72408132
S002,C,0.005,80,rated_payload_limited,7.96,4.6325359292,7.34794754861,7.34794754861,80,7411.533814,7411.533814,181.2542542,89.45425415,89.45425415,181.2542542,308.9542542,1231.84216605
S003,A,0.005,25,rated_payload_limited,4.4775,2.7890857722,3.15701804891,3.15701804891,25,7263.826968,7263.826968,434.1041382,223.3041382,223.3041382,434.1041382,561.8041382,1692.73723069
S003,B,0.005,30,rated_payload_limited,3.98,2.23705090717,3.06459015809,3.06459015809,30,7263.826968,7263.826968,434.1041382,223.3041382,223.3041382,434.1041382,561.8041382,1450.60966509
S003,C,0.005,80,rated_payload_limited,7.96,4.64390670284,7.38282653444,7.38282653444,80,7263.826968,7263.826968,434.1041382,223.3041382,223.3041382,434.1041382,561.8041382,1560.17771116
S004,A,0.005,25,rated_payload_limited,4.4775,2.89394171155,3.26669153411,3.26669153411,25,7714.681646,7714.681646,270.5391663,169.9391663,169.9391663,270.5391663,398.2391663,1608.79771824
S004,B,0.005,30,rated_payload_limited,3.98,2.31251848078,3.16979849246,3.16979849246,30,7714.681646,7714.681646,270.5391663,169.9391663,169.9391663,270.5391663,398.2391663,1351.64166337
S004,C,0.005,80,rated_payload_limited,7.96,4.86398606465,7.71524423837,7.71524423837,80,7714.681646,7714.681646,270.5391663,169.9391663,169.9391663,270.5391663,398.2391663,1425.05471881
S005,A,0.005,25,rated_payload_limited,4.4775,1.98844309239,2.24486501136,2.24486501136,25,5280.593369,5280.593369,198.7108887,131.4108887,131.4108887,198.7108887,326.4108887,1122.18819826
S005,B,0.005,30,rated_payload_limited,3.98,1.58992547929,2.1782576011,2.1782576011,30,5280.593369,5280.593369,198.7108887,131.4108887,131.4108887,198.7108887,326.4108887,946.168419293
S005,C,0.005,80,rated_payload_limited,7.96,3.33690049967,5.29264281489,5.29264281489,80,5280.593369,5280.593369,198.7108887,131.4108887,131.4108887,198.7108887,326.4108887,1001.18871553
S006,A,0.005,25,rated_payload_limited,4.4775,1.22375461487,1.38968260036,1.38968260036,25,3186.198852,3186.198852,238.3978394,51.29783936,51.29783936,238.3978394,366.0978394,743.476639757
S006,B,0.005,30,rated_payload_limited,3.98,0.981585340998,1.35002263401,1.35002263401,30,3186.198852,3186.198852,238.3978394,51.29783936,51.29783936,238.3978394,366.0978394,637.270011357
S006,C,0.005,80,rated_payload_limited,7.96,2.0373511789,3.25327178824,3.25327178824,80,3186.198852,3186.198852,238.3978394,51.29783936,51.29783936,238.3978394,366.0978394,685.552624484
S007,A,0.005,25,rated_payload_limited,4.4775,1.77756344482,2.01797249109,2.01797249109,25,4534.717375,4534.717375,384.273175,163.473175,163.473175,384.273175,511.973175,1157.46688583
S007,B,0.005,30,rated_payload_limited,3.98,1.43033692627,1.95981561942,1.95981561942,30,4534.717375,4534.717375,384.273175,163.473175,163.473175,384.273175,511.973175,1006.30964
S007,C,0.005,80,rated_payload_limited,7.96,2.93545326153,4.67961017039,4.67961017039,80,4534.717375,4534.717375,384.273175,163.473175,163.473175,384.273175,511.973175,1097.60069833
S008,A,0.005,25,rated_payload_limited,4.4775,3.00043718224,3.38719045973,3.38719045973,25,8079.110449,8079.110449,245.2093323,102.0093323,102.0093323,245.2093323,372.9093323,1601.14542887
S008,B,0.005,30,rated_payload_limited,3.98,2.39370630456,3.28715724997,3.28715724997,30,8079.110449,8079.110449,245.2093323,102.0093323,102.0093323,245.2093323,372.9093323,1331.84174724
S008,C,0.005,79.332278452,energy_limited,7.96,5.06358632917,8.03799840697,7.96,80,8079.110449,8079.110449,245.2093323,102.0093323,102.0093323,245.2093323,372.9093323,1389.71152467
S009,A,0.005,25,rated_payload_limited,4.4775,2.11449348264,2.38688881319,2.38688881319,25,5705.303447,5705.303447,165.5289124,63.22891235,63.22891235,165.5289124,293.2289124,1118.63964598
S009,B,0.005,30,rated_payload_limited,3.98,1.68634349503,2.31641401773,2.31641401773,30,5705.303447,5705.303447,165.5289124,63.22891235,63.22891235,165.5289124,293.2289124,928.462864417
S009,C,0.005,80,rated_payload_limited,7.96,3.57145366019,5.66961266921,5.66961266921,80,5705.303447,5705.303447,165.5289124,63.22891235,63.22891235,165.5289124,293.2289124,966.589168542
S010,A,0.005,25,rated_payload_limited,4.4775,1.82629300362,2.0707297629,2.0707297629,25,4784.674506,4784.674506,307.9365356,84.03653564,84.03653564,307.9365356,435.6365356,1084.89266991
S010,B,0.005,30,rated_payload_limited,3.98,1.46344502735,2.01104041223,2.01104041223,30,4784.674506,4784.674506,307.9365356,84.03653564,84.03653564,307.9365356,435.6365356,925.403519709
S010,C,0.005,80,rated_payload_limited,7.96,3.04807696181,4.85885692633,4.85885692633,80,4784.674506,4784.674506,307.9365356,84.03653564,84.03653564,307.9365356,435.6365356,990.732364916
S011,A,0.005,25,rated_payload_limited,4.4775,1.07737291221,1.21959611273,1.21959611273,25,2808.106412,2808.106412,167.6617554,83.26175537,83.26175537,167.6617554,295.3617554,652.028309898
S011,B,0.005,30,rated_payload_limited,3.98,0.864023964183,1.1839226027,1.1839226027,30,2808.106412,2808.106412,167.6617554,83.26175537,83.26175537,167.6617554,295.3617554,558.424762831
S011,C,0.005,80,rated_payload_limited,7.96,1.79442515305,2.85321027055,2.85321027055,80,2808.106412,2808.106412,167.6617554,83.26175537,83.26175537,167.6617554,295.3617554,600.24534796
S012,A,0.005,25,rated_payload_limited,4.4775,2.77180546523,3.13142055533,3.13142055533,25,7391.140163,7391.140163,285.6009949,133.5009949,133.5009949,285.6009949,413.3009949,1539.19815302
S012,B,0.005,30,rated_payload_limited,3.98,2.21482112408,3.039145538,3.039145538,30,7391.140163,7391.140163,285.6009949,133.5009949,133.5009949,285.6009949,413.3009949,1292.82681425
S012,C,0.005,80,rated_payload_limited,7.96,4.65923038872,7.39890429565,7.39890429565,80,7391.140163,7391.140163,285.6009949,133.5009949,133.5009949,285.6009949,413.3009949,1362.67714589
S013,A,0.005,25,rated_payload_limited,4.4775,1.83030762726,2.07421509617,2.07421509617,25,4849.536855,4849.536855,271.4818237,47.48182373,47.48182373,271.4818237,399.1818237,1042.16281728
S013,B,0.005,30,rated_payload_limited,3.98,1.46402243521,2.0144296422,2.0144296422,30,4849.536855,4849.536855,271.4818237,47.48182373,47.48182373,271.4818237,399.1818237,880.511588782
S013,C,0.005,80,rated_payload_limited,7.96,3.06868405411,4.89171403136,4.89171403136,80,4849.536855,4849.536855,271.4818237,47.48182373,47.48182373,271.4818237,399.1818237,933.672196687
S014,A,0.005,25,rated_payload_limited,4.4775,2.13779691217,2.42558723052,2.42558723052,25,5419.5363,5419.5363,464.2473877,240.9473877,240.9473877,464.2473877,591.9473877,1420.39888529
S014,B,0.005,30,rated_payload_limited,3.98,1.72186251244,2.35522053783,2.35522053783,30,5419.5363,5419.5363,464.2473877,240.9473877,240.9473877,464.2473877,591.9473877,1239.74767529
S014,C,0.005,80,rated_payload_limited,7.96,3.52159630022,5.60758666095,5.60758666095,80,5419.5363,5419.5363,464.2473877,240.9473877,240.9473877,464.2473877,591.9473877,1357.28013786
S015,A,0.005,25,rated_payload_limited,4.4775,2.30689938866,2.61934426755,2.61934426755,25,6009.764892,6009.764892,444.0992554,97.29925537,97.29925537,444.0992554,571.7992554,1398.65305656
S015,B,0.005,30,rated_payload_limited,3.98,1.85021799472,2.5445279265,2.5445279265,30,6009.764892,6009.764892,444.0992554,97.29925537,97.29925537,444.0992554,571.7992554,1198.32756016
S015,C,0.005,80,rated_payload_limited,7.96,3.84149604983,6.13326501752,6.13326501752,80,6009.764892,6009.764892,444.0992554,97.29925537,97.29925537,444.0992554,571.7992554,1288.56064529
S001,A,0.01,25,rated_payload_limited,4.455,1.16153051602,1.31271024158,1.31271024158,25,3054.023608,3054.023608,145.3566101,89.05661011,89.05661011,145.3566101,273.0566101,680.906962821
S001,B,0.01,30,rated_payload_limited,3.96,0.930225761055,1.27394097204,1.27394097204,30,3054.023608,3054.023608,145.3566101,89.05661011,89.05661011,145.3566101,273.0566101,579.106175887
S001,C,0.01,80,rated_payload_limited,7.92,1.94139247193,3.08170436114,3.08170436114,80,3054.023608,3054.023608,145.3566101,89.05661011,89.05661011,145.3566101,273.0566101,618.175045922
S002,A,0.01,25,rated_payload_limited,4.455,2.73984663737,3.09050972759,3.09050972759,25,7411.533814,7411.533814,181.2542542,89.45425415,89.45425415,181.2542542,308.9542542,1433.77520846
S002,B,0.01,30,rated_payload_limited,3.96,2.18415452088,2.99882031183,2.99882031183,30,7411.533814,7411.533814,181.2542542,89.45425415,89.45425415,181.2542542,308.9542542,1186.72408132
S002,C,0.01,80,rated_payload_limited,7.92,4.6325359292,7.34794754861,7.34794754861,80,7411.533814,7411.533814,181.2542542,89.45425415,89.45425415,181.2542542,308.9542542,1231.84216605
S003,A,0.01,25,rated_payload_limited,4.455,2.7890857722,3.15701804891,3.15701804891,25,7263.826968,7263.826968,434.1041382,223.3041382,223.3041382,434.1041382,561.8041382,1692.73723069
S003,B,0.01,30,rated_payload_limited,3.96,2.23705090717,3.06459015809,3.06459015809,30,7263.826968,7263.826968,434.1041382,223.3041382,223.3041382,434.1041382,561.8041382,1450.60966509
S003,C,0.01,80,rated_payload_limited,7.92,4.64390670284,7.38282653444,7.38282653444,80,7263.826968,7263.826968,434.1041382,223.3041382,223.3041382,434.1041382,561.8041382,1560.17771116
S004,A,0.01,25,rated_payload_limited,4.455,2.89394171155,3.26669153411,3.26669153411,25,7714.681646,7714.681646,270.5391663,169.9391663,169.9391663,270.5391663,398.2391663,1608.79771824
S004,B,0.01,30,rated_payload_limited,3.96,2.31251848078,3.16979849246,3.16979849246,30,7714.681646,7714.681646,270.5391663,169.9391663,169.9391663,270.5391663,398.2391663,1351.64166337
S004,C,0.01,80,rated_payload_limited,7.92,4.86398606465,7.71524423837,7.71524423837,80,7714.681646,7714.681646,270.5391663,169.9391663,169.9391663,270.5391663,398.2391663,1425.05471881
S005,A,0.01,25,rated_payload_limited,4.455,1.98844309239,2.24486501136,2.24486501136,25,5280.593369,5280.593369,198.7108887,131.4108887,131.4108887,198.7108887,326.4108887,1122.18819826
S005,B,0.01,30,rated_payload_limited,3.96,1.58992547929,2.1782576011,2.1782576011,30,5280.593369,5280.593369,198.7108887,131.4108887,131.4108887,198.7108887,326.4108887,946.168419293
S005,C,0.01,80,rated_payload_limited,7.92,3.33690049967,5.29264281489,5.29264281489,80,5280.593369,5280.593369,198.7108887,131.4108887,131.4108887,198.7108887,326.4108887,1001.18871553
S006,A,0.01,25,rated_payload_limited,4.455,1.22375461487,1.38968260036,1.38968260036,25,3186.198852,3186.198852,238.3978394,51.29783936,51.29783936,238.3978394,366.0978394,743.476639757
S006,B,0.01,30,rated_payload_limited,3.96,0.981585340998,1.35002263401,1.35002263401,30,3186.198852,3186.198852,238.3978394,51.29783936,51.29783936,238.3978394,366.0978394,637.270011357
S006,C,0.01,80,rated_payload_limited,7.92,2.0373511789,3.25327178824,3.25327178824,80,3186.198852,3186.198852,238.3978394,51.29783936,51.29783936,238.3978394,366.0978394,685.552624484
S007,A,0.01,25,rated_payload_limited,4.455,1.77756344482,2.01797249109,2.01797249109,25,4534.717375,4534.717375,384.273175,163.473175,163.473175,384.273175,511.973175,1157.46688583
S007,B,0.01,30,rated_payload_limited,3.96,1.43033692627,1.95981561942,1.95981561942,30,4534.717375,4534.717375,384.273175,163.473175,163.473175,384.273175,511.973175,1006.30964
S007,C,0.01,80,rated_payload_limited,7.92,2.93545326153,4.67961017039,4.67961017039,80,4534.717375,4534.717375,384.273175,163.473175,163.473175,384.273175,511.973175,1097.60069833
S008,A,0.01,25,rated_payload_limited,4.455,3.00043718224,3.38719045973,3.38719045973,25,8079.110449,8079.110449,245.2093323,102.0093323,102.0093323,245.2093323,372.9093323,1601.14542887
S008,B,0.01,30,rated_payload_limited,3.96,2.39370630456,3.28715724997,3.28715724997,30,8079.110449,8079.110449,245.2093323,102.0093323,102.0093323,245.2093323,372.9093323,1331.84174724
S008,C,0.01,78.9811897634,energy_limited,7.92,5.06358632917,8.03799840697,7.92,80,8079.110449,8079.110449,245.2093323,102.0093323,102.0093323,245.2093323,372.9093323,1389.71152467
S009,A,0.01,25,rated_payload_limited,4.455,2.11449348264,2.38688881319,2.38688881319,25,5705.303447,5705.303447,165.5289124,63.22891235,63.22891235,165.5289124,293.2289124,1118.63964598
S009,B,0.01,30,rated_payload_limited,3.96,1.68634349503,2.31641401773,2.31641401773,30,5705.303447,5705.303447,165.5289124,63.22891235,63.22891235,165.5289124,293.2289124,928.462864417
S009,C,0.01,80,rated_payload_limited,7.92,3.57145366019,5.66961266921,5.66961266921,80,5705.303447,5705.303447,165.5289124,63.22891235,63.22891235,165.5289124,293.2289124,966.589168542
S010,A,0.01,25,rated_payload_limited,4.455,1.82629300362,2.0707297629,2.0707297629,25,4784.674506,4784.674506,307.9365356,84.03653564,84.03653564,307.9365356,435.6365356,1084.89266991
S010,B,0.01,30,rated_payload_limited,3.96,1.46344502735,2.01104041223,2.01104041223,30,4784.674506,4784.674506,307.9365356,84.03653564,84.03653564,307.9365356,435.6365356,925.403519709
S010,C,0.01,80,rated_payload_limited,7.92,3.04807696181,4.85885692633,4.85885692633,80,4784.674506,4784.674506,307.9365356,84.03653564,84.03653564,307.9365356,435.6365356,990.732364916
S011,A,0.01,25,rated_payload_limited,4.455,1.07737291221,1.21959611273,1.21959611273,25,2808.106412,2808.106412,167.6617554,83.26175537,83.26175537,167.6617554,295.3617554,652.028309898
S011,B,0.01,30,rated_payload_limited,3.96,0.864023964183,1.1839226027,1.1839226027,30,2808.106412,2808.106412,167.6617554,83.26175537,83.26175537,167.6617554,295.3617554,558.424762831
S011,C,0.01,80,rated_payload_limited,7.92,1.79442515305,2.85321027055,2.85321027055,80,2808.106412,2808.106412,167.6617554,83.26175537,83.26175537,167.6617554,295.3617554,600.24534796
S012,A,0.01,25,rated_payload_limited,4.455,2.77180546523,3.13142055533,3.13142055533,25,7391.140163,7391.140163,285.6009949,133.5009949,133.5009949,285.6009949,413.3009949,1539.19815302
S012,B,0.01,30,rated_payload_limited,3.96,2.21482112408,3.039145538,3.039145538,30,7391.140163,7391.140163,285.6009949,133.5009949,133.5009949,285.6009949,413.3009949,1292.82681425
S012,C,0.01,80,rated_payload_limited,7.92,4.65923038872,7.39890429565,7.39890429565,80,7391.140163,7391.140163,285.6009949,133.5009949,133.5009949,285.6009949,413.3009949,1362.67714589
S013,A,0.01,25,rated_payload_limited,4.455,1.83030762726,2.07421509617,2.07421509617,25,4849.536855,4849.536855,271.4818237,47.48182373,47.48182373,271.4818237,399.1818237,1042.16281728
S013,B,0.01,30,rated_payload_limited,3.96,1.46402243521,2.0144296422,2.0144296422,30,4849.536855,4849.536855,271.4818237,47.48182373,47.48182373,271.4818237,399.1818237,880.511588782
S013,C,0.01,80,rated_payload_limited,7.92,3.06868405411,4.89171403136,4.89171403136,80,4849.536855,4849.536855,271.4818237,47.48182373,47.48182373,271.4818237,399.1818237,933.672196687
S014,A,0.01,25,rated_payload_limited,4.455,2.13779691217,2.42558723052,2.42558723052,25,5419.5363,5419.5363,464.2473877,240.9473877,240.9473877,464.2473877,591.9473877,1420.39888529
S014,B,0.01,30,rated_payload_limited,3.96,1.72186251244,2.35522053783,2.35522053783,30,5419.5363,5419.5363,464.2473877,240.9473877,240.9473877,464.2473877,591.9473877,1239.74767529
S014,C,0.01,80,rated_payload_limited,7.92,3.52159630022,5.60758666095,5.60758666095,80,5419.5363,5419.5363,464.2473877,240.9473877,240.9473877,464.2473877,591.9473877,1357.28013786
S015,A,0.01,25,rated_payload_limited,4.455,2.30689938866,2.61934426755,2.61934426755,25,6009.764892,6009.764892,444.0992554,97.29925537,97.29925537,444.0992554,571.7992554,1398.65305656
S015,B,0.01,30,rated_payload_limited,3.96,1.85021799472,2.5445279265,2.5445279265,30,6009.764892,6009.764892,444.0992554,97.29925537,97.29925537,444.0992554,571.7992554,1198.32756016
S015,C,0.01,80,rated_payload_limited,7.92,3.84149604983,6.13326501752,6.13326501752,80,6009.764892,6009.764892,444.0992554,97.29925537,97.29925537,444.0992554,571.7992554,1288.56064529
S001,A,0.015,25,rated_payload_limited,4.4325,1.16153051602,1.31271024158,1.31271024158,25,3054.023608,3054.023608,145.3566101,89.05661011,89.05661011,145.3566101,273.0566101,680.906962821
S001,B,0.015,30,rated_payload_limited,3.94,0.930225761055,1.27394097204,1.27394097204,30,3054.023608,3054.023608,145.3566101,89.05661011,89.05661011,145.3566101,273.0566101,579.106175887
S001,C,0.015,80,rated_payload_limited,7.88,1.94139247193,3.08170436114,3.08170436114,80,3054.023608,3054.023608,145.3566101,89.05661011,89.05661011,145.3566101,273.0566101,618.175045922
S002,A,0.015,25,rated_payload_limited,4.4325,2.73984663737,3.09050972759,3.09050972759,25,7411.533814,7411.533814,181.2542542,89.45425415,89.45425415,181.2542542,308.9542542,1433.77520846
S002,B,0.015,30,rated_payload_limited,3.94,2.18415452088,2.99882031183,2.99882031183,30,7411.533814,7411.533814,181.2542542,89.45425415,89.45425415,181.2542542,308.9542542,1186.72408132
S002,C,0.015,80,rated_payload_limited,7.88,4.6325359292,7.34794754861,7.34794754861,80,7411.533814,7411.533814,181.2542542,89.45425415,89.45425415,181.2542542,308.9542542,1231.84216605
S003,A,0.015,25,rated_payload_limited,4.4325,2.7890857722,3.15701804891,3.15701804891,25,7263.826968,7263.826968,434.1041382,223.3041382,223.3041382,434.1041382,561.8041382,1692.73723069
S003,B,0.015,30,rated_payload_limited,3.94,2.23705090717,3.06459015809,3.06459015809,30,7263.826968,7263.826968,434.1041382,223.3041382,223.3041382,434.1041382,561.8041382,1450.60966509
S003,C,0.015,80,rated_payload_limited,7.88,4.64390670284,7.38282653444,7.38282653444,80,7263.826968,7263.826968,434.1041382,223.3041382,223.3041382,434.1041382,561.8041382,1560.17771116
S004,A,0.015,25,rated_payload_limited,4.4325,2.89394171155,3.26669153411,3.26669153411,25,7714.681646,7714.681646,270.5391663,169.9391663,169.9391663,270.5391663,398.2391663,1608.79771824
S004,B,0.015,30,rated_payload_limited,3.94,2.31251848078,3.16979849246,3.16979849246,30,7714.681646,7714.681646,270.5391663,169.9391663,169.9391663,270.5391663,398.2391663,1351.64166337
S004,C,0.015,80,rated_payload_limited,7.88,4.86398606465,7.71524423837,7.71524423837,80,7714.681646,7714.681646,270.5391663,169.9391663,169.9391663,270.5391663,398.2391663,1425.05471881
S005,A,0.015,25,rated_payload_limited,4.4325,1.98844309239,2.24486501136,2.24486501136,25,5280.593369,5280.593369,198.7108887,131.4108887,131.4108887,198.7108887,326.4108887,1122.18819826
S005,B,0.015,30,rated_payload_limited,3.94,1.58992547929,2.1782576011,2.1782576011,30,5280.593369,5280.593369,198.7108887,131.4108887,131.4108887,198.7108887,326.4108887,946.168419293
S005,C,0.015,80,rated_payload_limited,7.88,3.33690049967,5.29264281489,5.29264281489,80,5280.593369,5280.593369,198.7108887,131.4108887,131.4108887,198.7108887,326.4108887,1001.18871553
S006,A,0.015,25,rated_payload_limited,4.4325,1.22375461487,1.38968260036,1.38968260036,25,3186.198852,3186.198852,238.3978394,51.29783936,51.29783936,238.3978394,366.0978394,743.476639757
S006,B,0.015,30,rated_payload_limited,3.94,0.981585340998,1.35002263401,1.35002263401,30,3186.198852,3186.198852,238.3978394,51.29783936,51.29783936,238.3978394,366.0978394,637.270011357
S006,C,0.015,80,rated_payload_limited,7.88,2.0373511789,3.25327178824,3.25327178824,80,3186.198852,3186.198852,238.3978394,51.29783936,51.29783936,238.3978394,366.0978394,685.552624484
S007,A,0.015,25,rated_payload_limited,4.4325,1.77756344482,2.01797249109,2.01797249109,25,4534.717375,4534.717375,384.273175,163.473175,163.473175,384.273175,511.973175,1157.46688583
S007,B,0.015,30,rated_payload_limited,3.94,1.43033692627,1.95981561942,1.95981561942,30,4534.717375,4534.717375,384.273175,163.473175,163.473175,384.273175,511.973175,1006.30964
S007,C,0.015,80,rated_payload_limited,7.88,2.93545326153,4.67961017039,4.67961017039,80,4534.717375,4534.717375,384.273175,163.473175,163.473175,384.273175,511.973175,1097.60069833
S008,A,0.015,25,rated_payload_limited,4.4325,3.00043718224,3.38719045973,3.38719045973,25,8079.110449,8079.110449,245.2093323,102.0093323,102.0093323,245.2093323,372.9093323,1601.14542887
S008,B,0.015,30,rated_payload_limited,3.94,2.39370630456,3.28715724997,3.28715724997,30,8079.110449,8079.110449,245.2093323,102.0093323,102.0093323,245.2093323,372.9093323,1331.84174724
S008,C,0.015,78.6240249521,energy_limited,7.88,5.06358632917,8.03799840697,7.88,80,8079.110449,8079.110449,245.2093323,102.0093323,102.0093323,245.2093323,372.9093323,1389.71152467
S009,A,0.015,25,rated_payload_limited,4.4325,2.11449348264,2.38688881319,2.38688881319,25,5705.303447,5705.303447,165.5289124,63.22891235,63.22891235,165.5289124,293.2289124,1118.63964598
S009,B,0.015,30,rated_payload_limited,3.94,1.68634349503,2.31641401773,2.31641401773,30,5705.303447,5705.303447,165.5289124,63.22891235,63.22891235,165.5289124,293.2289124,928.462864417
S009,C,0.015,80,rated_payload_limited,7.88,3.57145366019,5.66961266921,5.66961266921,80,5705.303447,5705.303447,165.5289124,63.22891235,63.22891235,165.5289124,293.2289124,966.589168542
S010,A,0.015,25,rated_payload_limited,4.4325,1.82629300362,2.0707297629,2.0707297629,25,4784.674506,4784.674506,307.9365356,84.03653564,84.03653564,307.9365356,435.6365356,1084.89266991
S010,B,0.015,30,rated_payload_limited,3.94,1.46344502735,2.01104041223,2.01104041223,30,4784.674506,4784.674506,307.9365356,84.03653564,84.03653564,307.9365356,435.6365356,925.403519709
S010,C,0.015,80,rated_payload_limited,7.88,3.04807696181,4.85885692633,4.85885692633,80,4784.674506,4784.674506,307.9365356,84.03653564,84.03653564,307.9365356,435.6365356,990.732364916
S011,A,0.015,25,rated_payload_limited,4.4325,1.07737291221,1.21959611273,1.21959611273,25,2808.106412,2808.106412,167.6617554,83.26175537,83.26175537,167.6617554,295.3617554,652.028309898
S011,B,0.015,30,rated_payload_limited,3.94,0.864023964183,1.1839226027,1.1839226027,30,2808.106412,2808.106412,167.6617554,83.26175537,83.26175537,167.6617554,295.3617554,558.424762831
S011,C,0.015,80,rated_payload_limited,7.88,1.79442515305,2.85321027055,2.85321027055,80,2808.106412,2808.106412,167.6617554,83.26175537,83.26175537,167.6617554,295.3617554,600.24534796
S012,A,0.015,25,rated_payload_limited,4.4325,2.77180546523,3.13142055533,3.13142055533,25,7391.140163,7391.140163,285.6009949,133.5009949,133.5009949,285.6009949,413.3009949,1539.19815302
S012,B,0.015,30,rated_payload_limited,3.94,2.21482112408,3.039145538,3.039145538,30,7391.140163,7391.140163,285.6009949,133.5009949,133.5009949,285.6009949,413.3009949,1292.82681425
S012,C,0.015,80,rated_payload_limited,7.88,4.65923038872,7.39890429565,7.39890429565,80,7391.140163,7391.140163,285.6009949,133.5009949,133.5009949,285.6009949,413.3009949,1362.67714589
S013,A,0.015,25,rated_payload_limited,4.4325,1.83030762726,2.07421509617,2.07421509617,25,4849.536855,4849.536855,271.4818237,47.48182373,47.48182373,271.4818237,399.1818237,1042.16281728
S013,B,0.015,30,rated_payload_limited,3.94,1.46402243521,2.0144296422,2.0144296422,30,4849.536855,4849.536855,271.4818237,47.48182373,47.48182373,271.4818237,399.1818237,880.511588782
S013,C,0.015,80,rated_payload_limited,7.88,3.06868405411,4.89171403136,4.89171403136,80,4849.536855,4849.536855,271.4818237,47.48182373,47.48182373,271.4818237,399.1818237,933.672196687
S014,A,0.015,25,rated_payload_limited,4.4325,2.13779691217,2.42558723052,2.42558723052,25,5419.5363,5419.5363,464.2473877,240.9473877,240.9473877,464.2473877,591.9473877,1420.39888529
S014,B,0.015,30,rated_payload_limited,3.94,1.72186251244,2.35522053783,2.35522053783,30,5419.5363,5419.5363,464.2473877,240.9473877,240.9473877,464.2473877,591.9473877,1239.74767529
S014,C,0.015,80,rated_payload_limited,7.88,3.52159630022,5.60758666095,5.60758666095,80,5419.5363,5419.5363,464.2473877,240.9473877,240.9473877,464.2473877,591.9473877,1357.28013786
S015,A,0.015,25,rated_payload_limited,4.4325,2.30689938866,2.61934426755,2.61934426755,25,6009.764892,6009.764892,444.0992554,97.29925537,97.29925537,444.0992554,571.7992554,1398.65305656
S015,B,0.015,30,rated_payload_limited,3.94,1.85021799472,2.5445279265,2.5445279265,30,6009.764892,6009.764892,444.0992554,97.29925537,97.29925537,444.0992554,571.7992554,1198.32756016
S015,C,0.015,80,rated_payload_limited,7.88,3.84149604983,6.13326501752,6.13326501752,80,6009.764892,6009.764892,444.0992554,97.29925537,97.29925537,444.0992554,571.7992554,1288.56064529
S001,A,0.02,25,rated_payload_limited,4.41,1.16153051602,1.31271024158,1.31271024158,25,3054.023608,3054.023608,145.3566101,89.05661011,89.05661011,145.3566101,273.0566101,680.906962821
S001,B,0.02,30,rated_payload_limited,3.92,0.930225761055,1.27394097204,1.27394097204,30,3054.023608,3054.023608,145.3566101,89.05661011,89.05661011,145.3566101,273.0566101,579.106175887
S001,C,0.02,80,rated_payload_limited,7.84,1.94139247193,3.08170436114,3.08170436114,80,3054.023608,3054.023608,145.3566101,89.05661011,89.05661011,145.3566101,273.0566101,618.175045922
S002,A,0.02,25,rated_payload_limited,4.41,2.73984663737,3.09050972759,3.09050972759,25,7411.533814,7411.533814,181.2542542,89.45425415,89.45425415,181.2542542,308.9542542,1433.77520846
S002,B,0.02,30,rated_payload_limited,3.92,2.18415452088,2.99882031183,2.99882031183,30,7411.533814,7411.533814,181.2542542,89.45425415,89.45425415,181.2542542,308.9542542,1186.72408132
S002,C,0.02,80,rated_payload_limited,7.84,4.6325359292,7.34794754861,7.34794754861,80,7411.533814,7411.533814,181.2542542,89.45425415,89.45425415,181.2542542,308.9542542,1231.84216605
S003,A,0.02,25,rated_payload_limited,4.41,2.7890857722,3.15701804891,3.15701804891,25,7263.826968,7263.826968,434.1041382,223.3041382,223.3041382,434.1041382,561.8041382,1692.73723069
S003,B,0.02,30,rated_payload_limited,3.92,2.23705090717,3.06459015809,3.06459015809,30,7263.826968,7263.826968,434.1041382,223.3041382,223.3041382,434.1041382,561.8041382,1450.60966509
S003,C,0.02,80,rated_payload_limited,7.84,4.64390670284,7.38282653444,7.38282653444,80,7263.826968,7263.826968,434.1041382,223.3041382,223.3041382,434.1041382,561.8041382,1560.17771116
S004,A,0.02,25,rated_payload_limited,4.41,2.89394171155,3.26669153411,3.26669153411,25,7714.681646,7714.681646,270.5391663,169.9391663,169.9391663,270.5391663,398.2391663,1608.79771824
S004,B,0.02,30,rated_payload_limited,3.92,2.31251848078,3.16979849246,3.16979849246,30,7714.681646,7714.681646,270.5391663,169.9391663,169.9391663,270.5391663,398.2391663,1351.64166337
S004,C,0.02,80,rated_payload_limited,7.84,4.86398606465,7.71524423837,7.71524423837,80,7714.681646,7714.681646,270.5391663,169.9391663,169.9391663,270.5391663,398.2391663,1425.05471881
S005,A,0.02,25,rated_payload_limited,4.41,1.98844309239,2.24486501136,2.24486501136,25,5280.593369,5280.593369,198.7108887,131.4108887,131.4108887,198.7108887,326.4108887,1122.18819826
S005,B,0.02,30,rated_payload_limited,3.92,1.58992547929,2.1782576011,2.1782576011,30,5280.593369,5280.593369,198.7108887,131.4108887,131.4108887,198.7108887,326.4108887,946.168419293
S005,C,0.02,80,rated_payload_limited,7.84,3.33690049967,5.29264281489,5.29264281489,80,5280.593369,5280.593369,198.7108887,131.4108887,131.4108887,198.7108887,326.4108887,1001.18871553
S006,A,0.02,25,rated_payload_limited,4.41,1.22375461487,1.38968260036,1.38968260036,25,3186.198852,3186.198852,238.3978394,51.29783936,51.29783936,238.3978394,366.0978394,743.476639757
S006,B,0.02,30,rated_payload_limited,3.92,0.981585340998,1.35002263401,1.35002263401,30,3186.198852,3186.198852,238.3978394,51.29783936,51.29783936,238.3978394,366.0978394,637.270011357
S006,C,0.02,80,rated_payload_limited,7.84,2.0373511789,3.25327178824,3.25327178824,80,3186.198852,3186.198852,238.3978394,51.29783936,51.29783936,238.3978394,366.0978394,685.552624484
S007,A,0.02,25,rated_payload_limited,4.41,1.77756344482,2.01797249109,2.01797249109,25,4534.717375,4534.717375,384.273175,163.473175,163.473175,384.273175,511.973175,1157.46688583
S007,B,0.02,30,rated_payload_limited,3.92,1.43033692627,1.95981561942,1.95981561942,30,4534.717375,4534.717375,384.273175,163.473175,163.473175,384.273175,511.973175,1006.30964
S007,C,0.02,80,rated_payload_limited,7.84,2.93545326153,4.67961017039,4.67961017039,80,4534.717375,4534.717375,384.273175,163.473175,163.473175,384.273175,511.973175,1097.60069833
S008,A,0.02,25,rated_payload_limited,4.41,3.00043718224,3.38719045973,3.38719045973,25,8079.110449,8079.110449,245.2093323,102.0093323,102.0093323,245.2093323,372.9093323,1601.14542887
S008,B,0.02,30,rated_payload_limited,3.92,2.39370630456,3.28715724997,3.28715724997,30,8079.110449,8079.110449,245.2093323,102.0093323,102.0093323,245.2093323,372.9093323,1331.84174724
S008,C,0.02,78.2606216027,energy_limited,7.84,5.06358632917,8.03799840697,7.84,80,8079.110449,8079.110449,245.2093323,102.0093323,102.0093323,245.2093323,372.9093323,1389.71152467
S009,A,0.02,25,rated_payload_limited,4.41,2.11449348264,2.38688881319,2.38688881319,25,5705.303447,5705.303447,165.5289124,63.22891235,63.22891235,165.5289124,293.2289124,1118.63964598
S009,B,0.02,30,rated_payload_limited,3.92,1.68634349503,2.31641401773,2.31641401773,30,5705.303447,5705.303447,165.5289124,63.22891235,63.22891235,165.5289124,293.2289124,928.462864417
S009,C,0.02,80,rated_payload_limited,7.84,3.57145366019,5.66961266921,5.66961266921,80,5705.303447,5705.303447,165.5289124,63.22891235,63.22891235,165.5289124,293.2289124,966.589168542
S010,A,0.02,25,rated_payload_limited,4.41,1.82629300362,2.0707297629,2.0707297629,25,4784.674506,4784.674506,307.9365356,84.03653564,84.03653564,307.9365356,435.6365356,1084.89266991
S010,B,0.02,30,rated_payload_limited,3.92,1.46344502735,2.01104041223,2.01104041223,30,4784.674506,4784.674506,307.9365356,84.03653564,84.03653564,307.9365356,435.6365356,925.403519709
S010,C,0.02,80,rated_payload_limited,7.84,3.04807696181,4.85885692633,4.85885692633,80,4784.674506,4784.674506,307.9365356,84.03653564,84.03653564,307.9365356,435.6365356,990.732364916
S011,A,0.02,25,rated_payload_limited,4.41,1.07737291221,1.21959611273,1.21959611273,25,2808.106412,2808.106412,167.6617554,83.26175537,83.26175537,167.6617554,295.3617554,652.028309898
S011,B,0.02,30,rated_payload_limited,3.92,0.864023964183,1.1839226027,1.1839226027,30,2808.106412,2808.106412,167.6617554,83.26175537,83.26175537,167.6617554,295.3617554,558.424762831
S011,C,0.02,80,rated_payload_limited,7.84,1.79442515305,2.85321027055,2.85321027055,80,2808.106412,2808.106412,167.6617554,83.26175537,83.26175537,167.6617554,295.3617554,600.24534796
S012,A,0.02,25,rated_payload_limited,4.41,2.77180546523,3.13142055533,3.13142055533,25,7391.140163,7391.140163,285.6009949,133.5009949,133.5009949,285.6009949,413.3009949,1539.19815302
S012,B,0.02,30,rated_payload_limited,3.92,2.21482112408,3.039145538,3.039145538,30,7391.140163,7391.140163,285.6009949,133.5009949,133.5009949,285.6009949,413.3009949,1292.82681425
S012,C,0.02,80,rated_payload_limited,7.84,4.65923038872,7.39890429565,7.39890429565,80,7391.140163,7391.140163,285.6009949,133.5009949,133.5009949,285.6009949,413.3009949,1362.67714589
S013,A,0.02,25,rated_payload_limited,4.41,1.83030762726,2.07421509617,2.07421509617,25,4849.536855,4849.536855,271.4818237,47.48182373,47.48182373,271.4818237,399.1818237,1042.16281728
S013,B,0.02,30,rated_payload_limited,3.92,1.46402243521,2.0144296422,2.0144296422,30,4849.536855,4849.536855,271.4818237,47.48182373,47.48182373,271.4818237,399.1818237,880.511588782
S013,C,0.02,80,rated_payload_limited,7.84,3.06868405411,4.89171403136,4.89171403136,80,4849.536855,4849.536855,271.4818237,47.48182373,47.48182373,271.4818237,399.1818237,933.672196687
S014,A,0.02,25,rated_payload_limited,4.41,2.13779691217,2.42558723052,2.42558723052,25,5419.5363,5419.5363,464.2473877,240.9473877,240.9473877,464.2473877,591.9473877,1420.39888529
S014,B,0.02,30,rated_payload_limited,3.92,1.72186251244,2.35522053783,2.35522053783,30,5419.5363,5419.5363,464.2473877,240.9473877,240.9473877,464.2473877,591.9473877,1239.74767529
S014,C,0.02,80,rated_payload_limited,7.84,3.52159630022,5.60758666095,5.60758666095,80,5419.5363,5419.5363,464.2473877,240.9473877,240.9473877,464.2473877,591.9473877,1357.28013786
S015,A,0.02,25,rated_payload_limited,4.41,2.30689938866,2.61934426755,2.61934426755,25,6009.764892,6009.764892,444.0992554,97.29925537,97.29925537,444.0992554,571.7992554,1398.65305656
S015,B,0.02,30,rated_payload_limited,3.92,1.85021799472,2.5445279265,2.5445279265,30,6009.764892,6009.764892,444.0992554,97.29925537,97.29925537,444.0992554,571.7992554,1198.32756016
S015,C,0.02,80,rated_payload_limited,7.84,3.84149604983,6.13326501752,6.13326501752,80,6009.764892,6009.764892,444.0992554,97.29925537,97.29925537,444.0992554,571.7992554,1288.56064529
S001,A,0.025,25,rated_payload_limited,4.3875,1.16153051602,1.31271024158,1.31271024158,25,3054.023608,3054.023608,145.3566101,89.05661011,89.05661011,145.3566101,273.0566101,680.906962821
S001,B,0.025,30,rated_payload_limited,3.9,0.930225761055,1.27394097204,1.27394097204,30,3054.023608,3054.023608,145.3566101,89.05661011,89.05661011,145.3566101,273.0566101,579.106175887
S001,C,0.025,80,rated_payload_limited,7.8,1.94139247193,3.08170436114,3.08170436114,80,3054.023608,3054.023608,145.3566101,89.05661011,89.05661011,145.3566101,273.0566101,618.175045922
S002,A,0.025,25,rated_payload_limited,4.3875,2.73984663737,3.09050972759,3.09050972759,25,7411.533814,7411.533814,181.2542542,89.45425415,89.45425415,181.2542542,308.9542542,1433.77520846
S002,B,0.025,30,rated_payload_limited,3.9,2.18415452088,2.99882031183,2.99882031183,30,7411.533814,7411.533814,181.2542542,89.45425415,89.45425415,181.2542542,308.9542542,1186.72408132
S002,C,0.025,80,rated_payload_limited,7.8,4.6325359292,7.34794754861,7.34794754861,80,7411.533814,7411.533814,181.2542542,89.45425415,89.45425415,181.2542542,308.9542542,1231.84216605
S003,A,0.025,25,rated_payload_limited,4.3875,2.7890857722,3.15701804891,3.15701804891,25,7263.826968,7263.826968,434.1041382,223.3041382,223.3041382,434.1041382,561.8041382,1692.73723069
S003,B,0.025,30,rated_payload_limited,3.9,2.23705090717,3.06459015809,3.06459015809,30,7263.826968,7263.826968,434.1041382,223.3041382,223.3041382,434.1041382,561.8041382,1450.60966509
S003,C,0.025,80,rated_payload_limited,7.8,4.64390670284,7.38282653444,7.38282653444,80,7263.826968,7263.826968,434.1041382,223.3041382,223.3041382,434.1041382,561.8041382,1560.17771116
S004,A,0.025,25,rated_payload_limited,4.3875,2.89394171155,3.26669153411,3.26669153411,25,7714.681646,7714.681646,270.5391663,169.9391663,169.9391663,270.5391663,398.2391663,1608.79771824
S004,B,0.025,30,rated_payload_limited,3.9,2.31251848078,3.16979849246,3.16979849246,30,7714.681646,7714.681646,270.5391663,169.9391663,169.9391663,270.5391663,398.2391663,1351.64166337
S004,C,0.025,80,rated_payload_limited,7.8,4.86398606465,7.71524423837,7.71524423837,80,7714.681646,7714.681646,270.5391663,169.9391663,169.9391663,270.5391663,398.2391663,1425.05471881
S005,A,0.025,25,rated_payload_limited,4.3875,1.98844309239,2.24486501136,2.24486501136,25,5280.593369,5280.593369,198.7108887,131.4108887,131.4108887,198.7108887,326.4108887,1122.18819826
S005,B,0.025,30,rated_payload_limited,3.9,1.58992547929,2.1782576011,2.1782576011,30,5280.593369,5280.593369,198.7108887,131.4108887,131.4108887,198.7108887,326.4108887,946.168419293
S005,C,0.025,80,rated_payload_limited,7.8,3.33690049967,5.29264281489,5.29264281489,80,5280.593369,5280.593369,198.7108887,131.4108887,131.4108887,198.7108887,326.4108887,1001.18871553
S006,A,0.025,25,rated_payload_limited,4.3875,1.22375461487,1.38968260036,1.38968260036,25,3186.198852,3186.198852,238.3978394,51.29783936,51.29783936,238.3978394,366.0978394,743.476639757
S006,B,0.025,30,rated_payload_limited,3.9,0.981585340998,1.35002263401,1.35002263401,30,3186.198852,3186.198852,238.3978394,51.29783936,51.29783936,238.3978394,366.0978394,637.270011357
S006,C,0.025,80,rated_payload_limited,7.8,2.0373511789,3.25327178824,3.25327178824,80,3186.198852,3186.198852,238.3978394,51.29783936,51.29783936,238.3978394,366.0978394,685.552624484
S007,A,0.025,25,rated_payload_limited,4.3875,1.77756344482,2.01797249109,2.01797249109,25,4534.717375,4534.717375,384.273175,163.473175,163.473175,384.273175,511.973175,1157.46688583
S007,B,0.025,30,rated_payload_limited,3.9,1.43033692627,1.95981561942,1.95981561942,30,4534.717375,4534.717375,384.273175,163.473175,163.473175,384.273175,511.973175,1006.30964
S007,C,0.025,80,rated_payload_limited,7.8,2.93545326153,4.67961017039,4.67961017039,80,4534.717375,4534.717375,384.273175,163.473175,163.473175,384.273175,511.973175,1097.60069833
S008,A,0.025,25,rated_payload_limited,4.3875,3.00043718224,3.38719045973,3.38719045973,25,8079.110449,8079.110449,245.2093323,102.0093323,102.0093323,245.2093323,372.9093323,1601.14542887
S008,B,0.025,30,rated_payload_limited,3.9,2.39370630456,3.28715724997,3.28715724997,30,8079.110449,8079.110449,245.2093323,102.0093323,102.0093323,245.2093323,372.9093323,1331.84174724
S008,C,0.025,77.8908113001,energy_limited,7.8,5.06358632917,8.03799840697,7.8,80,8079.110449,8079.110449,245.2093323,102.0093323,102.0093323,245.2093323,372.9093323,1389.71152467
S009,A,0.025,25,rated_payload_limited,4.3875,2.11449348264,2.38688881319,2.38688881319,25,5705.303447,5705.303447,165.5289124,63.22891235,63.22891235,165.5289124,293.2289124,1118.63964598
S009,B,0.025,30,rated_payload_limited,3.9,1.68634349503,2.31641401773,2.31641401773,30,5705.303447,5705.303447,165.5289124,63.22891235,63.22891235,165.5289124,293.2289124,928.462864417
S009,C,0.025,80,rated_payload_limited,7.8,3.57145366019,5.66961266921,5.66961266921,80,5705.303447,5705.303447,165.5289124,63.22891235,63.22891235,165.5289124,293.2289124,966.589168542
S010,A,0.025,25,rated_payload_limited,4.3875,1.82629300362,2.0707297629,2.0707297629,25,4784.674506,4784.674506,307.9365356,84.03653564,84.03653564,307.9365356,435.6365356,1084.89266991
S010,B,0.025,30,rated_payload_limited,3.9,1.46344502735,2.01104041223,2.01104041223,30,4784.674506,4784.674506,307.9365356,84.03653564,84.03653564,307.9365356,435.6365356,925.403519709
S010,C,0.025,80,rated_payload_limited,7.8,3.04807696181,4.85885692633,4.85885692633,80,4784.674506,4784.674506,307.9365356,84.03653564,84.03653564,307.9365356,435.6365356,990.732364916
S011,A,0.025,25,rated_payload_limited,4.3875,1.07737291221,1.21959611273,1.21959611273,25,2808.106412,2808.106412,167.6617554,83.26175537,83.26175537,167.6617554,295.3617554,652.028309898
S011,B,0.025,30,rated_payload_limited,3.9,0.864023964183,1.1839226027,1.1839226027,30,2808.106412,2808.106412,167.6617554,83.26175537,83.26175537,167.6617554,295.3617554,558.424762831
S011,C,0.025,80,rated_payload_limited,7.8,1.79442515305,2.85321027055,2.85321027055,80,2808.106412,2808.106412,167.6617554,83.26175537,83.26175537,167.6617554,295.3617554,600.24534796
S012,A,0.025,25,rated_payload_limited,4.3875,2.77180546523,3.13142055533,3.13142055533,25,7391.140163,7391.140163,285.6009949,133.5009949,133.5009949,285.6009949,413.3009949,1539.19815302
S012,B,0.025,30,rated_payload_limited,3.9,2.21482112408,3.039145538,3.039145538,30,7391.140163,7391.140163,285.6009949,133.5009949,133.5009949,285.6009949,413.3009949,1292.82681425
S012,C,0.025,80,rated_payload_limited,7.8,4.65923038872,7.39890429565,7.39890429565,80,7391.140163,7391.140163,285.6009949,133.5009949,133.5009949,285.6009949,413.3009949,1362.67714589
S013,A,0.025,25,rated_payload_limited,4.3875,1.83030762726,2.07421509617,2.07421509617,25,4849.536855,4849.536855,271.4818237,47.48182373,47.48182373,271.4818237,399.1818237,1042.16281728
S013,B,0.025,30,rated_payload_limited,3.9,1.46402243521,2.0144296422,2.0144296422,30,4849.536855,4849.536855,271.4818237,47.48182373,47.48182373,271.4818237,399.1818237,880.511588782
S013,C,0.025,80,rated_payload_limited,7.8,3.06868405411,4.89171403136,4.89171403136,80,4849.536855,4849.536855,271.4818237,47.48182373,47.48182373,271.4818237,399.1818237,933.672196687
S014,A,0.025,25,rated_payload_limited,4.3875,2.13779691217,2.42558723052,2.42558723052,25,5419.5363,5419.5363,464.2473877,240.9473877,240.9473877,464.2473877,591.9473877,1420.39888529
S014,B,0.025,30,rated_payload_limited,3.9,1.72186251244,2.35522053783,2.35522053783,30,5419.5363,5419.5363,464.2473877,240.9473877,240.9473877,464.2473877,591.9473877,1239.74767529
S014,C,0.025,80,rated_payload_limited,7.8,3.52159630022,5.60758666095,5.60758666095,80,5419.5363,5419.5363,464.2473877,240.9473877,240.9473877,464.2473877,591.9473877,1357.28013786
S015,A,0.025,25,rated_payload_limited,4.3875,2.30689938866,2.61934426755,2.61934426755,25,6009.764892,6009.764892,444.0992554,97.29925537,97.29925537,444.0992554,571.7992554,1398.65305656
S015,B,0.025,30,rated_payload_limited,3.9,1.85021799472,2.5445279265,2.5445279265,30,6009.764892,6009.764892,444.0992554,97.29925537,97.29925537,444.0992554,571.7992554,1198.32756016
S015,C,0.025,80,rated_payload_limited,7.8,3.84149604983,6.13326501752,6.13326501752,80,6009.764892,6009.764892,444.0992554,97.29925537,97.29925537,444.0992554,571.7992554,1288.56064529
S001,A,0.03,25,rated_payload_limited,4.365,1.16153051602,1.31271024158,1.31271024158,25,3054.023608,3054.023608,145.3566101,89.05661011,89.05661011,145.3566101,273.0566101,680.906962821
S001,B,0.03,30,rated_payload_limited,3.88,0.930225761055,1.27394097204,1.27394097204,30,3054.023608,3054.023608,145.3566101,89.05661011,89.05661011,145.3566101,273.0566101,579.106175887
S001,C,0.03,80,rated_payload_limited,7.76,1.94139247193,3.08170436114,3.08170436114,80,3054.023608,3054.023608,145.3566101,89.05661011,89.05661011,145.3566101,273.0566101,618.175045922
S002,A,0.03,25,rated_payload_limited,4.365,2.73984663737,3.09050972759,3.09050972759,25,7411.533814,7411.533814,181.2542542,89.45425415,89.45425415,181.2542542,308.9542542,1433.77520846
S002,B,0.03,30,rated_payload_limited,3.88,2.18415452088,2.99882031183,2.99882031183,30,7411.533814,7411.533814,181.2542542,89.45425415,89.45425415,181.2542542,308.9542542,1186.72408132
S002,C,0.03,80,rated_payload_limited,7.76,4.6325359292,7.34794754861,7.34794754861,80,7411.533814,7411.533814,181.2542542,89.45425415,89.45425415,181.2542542,308.9542542,1231.84216605
S003,A,0.03,25,rated_payload_limited,4.365,2.7890857722,3.15701804891,3.15701804891,25,7263.826968,7263.826968,434.1041382,223.3041382,223.3041382,434.1041382,561.8041382,1692.73723069
S003,B,0.03,30,rated_payload_limited,3.88,2.23705090717,3.06459015809,3.06459015809,30,7263.826968,7263.826968,434.1041382,223.3041382,223.3041382,434.1041382,561.8041382,1450.60966509
S003,C,0.03,80,rated_payload_limited,7.76,4.64390670284,7.38282653444,7.38282653444,80,7263.826968,7263.826968,434.1041382,223.3041382,223.3041382,434.1041382,561.8041382,1560.17771116
S004,A,0.03,25,rated_payload_limited,4.365,2.89394171155,3.26669153411,3.26669153411,25,7714.681646,7714.681646,270.5391663,169.9391663,169.9391663,270.5391663,398.2391663,1608.79771824
S004,B,0.03,30,rated_payload_limited,3.88,2.31251848078,3.16979849246,3.16979849246,30,7714.681646,7714.681646,270.5391663,169.9391663,169.9391663,270.5391663,398.2391663,1351.64166337
S004,C,0.03,80,rated_payload_limited,7.76,4.86398606465,7.71524423837,7.71524423837,80,7714.681646,7714.681646,270.5391663,169.9391663,169.9391663,270.5391663,398.2391663,1425.05471881
S005,A,0.03,25,rated_payload_limited,4.365,1.98844309239,2.24486501136,2.24486501136,25,5280.593369,5280.593369,198.7108887,131.4108887,131.4108887,198.7108887,326.4108887,1122.18819826
S005,B,0.03,30,rated_payload_limited,3.88,1.58992547929,2.1782576011,2.1782576011,30,5280.593369,5280.593369,198.7108887,131.4108887,131.4108887,198.7108887,326.4108887,946.168419293
S005,C,0.03,80,rated_payload_limited,7.76,3.33690049967,5.29264281489,5.29264281489,80,5280.593369,5280.593369,198.7108887,131.4108887,131.4108887,198.7108887,326.4108887,1001.18871553
S006,A,0.03,25,rated_payload_limited,4.365,1.22375461487,1.38968260036,1.38968260036,25,3186.198852,3186.198852,238.3978394,51.29783936,51.29783936,238.3978394,366.0978394,743.476639757
S006,B,0.03,30,rated_payload_limited,3.88,0.981585340998,1.35002263401,1.35002263401,30,3186.198852,3186.198852,238.3978394,51.29783936,51.29783936,238.3978394,366.0978394,637.270011357
S006,C,0.03,80,rated_payload_limited,7.76,2.0373511789,3.25327178824,3.25327178824,80,3186.198852,3186.198852,238.3978394,51.29783936,51.29783936,238.3978394,366.0978394,685.552624484
S007,A,0.03,25,rated_payload_limited,4.365,1.77756344482,2.01797249109,2.01797249109,25,4534.717375,4534.717375,384.273175,163.473175,163.473175,384.273175,511.973175,1157.46688583
S007,B,0.03,30,rated_payload_limited,3.88,1.43033692627,1.95981561942,1.95981561942,30,4534.717375,4534.717375,384.273175,163.473175,163.473175,384.273175,511.973175,1006.30964
S007,C,0.03,80,rated_payload_limited,7.76,2.93545326153,4.67961017039,4.67961017039,80,4534.717375,4534.717375,384.273175,163.473175,163.473175,384.273175,511.973175,1097.60069833
S008,A,0.03,25,rated_payload_limited,4.365,3.00043718224,3.38719045973,3.38719045973,25,8079.110449,8079.110449,245.2093323,102.0093323,102.0093323,245.2093323,372.9093323,1601.14542887
S008,B,0.03,30,rated_payload_limited,3.88,2.39370630456,3.28715724997,3.28715724997,30,8079.110449,8079.110449,245.2093323,102.0093323,102.0093323,245.2093323,372.9093323,1331.84174724
S008,C,0.03,77.5144193406,energy_limited,7.76,5.06358632917,8.03799840697,7.76,80,8079.110449,8079.110449,245.2093323,102.0093323,102.0093323,245.2093323,372.9093323,1389.71152467
S009,A,0.03,25,rated_payload_limited,4.365,2.11449348264,2.38688881319,2.38688881319,25,5705.303447,5705.303447,165.5289124,63.22891235,63.22891235,165.5289124,293.2289124,1118.63964598
S009,B,0.03,30,rated_payload_limited,3.88,1.68634349503,2.31641401773,2.31641401773,30,5705.303447,5705.303447,165.5289124,63.22891235,63.22891235,165.5289124,293.2289124,928.462864417
S009,C,0.03,80,rated_payload_limited,7.76,3.57145366019,5.66961266921,5.66961266921,80,5705.303447,5705.303447,165.5289124,63.22891235,63.22891235,165.5289124,293.2289124,966.589168542
S010,A,0.03,25,rated_payload_limited,4.365,1.82629300362,2.0707297629,2.0707297629,25,4784.674506,4784.674506,307.9365356,84.03653564,84.03653564,307.9365356,435.6365356,1084.89266991
S010,B,0.03,30,rated_payload_limited,3.88,1.46344502735,2.01104041223,2.01104041223,30,4784.674506,4784.674506,307.9365356,84.03653564,84.03653564,307.9365356,435.6365356,925.403519709
S010,C,0.03,80,rated_payload_limited,7.76,3.04807696181,4.85885692633,4.85885692633,80,4784.674506,4784.674506,307.9365356,84.03653564,84.03653564,307.9365356,435.6365356,990.732364916
S011,A,0.03,25,rated_payload_limited,4.365,1.07737291221,1.21959611273,1.21959611273,25,2808.106412,2808.106412,167.6617554,83.26175537,83.26175537,167.6617554,295.3617554,652.028309898
S011,B,0.03,30,rated_payload_limited,3.88,0.864023964183,1.1839226027,1.1839226027,30,2808.106412,2808.106412,167.6617554,83.26175537,83.26175537,167.6617554,295.3617554,558.424762831
S011,C,0.03,80,rated_payload_limited,7.76,1.79442515305,2.85321027055,2.85321027055,80,2808.106412,2808.106412,167.6617554,83.26175537,83.26175537,167.6617554,295.3617554,600.24534796
S012,A,0.03,25,rated_payload_limited,4.365,2.77180546523,3.13142055533,3.13142055533,25,7391.140163,7391.140163,285.6009949,133.5009949,133.5009949,285.6009949,413.3009949,1539.19815302
S012,B,0.03,30,rated_payload_limited,3.88,2.21482112408,3.039145538,3.039145538,30,7391.140163,7391.140163,285.6009949,133.5009949,133.5009949,285.6009949,413.3009949,1292.82681425
S012,C,0.03,80,rated_payload_limited,7.76,4.65923038872,7.39890429565,7.39890429565,80,7391.140163,7391.140163,285.6009949,133.5009949,133.5009949,285.6009949,413.3009949,1362.67714589
S013,A,0.03,25,rated_payload_limited,4.365,1.83030762726,2.07421509617,2.07421509617,25,4849.536855,4849.536855,271.4818237,47.48182373,47.48182373,271.4818237,399.1818237,1042.16281728
S013,B,0.03,30,rated_payload_limited,3.88,1.46402243521,2.0144296422,2.0144296422,30,4849.536855,4849.536855,271.4818237,47.48182373,47.48182373,271.4818237,399.1818237,880.511588782
S013,C,0.03,80,rated_payload_limited,7.76,3.06868405411,4.89171403136,4.89171403136,80,4849.536855,4849.536855,271.4818237,47.48182373,47.48182373,271.4818237,399.1818237,933.672196687
S014,A,0.03,25,rated_payload_limited,4.365,2.13779691217,2.42558723052,2.42558723052,25,5419.5363,5419.5363,464.2473877,240.9473877,240.9473877,464.2473877,591.9473877,1420.39888529
S014,B,0.03,30,rated_payload_limited,3.88,1.72186251244,2.35522053783,2.35522053783,30,5419.5363,5419.5363,464.2473877,240.9473877,240.9473877,464.2473877,591.9473877,1239.74767529
S014,C,0.03,80,rated_payload_limited,7.76,3.52159630022,5.60758666095,5.60758666095,80,5419.5363,5419.5363,464.2473877,240.9473877,240.9473877,464.2473877,591.9473877,1357.28013786
S015,A,0.03,25,rated_payload_limited,4.365,2.30689938866,2.61934426755,2.61934426755,25,6009.764892,6009.764892,444.0992554,97.29925537,97.29925537,444.0992554,571.7992554,1398.65305656
S015,B,0.03,30,rated_payload_limited,3.88,1.85021799472,2.5445279265,2.5445279265,30,6009.764892,6009.764892,444.0992554,97.29925537,97.29925537,444.0992554,571.7992554,1198.32756016
S015,C,0.03,80,rated_payload_limited,7.76,3.84149604983,6.13326501752,6.13326501752,80,6009.764892,6009.764892,444.0992554,97.29925537,97.29925537,444.0992554,571.7992554,1288.56064529
S001,A,0.035,25,rated_payload_limited,4.3425,1.16153051602,1.31271024158,1.31271024158,25,3054.023608,3054.023608,145.3566101,89.05661011,89.05661011,145.3566101,273.0566101,680.906962821
S001,B,0.035,30,rated_payload_limited,3.86,0.930225761055,1.27394097204,1.27394097204,30,3054.023608,3054.023608,145.3566101,89.05661011,89.05661011,145.3566101,273.0566101,579.106175887
S001,C,0.035,80,rated_payload_limited,7.72,1.94139247193,3.08170436114,3.08170436114,80,3054.023608,3054.023608,145.3566101,89.05661011,89.05661011,145.3566101,273.0566101,618.175045922
S002,A,0.035,25,rated_payload_limited,4.3425,2.73984663737,3.09050972759,3.09050972759,25,7411.533814,7411.533814,181.2542542,89.45425415,89.45425415,181.2542542,308.9542542,1433.77520846
S002,B,0.035,30,rated_payload_limited,3.86,2.18415452088,2.99882031183,2.99882031183,30,7411.533814,7411.533814,181.2542542,89.45425415,89.45425415,181.2542542,308.9542542,1186.72408132
S002,C,0.035,80,rated_payload_limited,7.72,4.6325359292,7.34794754861,7.34794754861,80,7411.533814,7411.533814,181.2542542,89.45425415,89.45425415,181.2542542,308.9542542,1231.84216605
S003,A,0.035,25,rated_payload_limited,4.3425,2.7890857722,3.15701804891,3.15701804891,25,7263.826968,7263.826968,434.1041382,223.3041382,223.3041382,434.1041382,561.8041382,1692.73723069
S003,B,0.035,30,rated_payload_limited,3.86,2.23705090717,3.06459015809,3.06459015809,30,7263.826968,7263.826968,434.1041382,223.3041382,223.3041382,434.1041382,561.8041382,1450.60966509
S003,C,0.035,80,rated_payload_limited,7.72,4.64390670284,7.38282653444,7.38282653444,80,7263.826968,7263.826968,434.1041382,223.3041382,223.3041382,434.1041382,561.8041382,1560.17771116
S004,A,0.035,25,rated_payload_limited,4.3425,2.89394171155,3.26669153411,3.26669153411,25,7714.681646,7714.681646,270.5391663,169.9391663,169.9391663,270.5391663,398.2391663,1608.79771824
S004,B,0.035,30,rated_payload_limited,3.86,2.31251848078,3.16979849246,3.16979849246,30,7714.681646,7714.681646,270.5391663,169.9391663,169.9391663,270.5391663,398.2391663,1351.64166337
S004,C,0.035,80,rated_payload_limited,7.72,4.86398606465,7.71524423837,7.71524423837,80,7714.681646,7714.681646,270.5391663,169.9391663,169.9391663,270.5391663,398.2391663,1425.05471881
S005,A,0.035,25,rated_payload_limited,4.3425,1.98844309239,2.24486501136,2.24486501136,25,5280.593369,5280.593369,198.7108887,131.4108887,131.4108887,198.7108887,326.4108887,1122.18819826
S005,B,0.035,30,rated_payload_limited,3.86,1.58992547929,2.1782576011,2.1782576011,30,5280.593369,5280.593369,198.7108887,131.4108887,131.4108887,198.7108887,326.4108887,946.168419293
S005,C,0.035,80,rated_payload_limited,7.72,3.33690049967,5.29264281489,5.29264281489,80,5280.593369,5280.593369,198.7108887,131.4108887,131.4108887,198.7108887,326.4108887,1001.18871553
S006,A,0.035,25,rated_payload_limited,4.3425,1.22375461487,1.38968260036,1.38968260036,25,3186.198852,3186.198852,238.3978394,51.29783936,51.29783936,238.3978394,366.0978394,743.476639757
S006,B,0.035,30,rated_payload_limited,3.86,0.981585340998,1.35002263401,1.35002263401,30,3186.198852,3186.198852,238.3978394,51.29783936,51.29783936,238.3978394,366.0978394,637.270011357
S006,C,0.035,80,rated_payload_limited,7.72,2.0373511789,3.25327178824,3.25327178824,80,3186.198852,3186.198852,238.3978394,51.29783936,51.29783936,238.3978394,366.0978394,685.552624484
S007,A,0.035,25,rated_payload_limited,4.3425,1.77756344482,2.01797249109,2.01797249109,25,4534.717375,4534.717375,384.273175,163.473175,163.473175,384.273175,511.973175,1157.46688583
S007,B,0.035,30,rated_payload_limited,3.86,1.43033692627,1.95981561942,1.95981561942,30,4534.717375,4534.717375,384.273175,163.473175,163.473175,384.273175,511.973175,1006.30964
S007,C,0.035,80,rated_payload_limited,7.72,2.93545326153,4.67961017039,4.67961017039,80,4534.717375,4534.717375,384.273175,163.473175,163.473175,384.273175,511.973175,1097.60069833
S008,A,0.035,25,rated_payload_limited,4.3425,3.00043718224,3.38719045973,3.38719045973,25,8079.110449,8079.110449,245.2093323,102.0093323,102.0093323,245.2093323,372.9093323,1601.14542887
S008,B,0.035,30,rated_payload_limited,3.86,2.39370630456,3.28715724997,3.28715724997,30,8079.110449,8079.110449,245.2093323,102.0093323,102.0093323,245.2093323,372.9093323,1331.84174724
S008,C,0.035,77.1312644253,energy_limited,7.72,5.06358632917,8.03799840697,7.72,80,8079.110449,8079.110449,245.2093323,102.0093323,102.0093323,245.2093323,372.9093323,1389.71152467
S009,A,0.035,25,rated_payload_limited,4.3425,2.11449348264,2.38688881319,2.38688881319,25,5705.303447,5705.303447,165.5289124,63.22891235,63.22891235,165.5289124,293.2289124,1118.63964598
S009,B,0.035,30,rated_payload_limited,3.86,1.68634349503,2.31641401773,2.31641401773,30,5705.303447,5705.303447,165.5289124,63.22891235,63.22891235,165.5289124,293.2289124,928.462864417
S009,C,0.035,80,rated_payload_limited,7.72,3.57145366019,5.66961266921,5.66961266921,80,5705.303447,5705.303447,165.5289124,63.22891235,63.22891235,165.5289124,293.2289124,966.589168542
S010,A,0.035,25,rated_payload_limited,4.3425,1.82629300362,2.0707297629,2.0707297629,25,4784.674506,4784.674506,307.9365356,84.03653564,84.03653564,307.9365356,435.6365356,1084.89266991
S010,B,0.035,30,rated_payload_limited,3.86,1.46344502735,2.01104041223,2.01104041223,30,4784.674506,4784.674506,307.9365356,84.03653564,84.03653564,307.9365356,435.6365356,925.403519709
S010,C,0.035,80,rated_payload_limited,7.72,3.04807696181,4.85885692633,4.85885692633,80,4784.674506,4784.674506,307.9365356,84.03653564,84.03653564,307.9365356,435.6365356,990.732364916
S011,A,0.035,25,rated_payload_limited,4.3425,1.07737291221,1.21959611273,1.21959611273,25,2808.106412,2808.106412,167.6617554,83.26175537,83.26175537,167.6617554,295.3617554,652.028309898
S011,B,0.035,30,rated_payload_limited,3.86,0.864023964183,1.1839226027,1.1839226027,30,2808.106412,2808.106412,167.6617554,83.26175537,83.26175537,167.6617554,295.3617554,558.424762831
S011,C,0.035,80,rated_payload_limited,7.72,1.79442515305,2.85321027055,2.85321027055,80,2808.106412,2808.106412,167.6617554,83.26175537,83.26175537,167.6617554,295.3617554,600.24534796
S012,A,0.035,25,rated_payload_limited,4.3425,2.77180546523,3.13142055533,3.13142055533,25,7391.140163,7391.140163,285.6009949,133.5009949,133.5009949,285.6009949,413.3009949,1539.19815302
S012,B,0.035,30,rated_payload_limited,3.86,2.21482112408,3.039145538,3.039145538,30,7391.140163,7391.140163,285.6009949,133.5009949,133.5009949,285.6009949,413.3009949,1292.82681425
S012,C,0.035,80,rated_payload_limited,7.72,4.65923038872,7.39890429565,7.39890429565,80,7391.140163,7391.140163,285.6009949,133.5009949,133.5009949,285.6009949,413.3009949,1362.67714589
S013,A,0.035,25,rated_payload_limited,4.3425,1.83030762726,2.07421509617,2.07421509617,25,4849.536855,4849.536855,271.4818237,47.48182373,47.48182373,271.4818237,399.1818237,1042.16281728
S013,B,0.035,30,rated_payload_limited,3.86,1.46402243521,2.0144296422,2.0144296422,30,4849.536855,4849.536855,271.4818237,47.48182373,47.48182373,271.4818237,399.1818237,880.511588782
S013,C,0.035,80,rated_payload_limited,7.72,3.06868405411,4.89171403136,4.89171403136,80,4849.536855,4849.536855,271.4818237,47.48182373,47.48182373,271.4818237,399.1818237,933.672196687
S014,A,0.035,25,rated_payload_limited,4.3425,2.13779691217,2.42558723052,2.42558723052,25,5419.5363,5419.5363,464.2473877,240.9473877,240.9473877,464.2473877,591.9473877,1420.39888529
S014,B,0.035,30,rated_payload_limited,3.86,1.72186251244,2.35522053783,2.35522053783,30,5419.5363,5419.5363,464.2473877,240.9473877,240.9473877,464.2473877,591.9473877,1239.74767529
S014,C,0.035,80,rated_payload_limited,7.72,3.52159630022,5.60758666095,5.60758666095,80,5419.5363,5419.5363,464.2473877,240.9473877,240.9473877,464.2473877,591.9473877,1357.28013786
S015,A,0.035,25,rated_payload_limited,4.3425,2.30689938866,2.61934426755,2.61934426755,25,6009.764892,6009.764892,444.0992554,97.29925537,97.29925537,444.0992554,571.7992554,1398.65305656
S015,B,0.035,30,rated_payload_limited,3.86,1.85021799472,2.5445279265,2.5445279265,30,6009.764892,6009.764892,444.0992554,97.29925537,97.29925537,444.0992554,571.7992554,1198.32756016
S015,C,0.035,80,rated_payload_limited,7.72,3.84149604983,6.13326501752,6.13326501752,80,6009.764892,6009.764892,444.0992554,97.29925537,97.29925537,444.0992554,571.7992554,1288.56064529
S001,A,0.04,25,rated_payload_limited,4.32,1.16153051602,1.31271024158,1.31271024158,25,3054.023608,3054.023608,145.3566101,89.05661011,89.05661011,145.3566101,273.0566101,680.906962821
S001,B,0.04,30,rated_payload_limited,3.84,0.930225761055,1.27394097204,1.27394097204,30,3054.023608,3054.023608,145.3566101,89.05661011,89.05661011,145.3566101,273.0566101,579.106175887
S001,C,0.04,80,rated_payload_limited,7.68,1.94139247193,3.08170436114,3.08170436114,80,3054.023608,3054.023608,145.3566101,89.05661011,89.05661011,145.3566101,273.0566101,618.175045922
S002,A,0.04,25,rated_payload_limited,4.32,2.73984663737,3.09050972759,3.09050972759,25,7411.533814,7411.533814,181.2542542,89.45425415,89.45425415,181.2542542,308.9542542,1433.77520846
S002,B,0.04,30,rated_payload_limited,3.84,2.18415452088,2.99882031183,2.99882031183,30,7411.533814,7411.533814,181.2542542,89.45425415,89.45425415,181.2542542,308.9542542,1186.72408132
S002,C,0.04,80,rated_payload_limited,7.68,4.6325359292,7.34794754861,7.34794754861,80,7411.533814,7411.533814,181.2542542,89.45425415,89.45425415,181.2542542,308.9542542,1231.84216605
S003,A,0.04,25,rated_payload_limited,4.32,2.7890857722,3.15701804891,3.15701804891,25,7263.826968,7263.826968,434.1041382,223.3041382,223.3041382,434.1041382,561.8041382,1692.73723069
S003,B,0.04,30,rated_payload_limited,3.84,2.23705090717,3.06459015809,3.06459015809,30,7263.826968,7263.826968,434.1041382,223.3041382,223.3041382,434.1041382,561.8041382,1450.60966509
S003,C,0.04,80,rated_payload_limited,7.68,4.64390670284,7.38282653444,7.38282653444,80,7263.826968,7263.826968,434.1041382,223.3041382,223.3041382,434.1041382,561.8041382,1560.17771116
S004,A,0.04,25,rated_payload_limited,4.32,2.89394171155,3.26669153411,3.26669153411,25,7714.681646,7714.681646,270.5391663,169.9391663,169.9391663,270.5391663,398.2391663,1608.79771824
S004,B,0.04,30,rated_payload_limited,3.84,2.31251848078,3.16979849246,3.16979849246,30,7714.681646,7714.681646,270.5391663,169.9391663,169.9391663,270.5391663,398.2391663,1351.64166337
S004,C,0.04,79.6871518678,energy_limited,7.68,4.86398606465,7.71524423837,7.68,80,7714.681646,7714.681646,270.5391663,169.9391663,169.9391663,270.5391663,398.2391663,1425.05471881
S005,A,0.04,25,rated_payload_limited,4.32,1.98844309239,2.24486501136,2.24486501136,25,5280.593369,5280.593369,198.7108887,131.4108887,131.4108887,198.7108887,326.4108887,1122.18819826
S005,B,0.04,30,rated_payload_limited,3.84,1.58992547929,2.1782576011,2.1782576011,30,5280.593369,5280.593369,198.7108887,131.4108887,131.4108887,198.7108887,326.4108887,946.168419293
S005,C,0.04,80,rated_payload_limited,7.68,3.33690049967,5.29264281489,5.29264281489,80,5280.593369,5280.593369,198.7108887,131.4108887,131.4108887,198.7108887,326.4108887,1001.18871553
S006,A,0.04,25,rated_payload_limited,4.32,1.22375461487,1.38968260036,1.38968260036,25,3186.198852,3186.198852,238.3978394,51.29783936,51.29783936,238.3978394,366.0978394,743.476639757
S006,B,0.04,30,rated_payload_limited,3.84,0.981585340998,1.35002263401,1.35002263401,30,3186.198852,3186.198852,238.3978394,51.29783936,51.29783936,238.3978394,366.0978394,637.270011357
S006,C,0.04,80,rated_payload_limited,7.68,2.0373511789,3.25327178824,3.25327178824,80,3186.198852,3186.198852,238.3978394,51.29783936,51.29783936,238.3978394,366.0978394,685.552624484
S007,A,0.04,25,rated_payload_limited,4.32,1.77756344482,2.01797249109,2.01797249109,25,4534.717375,4534.717375,384.273175,163.473175,163.473175,384.273175,511.973175,1157.46688583
S007,B,0.04,30,rated_payload_limited,3.84,1.43033692627,1.95981561942,1.95981561942,30,4534.717375,4534.717375,384.273175,163.473175,163.473175,384.273175,511.973175,1006.30964
S007,C,0.04,80,rated_payload_limited,7.68,2.93545326153,4.67961017039,4.67961017039,80,4534.717375,4534.717375,384.273175,163.473175,163.473175,384.273175,511.973175,1097.60069833
S008,A,0.04,25,rated_payload_limited,4.32,3.00043718224,3.38719045973,3.38719045973,25,8079.110449,8079.110449,245.2093323,102.0093323,102.0093323,245.2093323,372.9093323,1601.14542887
S008,B,0.04,30,rated_payload_limited,3.84,2.39370630456,3.28715724997,3.28715724997,30,8079.110449,8079.110449,245.2093323,102.0093323,102.0093323,245.2093323,372.9093323,1331.84174724
S008,C,0.04,76.7411583345,energy_limited,7.68,5.06358632917,8.03799840697,7.68,80,8079.110449,8079.110449,245.2093323,102.0093323,102.0093323,245.2093323,372.9093323,1389.71152467
S009,A,0.04,25,rated_payload_limited,4.32,2.11449348264,2.38688881319,2.38688881319,25,5705.303447,5705.303447,165.5289124,63.22891235,63.22891235,165.5289124,293.2289124,1118.63964598
S009,B,0.04,30,rated_payload_limited,3.84,1.68634349503,2.31641401773,2.31641401773,30,5705.303447,5705.303447,165.5289124,63.22891235,63.22891235,165.5289124,293.2289124,928.462864417
S009,C,0.04,80,rated_payload_limited,7.68,3.57145366019,5.66961266921,5.66961266921,80,5705.303447,5705.303447,165.5289124,63.22891235,63.22891235,165.5289124,293.2289124,966.589168542
S010,A,0.04,25,rated_payload_limited,4.32,1.82629300362,2.0707297629,2.0707297629,25,4784.674506,4784.674506,307.9365356,84.03653564,84.03653564,307.9365356,435.6365356,1084.89266991
S010,B,0.04,30,rated_payload_limited,3.84,1.46344502735,2.01104041223,2.01104041223,30,4784.674506,4784.674506,307.9365356,84.03653564,84.03653564,307.9365356,435.6365356,925.403519709
S010,C,0.04,80,rated_payload_limited,7.68,3.04807696181,4.85885692633,4.85885692633,80,4784.674506,4784.674506,307.9365356,84.03653564,84.03653564,307.9365356,435.6365356,990.732364916
S011,A,0.04,25,rated_payload_limited,4.32,1.07737291221,1.21959611273,1.21959611273,25,2808.106412,2808.106412,167.6617554,83.26175537,83.26175537,167.6617554,295.3617554,652.028309898
S011,B,0.04,30,rated_payload_limited,3.84,0.864023964183,1.1839226027,1.1839226027,30,2808.106412,2808.106412,167.6617554,83.26175537,83.26175537,167.6617554,295.3617554,558.424762831
S011,C,0.04,80,rated_payload_limited,7.68,1.79442515305,2.85321027055,2.85321027055,80,2808.106412,2808.106412,167.6617554,83.26175537,83.26175537,167.6617554,295.3617554,600.24534796
S012,A,0.04,25,rated_payload_limited,4.32,2.77180546523,3.13142055533,3.13142055533,25,7391.140163,7391.140163,285.6009949,133.5009949,133.5009949,285.6009949,413.3009949,1539.19815302
S012,B,0.04,30,rated_payload_limited,3.84,2.21482112408,3.039145538,3.039145538,30,7391.140163,7391.140163,285.6009949,133.5009949,133.5009949,285.6009949,413.3009949,1292.82681425
S012,C,0.04,80,rated_payload_limited,7.68,4.65923038872,7.39890429565,7.39890429565,80,7391.140163,7391.140163,285.6009949,133.5009949,133.5009949,285.6009949,413.3009949,1362.67714589
S013,A,0.04,25,rated_payload_limited,4.32,1.83030762726,2.07421509617,2.07421509617,25,4849.536855,4849.536855,271.4818237,47.48182373,47.48182373,271.4818237,399.1818237,1042.16281728
S013,B,0.04,30,rated_payload_limited,3.84,1.46402243521,2.0144296422,2.0144296422,30,4849.536855,4849.536855,271.4818237,47.48182373,47.48182373,271.4818237,399.1818237,880.511588782
S013,C,0.04,80,rated_payload_limited,7.68,3.06868405411,4.89171403136,4.89171403136,80,4849.536855,4849.536855,271.4818237,47.48182373,47.48182373,271.4818237,399.1818237,933.672196687
S014,A,0.04,25,rated_payload_limited,4.32,2.13779691217,2.42558723052,2.42558723052,25,5419.5363,5419.5363,464.2473877,240.9473877,240.9473877,464.2473877,591.9473877,1420.39888529
S014,B,0.04,30,rated_payload_limited,3.84,1.72186251244,2.35522053783,2.35522053783,30,5419.5363,5419.5363,464.2473877,240.9473877,240.9473877,464.2473877,591.9473877,1239.74767529
S014,C,0.04,80,rated_payload_limited,7.68,3.52159630022,5.60758666095,5.60758666095,80,5419.5363,5419.5363,464.2473877,240.9473877,240.9473877,464.2473877,591.9473877,1357.28013786
S015,A,0.04,25,rated_payload_limited,4.32,2.30689938866,2.61934426755,2.61934426755,25,6009.764892,6009.764892,444.0992554,97.29925537,97.29925537,444.0992554,571.7992554,1398.65305656
S015,B,0.04,30,rated_payload_limited,3.84,1.85021799472,2.5445279265,2.5445279265,30,6009.764892,6009.764892,444.0992554,97.29925537,97.29925537,444.0992554,571.7992554,1198.32756016
S015,C,0.04,80,rated_payload_limited,7.68,3.84149604983,6.13326501752,6.13326501752,80,6009.764892,6009.764892,444.0992554,97.29925537,97.29925537,444.0992554,571.7992554,1288.56064529
S001,A,0.045,25,rated_payload_limited,4.2975,1.16153051602,1.31271024158,1.31271024158,25,3054.023608,3054.023608,145.3566101,89.05661011,89.05661011,145.3566101,273.0566101,680.906962821
S001,B,0.045,30,rated_payload_limited,3.82,0.930225761055,1.27394097204,1.27394097204,30,3054.023608,3054.023608,145.3566101,89.05661011,89.05661011,145.3566101,273.0566101,579.106175887
S001,C,0.045,80,rated_payload_limited,7.64,1.94139247193,3.08170436114,3.08170436114,80,3054.023608,3054.023608,145.3566101,89.05661011,89.05661011,145.3566101,273.0566101,618.175045922
S002,A,0.045,25,rated_payload_limited,4.2975,2.73984663737,3.09050972759,3.09050972759,25,7411.533814,7411.533814,181.2542542,89.45425415,89.45425415,181.2542542,308.9542542,1433.77520846
S002,B,0.045,30,rated_payload_limited,3.82,2.18415452088,2.99882031183,2.99882031183,30,7411.533814,7411.533814,181.2542542,89.45425415,89.45425415,181.2542542,308.9542542,1186.72408132
S002,C,0.045,80,rated_payload_limited,7.64,4.6325359292,7.34794754861,7.34794754861,80,7411.533814,7411.533814,181.2542542,89.45425415,89.45425415,181.2542542,308.9542542,1231.84216605
S003,A,0.045,25,rated_payload_limited,4.2975,2.7890857722,3.15701804891,3.15701804891,25,7263.826968,7263.826968,434.1041382,223.3041382,223.3041382,434.1041382,561.8041382,1692.73723069
S003,B,0.045,30,rated_payload_limited,3.82,2.23705090717,3.06459015809,3.06459015809,30,7263.826968,7263.826968,434.1041382,223.3041382,223.3041382,434.1041382,561.8041382,1450.60966509
S003,C,0.045,80,rated_payload_limited,7.64,4.64390670284,7.38282653444,7.38282653444,80,7263.826968,7263.826968,434.1041382,223.3041382,223.3041382,434.1041382,561.8041382,1560.17771116
S004,A,0.045,25,rated_payload_limited,4.2975,2.89394171155,3.26669153411,3.26669153411,25,7714.681646,7714.681646,270.5391663,169.9391663,169.9391663,270.5391663,398.2391663,1608.79771824
S004,B,0.045,30,rated_payload_limited,3.82,2.31251848078,3.16979849246,3.16979849246,30,7714.681646,7714.681646,270.5391663,169.9391663,169.9391663,270.5391663,398.2391663,1351.64166337
S004,C,0.045,79.3261588657,energy_limited,7.64,4.86398606465,7.71524423837,7.64,80,7714.681646,7714.681646,270.5391663,169.9391663,169.9391663,270.5391663,398.2391663,1425.05471881
S005,A,0.045,25,rated_payload_limited,4.2975,1.98844309239,2.24486501136,2.24486501136,25,5280.593369,5280.593369,198.7108887,131.4108887,131.4108887,198.7108887,326.4108887,1122.18819826
S005,B,0.045,30,rated_payload_limited,3.82,1.58992547929,2.1782576011,2.1782576011,30,5280.593369,5280.593369,198.7108887,131.4108887,131.4108887,198.7108887,326.4108887,946.168419293
S005,C,0.045,80,rated_payload_limited,7.64,3.33690049967,5.29264281489,5.29264281489,80,5280.593369,5280.593369,198.7108887,131.4108887,131.4108887,198.7108887,326.4108887,1001.18871553
S006,A,0.045,25,rated_payload_limited,4.2975,1.22375461487,1.38968260036,1.38968260036,25,3186.198852,3186.198852,238.3978394,51.29783936,51.29783936,238.3978394,366.0978394,743.476639757
S006,B,0.045,30,rated_payload_limited,3.82,0.981585340998,1.35002263401,1.35002263401,30,3186.198852,3186.198852,238.3978394,51.29783936,51.29783936,238.3978394,366.0978394,637.270011357
S006,C,0.045,80,rated_payload_limited,7.64,2.0373511789,3.25327178824,3.25327178824,80,3186.198852,3186.198852,238.3978394,51.29783936,51.29783936,238.3978394,366.0978394,685.552624484
S007,A,0.045,25,rated_payload_limited,4.2975,1.77756344482,2.01797249109,2.01797249109,25,4534.717375,4534.717375,384.273175,163.473175,163.473175,384.273175,511.973175,1157.46688583
S007,B,0.045,30,rated_payload_limited,3.82,1.43033692627,1.95981561942,1.95981561942,30,4534.717375,4534.717375,384.273175,163.473175,163.473175,384.273175,511.973175,1006.30964
S007,C,0.045,80,rated_payload_limited,7.64,2.93545326153,4.67961017039,4.67961017039,80,4534.717375,4534.717375,384.273175,163.473175,163.473175,384.273175,511.973175,1097.60069833
S008,A,0.045,25,rated_payload_limited,4.2975,3.00043718224,3.38719045973,3.38719045973,25,8079.110449,8079.110449,245.2093323,102.0093323,102.0093323,245.2093323,372.9093323,1601.14542887
S008,B,0.045,30,rated_payload_limited,3.82,2.39370630456,3.28715724997,3.28715724997,30,8079.110449,8079.110449,245.2093323,102.0093323,102.0093323,245.2093323,372.9093323,1331.84174724
S008,C,0.045,76.3439055818,energy_limited,7.64,5.06358632917,8.03799840697,7.64,80,8079.110449,8079.110449,245.2093323,102.0093323,102.0093323,245.2093323,372.9093323,1389.71152467
S009,A,0.045,25,rated_payload_limited,4.2975,2.11449348264,2.38688881319,2.38688881319,25,5705.303447,5705.303447,165.5289124,63.22891235,63.22891235,165.5289124,293.2289124,1118.63964598
S009,B,0.045,30,rated_payload_limited,3.82,1.68634349503,2.31641401773,2.31641401773,30,5705.303447,5705.303447,165.5289124,63.22891235,63.22891235,165.5289124,293.2289124,928.462864417
S009,C,0.045,80,rated_payload_limited,7.64,3.57145366019,5.66961266921,5.66961266921,80,5705.303447,5705.303447,165.5289124,63.22891235,63.22891235,165.5289124,293.2289124,966.589168542
S010,A,0.045,25,rated_payload_limited,4.2975,1.82629300362,2.0707297629,2.0707297629,25,4784.674506,4784.674506,307.9365356,84.03653564,84.03653564,307.9365356,435.6365356,1084.89266991
S010,B,0.045,30,rated_payload_limited,3.82,1.46344502735,2.01104041223,2.01104041223,30,4784.674506,4784.674506,307.9365356,84.03653564,84.03653564,307.9365356,435.6365356,925.403519709
S010,C,0.045,80,rated_payload_limited,7.64,3.04807696181,4.85885692633,4.85885692633,80,4784.674506,4784.674506,307.9365356,84.03653564,84.03653564,307.9365356,435.6365356,990.732364916
S011,A,0.045,25,rated_payload_limited,4.2975,1.07737291221,1.21959611273,1.21959611273,25,2808.106412,2808.106412,167.6617554,83.26175537,83.26175537,167.6617554,295.3617554,652.028309898
S011,B,0.045,30,rated_payload_limited,3.82,0.864023964183,1.1839226027,1.1839226027,30,2808.106412,2808.106412,167.6617554,83.26175537,83.26175537,167.6617554,295.3617554,558.424762831
S011,C,0.045,80,rated_payload_limited,7.64,1.79442515305,2.85321027055,2.85321027055,80,2808.106412,2808.106412,167.6617554,83.26175537,83.26175537,167.6617554,295.3617554,600.24534796
S012,A,0.045,25,rated_payload_limited,4.2975,2.77180546523,3.13142055533,3.13142055533,25,7391.140163,7391.140163,285.6009949,133.5009949,133.5009949,285.6009949,413.3009949,1539.19815302
S012,B,0.045,30,rated_payload_limited,3.82,2.21482112408,3.039145538,3.039145538,30,7391.140163,7391.140163,285.6009949,133.5009949,133.5009949,285.6009949,413.3009949,1292.82681425
S012,C,0.045,80,rated_payload_limited,7.64,4.65923038872,7.39890429565,7.39890429565,80,7391.140163,7391.140163,285.6009949,133.5009949,133.5009949,285.6009949,413.3009949,1362.67714589
S013,A,0.045,25,rated_payload_limited,4.2975,1.83030762726,2.07421509617,2.07421509617,25,4849.536855,4849.536855,271.4818237,47.48182373,47.48182373,271.4818237,399.1818237,1042.16281728
S013,B,0.045,30,rated_payload_limited,3.82,1.46402243521,2.0144296422,2.0144296422,30,4849.536855,4849.536855,271.4818237,47.48182373,47.48182373,271.4818237,399.1818237,880.511588782
S013,C,0.045,80,rated_payload_limited,7.64,3.06868405411,4.89171403136,4.89171403136,80,4849.536855,4849.536855,271.4818237,47.48182373,47.48182373,271.4818237,399.1818237,933.672196687
S014,A,0.045,25,rated_payload_limited,4.2975,2.13779691217,2.42558723052,2.42558723052,25,5419.5363,5419.5363,464.2473877,240.9473877,240.9473877,464.2473877,591.9473877,1420.39888529
S014,B,0.045,30,rated_payload_limited,3.82,1.72186251244,2.35522053783,2.35522053783,30,5419.5363,5419.5363,464.2473877,240.9473877,240.9473877,464.2473877,591.9473877,1239.74767529
S014,C,0.045,80,rated_payload_limited,7.64,3.52159630022,5.60758666095,5.60758666095,80,5419.5363,5419.5363,464.2473877,240.9473877,240.9473877,464.2473877,591.9473877,1357.28013786
S015,A,0.045,25,rated_payload_limited,4.2975,2.30689938866,2.61934426755,2.61934426755,25,6009.764892,6009.764892,444.0992554,97.29925537,97.29925537,444.0992554,571.7992554,1398.65305656
S015,B,0.045,30,rated_payload_limited,3.82,1.85021799472,2.5445279265,2.5445279265,30,6009.764892,6009.764892,444.0992554,97.29925537,97.29925537,444.0992554,571.7992554,1198.32756016
S015,C,0.045,80,rated_payload_limited,7.64,3.84149604983,6.13326501752,6.13326501752,80,6009.764892,6009.764892,444.0992554,97.29925537,97.29925537,444.0992554,571.7992554,1288.56064529
S001,A,0.05,25,rated_payload_limited,4.275,1.16153051602,1.31271024158,1.31271024158,25,3054.023608,3054.023608,145.3566101,89.05661011,89.05661011,145.3566101,273.0566101,680.906962821
S001,B,0.05,30,rated_payload_limited,3.8,0.930225761055,1.27394097204,1.27394097204,30,3054.023608,3054.023608,145.3566101,89.05661011,89.05661011,145.3566101,273.0566101,579.106175887
S001,C,0.05,80,rated_payload_limited,7.6,1.94139247193,3.08170436114,3.08170436114,80,3054.023608,3054.023608,145.3566101,89.05661011,89.05661011,145.3566101,273.0566101,618.175045922
S002,A,0.05,25,rated_payload_limited,4.275,2.73984663737,3.09050972759,3.09050972759,25,7411.533814,7411.533814,181.2542542,89.45425415,89.45425415,181.2542542,308.9542542,1433.77520846
S002,B,0.05,30,rated_payload_limited,3.8,2.18415452088,2.99882031183,2.99882031183,30,7411.533814,7411.533814,181.2542542,89.45425415,89.45425415,181.2542542,308.9542542,1186.72408132
S002,C,0.05,80,rated_payload_limited,7.6,4.6325359292,7.34794754861,7.34794754861,80,7411.533814,7411.533814,181.2542542,89.45425415,89.45425415,181.2542542,308.9542542,1231.84216605
S003,A,0.05,25,rated_payload_limited,4.275,2.7890857722,3.15701804891,3.15701804891,25,7263.826968,7263.826968,434.1041382,223.3041382,223.3041382,434.1041382,561.8041382,1692.73723069
S003,B,0.05,30,rated_payload_limited,3.8,2.23705090717,3.06459015809,3.06459015809,30,7263.826968,7263.826968,434.1041382,223.3041382,223.3041382,434.1041382,561.8041382,1450.60966509
S003,C,0.05,80,rated_payload_limited,7.6,4.64390670284,7.38282653444,7.38282653444,80,7263.826968,7263.826968,434.1041382,223.3041382,223.3041382,434.1041382,561.8041382,1560.17771116
S004,A,0.05,25,rated_payload_limited,4.275,2.89394171155,3.26669153411,3.26669153411,25,7714.681646,7714.681646,270.5391663,169.9391663,169.9391663,270.5391663,398.2391663,1608.79771824
S004,B,0.05,30,rated_payload_limited,3.8,2.31251848078,3.16979849246,3.16979849246,30,7714.681646,7714.681646,270.5391663,169.9391663,169.9391663,270.5391663,398.2391663,1351.64166337
S004,C,0.05,78.9586953557,energy_limited,7.6,4.86398606465,7.71524423837,7.6,80,7714.681646,7714.681646,270.5391663,169.9391663,169.9391663,270.5391663,398.2391663,1425.05471881
S005,A,0.05,25,rated_payload_limited,4.275,1.98844309239,2.24486501136,2.24486501136,25,5280.593369,5280.593369,198.7108887,131.4108887,131.4108887,198.7108887,326.4108887,1122.18819826
S005,B,0.05,30,rated_payload_limited,3.8,1.58992547929,2.1782576011,2.1782576011,30,5280.593369,5280.593369,198.7108887,131.4108887,131.4108887,198.7108887,326.4108887,946.168419293
S005,C,0.05,80,rated_payload_limited,7.6,3.33690049967,5.29264281489,5.29264281489,80,5280.593369,5280.593369,198.7108887,131.4108887,131.4108887,198.7108887,326.4108887,1001.18871553
S006,A,0.05,25,rated_payload_limited,4.275,1.22375461487,1.38968260036,1.38968260036,25,3186.198852,3186.198852,238.3978394,51.29783936,51.29783936,238.3978394,366.0978394,743.476639757
S006,B,0.05,30,rated_payload_limited,3.8,0.981585340998,1.35002263401,1.35002263401,30,3186.198852,3186.198852,238.3978394,51.29783936,51.29783936,238.3978394,366.0978394,637.270011357
S006,C,0.05,80,rated_payload_limited,7.6,2.0373511789,3.25327178824,3.25327178824,80,3186.198852,3186.198852,238.3978394,51.29783936,51.29783936,238.3978394,366.0978394,685.552624484
S007,A,0.05,25,rated_payload_limited,4.275,1.77756344482,2.01797249109,2.01797249109,25,4534.717375,4534.717375,384.273175,163.473175,163.473175,384.273175,511.973175,1157.46688583
S007,B,0.05,30,rated_payload_limited,3.8,1.43033692627,1.95981561942,1.95981561942,30,4534.717375,4534.717375,384.273175,163.473175,163.473175,384.273175,511.973175,1006.30964
S007,C,0.05,80,rated_payload_limited,7.6,2.93545326153,4.67961017039,4.67961017039,80,4534.717375,4534.717375,384.273175,163.473175,163.473175,384.273175,511.973175,1097.60069833
S008,A,0.05,25,rated_payload_limited,4.275,3.00043718224,3.38719045973,3.38719045973,25,8079.110449,8079.110449,245.2093323,102.0093323,102.0093323,245.2093323,372.9093323,1601.14542887
S008,B,0.05,30,rated_payload_limited,3.8,2.39370630456,3.28715724997,3.28715724997,30,8079.110449,8079.110449,245.2093323,102.0093323,102.0093323,245.2093323,372.9093323,1331.84174724
S008,C,0.05,75.9393030466,energy_limited,7.6,5.06358632917,8.03799840697,7.6,80,8079.110449,8079.110449,245.2093323,102.0093323,102.0093323,245.2093323,372.9093323,1389.71152467
S009,A,0.05,25,rated_payload_limited,4.275,2.11449348264,2.38688881319,2.38688881319,25,5705.303447,5705.303447,165.5289124,63.22891235,63.22891235,165.5289124,293.2289124,1118.63964598
S009,B,0.05,30,rated_payload_limited,3.8,1.68634349503,2.31641401773,2.31641401773,30,5705.303447,5705.303447,165.5289124,63.22891235,63.22891235,165.5289124,293.2289124,928.462864417
S009,C,0.05,80,rated_payload_limited,7.6,3.57145366019,5.66961266921,5.66961266921,80,5705.303447,5705.303447,165.5289124,63.22891235,63.22891235,165.5289124,293.2289124,966.589168542
S010,A,0.05,25,rated_payload_limited,4.275,1.82629300362,2.0707297629,2.0707297629,25,4784.674506,4784.674506,307.9365356,84.03653564,84.03653564,307.9365356,435.6365356,1084.89266991
S010,B,0.05,30,rated_payload_limited,3.8,1.46344502735,2.01104041223,2.01104041223,30,4784.674506,4784.674506,307.9365356,84.03653564,84.03653564,307.9365356,435.6365356,925.403519709
S010,C,0.05,80,rated_payload_limited,7.6,3.04807696181,4.85885692633,4.85885692633,80,4784.674506,4784.674506,307.9365356,84.03653564,84.03653564,307.9365356,435.6365356,990.732364916
S011,A,0.05,25,rated_payload_limited,4.275,1.07737291221,1.21959611273,1.21959611273,25,2808.106412,2808.106412,167.6617554,83.26175537,83.26175537,167.6617554,295.3617554,652.028309898
S011,B,0.05,30,rated_payload_limited,3.8,0.864023964183,1.1839226027,1.1839226027,30,2808.106412,2808.106412,167.6617554,83.26175537,83.26175537,167.6617554,295.3617554,558.424762831
S011,C,0.05,80,rated_payload_limited,7.6,1.79442515305,2.85321027055,2.85321027055,80,2808.106412,2808.106412,167.6617554,83.26175537,83.26175537,167.6617554,295.3617554,600.24534796
S012,A,0.05,25,rated_payload_limited,4.275,2.77180546523,3.13142055533,3.13142055533,25,7391.140163,7391.140163,285.6009949,133.5009949,133.5009949,285.6009949,413.3009949,1539.19815302
S012,B,0.05,30,rated_payload_limited,3.8,2.21482112408,3.039145538,3.039145538,30,7391.140163,7391.140163,285.6009949,133.5009949,133.5009949,285.6009949,413.3009949,1292.82681425
S012,C,0.05,80,rated_payload_limited,7.6,4.65923038872,7.39890429565,7.39890429565,80,7391.140163,7391.140163,285.6009949,133.5009949,133.5009949,285.6009949,413.3009949,1362.67714589
S013,A,0.05,25,rated_payload_limited,4.275,1.83030762726,2.07421509617,2.07421509617,25,4849.536855,4849.536855,271.4818237,47.48182373,47.48182373,271.4818237,399.1818237,1042.16281728
S013,B,0.05,30,rated_payload_limited,3.8,1.46402243521,2.0144296422,2.0144296422,30,4849.536855,4849.536855,271.4818237,47.48182373,47.48182373,271.4818237,399.1818237,880.511588782
S013,C,0.05,80,rated_payload_limited,7.6,3.06868405411,4.89171403136,4.89171403136,80,4849.536855,4849.536855,271.4818237,47.48182373,47.48182373,271.4818237,399.1818237,933.672196687
S014,A,0.05,25,rated_payload_limited,4.275,2.13779691217,2.42558723052,2.42558723052,25,5419.5363,5419.5363,464.2473877,240.9473877,240.9473877,464.2473877,591.9473877,1420.39888529
S014,B,0.05,30,rated_payload_limited,3.8,1.72186251244,2.35522053783,2.35522053783,30,5419.5363,5419.5363,464.2473877,240.9473877,240.9473877,464.2473877,591.9473877,1239.74767529
S014,C,0.05,80,rated_payload_limited,7.6,3.52159630022,5.60758666095,5.60758666095,80,5419.5363,5419.5363,464.2473877,240.9473877,240.9473877,464.2473877,591.9473877,1357.28013786
S015,A,0.05,25,rated_payload_limited,4.275,2.30689938866,2.61934426755,2.61934426755,25,6009.764892,6009.764892,444.0992554,97.29925537,97.29925537,444.0992554,571.7992554,1398.65305656
S015,B,0.05,30,rated_payload_limited,3.8,1.85021799472,2.5445279265,2.5445279265,30,6009.764892,6009.764892,444.0992554,97.29925537,97.29925537,444.0992554,571.7992554,1198.32756016
S015,C,0.05,80,rated_payload_limited,7.6,3.84149604983,6.13326501752,6.13326501752,80,6009.764892,6009.764892,444.0992554,97.29925537,97.29925537,444.0992554,571.7992554,1288.56064529
S001,A,0.055,25,rated_payload_limited,4.2525,1.16153051602,1.31271024158,1.31271024158,25,3054.023608,3054.023608,145.3566101,89.05661011,89.05661011,145.3566101,273.0566101,680.906962821
S001,B,0.055,30,rated_payload_limited,3.78,0.930225761055,1.27394097204,1.27394097204,30,3054.023608,3054.023608,145.3566101,89.05661011,89.05661011,145.3566101,273.0566101,579.106175887
S001,C,0.055,80,rated_payload_limited,7.56,1.94139247193,3.08170436114,3.08170436114,80,3054.023608,3054.023608,145.3566101,89.05661011,89.05661011,145.3566101,273.0566101,618.175045922
S002,A,0.055,25,rated_payload_limited,4.2525,2.73984663737,3.09050972759,3.09050972759,25,7411.533814,7411.533814,181.2542542,89.45425415,89.45425415,181.2542542,308.9542542,1433.77520846
S002,B,0.055,30,rated_payload_limited,3.78,2.18415452088,2.99882031183,2.99882031183,30,7411.533814,7411.533814,181.2542542,89.45425415,89.45425415,181.2542542,308.9542542,1186.72408132
S002,C,0.055,80,rated_payload_limited,7.56,4.6325359292,7.34794754861,7.34794754861,80,7411.533814,7411.533814,181.2542542,89.45425415,89.45425415,181.2542542,308.9542542,1231.84216605
S003,A,0.055,25,rated_payload_limited,4.2525,2.7890857722,3.15701804891,3.15701804891,25,7263.826968,7263.826968,434.1041382,223.3041382,223.3041382,434.1041382,561.8041382,1692.73723069
S003,B,0.055,30,rated_payload_limited,3.78,2.23705090717,3.06459015809,3.06459015809,30,7263.826968,7263.826968,434.1041382,223.3041382,223.3041382,434.1041382,561.8041382,1450.60966509
S003,C,0.055,80,rated_payload_limited,7.56,4.64390670284,7.38282653444,7.38282653444,80,7263.826968,7263.826968,434.1041382,223.3041382,223.3041382,434.1041382,561.8041382,1560.17771116
S004,A,0.055,25,rated_payload_limited,4.2525,2.89394171155,3.26669153411,3.26669153411,25,7714.681646,7714.681646,270.5391663,169.9391663,169.9391663,270.5391663,398.2391663,1608.79771824
S004,B,0.055,30,rated_payload_limited,3.78,2.31251848078,3.16979849246,3.16979849246,30,7714.681646,7714.681646,270.5391663,169.9391663,169.9391663,270.5391663,398.2391663,1351.64166337
S004,C,0.055,78.5845824693,energy_limited,7.56,4.86398606465,7.71524423837,7.56,80,7714.681646,7714.681646,270.5391663,169.9391663,169.9391663,270.5391663,398.2391663,1425.05471881
S005,A,0.055,25,rated_payload_limited,4.2525,1.98844309239,2.24486501136,2.24486501136,25,5280.593369,5280.593369,198.7108887,131.4108887,131.4108887,198.7108887,326.4108887,1122.18819826
S005,B,0.055,30,rated_payload_limited,3.78,1.58992547929,2.1782576011,2.1782576011,30,5280.593369,5280.593369,198.7108887,131.4108887,131.4108887,198.7108887,326.4108887,946.168419293
S005,C,0.055,80,rated_payload_limited,7.56,3.33690049967,5.29264281489,5.29264281489,80,5280.593369,5280.593369,198.7108887,131.4108887,131.4108887,198.7108887,326.4108887,1001.18871553
S006,A,0.055,25,rated_payload_limited,4.2525,1.22375461487,1.38968260036,1.38968260036,25,3186.198852,3186.198852,238.3978394,51.29783936,51.29783936,238.3978394,366.0978394,743.476639757
S006,B,0.055,30,rated_payload_limited,3.78,0.981585340998,1.35002263401,1.35002263401,30,3186.198852,3186.198852,238.3978394,51.29783936,51.29783936,238.3978394,366.0978394,637.270011357
S006,C,0.055,80,rated_payload_limited,7.56,2.0373511789,3.25327178824,3.25327178824,80,3186.198852,3186.198852,238.3978394,51.29783936,51.29783936,238.3978394,366.0978394,685.552624484
S007,A,0.055,25,rated_payload_limited,4.2525,1.77756344482,2.01797249109,2.01797249109,25,4534.717375,4534.717375,384.273175,163.473175,163.473175,384.273175,511.973175,1157.46688583
S007,B,0.055,30,rated_payload_limited,3.78,1.43033692627,1.95981561942,1.95981561942,30,4534.717375,4534.717375,384.273175,163.473175,163.473175,384.273175,511.973175,1006.30964
S007,C,0.055,80,rated_payload_limited,7.56,2.93545326153,4.67961017039,4.67961017039,80,4534.717375,4534.717375,384.273175,163.473175,163.473175,384.273175,511.973175,1097.60069833
S008,A,0.055,25,rated_payload_limited,4.2525,3.00043718224,3.38719045973,3.38719045973,25,8079.110449,8079.110449,245.2093323,102.0093323,102.0093323,245.2093323,372.9093323,1601.14542887
S008,B,0.055,30,rated_payload_limited,3.78,2.39370630456,3.28715724997,3.28715724997,30,8079.110449,8079.110449,245.2093323,102.0093323,102.0093323,245.2093323,372.9093323,1331.84174724
S008,C,0.055,75.5271395827,energy_limited,7.56,5.06358632917,8.03799840697,7.56,80,8079.110449,8079.110449,245.2093323,102.0093323,102.0093323,245.2093323,372.9093323,1389.71152467
S009,A,0.055,25,rated_payload_limited,4.2525,2.11449348264,2.38688881319,2.38688881319,25,5705.303447,5705.303447,165.5289124,63.22891235,63.22891235,165.5289124,293.2289124,1118.63964598
S009,B,0.055,30,rated_payload_limited,3.78,1.68634349503,2.31641401773,2.31641401773,30,5705.303447,5705.303447,165.5289124,63.22891235,63.22891235,165.5289124,293.2289124,928.462864417
S009,C,0.055,80,rated_payload_limited,7.56,3.57145366019,5.66961266921,5.66961266921,80,5705.303447,5705.303447,165.5289124,63.22891235,63.22891235,165.5289124,293.2289124,966.589168542
S010,A,0.055,25,rated_payload_limited,4.2525,1.82629300362,2.0707297629,2.0707297629,25,4784.674506,4784.674506,307.9365356,84.03653564,84.03653564,307.9365356,435.6365356,1084.89266991
S010,B,0.055,30,rated_payload_limited,3.78,1.46344502735,2.01104041223,2.01104041223,30,4784.674506,4784.674506,307.9365356,84.03653564,84.03653564,307.9365356,435.6365356,925.403519709
S010,C,0.055,80,rated_payload_limited,7.56,3.04807696181,4.85885692633,4.85885692633,80,4784.674506,4784.674506,307.9365356,84.03653564,84.03653564,307.9365356,435.6365356,990.732364916
S011,A,0.055,25,rated_payload_limited,4.2525,1.07737291221,1.21959611273,1.21959611273,25,2808.106412,2808.106412,167.6617554,83.26175537,83.26175537,167.6617554,295.3617554,652.028309898
S011,B,0.055,30,rated_payload_limited,3.78,0.864023964183,1.1839226027,1.1839226027,30,2808.106412,2808.106412,167.6617554,83.26175537,83.26175537,167.6617554,295.3617554,558.424762831
S011,C,0.055,80,rated_payload_limited,7.56,1.79442515305,2.85321027055,2.85321027055,80,2808.106412,2808.106412,167.6617554,83.26175537,83.26175537,167.6617554,295.3617554,600.24534796
S012,A,0.055,25,rated_payload_limited,4.2525,2.77180546523,3.13142055533,3.13142055533,25,7391.140163,7391.140163,285.6009949,133.5009949,133.5009949,285.6009949,413.3009949,1539.19815302
S012,B,0.055,30,rated_payload_limited,3.78,2.21482112408,3.039145538,3.039145538,30,7391.140163,7391.140163,285.6009949,133.5009949,133.5009949,285.6009949,413.3009949,1292.82681425
S012,C,0.055,80,rated_payload_limited,7.56,4.65923038872,7.39890429565,7.39890429565,80,7391.140163,7391.140163,285.6009949,133.5009949,133.5009949,285.6009949,413.3009949,1362.67714589
S013,A,0.055,25,rated_payload_limited,4.2525,1.83030762726,2.07421509617,2.07421509617,25,4849.536855,4849.536855,271.4818237,47.48182373,47.48182373,271.4818237,399.1818237,1042.16281728
S013,B,0.055,30,rated_payload_limited,3.78,1.46402243521,2.0144296422,2.0144296422,30,4849.536855,4849.536855,271.4818237,47.48182373,47.48182373,271.4818237,399.1818237,880.511588782
S013,C,0.055,80,rated_payload_limited,7.56,3.06868405411,4.89171403136,4.89171403136,80,4849.536855,4849.536855,271.4818237,47.48182373,47.48182373,271.4818237,399.1818237,933.672196687
S014,A,0.055,25,rated_payload_limited,4.2525,2.13779691217,2.42558723052,2.42558723052,25,5419.5363,5419.5363,464.2473877,240.9473877,240.9473877,464.2473877,591.9473877,1420.39888529
S014,B,0.055,30,rated_payload_limited,3.78,1.72186251244,2.35522053783,2.35522053783,30,5419.5363,5419.5363,464.2473877,240.9473877,240.9473877,464.2473877,591.9473877,1239.74767529
S014,C,0.055,80,rated_payload_limited,7.56,3.52159630022,5.60758666095,5.60758666095,80,5419.5363,5419.5363,464.2473877,240.9473877,240.9473877,464.2473877,591.9473877,1357.28013786
S015,A,0.055,25,rated_payload_limited,4.2525,2.30689938866,2.61934426755,2.61934426755,25,6009.764892,6009.764892,444.0992554,97.29925537,97.29925537,444.0992554,571.7992554,1398.65305656
S015,B,0.055,30,rated_payload_limited,3.78,1.85021799472,2.5445279265,2.5445279265,30,6009.764892,6009.764892,444.0992554,97.29925537,97.29925537,444.0992554,571.7992554,1198.32756016
S015,C,0.055,80,rated_payload_limited,7.56,3.84149604983,6.13326501752,6.13326501752,80,6009.764892,6009.764892,444.0992554,97.29925537,97.29925537,444.0992554,571.7992554,1288.56064529
S001,A,0.06,25,rated_payload_limited,4.23,1.16153051602,1.31271024158,1.31271024158,25,3054.023608,3054.023608,145.3566101,89.05661011,89.05661011,145.3566101,273.0566101,680.906962821
S001,B,0.06,30,rated_payload_limited,3.76,0.930225761055,1.27394097204,1.27394097204,30,3054.023608,3054.023608,145.3566101,89.05661011,89.05661011,145.3566101,273.0566101,579.106175887
S001,C,0.06,80,rated_payload_limited,7.52,1.94139247193,3.08170436114,3.08170436114,80,3054.023608,3054.023608,145.3566101,89.05661011,89.05661011,145.3566101,273.0566101,618.175045922
S002,A,0.06,25,rated_payload_limited,4.23,2.73984663737,3.09050972759,3.09050972759,25,7411.533814,7411.533814,181.2542542,89.45425415,89.45425415,181.2542542,308.9542542,1433.77520846
S002,B,0.06,30,rated_payload_limited,3.76,2.18415452088,2.99882031183,2.99882031183,30,7411.533814,7411.533814,181.2542542,89.45425415,89.45425415,181.2542542,308.9542542,1186.72408132
S002,C,0.06,80,rated_payload_limited,7.52,4.6325359292,7.34794754861,7.34794754861,80,7411.533814,7411.533814,181.2542542,89.45425415,89.45425415,181.2542542,308.9542542,1231.84216605
S003,A,0.06,25,rated_payload_limited,4.23,2.7890857722,3.15701804891,3.15701804891,25,7263.826968,7263.826968,434.1041382,223.3041382,223.3041382,434.1041382,561.8041382,1692.73723069
S003,B,0.06,30,rated_payload_limited,3.76,2.23705090717,3.06459015809,3.06459015809,30,7263.826968,7263.826968,434.1041382,223.3041382,223.3041382,434.1041382,561.8041382,1450.60966509
S003,C,0.06,80,rated_payload_limited,7.52,4.64390670284,7.38282653444,7.38282653444,80,7263.826968,7263.826968,434.1041382,223.3041382,223.3041382,434.1041382,561.8041382,1560.17771116
S004,A,0.06,25,rated_payload_limited,4.23,2.89394171155,3.26669153411,3.26669153411,25,7714.681646,7714.681646,270.5391663,169.9391663,169.9391663,270.5391663,398.2391663,1608.79771824
S004,B,0.06,30,rated_payload_limited,3.76,2.31251848078,3.16979849246,3.16979849246,30,7714.681646,7714.681646,270.5391663,169.9391663,169.9391663,270.5391663,398.2391663,1351.64166337
S004,C,0.06,78.2036345155,energy_limited,7.52,4.86398606465,7.71524423837,7.52,80,7714.681646,7714.681646,270.5391663,169.9391663,169.9391663,270.5391663,398.2391663,1425.05471881
S005,A,0.06,25,rated_payload_limited,4.23,1.98844309239,2.24486501136,2.24486501136,25,5280.593369,5280.593369,198.7108887,131.4108887,131.4108887,198.7108887,326.4108887,1122.18819826
S005,B,0.06,30,rated_payload_limited,3.76,1.58992547929,2.1782576011,2.1782576011,30,5280.593369,5280.593369,198.7108887,131.4108887,131.4108887,198.7108887,326.4108887,946.168419293
S005,C,0.06,80,rated_payload_limited,7.52,3.33690049967,5.29264281489,5.29264281489,80,5280.593369,5280.593369,198.7108887,131.4108887,131.4108887,198.7108887,326.4108887,1001.18871553
S006,A,0.06,25,rated_payload_limited,4.23,1.22375461487,1.38968260036,1.38968260036,25,3186.198852,3186.198852,238.3978394,51.29783936,51.29783936,238.3978394,366.0978394,743.476639757
S006,B,0.06,30,rated_payload_limited,3.76,0.981585340998,1.35002263401,1.35002263401,30,3186.198852,3186.198852,238.3978394,51.29783936,51.29783936,238.3978394,366.0978394,637.270011357
S006,C,0.06,80,rated_payload_limited,7.52,2.0373511789,3.25327178824,3.25327178824,80,3186.198852,3186.198852,238.3978394,51.29783936,51.29783936,238.3978394,366.0978394,685.552624484
S007,A,0.06,25,rated_payload_limited,4.23,1.77756344482,2.01797249109,2.01797249109,25,4534.717375,4534.717375,384.273175,163.473175,163.473175,384.273175,511.973175,1157.46688583
S007,B,0.06,30,rated_payload_limited,3.76,1.43033692627,1.95981561942,1.95981561942,30,4534.717375,4534.717375,384.273175,163.473175,163.473175,384.273175,511.973175,1006.30964
S007,C,0.06,80,rated_payload_limited,7.52,2.93545326153,4.67961017039,4.67961017039,80,4534.717375,4534.717375,384.273175,163.473175,163.473175,384.273175,511.973175,1097.60069833
S008,A,0.06,25,rated_payload_limited,4.23,3.00043718224,3.38719045973,3.38719045973,25,8079.110449,8079.110449,245.2093323,102.0093323,102.0093323,245.2093323,372.9093323,1601.14542887
S008,B,0.06,30,rated_payload_limited,3.76,2.39370630456,3.28715724997,3.28715724997,30,8079.110449,8079.110449,245.2093323,102.0093323,102.0093323,245.2093323,372.9093323,1331.84174724
S008,C,0.06,75.1071956021,energy_limited,7.52,5.06358632917,8.03799840697,7.52,80,8079.110449,8079.110449,245.2093323,102.0093323,102.0093323,245.2093323,372.9093323,1389.71152467
S009,A,0.06,25,rated_payload_limited,4.23,2.11449348264,2.38688881319,2.38688881319,25,5705.303447,5705.303447,165.5289124,63.22891235,63.22891235,165.5289124,293.2289124,1118.63964598
S009,B,0.06,30,rated_payload_limited,3.76,1.68634349503,2.31641401773,2.31641401773,30,5705.303447,5705.303447,165.5289124,63.22891235,63.22891235,165.5289124,293.2289124,928.462864417
S009,C,0.06,80,rated_payload_limited,7.52,3.57145366019,5.66961266921,5.66961266921,80,5705.303447,5705.303447,165.5289124,63.22891235,63.22891235,165.5289124,293.2289124,966.589168542
S010,A,0.06,25,rated_payload_limited,4.23,1.82629300362,2.0707297629,2.0707297629,25,4784.674506,4784.674506,307.9365356,84.03653564,84.03653564,307.9365356,435.6365356,1084.89266991
S010,B,0.06,30,rated_payload_limited,3.76,1.46344502735,2.01104041223,2.01104041223,30,4784.674506,4784.674506,307.9365356,84.03653564,84.03653564,307.9365356,435.6365356,925.403519709
S010,C,0.06,80,rated_payload_limited,7.52,3.04807696181,4.85885692633,4.85885692633,80,4784.674506,4784.674506,307.9365356,84.03653564,84.03653564,307.9365356,435.6365356,990.732364916
S011,A,0.06,25,rated_payload_limited,4.23,1.07737291221,1.21959611273,1.21959611273,25,2808.106412,2808.106412,167.6617554,83.26175537,83.26175537,167.6617554,295.3617554,652.028309898
S011,B,0.06,30,rated_payload_limited,3.76,0.864023964183,1.1839226027,1.1839226027,30,2808.106412,2808.106412,167.6617554,83.26175537,83.26175537,167.6617554,295.3617554,558.424762831
S011,C,0.06,80,rated_payload_limited,7.52,1.79442515305,2.85321027055,2.85321027055,80,2808.106412,2808.106412,167.6617554,83.26175537,83.26175537,167.6617554,295.3617554,600.24534796
S012,A,0.06,25,rated_payload_limited,4.23,2.77180546523,3.13142055533,3.13142055533,25,7391.140163,7391.140163,285.6009949,133.5009949,133.5009949,285.6009949,413.3009949,1539.19815302
S012,B,0.06,30,rated_payload_limited,3.76,2.21482112408,3.039145538,3.039145538,30,7391.140163,7391.140163,285.6009949,133.5009949,133.5009949,285.6009949,413.3009949,1292.82681425
S012,C,0.06,80,rated_payload_limited,7.52,4.65923038872,7.39890429565,7.39890429565,80,7391.140163,7391.140163,285.6009949,133.5009949,133.5009949,285.6009949,413.3009949,1362.67714589
S013,A,0.06,25,rated_payload_limited,4.23,1.83030762726,2.07421509617,2.07421509617,25,4849.536855,4849.536855,271.4818237,47.48182373,47.48182373,271.4818237,399.1818237,1042.16281728
S013,B,0.06,30,rated_payload_limited,3.76,1.46402243521,2.0144296422,2.0144296422,30,4849.536855,4849.536855,271.4818237,47.48182373,47.48182373,271.4818237,399.1818237,880.511588782
S013,C,0.06,80,rated_payload_limited,7.52,3.06868405411,4.89171403136,4.89171403136,80,4849.536855,4849.536855,271.4818237,47.48182373,47.48182373,271.4818237,399.1818237,933.672196687
S014,A,0.06,25,rated_payload_limited,4.23,2.13779691217,2.42558723052,2.42558723052,25,5419.5363,5419.5363,464.2473877,240.9473877,240.9473877,464.2473877,591.9473877,1420.39888529
S014,B,0.06,30,rated_payload_limited,3.76,1.72186251244,2.35522053783,2.35522053783,30,5419.5363,5419.5363,464.2473877,240.9473877,240.9473877,464.2473877,591.9473877,1239.74767529
S014,C,0.06,80,rated_payload_limited,7.52,3.52159630022,5.60758666095,5.60758666095,80,5419.5363,5419.5363,464.2473877,240.9473877,240.9473877,464.2473877,591.9473877,1357.28013786
S015,A,0.06,25,rated_payload_limited,4.23,2.30689938866,2.61934426755,2.61934426755,25,6009.764892,6009.764892,444.0992554,97.29925537,97.29925537,444.0992554,571.7992554,1398.65305656
S015,B,0.06,30,rated_payload_limited,3.76,1.85021799472,2.5445279265,2.5445279265,30,6009.764892,6009.764892,444.0992554,97.29925537,97.29925537,444.0992554,571.7992554,1198.32756016
S015,C,0.06,80,rated_payload_limited,7.52,3.84149604983,6.13326501752,6.13326501752,80,6009.764892,6009.764892,444.0992554,97.29925537,97.29925537,444.0992554,571.7992554,1288.56064529
S001,A,0.065,25,rated_payload_limited,4.2075,1.16153051602,1.31271024158,1.31271024158,25,3054.023608,3054.023608,145.3566101,89.05661011,89.05661011,145.3566101,273.0566101,680.906962821
S001,B,0.065,30,rated_payload_limited,3.74,0.930225761055,1.27394097204,1.27394097204,30,3054.023608,3054.023608,145.3566101,89.05661011,89.05661011,145.3566101,273.0566101,579.106175887
S001,C,0.065,80,rated_payload_limited,7.48,1.94139247193,3.08170436114,3.08170436114,80,3054.023608,3054.023608,145.3566101,89.05661011,89.05661011,145.3566101,273.0566101,618.175045922
S002,A,0.065,25,rated_payload_limited,4.2075,2.73984663737,3.09050972759,3.09050972759,25,7411.533814,7411.533814,181.2542542,89.45425415,89.45425415,181.2542542,308.9542542,1433.77520846
S002,B,0.065,30,rated_payload_limited,3.74,2.18415452088,2.99882031183,2.99882031183,30,7411.533814,7411.533814,181.2542542,89.45425415,89.45425415,181.2542542,308.9542542,1186.72408132
S002,C,0.065,80,rated_payload_limited,7.48,4.6325359292,7.34794754861,7.34794754861,80,7411.533814,7411.533814,181.2542542,89.45425415,89.45425415,181.2542542,308.9542542,1231.84216605
S003,A,0.065,25,rated_payload_limited,4.2075,2.7890857722,3.15701804891,3.15701804891,25,7263.826968,7263.826968,434.1041382,223.3041382,223.3041382,434.1041382,561.8041382,1692.73723069
S003,B,0.065,30,rated_payload_limited,3.74,2.23705090717,3.06459015809,3.06459015809,30,7263.826968,7263.826968,434.1041382,223.3041382,223.3041382,434.1041382,561.8041382,1450.60966509
S003,C,0.065,80,rated_payload_limited,7.48,4.64390670284,7.38282653444,7.38282653444,80,7263.826968,7263.826968,434.1041382,223.3041382,223.3041382,434.1041382,561.8041382,1560.17771116
S004,A,0.065,25,rated_payload_limited,4.2075,2.89394171155,3.26669153411,3.26669153411,25,7714.681646,7714.681646,270.5391663,169.9391663,169.9391663,270.5391663,398.2391663,1608.79771824
S004,B,0.065,30,rated_payload_limited,3.74,2.31251848078,3.16979849246,3.16979849246,30,7714.681646,7714.681646,270.5391663,169.9391663,169.9391663,270.5391663,398.2391663,1351.64166337
S004,C,0.065,77.8156586417,energy_limited,7.48,4.86398606465,7.71524423837,7.48,80,7714.681646,7714.681646,270.5391663,169.9391663,169.9391663,270.5391663,398.2391663,1425.05471881
S005,A,0.065,25,rated_payload_limited,4.2075,1.98844309239,2.24486501136,2.24486501136,25,5280.593369,5280.593369,198.7108887,131.4108887,131.4108887,198.7108887,326.4108887,1122.18819826
S005,B,0.065,30,rated_payload_limited,3.74,1.58992547929,2.1782576011,2.1782576011,30,5280.593369,5280.593369,198.7108887,131.4108887,131.4108887,198.7108887,326.4108887,946.168419293
S005,C,0.065,80,rated_payload_limited,7.48,3.33690049967,5.29264281489,5.29264281489,80,5280.593369,5280.593369,198.7108887,131.4108887,131.4108887,198.7108887,326.4108887,1001.18871553
S006,A,0.065,25,rated_payload_limited,4.2075,1.22375461487,1.38968260036,1.38968260036,25,3186.198852,3186.198852,238.3978394,51.29783936,51.29783936,238.3978394,366.0978394,743.476639757
S006,B,0.065,30,rated_payload_limited,3.74,0.981585340998,1.35002263401,1.35002263401,30,3186.198852,3186.198852,238.3978394,51.29783936,51.29783936,238.3978394,366.0978394,637.270011357
S006,C,0.065,80,rated_payload_limited,7.48,2.0373511789,3.25327178824,3.25327178824,80,3186.198852,3186.198852,238.3978394,51.29783936,51.29783936,238.3978394,366.0978394,685.552624484
S007,A,0.065,25,rated_payload_limited,4.2075,1.77756344482,2.01797249109,2.01797249109,25,4534.717375,4534.717375,384.273175,163.473175,163.473175,384.273175,511.973175,1157.46688583
S007,B,0.065,30,rated_payload_limited,3.74,1.43033692627,1.95981561942,1.95981561942,30,4534.717375,4534.717375,384.273175,163.473175,163.473175,384.273175,511.973175,1006.30964
S007,C,0.065,80,rated_payload_limited,7.48,2.93545326153,4.67961017039,4.67961017039,80,4534.717375,4534.717375,384.273175,163.473175,163.473175,384.273175,511.973175,1097.60069833
S008,A,0.065,25,rated_payload_limited,4.2075,3.00043718224,3.38719045973,3.38719045973,25,8079.110449,8079.110449,245.2093323,102.0093323,102.0093323,245.2093323,372.9093323,1601.14542887
S008,B,0.065,30,rated_payload_limited,3.74,2.39370630456,3.28715724997,3.28715724997,30,8079.110449,8079.110449,245.2093323,102.0093323,102.0093323,245.2093323,372.9093323,1331.84174724
S008,C,0.065,74.6792426302,energy_limited,7.48,5.06358632917,8.03799840697,7.48,80,8079.110449,8079.110449,245.2093323,102.0093323,102.0093323,245.2093323,372.9093323,1389.71152467
S009,A,0.065,25,rated_payload_limited,4.2075,2.11449348264,2.38688881319,2.38688881319,25,5705.303447,5705.303447,165.5289124,63.22891235,63.22891235,165.5289124,293.2289124,1118.63964598
S009,B,0.065,30,rated_payload_limited,3.74,1.68634349503,2.31641401773,2.31641401773,30,5705.303447,5705.303447,165.5289124,63.22891235,63.22891235,165.5289124,293.2289124,928.462864417
S009,C,0.065,80,rated_payload_limited,7.48,3.57145366019,5.66961266921,5.66961266921,80,5705.303447,5705.303447,165.5289124,63.22891235,63.22891235,165.5289124,293.2289124,966.589168542
S010,A,0.065,25,rated_payload_limited,4.2075,1.82629300362,2.0707297629,2.0707297629,25,4784.674506,4784.674506,307.9365356,84.03653564,84.03653564,307.9365356,435.6365356,1084.89266991
S010,B,0.065,30,rated_payload_limited,3.74,1.46344502735,2.01104041223,2.01104041223,30,4784.674506,4784.674506,307.9365356,84.03653564,84.03653564,307.9365356,435.6365356,925.403519709
S010,C,0.065,80,rated_payload_limited,7.48,3.04807696181,4.85885692633,4.85885692633,80,4784.674506,4784.674506,307.9365356,84.03653564,84.03653564,307.9365356,435.6365356,990.732364916
S011,A,0.065,25,rated_payload_limited,4.2075,1.07737291221,1.21959611273,1.21959611273,25,2808.106412,2808.106412,167.6617554,83.26175537,83.26175537,167.6617554,295.3617554,652.028309898
S011,B,0.065,30,rated_payload_limited,3.74,0.864023964183,1.1839226027,1.1839226027,30,2808.106412,2808.106412,167.6617554,83.26175537,83.26175537,167.6617554,295.3617554,558.424762831
S011,C,0.065,80,rated_payload_limited,7.48,1.79442515305,2.85321027055,2.85321027055,80,2808.106412,2808.106412,167.6617554,83.26175537,83.26175537,167.6617554,295.3617554,600.24534796
S012,A,0.065,25,rated_payload_limited,4.2075,2.77180546523,3.13142055533,3.13142055533,25,7391.140163,7391.140163,285.6009949,133.5009949,133.5009949,285.6009949,413.3009949,1539.19815302
S012,B,0.065,30,rated_payload_limited,3.74,2.21482112408,3.039145538,3.039145538,30,7391.140163,7391.140163,285.6009949,133.5009949,133.5009949,285.6009949,413.3009949,1292.82681425
S012,C,0.065,80,rated_payload_limited,7.48,4.65923038872,7.39890429565,7.39890429565,80,7391.140163,7391.140163,285.6009949,133.5009949,133.5009949,285.6009949,413.3009949,1362.67714589
S013,A,0.065,25,rated_payload_limited,4.2075,1.83030762726,2.07421509617,2.07421509617,25,4849.536855,4849.536855,271.4818237,47.48182373,47.48182373,271.4818237,399.1818237,1042.16281728
S013,B,0.065,30,rated_payload_limited,3.74,1.46402243521,2.0144296422,2.0144296422,30,4849.536855,4849.536855,271.4818237,47.48182373,47.48182373,271.4818237,399.1818237,880.511588782
S013,C,0.065,80,rated_payload_limited,7.48,3.06868405411,4.89171403136,4.89171403136,80,4849.536855,4849.536855,271.4818237,47.48182373,47.48182373,271.4818237,399.1818237,933.672196687
S014,A,0.065,25,rated_payload_limited,4.2075,2.13779691217,2.42558723052,2.42558723052,25,5419.5363,5419.5363,464.2473877,240.9473877,240.9473877,464.2473877,591.9473877,1420.39888529
S014,B,0.065,30,rated_payload_limited,3.74,1.72186251244,2.35522053783,2.35522053783,30,5419.5363,5419.5363,464.2473877,240.9473877,240.9473877,464.2473877,591.9473877,1239.74767529
S014,C,0.065,80,rated_payload_limited,7.48,3.52159630022,5.60758666095,5.60758666095,80,5419.5363,5419.5363,464.2473877,240.9473877,240.9473877,464.2473877,591.9473877,1357.28013786
S015,A,0.065,25,rated_payload_limited,4.2075,2.30689938866,2.61934426755,2.61934426755,25,6009.764892,6009.764892,444.0992554,97.29925537,97.29925537,444.0992554,571.7992554,1398.65305656
S015,B,0.065,30,rated_payload_limited,3.74,1.85021799472,2.5445279265,2.5445279265,30,6009.764892,6009.764892,444.0992554,97.29925537,97.29925537,444.0992554,571.7992554,1198.32756016
S015,C,0.065,80,rated_payload_limited,7.48,3.84149604983,6.13326501752,6.13326501752,80,6009.764892,6009.764892,444.0992554,97.29925537,97.29925537,444.0992554,571.7992554,1288.56064529
S001,A,0.07,25,rated_payload_limited,4.185,1.16153051602,1.31271024158,1.31271024158,25,3054.023608,3054.023608,145.3566101,89.05661011,89.05661011,145.3566101,273.0566101,680.906962821
S001,B,0.07,30,rated_payload_limited,3.72,0.930225761055,1.27394097204,1.27394097204,30,3054.023608,3054.023608,145.3566101,89.05661011,89.05661011,145.3566101,273.0566101,579.106175887
S001,C,0.07,80,rated_payload_limited,7.44,1.94139247193,3.08170436114,3.08170436114,80,3054.023608,3054.023608,145.3566101,89.05661011,89.05661011,145.3566101,273.0566101,618.175045922
S002,A,0.07,25,rated_payload_limited,4.185,2.73984663737,3.09050972759,3.09050972759,25,7411.533814,7411.533814,181.2542542,89.45425415,89.45425415,181.2542542,308.9542542,1433.77520846
S002,B,0.07,30,rated_payload_limited,3.72,2.18415452088,2.99882031183,2.99882031183,30,7411.533814,7411.533814,181.2542542,89.45425415,89.45425415,181.2542542,308.9542542,1186.72408132
S002,C,0.07,80,rated_payload_limited,7.44,4.6325359292,7.34794754861,7.34794754861,80,7411.533814,7411.533814,181.2542542,89.45425415,89.45425415,181.2542542,308.9542542,1231.84216605
S003,A,0.07,25,rated_payload_limited,4.185,2.7890857722,3.15701804891,3.15701804891,25,7263.826968,7263.826968,434.1041382,223.3041382,223.3041382,434.1041382,561.8041382,1692.73723069
S003,B,0.07,30,rated_payload_limited,3.72,2.23705090717,3.06459015809,3.06459015809,30,7263.826968,7263.826968,434.1041382,223.3041382,223.3041382,434.1041382,561.8041382,1450.60966509
S003,C,0.07,80,rated_payload_limited,7.44,4.64390670284,7.38282653444,7.38282653444,80,7263.826968,7263.826968,434.1041382,223.3041382,223.3041382,434.1041382,561.8041382,1560.17771116
S004,A,0.07,25,rated_payload_limited,4.185,2.89394171155,3.26669153411,3.26669153411,25,7714.681646,7714.681646,270.5391663,169.9391663,169.9391663,270.5391663,398.2391663,1608.79771824
S004,B,0.07,30,rated_payload_limited,3.72,2.31251848078,3.16979849246,3.16979849246,30,7714.681646,7714.681646,270.5391663,169.9391663,169.9391663,270.5391663,398.2391663,1351.64166337
S004,C,0.07,77.4204544729,energy_limited,7.44,4.86398606465,7.71524423837,7.44,80,7714.681646,7714.681646,270.5391663,169.9391663,169.9391663,270.5391663,398.2391663,1425.05471881
S005,A,0.07,25,rated_payload_limited,4.185,1.98844309239,2.24486501136,2.24486501136,25,5280.593369,5280.593369,198.7108887,131.4108887,131.4108887,198.7108887,326.4108887,1122.18819826
S005,B,0.07,30,rated_payload_limited,3.72,1.58992547929,2.1782576011,2.1782576011,30,5280.593369,5280.593369,198.7108887,131.4108887,131.4108887,198.7108887,326.4108887,946.168419293
S005,C,0.07,80,rated_payload_limited,7.44,3.33690049967,5.29264281489,5.29264281489,80,5280.593369,5280.593369,198.7108887,131.4108887,131.4108887,198.7108887,326.4108887,1001.18871553
S006,A,0.07,25,rated_payload_limited,4.185,1.22375461487,1.38968260036,1.38968260036,25,3186.198852,3186.198852,238.3978394,51.29783936,51.29783936,238.3978394,366.0978394,743.476639757
S006,B,0.07,30,rated_payload_limited,3.72,0.981585340998,1.35002263401,1.35002263401,30,3186.198852,3186.198852,238.3978394,51.29783936,51.29783936,238.3978394,366.0978394,637.270011357
S006,C,0.07,80,rated_payload_limited,7.44,2.0373511789,3.25327178824,3.25327178824,80,3186.198852,3186.198852,238.3978394,51.29783936,51.29783936,238.3978394,366.0978394,685.552624484
S007,A,0.07,25,rated_payload_limited,4.185,1.77756344482,2.01797249109,2.01797249109,25,4534.717375,4534.717375,384.273175,163.473175,163.473175,384.273175,511.973175,1157.46688583
S007,B,0.07,30,rated_payload_limited,3.72,1.43033692627,1.95981561942,1.95981561942,30,4534.717375,4534.717375,384.273175,163.473175,163.473175,384.273175,511.973175,1006.30964
S007,C,0.07,80,rated_payload_limited,7.44,2.93545326153,4.67961017039,4.67961017039,80,4534.717375,4534.717375,384.273175,163.473175,163.473175,384.273175,511.973175,1097.60069833
S008,A,0.07,25,rated_payload_limited,4.185,3.00043718224,3.38719045973,3.38719045973,25,8079.110449,8079.110449,245.2093323,102.0093323,102.0093323,245.2093323,372.9093323,1601.14542887
S008,B,0.07,30,rated_payload_limited,3.72,2.39370630456,3.28715724997,3.28715724997,30,8079.110449,8079.110449,245.2093323,102.0093323,102.0093323,245.2093323,372.9093323,1331.84174724
S008,C,0.07,74.2430428326,energy_limited,7.44,5.06358632917,8.03799840697,7.44,80,8079.110449,8079.110449,245.2093323,102.0093323,102.0093323,245.2093323,372.9093323,1389.71152467
S009,A,0.07,25,rated_payload_limited,4.185,2.11449348264,2.38688881319,2.38688881319,25,5705.303447,5705.303447,165.5289124,63.22891235,63.22891235,165.5289124,293.2289124,1118.63964598
S009,B,0.07,30,rated_payload_limited,3.72,1.68634349503,2.31641401773,2.31641401773,30,5705.303447,5705.303447,165.5289124,63.22891235,63.22891235,165.5289124,293.2289124,928.462864417
S009,C,0.07,80,rated_payload_limited,7.44,3.57145366019,5.66961266921,5.66961266921,80,5705.303447,5705.303447,165.5289124,63.22891235,63.22891235,165.5289124,293.2289124,966.589168542
S010,A,0.07,25,rated_payload_limited,4.185,1.82629300362,2.0707297629,2.0707297629,25,4784.674506,4784.674506,307.9365356,84.03653564,84.03653564,307.9365356,435.6365356,1084.89266991
S010,B,0.07,30,rated_payload_limited,3.72,1.46344502735,2.01104041223,2.01104041223,30,4784.674506,4784.674506,307.9365356,84.03653564,84.03653564,307.9365356,435.6365356,925.403519709
S010,C,0.07,80,rated_payload_limited,7.44,3.04807696181,4.85885692633,4.85885692633,80,4784.674506,4784.674506,307.9365356,84.03653564,84.03653564,307.9365356,435.6365356,990.732364916
S011,A,0.07,25,rated_payload_limited,4.185,1.07737291221,1.21959611273,1.21959611273,25,2808.106412,2808.106412,167.6617554,83.26175537,83.26175537,167.6617554,295.3617554,652.028309898
S011,B,0.07,30,rated_payload_limited,3.72,0.864023964183,1.1839226027,1.1839226027,30,2808.106412,2808.106412,167.6617554,83.26175537,83.26175537,167.6617554,295.3617554,558.424762831
S011,C,0.07,80,rated_payload_limited,7.44,1.79442515305,2.85321027055,2.85321027055,80,2808.106412,2808.106412,167.6617554,83.26175537,83.26175537,167.6617554,295.3617554,600.24534796
S012,A,0.07,25,rated_payload_limited,4.185,2.77180546523,3.13142055533,3.13142055533,25,7391.140163,7391.140163,285.6009949,133.5009949,133.5009949,285.6009949,413.3009949,1539.19815302
S012,B,0.07,30,rated_payload_limited,3.72,2.21482112408,3.039145538,3.039145538,30,7391.140163,7391.140163,285.6009949,133.5009949,133.5009949,285.6009949,413.3009949,1292.82681425
S012,C,0.07,80,rated_payload_limited,7.44,4.65923038872,7.39890429565,7.39890429565,80,7391.140163,7391.140163,285.6009949,133.5009949,133.5009949,285.6009949,413.3009949,1362.67714589
S013,A,0.07,25,rated_payload_limited,4.185,1.83030762726,2.07421509617,2.07421509617,25,4849.536855,4849.536855,271.4818237,47.48182373,47.48182373,271.4818237,399.1818237,1042.16281728
S013,B,0.07,30,rated_payload_limited,3.72,1.46402243521,2.0144296422,2.0144296422,30,4849.536855,4849.536855,271.4818237,47.48182373,47.48182373,271.4818237,399.1818237,880.511588782
S013,C,0.07,80,rated_payload_limited,7.44,3.06868405411,4.89171403136,4.89171403136,80,4849.536855,4849.536855,271.4818237,47.48182373,47.48182373,271.4818237,399.1818237,933.672196687
S014,A,0.07,25,rated_payload_limited,4.185,2.13779691217,2.42558723052,2.42558723052,25,5419.5363,5419.5363,464.2473877,240.9473877,240.9473877,464.2473877,591.9473877,1420.39888529
S014,B,0.07,30,rated_payload_limited,3.72,1.72186251244,2.35522053783,2.35522053783,30,5419.5363,5419.5363,464.2473877,240.9473877,240.9473877,464.2473877,591.9473877,1239.74767529
S014,C,0.07,80,rated_payload_limited,7.44,3.52159630022,5.60758666095,5.60758666095,80,5419.5363,5419.5363,464.2473877,240.9473877,240.9473877,464.2473877,591.9473877,1357.28013786
S015,A,0.07,25,rated_payload_limited,4.185,2.30689938866,2.61934426755,2.61934426755,25,6009.764892,6009.764892,444.0992554,97.29925537,97.29925537,444.0992554,571.7992554,1398.65305656
S015,B,0.07,30,rated_payload_limited,3.72,1.85021799472,2.5445279265,2.5445279265,30,6009.764892,6009.764892,444.0992554,97.29925537,97.29925537,444.0992554,571.7992554,1198.32756016
S015,C,0.07,80,rated_payload_limited,7.44,3.84149604983,6.13326501752,6.13326501752,80,6009.764892,6009.764892,444.0992554,97.29925537,97.29925537,444.0992554,571.7992554,1288.56064529
S001,A,0.075,25,rated_payload_limited,4.1625,1.16153051602,1.31271024158,1.31271024158,25,3054.023608,3054.023608,145.3566101,89.05661011,89.05661011,145.3566101,273.0566101,680.906962821
S001,B,0.075,30,rated_payload_limited,3.7,0.930225761055,1.27394097204,1.27394097204,30,3054.023608,3054.023608,145.3566101,89.05661011,89.05661011,145.3566101,273.0566101,579.106175887
S001,C,0.075,80,rated_payload_limited,7.4,1.94139247193,3.08170436114,3.08170436114,80,3054.023608,3054.023608,145.3566101,89.05661011,89.05661011,145.3566101,273.0566101,618.175045922
S002,A,0.075,25,rated_payload_limited,4.1625,2.73984663737,3.09050972759,3.09050972759,25,7411.533814,7411.533814,181.2542542,89.45425415,89.45425415,181.2542542,308.9542542,1433.77520846
S002,B,0.075,30,rated_payload_limited,3.7,2.18415452088,2.99882031183,2.99882031183,30,7411.533814,7411.533814,181.2542542,89.45425415,89.45425415,181.2542542,308.9542542,1186.72408132
S002,C,0.075,80,rated_payload_limited,7.4,4.6325359292,7.34794754861,7.34794754861,80,7411.533814,7411.533814,181.2542542,89.45425415,89.45425415,181.2542542,308.9542542,1231.84216605
S003,A,0.075,25,rated_payload_limited,4.1625,2.7890857722,3.15701804891,3.15701804891,25,7263.826968,7263.826968,434.1041382,223.3041382,223.3041382,434.1041382,561.8041382,1692.73723069
S003,B,0.075,30,rated_payload_limited,3.7,2.23705090717,3.06459015809,3.06459015809,30,7263.826968,7263.826968,434.1041382,223.3041382,223.3041382,434.1041382,561.8041382,1450.60966509
S003,C,0.075,80,rated_payload_limited,7.4,4.64390670284,7.38282653444,7.38282653444,80,7263.826968,7263.826968,434.1041382,223.3041382,223.3041382,434.1041382,561.8041382,1560.17771116
S004,A,0.075,25,rated_payload_limited,4.1625,2.89394171155,3.26669153411,3.26669153411,25,7714.681646,7714.681646,270.5391663,169.9391663,169.9391663,270.5391663,398.2391663,1608.79771824
S004,B,0.075,30,rated_payload_limited,3.7,2.31251848078,3.16979849246,3.16979849246,30,7714.681646,7714.681646,270.5391663,169.9391663,169.9391663,270.5391663,398.2391663,1351.64166337
S004,C,0.075,77.0178137295,energy_limited,7.4,4.86398606465,7.71524423837,7.4,80,7714.681646,7714.681646,270.5391663,169.9391663,169.9391663,270.5391663,398.2391663,1425.05471881
S005,A,0.075,25,rated_payload_limited,4.1625,1.98844309239,2.24486501136,2.24486501136,25,5280.593369,5280.593369,198.7108887,131.4108887,131.4108887,198.7108887,326.4108887,1122.18819826
S005,B,0.075,30,rated_payload_limited,3.7,1.58992547929,2.1782576011,2.1782576011,30,5280.593369,5280.593369,198.7108887,131.4108887,131.4108887,198.7108887,326.4108887,946.168419293
S005,C,0.075,80,rated_payload_limited,7.4,3.33690049967,5.29264281489,5.29264281489,80,5280.593369,5280.593369,198.7108887,131.4108887,131.4108887,198.7108887,326.4108887,1001.18871553
S006,A,0.075,25,rated_payload_limited,4.1625,1.22375461487,1.38968260036,1.38968260036,25,3186.198852,3186.198852,238.3978394,51.29783936,51.29783936,238.3978394,366.0978394,743.476639757
S006,B,0.075,30,rated_payload_limited,3.7,0.981585340998,1.35002263401,1.35002263401,30,3186.198852,3186.198852,238.3978394,51.29783936,51.29783936,238.3978394,366.0978394,637.270011357
S006,C,0.075,80,rated_payload_limited,7.4,2.0373511789,3.25327178824,3.25327178824,80,3186.198852,3186.198852,238.3978394,51.29783936,51.29783936,238.3978394,366.0978394,685.552624484
S007,A,0.075,25,rated_payload_limited,4.1625,1.77756344482,2.01797249109,2.01797249109,25,4534.717375,4534.717375,384.273175,163.473175,163.473175,384.273175,511.973175,1157.46688583
S007,B,0.075,30,rated_payload_limited,3.7,1.43033692627,1.95981561942,1.95981561942,30,4534.717375,4534.717375,384.273175,163.473175,163.473175,384.273175,511.973175,1006.30964
S007,C,0.075,80,rated_payload_limited,7.4,2.93545326153,4.67961017039,4.67961017039,80,4534.717375,4534.717375,384.273175,163.473175,163.473175,384.273175,511.973175,1097.60069833
S008,A,0.075,25,rated_payload_limited,4.1625,3.00043718224,3.38719045973,3.38719045973,25,8079.110449,8079.110449,245.2093323,102.0093323,102.0093323,245.2093323,372.9093323,1601.14542887
S008,B,0.075,30,rated_payload_limited,3.7,2.39370630456,3.28715724997,3.28715724997,30,8079.110449,8079.110449,245.2093323,102.0093323,102.0093323,245.2093323,372.9093323,1331.84174724
S008,C,0.075,73.7983485087,energy_limited,7.4,5.06358632917,8.03799840697,7.4,80,8079.110449,8079.110449,245.2093323,102.0093323,102.0093323,245.2093323,372.9093323,1389.71152467
S009,A,0.075,25,rated_payload_limited,4.1625,2.11449348264,2.38688881319,2.38688881319,25,5705.303447,5705.303447,165.5289124,63.22891235,63.22891235,165.5289124,293.2289124,1118.63964598
S009,B,0.075,30,rated_payload_limited,3.7,1.68634349503,2.31641401773,2.31641401773,30,5705.303447,5705.303447,165.5289124,63.22891235,63.22891235,165.5289124,293.2289124,928.462864417
S009,C,0.075,80,rated_payload_limited,7.4,3.57145366019,5.66961266921,5.66961266921,80,5705.303447,5705.303447,165.5289124,63.22891235,63.22891235,165.5289124,293.2289124,966.589168542
S010,A,0.075,25,rated_payload_limited,4.1625,1.82629300362,2.0707297629,2.0707297629,25,4784.674506,4784.674506,307.9365356,84.03653564,84.03653564,307.9365356,435.6365356,1084.89266991
S010,B,0.075,30,rated_payload_limited,3.7,1.46344502735,2.01104041223,2.01104041223,30,4784.674506,4784.674506,307.9365356,84.03653564,84.03653564,307.9365356,435.6365356,925.403519709
S010,C,0.075,80,rated_payload_limited,7.4,3.04807696181,4.85885692633,4.85885692633,80,4784.674506,4784.674506,307.9365356,84.03653564,84.03653564,307.9365356,435.6365356,990.732364916
S011,A,0.075,25,rated_payload_limited,4.1625,1.07737291221,1.21959611273,1.21959611273,25,2808.106412,2808.106412,167.6617554,83.26175537,83.26175537,167.6617554,295.3617554,652.028309898
S011,B,0.075,30,rated_payload_limited,3.7,0.864023964183,1.1839226027,1.1839226027,30,2808.106412,2808.106412,167.6617554,83.26175537,83.26175537,167.6617554,295.3617554,558.424762831
S011,C,0.075,80,rated_payload_limited,7.4,1.79442515305,2.85321027055,2.85321027055,80,2808.106412,2808.106412,167.6617554,83.26175537,83.26175537,167.6617554,295.3617554,600.24534796
S012,A,0.075,25,rated_payload_limited,4.1625,2.77180546523,3.13142055533,3.13142055533,25,7391.140163,7391.140163,285.6009949,133.5009949,133.5009949,285.6009949,413.3009949,1539.19815302
S012,B,0.075,30,rated_payload_limited,3.7,2.21482112408,3.039145538,3.039145538,30,7391.140163,7391.140163,285.6009949,133.5009949,133.5009949,285.6009949,413.3009949,1292.82681425
S012,C,0.075,80,rated_payload_limited,7.4,4.65923038872,7.39890429565,7.39890429565,80,7391.140163,7391.140163,285.6009949,133.5009949,133.5009949,285.6009949,413.3009949,1362.67714589
S013,A,0.075,25,rated_payload_limited,4.1625,1.83030762726,2.07421509617,2.07421509617,25,4849.536855,4849.536855,271.4818237,47.48182373,47.48182373,271.4818237,399.1818237,1042.16281728
S013,B,0.075,30,rated_payload_limited,3.7,1.46402243521,2.0144296422,2.0144296422,30,4849.536855,4849.536855,271.4818237,47.48182373,47.48182373,271.4818237,399.1818237,880.511588782
S013,C,0.075,80,rated_payload_limited,7.4,3.06868405411,4.89171403136,4.89171403136,80,4849.536855,4849.536855,271.4818237,47.48182373,47.48182373,271.4818237,399.1818237,933.672196687
S014,A,0.075,25,rated_payload_limited,4.1625,2.13779691217,2.42558723052,2.42558723052,25,5419.5363,5419.5363,464.2473877,240.9473877,240.9473877,464.2473877,591.9473877,1420.39888529
S014,B,0.075,30,rated_payload_limited,3.7,1.72186251244,2.35522053783,2.35522053783,30,5419.5363,5419.5363,464.2473877,240.9473877,240.9473877,464.2473877,591.9473877,1239.74767529
S014,C,0.075,80,rated_payload_limited,7.4,3.52159630022,5.60758666095,5.60758666095,80,5419.5363,5419.5363,464.2473877,240.9473877,240.9473877,464.2473877,591.9473877,1357.28013786
S015,A,0.075,25,rated_payload_limited,4.1625,2.30689938866,2.61934426755,2.61934426755,25,6009.764892,6009.764892,444.0992554,97.29925537,97.29925537,444.0992554,571.7992554,1398.65305656
S015,B,0.075,30,rated_payload_limited,3.7,1.85021799472,2.5445279265,2.5445279265,30,6009.764892,6009.764892,444.0992554,97.29925537,97.29925537,444.0992554,571.7992554,1198.32756016
S015,C,0.075,80,rated_payload_limited,7.4,3.84149604983,6.13326501752,6.13326501752,80,6009.764892,6009.764892,444.0992554,97.29925537,97.29925537,444.0992554,571.7992554,1288.56064529
S001,A,0.08,25,rated_payload_limited,4.14,1.16153051602,1.31271024158,1.31271024158,25,3054.023608,3054.023608,145.3566101,89.05661011,89.05661011,145.3566101,273.0566101,680.906962821
S001,B,0.08,30,rated_payload_limited,3.68,0.930225761055,1.27394097204,1.27394097204,30,3054.023608,3054.023608,145.3566101,89.05661011,89.05661011,145.3566101,273.0566101,579.106175887
S001,C,0.08,80,rated_payload_limited,7.36,1.94139247193,3.08170436114,3.08170436114,80,3054.023608,3054.023608,145.3566101,89.05661011,89.05661011,145.3566101,273.0566101,618.175045922
S002,A,0.08,25,rated_payload_limited,4.14,2.73984663737,3.09050972759,3.09050972759,25,7411.533814,7411.533814,181.2542542,89.45425415,89.45425415,181.2542542,308.9542542,1433.77520846
S002,B,0.08,30,rated_payload_limited,3.68,2.18415452088,2.99882031183,2.99882031183,30,7411.533814,7411.533814,181.2542542,89.45425415,89.45425415,181.2542542,308.9542542,1186.72408132
S002,C,0.08,80,rated_payload_limited,7.36,4.6325359292,7.34794754861,7.34794754861,80,7411.533814,7411.533814,181.2542542,89.45425415,89.45425415,181.2542542,308.9542542,1231.84216605
S003,A,0.08,25,rated_payload_limited,4.14,2.7890857722,3.15701804891,3.15701804891,25,7263.826968,7263.826968,434.1041382,223.3041382,223.3041382,434.1041382,561.8041382,1692.73723069
S003,B,0.08,30,rated_payload_limited,3.68,2.23705090717,3.06459015809,3.06459015809,30,7263.826968,7263.826968,434.1041382,223.3041382,223.3041382,434.1041382,561.8041382,1450.60966509
S003,C,0.08,79.786690289,energy_limited,7.36,4.64390670284,7.38282653444,7.36,80,7263.826968,7263.826968,434.1041382,223.3041382,223.3041382,434.1041382,561.8041382,1560.17771116
S004,A,0.08,25,rated_payload_limited,4.14,2.89394171155,3.26669153411,3.26669153411,25,7714.681646,7714.681646,270.5391663,169.9391663,169.9391663,270.5391663,398.2391663,1608.79771824
S004,B,0.08,30,rated_payload_limited,3.68,2.31251848078,3.16979849246,3.16979849246,30,7714.681646,7714.681646,270.5391663,169.9391663,169.9391663,270.5391663,398.2391663,1351.64166337
S004,C,0.08,76.6075198192,energy_limited,7.36,4.86398606465,7.71524423837,7.36,80,7714.681646,7714.681646,270.5391663,169.9391663,169.9391663,270.5391663,398.2391663,1425.05471881
S005,A,0.08,25,rated_payload_limited,4.14,1.98844309239,2.24486501136,2.24486501136,25,5280.593369,5280.593369,198.7108887,131.4108887,131.4108887,198.7108887,326.4108887,1122.18819826
S005,B,0.08,30,rated_payload_limited,3.68,1.58992547929,2.1782576011,2.1782576011,30,5280.593369,5280.593369,198.7108887,131.4108887,131.4108887,198.7108887,326.4108887,946.168419293
S005,C,0.08,80,rated_payload_limited,7.36,3.33690049967,5.29264281489,5.29264281489,80,5280.593369,5280.593369,198.7108887,131.4108887,131.4108887,198.7108887,326.4108887,1001.18871553
S006,A,0.08,25,rated_payload_limited,4.14,1.22375461487,1.38968260036,1.38968260036,25,3186.198852,3186.198852,238.3978394,51.29783936,51.29783936,238.3978394,366.0978394,743.476639757
S006,B,0.08,30,rated_payload_limited,3.68,0.981585340998,1.35002263401,1.35002263401,30,3186.198852,3186.198852,238.3978394,51.29783936,51.29783936,238.3978394,366.0978394,637.270011357
S006,C,0.08,80,rated_payload_limited,7.36,2.0373511789,3.25327178824,3.25327178824,80,3186.198852,3186.198852,238.3978394,51.29783936,51.29783936,238.3978394,366.0978394,685.552624484
S007,A,0.08,25,rated_payload_limited,4.14,1.77756344482,2.01797249109,2.01797249109,25,4534.717375,4534.717375,384.273175,163.473175,163.473175,384.273175,511.973175,1157.46688583
S007,B,0.08,30,rated_payload_limited,3.68,1.43033692627,1.95981561942,1.95981561942,30,4534.717375,4534.717375,384.273175,163.473175,163.473175,384.273175,511.973175,1006.30964
S007,C,0.08,80,rated_payload_limited,7.36,2.93545326153,4.67961017039,4.67961017039,80,4534.717375,4534.717375,384.273175,163.473175,163.473175,384.273175,511.973175,1097.60069833
S008,A,0.08,25,rated_payload_limited,4.14,3.00043718224,3.38719045973,3.38719045973,25,8079.110449,8079.110449,245.2093323,102.0093323,102.0093323,245.2093323,372.9093323,1601.14542887
S008,B,0.08,30,rated_payload_limited,3.68,2.39370630456,3.28715724997,3.28715724997,30,8079.110449,8079.110449,245.2093323,102.0093323,102.0093323,245.2093323,372.9093323,1331.84174724
S008,C,0.08,73.344901551,energy_limited,7.36,5.06358632917,8.03799840697,7.36,80,8079.110449,8079.110449,245.2093323,102.0093323,102.0093323,245.2093323,372.9093323,1389.71152467
S009,A,0.08,25,rated_payload_limited,4.14,2.11449348264,2.38688881319,2.38688881319,25,5705.303447,5705.303447,165.5289124,63.22891235,63.22891235,165.5289124,293.2289124,1118.63964598
S009,B,0.08,30,rated_payload_limited,3.68,1.68634349503,2.31641401773,2.31641401773,30,5705.303447,5705.303447,165.5289124,63.22891235,63.22891235,165.5289124,293.2289124,928.462864417
S009,C,0.08,80,rated_payload_limited,7.36,3.57145366019,5.66961266921,5.66961266921,80,5705.303447,5705.303447,165.5289124,63.22891235,63.22891235,165.5289124,293.2289124,966.589168542
S010,A,0.08,25,rated_payload_limited,4.14,1.82629300362,2.0707297629,2.0707297629,25,4784.674506,4784.674506,307.9365356,84.03653564,84.03653564,307.9365356,435.6365356,1084.89266991
S010,B,0.08,30,rated_payload_limited,3.68,1.46344502735,2.01104041223,2.01104041223,30,4784.674506,4784.674506,307.9365356,84.03653564,84.03653564,307.9365356,435.6365356,925.403519709
S010,C,0.08,80,rated_payload_limited,7.36,3.04807696181,4.85885692633,4.85885692633,80,4784.674506,4784.674506,307.9365356,84.03653564,84.03653564,307.9365356,435.6365356,990.732364916
S011,A,0.08,25,rated_payload_limited,4.14,1.07737291221,1.21959611273,1.21959611273,25,2808.106412,2808.106412,167.6617554,83.26175537,83.26175537,167.6617554,295.3617554,652.028309898
S011,B,0.08,30,rated_payload_limited,3.68,0.864023964183,1.1839226027,1.1839226027,30,2808.106412,2808.106412,167.6617554,83.26175537,83.26175537,167.6617554,295.3617554,558.424762831
S011,C,0.08,80,rated_payload_limited,7.36,1.79442515305,2.85321027055,2.85321027055,80,2808.106412,2808.106412,167.6617554,83.26175537,83.26175537,167.6617554,295.3617554,600.24534796
S012,A,0.08,25,rated_payload_limited,4.14,2.77180546523,3.13142055533,3.13142055533,25,7391.140163,7391.140163,285.6009949,133.5009949,133.5009949,285.6009949,413.3009949,1539.19815302
S012,B,0.08,30,rated_payload_limited,3.68,2.21482112408,3.039145538,3.039145538,30,7391.140163,7391.140163,285.6009949,133.5009949,133.5009949,285.6009949,413.3009949,1292.82681425
S012,C,0.08,79.6394576218,energy_limited,7.36,4.65923038872,7.39890429565,7.36,80,7391.140163,7391.140163,285.6009949,133.5009949,133.5009949,285.6009949,413.3009949,1362.67714589
S013,A,0.08,25,rated_payload_limited,4.14,1.83030762726,2.07421509617,2.07421509617,25,4849.536855,4849.536855,271.4818237,47.48182373,47.48182373,271.4818237,399.1818237,1042.16281728
S013,B,0.08,30,rated_payload_limited,3.68,1.46402243521,2.0144296422,2.0144296422,30,4849.536855,4849.536855,271.4818237,47.48182373,47.48182373,271.4818237,399.1818237,880.511588782
S013,C,0.08,80,rated_payload_limited,7.36,3.06868405411,4.89171403136,4.89171403136,80,4849.536855,4849.536855,271.4818237,47.48182373,47.48182373,271.4818237,399.1818237,933.672196687
S014,A,0.08,25,rated_payload_limited,4.14,2.13779691217,2.42558723052,2.42558723052,25,5419.5363,5419.5363,464.2473877,240.9473877,240.9473877,464.2473877,591.9473877,1420.39888529
S014,B,0.08,30,rated_payload_limited,3.68,1.72186251244,2.35522053783,2.35522053783,30,5419.5363,5419.5363,464.2473877,240.9473877,240.9473877,464.2473877,591.9473877,1239.74767529
S014,C,0.08,80,rated_payload_limited,7.36,3.52159630022,5.60758666095,5.60758666095,80,5419.5363,5419.5363,464.2473877,240.9473877,240.9473877,464.2473877,591.9473877,1357.28013786
S015,A,0.08,25,rated_payload_limited,4.14,2.30689938866,2.61934426755,2.61934426755,25,6009.764892,6009.764892,444.0992554,97.29925537,97.29925537,444.0992554,571.7992554,1398.65305656
S015,B,0.08,30,rated_payload_limited,3.68,1.85021799472,2.5445279265,2.5445279265,30,6009.764892,6009.764892,444.0992554,97.29925537,97.29925537,444.0992554,571.7992554,1198.32756016
S015,C,0.08,80,rated_payload_limited,7.36,3.84149604983,6.13326501752,6.13326501752,80,6009.764892,6009.764892,444.0992554,97.29925537,97.29925537,444.0992554,571.7992554,1288.56064529
S001,A,0.085,25,rated_payload_limited,4.1175,1.16153051602,1.31271024158,1.31271024158,25,3054.023608,3054.023608,145.3566101,89.05661011,89.05661011,145.3566101,273.0566101,680.906962821
S001,B,0.085,30,rated_payload_limited,3.66,0.930225761055,1.27394097204,1.27394097204,30,3054.023608,3054.023608,145.3566101,89.05661011,89.05661011,145.3566101,273.0566101,579.106175887
S001,C,0.085,80,rated_payload_limited,7.32,1.94139247193,3.08170436114,3.08170436114,80,3054.023608,3054.023608,145.3566101,89.05661011,89.05661011,145.3566101,273.0566101,618.175045922
S002,A,0.085,25,rated_payload_limited,4.1175,2.73984663737,3.09050972759,3.09050972759,25,7411.533814,7411.533814,181.2542542,89.45425415,89.45425415,181.2542542,308.9542542,1433.77520846
S002,B,0.085,30,rated_payload_limited,3.66,2.18415452088,2.99882031183,2.99882031183,30,7411.533814,7411.533814,181.2542542,89.45425415,89.45425415,181.2542542,308.9542542,1186.72408132
S002,C,0.085,79.7414089919,energy_limited,7.32,4.6325359292,7.34794754861,7.32,80,7411.533814,7411.533814,181.2542542,89.45425415,89.45425415,181.2542542,308.9542542,1231.84216605
S003,A,0.085,25,rated_payload_limited,4.1175,2.7890857722,3.15701804891,3.15701804891,25,7263.826968,7263.826968,434.1041382,223.3041382,223.3041382,434.1041382,561.8041382,1692.73723069
S003,B,0.085,30,rated_payload_limited,3.66,2.23705090717,3.06459015809,3.06459015809,30,7263.826968,7263.826968,434.1041382,223.3041382,223.3041382,434.1041382,561.8041382,1450.60966509
S003,C,0.085,79.4074437583,energy_limited,7.32,4.64390670284,7.38282653444,7.32,80,7263.826968,7263.826968,434.1041382,223.3041382,223.3041382,434.1041382,561.8041382,1560.17771116
S004,A,0.085,25,rated_payload_limited,4.1175,2.89394171155,3.26669153411,3.26669153411,25,7714.681646,7714.681646,270.5391663,169.9391663,169.9391663,270.5391663,398.2391663,1608.79771824
S004,B,0.085,30,rated_payload_limited,3.66,2.31251848078,3.16979849246,3.16979849246,30,7714.681646,7714.681646,270.5391663,169.9391663,169.9391663,270.5391663,398.2391663,1351.64166337
S004,C,0.085,76.1893474028,energy_limited,7.32,4.86398606465,7.71524423837,7.32,80,7714.681646,7714.681646,270.5391663,169.9391663,169.9391663,270.5391663,398.2391663,1425.05471881
S005,A,0.085,25,rated_payload_limited,4.1175,1.98844309239,2.24486501136,2.24486501136,25,5280.593369,5280.593369,198.7108887,131.4108887,131.4108887,198.7108887,326.4108887,1122.18819826
S005,B,0.085,30,rated_payload_limited,3.66,1.58992547929,2.1782576011,2.1782576011,30,5280.593369,5280.593369,198.7108887,131.4108887,131.4108887,198.7108887,326.4108887,946.168419293
S005,C,0.085,80,rated_payload_limited,7.32,3.33690049967,5.29264281489,5.29264281489,80,5280.593369,5280.593369,198.7108887,131.4108887,131.4108887,198.7108887,326.4108887,1001.18871553
S006,A,0.085,25,rated_payload_limited,4.1175,1.22375461487,1.38968260036,1.38968260036,25,3186.198852,3186.198852,238.3978394,51.29783936,51.29783936,238.3978394,366.0978394,743.476639757
S006,B,0.085,30,rated_payload_limited,3.66,0.981585340998,1.35002263401,1.35002263401,30,3186.198852,3186.198852,238.3978394,51.29783936,51.29783936,238.3978394,366.0978394,637.270011357
S006,C,0.085,80,rated_payload_limited,7.32,2.0373511789,3.25327178824,3.25327178824,80,3186.198852,3186.198852,238.3978394,51.29783936,51.29783936,238.3978394,366.0978394,685.552624484
S007,A,0.085,25,rated_payload_limited,4.1175,1.77756344482,2.01797249109,2.01797249109,25,4534.717375,4534.717375,384.273175,163.473175,163.473175,384.273175,511.973175,1157.46688583
S007,B,0.085,30,rated_payload_limited,3.66,1.43033692627,1.95981561942,1.95981561942,30,4534.717375,4534.717375,384.273175,163.473175,163.473175,384.273175,511.973175,1006.30964
S007,C,0.085,80,rated_payload_limited,7.32,2.93545326153,4.67961017039,4.67961017039,80,4534.717375,4534.717375,384.273175,163.473175,163.473175,384.273175,511.973175,1097.60069833
S008,A,0.085,25,rated_payload_limited,4.1175,3.00043718224,3.38719045973,3.38719045973,25,8079.110449,8079.110449,245.2093323,102.0093323,102.0093323,245.2093323,372.9093323,1601.14542887
S008,B,0.085,30,rated_payload_limited,3.66,2.39370630456,3.28715724997,3.28715724997,30,8079.110449,8079.110449,245.2093323,102.0093323,102.0093323,245.2093323,372.9093323,1331.84174724
S008,C,0.085,72.882432866,energy_limited,7.32,5.06358632917,8.03799840697,7.32,80,8079.110449,8079.110449,245.2093323,102.0093323,102.0093323,245.2093323,372.9093323,1389.71152467
S009,A,0.085,25,rated_payload_limited,4.1175,2.11449348264,2.38688881319,2.38688881319,25,5705.303447,5705.303447,165.5289124,63.22891235,63.22891235,165.5289124,293.2289124,1118.63964598
S009,B,0.085,30,rated_payload_limited,3.66,1.68634349503,2.31641401773,2.31641401773,30,5705.303447,5705.303447,165.5289124,63.22891235,63.22891235,165.5289124,293.2289124,928.462864417
S009,C,0.085,80,rated_payload_limited,7.32,3.57145366019,5.66961266921,5.66961266921,80,5705.303447,5705.303447,165.5289124,63.22891235,63.22891235,165.5289124,293.2289124,966.589168542
S010,A,0.085,25,rated_payload_limited,4.1175,1.82629300362,2.0707297629,2.0707297629,25,4784.674506,4784.674506,307.9365356,84.03653564,84.03653564,307.9365356,435.6365356,1084.89266991
S010,B,0.085,30,rated_payload_limited,3.66,1.46344502735,2.01104041223,2.01104041223,30,4784.674506,4784.674506,307.9365356,84.03653564,84.03653564,307.9365356,435.6365356,925.403519709
S010,C,0.085,80,rated_payload_limited,7.32,3.04807696181,4.85885692633,4.85885692633,80,4784.674506,4784.674506,307.9365356,84.03653564,84.03653564,307.9365356,435.6365356,990.732364916
S011,A,0.085,25,rated_payload_limited,4.1175,1.07737291221,1.21959611273,1.21959611273,25,2808.106412,2808.106412,167.6617554,83.26175537,83.26175537,167.6617554,295.3617554,652.028309898
S011,B,0.085,30,rated_payload_limited,3.66,0.864023964183,1.1839226027,1.1839226027,30,2808.106412,2808.106412,167.6617554,83.26175537,83.26175537,167.6617554,295.3617554,558.424762831
S011,C,0.085,80,rated_payload_limited,7.32,1.79442515305,2.85321027055,2.85321027055,80,2808.106412,2808.106412,167.6617554,83.26175537,83.26175537,167.6617554,295.3617554,600.24534796
S012,A,0.085,25,rated_payload_limited,4.1175,2.77180546523,3.13142055533,3.13142055533,25,7391.140163,7391.140163,285.6009949,133.5009949,133.5009949,285.6009949,413.3009949,1539.19815302
S012,B,0.085,30,rated_payload_limited,3.66,2.21482112408,3.039145538,3.039145538,30,7391.140163,7391.140163,285.6009949,133.5009949,133.5009949,285.6009949,413.3009949,1292.82681425
S012,C,0.085,79.2619862555,energy_limited,7.32,4.65923038872,7.39890429565,7.32,80,7391.140163,7391.140163,285.6009949,133.5009949,133.5009949,285.6009949,413.3009949,1362.67714589
S013,A,0.085,25,rated_payload_limited,4.1175,1.83030762726,2.07421509617,2.07421509617,25,4849.536855,4849.536855,271.4818237,47.48182373,47.48182373,271.4818237,399.1818237,1042.16281728
S013,B,0.085,30,rated_payload_limited,3.66,1.46402243521,2.0144296422,2.0144296422,30,4849.536855,4849.536855,271.4818237,47.48182373,47.48182373,271.4818237,399.1818237,880.511588782
S013,C,0.085,80,rated_payload_limited,7.32,3.06868405411,4.89171403136,4.89171403136,80,4849.536855,4849.536855,271.4818237,47.48182373,47.48182373,271.4818237,399.1818237,933.672196687
S014,A,0.085,25,rated_payload_limited,4.1175,2.13779691217,2.42558723052,2.42558723052,25,5419.5363,5419.5363,464.2473877,240.9473877,240.9473877,464.2473877,591.9473877,1420.39888529
S014,B,0.085,30,rated_payload_limited,3.66,1.72186251244,2.35522053783,2.35522053783,30,5419.5363,5419.5363,464.2473877,240.9473877,240.9473877,464.2473877,591.9473877,1239.74767529
S014,C,0.085,80,rated_payload_limited,7.32,3.52159630022,5.60758666095,5.60758666095,80,5419.5363,5419.5363,464.2473877,240.9473877,240.9473877,464.2473877,591.9473877,1357.28013786
S015,A,0.085,25,rated_payload_limited,4.1175,2.30689938866,2.61934426755,2.61934426755,25,6009.764892,6009.764892,444.0992554,97.29925537,97.29925537,444.0992554,571.7992554,1398.65305656
S015,B,0.085,30,rated_payload_limited,3.66,1.85021799472,2.5445279265,2.5445279265,30,6009.764892,6009.764892,444.0992554,97.29925537,97.29925537,444.0992554,571.7992554,1198.32756016
S015,C,0.085,80,rated_payload_limited,7.32,3.84149604983,6.13326501752,6.13326501752,80,6009.764892,6009.764892,444.0992554,97.29925537,97.29925537,444.0992554,571.7992554,1288.56064529
S001,A,0.09,25,rated_payload_limited,4.095,1.16153051602,1.31271024158,1.31271024158,25,3054.023608,3054.023608,145.3566101,89.05661011,89.05661011,145.3566101,273.0566101,680.906962821
S001,B,0.09,30,rated_payload_limited,3.64,0.930225761055,1.27394097204,1.27394097204,30,3054.023608,3054.023608,145.3566101,89.05661011,89.05661011,145.3566101,273.0566101,579.106175887
S001,C,0.09,80,rated_payload_limited,7.28,1.94139247193,3.08170436114,3.08170436114,80,3054.023608,3054.023608,145.3566101,89.05661011,89.05661011,145.3566101,273.0566101,618.175045922
S002,A,0.09,25,rated_payload_limited,4.095,2.73984663737,3.09050972759,3.09050972759,25,7411.533814,7411.533814,181.2542542,89.45425415,89.45425415,181.2542542,308.9542542,1433.77520846
S002,B,0.09,30,rated_payload_limited,3.64,2.18415452088,2.99882031183,2.99882031183,30,7411.533814,7411.533814,181.2542542,89.45425415,89.45425415,181.2542542,308.9542542,1186.72408132
S002,C,0.09,79.3654631774,energy_limited,7.28,4.6325359292,7.34794754861,7.28,80,7411.533814,7411.533814,181.2542542,89.45425415,89.45425415,181.2542542,308.9542542,1231.84216605
S003,A,0.09,25,rated_payload_limited,4.095,2.7890857722,3.15701804891,3.15701804891,25,7263.826968,7263.826968,434.1041382,223.3041382,223.3041382,434.1041382,561.8041382,1692.73723069
S003,B,0.09,30,rated_payload_limited,3.64,2.23705090717,3.06459015809,3.06459015809,30,7263.826968,7263.826968,434.1041382,223.3041382,223.3041382,434.1041382,561.8041382,1450.60966509
S003,C,0.09,79.0210830426,energy_limited,7.28,4.64390670284,7.38282653444,7.28,80,7263.826968,7263.826968,434.1041382,223.3041382,223.3041382,434.1041382,561.8041382,1560.17771116
S004,A,0.09,25,rated_payload_limited,4.095,2.89394171155,3.26669153411,3.26669153411,25,7714.681646,7714.681646,270.5391663,169.9391663,169.9391663,270.5391663,398.2391663,1608.79771824
S004,B,0.09,30,rated_payload_limited,3.64,2.31251848078,3.16979849246,3.16979849246,30,7714.681646,7714.681646,270.5391663,169.9391663,169.9391663,270.5391663,398.2391663,1351.64166337
S004,C,0.09,75.7630619314,energy_limited,7.28,4.86398606465,7.71524423837,7.28,80,7714.681646,7714.681646,270.5391663,169.9391663,169.9391663,270.5391663,398.2391663,1425.05471881
S005,A,0.09,25,rated_payload_limited,4.095,1.98844309239,2.24486501136,2.24486501136,25,5280.593369,5280.593369,198.7108887,131.4108887,131.4108887,198.7108887,326.4108887,1122.18819826
S005,B,0.09,30,rated_payload_limited,3.64,1.58992547929,2.1782576011,2.1782576011,30,5280.593369,5280.593369,198.7108887,131.4108887,131.4108887,198.7108887,326.4108887,946.168419293
S005,C,0.09,80,rated_payload_limited,7.28,3.33690049967,5.29264281489,5.29264281489,80,5280.593369,5280.593369,198.7108887,131.4108887,131.4108887,198.7108887,326.4108887,1001.18871553
S006,A,0.09,25,rated_payload_limited,4.095,1.22375461487,1.38968260036,1.38968260036,25,3186.198852,3186.198852,238.3978394,51.29783936,51.29783936,238.3978394,366.0978394,743.476639757
S006,B,0.09,30,rated_payload_limited,3.64,0.981585340998,1.35002263401,1.35002263401,30,3186.198852,3186.198852,238.3978394,51.29783936,51.29783936,238.3978394,366.0978394,637.270011357
S006,C,0.09,80,rated_payload_limited,7.28,2.0373511789,3.25327178824,3.25327178824,80,3186.198852,3186.198852,238.3978394,51.29783936,51.29783936,238.3978394,366.0978394,685.552624484
S007,A,0.09,25,rated_payload_limited,4.095,1.77756344482,2.01797249109,2.01797249109,25,4534.717375,4534.717375,384.273175,163.473175,163.473175,384.273175,511.973175,1157.46688583
S007,B,0.09,30,rated_payload_limited,3.64,1.43033692627,1.95981561942,1.95981561942,30,4534.717375,4534.717375,384.273175,163.473175,163.473175,384.273175,511.973175,1006.30964
S007,C,0.09,80,rated_payload_limited,7.28,2.93545326153,4.67961017039,4.67961017039,80,4534.717375,4534.717375,384.273175,163.473175,163.473175,384.273175,511.973175,1097.60069833
S008,A,0.09,25,rated_payload_limited,4.095,3.00043718224,3.38719045973,3.38719045973,25,8079.110449,8079.110449,245.2093323,102.0093323,102.0093323,245.2093323,372.9093323,1601.14542887
S008,B,0.09,30,rated_payload_limited,3.64,2.39370630456,3.28715724997,3.28715724997,30,8079.110449,8079.110449,245.2093323,102.0093323,102.0093323,245.2093323,372.9093323,1331.84174724
S008,C,0.09,72.4106617547,energy_limited,7.28,5.06358632917,8.03799840697,7.28,80,8079.110449,8079.110449,245.2093323,102.0093323,102.0093323,245.2093323,372.9093323,1389.71152467
S009,A,0.09,25,rated_payload_limited,4.095,2.11449348264,2.38688881319,2.38688881319,25,5705.303447,5705.303447,165.5289124,63.22891235,63.22891235,165.5289124,293.2289124,1118.63964598
S009,B,0.09,30,rated_payload_limited,3.64,1.68634349503,2.31641401773,2.31641401773,30,5705.303447,5705.303447,165.5289124,63.22891235,63.22891235,165.5289124,293.2289124,928.462864417
S009,C,0.09,80,rated_payload_limited,7.28,3.57145366019,5.66961266921,5.66961266921,80,5705.303447,5705.303447,165.5289124,63.22891235,63.22891235,165.5289124,293.2289124,966.589168542
S010,A,0.09,25,rated_payload_limited,4.095,1.82629300362,2.0707297629,2.0707297629,25,4784.674506,4784.674506,307.9365356,84.03653564,84.03653564,307.9365356,435.6365356,1084.89266991
S010,B,0.09,30,rated_payload_limited,3.64,1.46344502735,2.01104041223,2.01104041223,30,4784.674506,4784.674506,307.9365356,84.03653564,84.03653564,307.9365356,435.6365356,925.403519709
S010,C,0.09,80,rated_payload_limited,7.28,3.04807696181,4.85885692633,4.85885692633,80,4784.674506,4784.674506,307.9365356,84.03653564,84.03653564,307.9365356,435.6365356,990.732364916
S011,A,0.09,25,rated_payload_limited,4.095,1.07737291221,1.21959611273,1.21959611273,25,2808.106412,2808.106412,167.6617554,83.26175537,83.26175537,167.6617554,295.3617554,652.028309898
S011,B,0.09,30,rated_payload_limited,3.64,0.864023964183,1.1839226027,1.1839226027,30,2808.106412,2808.106412,167.6617554,83.26175537,83.26175537,167.6617554,295.3617554,558.424762831
S011,C,0.09,80,rated_payload_limited,7.28,1.79442515305,2.85321027055,2.85321027055,80,2808.106412,2808.106412,167.6617554,83.26175537,83.26175537,167.6617554,295.3617554,600.24534796
S012,A,0.09,25,rated_payload_limited,4.095,2.77180546523,3.13142055533,3.13142055533,25,7391.140163,7391.140163,285.6009949,133.5009949,133.5009949,285.6009949,413.3009949,1539.19815302
S012,B,0.09,30,rated_payload_limited,3.64,2.21482112408,3.039145538,3.039145538,30,7391.140163,7391.140163,285.6009949,133.5009949,133.5009949,285.6009949,413.3009949,1292.82681425
S012,C,0.09,78.8774518923,energy_limited,7.28,4.65923038872,7.39890429565,7.28,80,7391.140163,7391.140163,285.6009949,133.5009949,133.5009949,285.6009949,413.3009949,1362.67714589
S013,A,0.09,25,rated_payload_limited,4.095,1.83030762726,2.07421509617,2.07421509617,25,4849.536855,4849.536855,271.4818237,47.48182373,47.48182373,271.4818237,399.1818237,1042.16281728
S013,B,0.09,30,rated_payload_limited,3.64,1.46402243521,2.0144296422,2.0144296422,30,4849.536855,4849.536855,271.4818237,47.48182373,47.48182373,271.4818237,399.1818237,880.511588782
S013,C,0.09,80,rated_payload_limited,7.28,3.06868405411,4.89171403136,4.89171403136,80,4849.536855,4849.536855,271.4818237,47.48182373,47.48182373,271.4818237,399.1818237,933.672196687
S014,A,0.09,25,rated_payload_limited,4.095,2.13779691217,2.42558723052,2.42558723052,25,5419.5363,5419.5363,464.2473877,240.9473877,240.9473877,464.2473877,591.9473877,1420.39888529
S014,B,0.09,30,rated_payload_limited,3.64,1.72186251244,2.35522053783,2.35522053783,30,5419.5363,5419.5363,464.2473877,240.9473877,240.9473877,464.2473877,591.9473877,1239.74767529
S014,C,0.09,80,rated_payload_limited,7.28,3.52159630022,5.60758666095,5.60758666095,80,5419.5363,5419.5363,464.2473877,240.9473877,240.9473877,464.2473877,591.9473877,1357.28013786
S015,A,0.09,25,rated_payload_limited,4.095,2.30689938866,2.61934426755,2.61934426755,25,6009.764892,6009.764892,444.0992554,97.29925537,97.29925537,444.0992554,571.7992554,1398.65305656
S015,B,0.09,30,rated_payload_limited,3.64,1.85021799472,2.5445279265,2.5445279265,30,6009.764892,6009.764892,444.0992554,97.29925537,97.29925537,444.0992554,571.7992554,1198.32756016
S015,C,0.09,80,rated_payload_limited,7.28,3.84149604983,6.13326501752,6.13326501752,80,6009.764892,6009.764892,444.0992554,97.29925537,97.29925537,444.0992554,571.7992554,1288.56064529
S001,A,0.095,25,rated_payload_limited,4.0725,1.16153051602,1.31271024158,1.31271024158,25,3054.023608,3054.023608,145.3566101,89.05661011,89.05661011,145.3566101,273.0566101,680.906962821
S001,B,0.095,30,rated_payload_limited,3.62,0.930225761055,1.27394097204,1.27394097204,30,3054.023608,3054.023608,145.3566101,89.05661011,89.05661011,145.3566101,273.0566101,579.106175887
S001,C,0.095,80,rated_payload_limited,7.24,1.94139247193,3.08170436114,3.08170436114,80,3054.023608,3054.023608,145.3566101,89.05661011,89.05661011,145.3566101,273.0566101,618.175045922
S002,A,0.095,25,rated_payload_limited,4.0725,2.73984663737,3.09050972759,3.09050972759,25,7411.533814,7411.533814,181.2542542,89.45425415,89.45425415,181.2542542,308.9542542,1433.77520846
S002,B,0.095,30,rated_payload_limited,3.62,2.18415452088,2.99882031183,2.99882031183,30,7411.533814,7411.533814,181.2542542,89.45425415,89.45425415,181.2542542,308.9542542,1186.72408132
S002,C,0.095,78.9824677963,energy_limited,7.24,4.6325359292,7.34794754861,7.24,80,7411.533814,7411.533814,181.2542542,89.45425415,89.45425415,181.2542542,308.9542542,1231.84216605
S003,A,0.095,25,rated_payload_limited,4.0725,2.7890857722,3.15701804891,3.15701804891,25,7263.826968,7263.826968,434.1041382,223.3041382,223.3041382,434.1041382,561.8041382,1692.73723069
S003,B,0.095,30,rated_payload_limited,3.62,2.23705090717,3.06459015809,3.06459015809,30,7263.826968,7263.826968,434.1041382,223.3041382,223.3041382,434.1041382,561.8041382,1450.60966509
S003,C,0.095,78.6274036018,energy_limited,7.24,4.64390670284,7.38282653444,7.24,80,7263.826968,7263.826968,434.1041382,223.3041382,223.3041382,434.1041382,561.8041382,1560.17771116
S004,A,0.095,25,rated_payload_limited,4.0725,2.89394171155,3.26669153411,3.26669153411,25,7714.681646,7714.681646,270.5391663,169.9391663,169.9391663,270.5391663,398.2391663,1608.79771824
S004,B,0.095,30,rated_payload_limited,3.62,2.31251848078,3.16979849246,3.16979849246,30,7714.681646,7714.681646,270.5391663,169.9391663,169.9391663,270.5391663,398.2391663,1351.64166337
S004,C,0.095,75.3284191526,energy_limited,7.24,4.86398606465,7.71524423837,7.24,80,7714.681646,7714.681646,270.5391663,169.9391663,169.9391663,270.5391663,398.2391663,1425.05471881
S005,A,0.095,25,rated_payload_limited,4.0725,1.98844309239,2.24486501136,2.24486501136,25,5280.593369,5280.593369,198.7108887,131.4108887,131.4108887,198.7108887,326.4108887,1122.18819826
S005,B,0.095,30,rated_payload_limited,3.62,1.58992547929,2.1782576011,2.1782576011,30,5280.593369,5280.593369,198.7108887,131.4108887,131.4108887,198.7108887,326.4108887,946.168419293
S005,C,0.095,80,rated_payload_limited,7.24,3.33690049967,5.29264281489,5.29264281489,80,5280.593369,5280.593369,198.7108887,131.4108887,131.4108887,198.7108887,326.4108887,1001.18871553
S006,A,0.095,25,rated_payload_limited,4.0725,1.22375461487,1.38968260036,1.38968260036,25,3186.198852,3186.198852,238.3978394,51.29783936,51.29783936,238.3978394,366.0978394,743.476639757
S006,B,0.095,30,rated_payload_limited,3.62,0.981585340998,1.35002263401,1.35002263401,30,3186.198852,3186.198852,238.3978394,51.29783936,51.29783936,238.3978394,366.0978394,637.270011357
S006,C,0.095,80,rated_payload_limited,7.24,2.0373511789,3.25327178824,3.25327178824,80,3186.198852,3186.198852,238.3978394,51.29783936,51.29783936,238.3978394,366.0978394,685.552624484
S007,A,0.095,25,rated_payload_limited,4.0725,1.77756344482,2.01797249109,2.01797249109,25,4534.717375,4534.717375,384.273175,163.473175,163.473175,384.273175,511.973175,1157.46688583
S007,B,0.095,30,rated_payload_limited,3.62,1.43033692627,1.95981561942,1.95981561942,30,4534.717375,4534.717375,384.273175,163.473175,163.473175,384.273175,511.973175,1006.30964
S007,C,0.095,80,rated_payload_limited,7.24,2.93545326153,4.67961017039,4.67961017039,80,4534.717375,4534.717375,384.273175,163.473175,163.473175,384.273175,511.973175,1097.60069833
S008,A,0.095,25,rated_payload_limited,4.0725,3.00043718224,3.38719045973,3.38719045973,25,8079.110449,8079.110449,245.2093323,102.0093323,102.0093323,245.2093323,372.9093323,1601.14542887
S008,B,0.095,30,rated_payload_limited,3.62,2.39370630456,3.28715724997,3.28715724997,30,8079.110449,8079.110449,245.2093323,102.0093323,102.0093323,245.2093323,372.9093323,1331.84174724
S008,C,0.095,71.9292952469,energy_limited,7.24,5.06358632917,8.03799840697,7.24,80,8079.110449,8079.110449,245.2093323,102.0093323,102.0093323,245.2093323,372.9093323,1389.71152467
S009,A,0.095,25,rated_payload_limited,4.0725,2.11449348264,2.38688881319,2.38688881319,25,5705.303447,5705.303447,165.5289124,63.22891235,63.22891235,165.5289124,293.2289124,1118.63964598
S009,B,0.095,30,rated_payload_limited,3.62,1.68634349503,2.31641401773,2.31641401773,30,5705.303447,5705.303447,165.5289124,63.22891235,63.22891235,165.5289124,293.2289124,928.462864417
S009,C,0.095,80,rated_payload_limited,7.24,3.57145366019,5.66961266921,5.66961266921,80,5705.303447,5705.303447,165.5289124,63.22891235,63.22891235,165.5289124,293.2289124,966.589168542
S010,A,0.095,25,rated_payload_limited,4.0725,1.82629300362,2.0707297629,2.0707297629,25,4784.674506,4784.674506,307.9365356,84.03653564,84.03653564,307.9365356,435.6365356,1084.89266991
S010,B,0.095,30,rated_payload_limited,3.62,1.46344502735,2.01104041223,2.01104041223,30,4784.674506,4784.674506,307.9365356,84.03653564,84.03653564,307.9365356,435.6365356,925.403519709
S010,C,0.095,80,rated_payload_limited,7.24,3.04807696181,4.85885692633,4.85885692633,80,4784.674506,4784.674506,307.9365356,84.03653564,84.03653564,307.9365356,435.6365356,990.732364916
S011,A,0.095,25,rated_payload_limited,4.0725,1.07737291221,1.21959611273,1.21959611273,25,2808.106412,2808.106412,167.6617554,83.26175537,83.26175537,167.6617554,295.3617554,652.028309898
S011,B,0.095,30,rated_payload_limited,3.62,0.864023964183,1.1839226027,1.1839226027,30,2808.106412,2808.106412,167.6617554,83.26175537,83.26175537,167.6617554,295.3617554,558.424762831
S011,C,0.095,80,rated_payload_limited,7.24,1.79442515305,2.85321027055,2.85321027055,80,2808.106412,2808.106412,167.6617554,83.26175537,83.26175537,167.6617554,295.3617554,600.24534796
S012,A,0.095,25,rated_payload_limited,4.0725,2.77180546523,3.13142055533,3.13142055533,25,7391.140163,7391.140163,285.6009949,133.5009949,133.5009949,285.6009949,413.3009949,1539.19815302
S012,B,0.095,30,rated_payload_limited,3.62,2.21482112408,3.039145538,3.039145538,30,7391.140163,7391.140163,285.6009949,133.5009949,133.5009949,285.6009949,413.3009949,1292.82681425
S012,C,0.095,78.485650797,energy_limited,7.24,4.65923038872,7.39890429565,7.24,80,7391.140163,7391.140163,285.6009949,133.5009949,133.5009949,285.6009949,413.3009949,1362.67714589
S013,A,0.095,25,rated_payload_limited,4.0725,1.83030762726,2.07421509617,2.07421509617,25,4849.536855,4849.536855,271.4818237,47.48182373,47.48182373,271.4818237,399.1818237,1042.16281728
S013,B,0.095,30,rated_payload_limited,3.62,1.46402243521,2.0144296422,2.0144296422,30,4849.536855,4849.536855,271.4818237,47.48182373,47.48182373,271.4818237,399.1818237,880.511588782
S013,C,0.095,80,rated_payload_limited,7.24,3.06868405411,4.89171403136,4.89171403136,80,4849.536855,4849.536855,271.4818237,47.48182373,47.48182373,271.4818237,399.1818237,933.672196687
S014,A,0.095,25,rated_payload_limited,4.0725,2.13779691217,2.42558723052,2.42558723052,25,5419.5363,5419.5363,464.2473877,240.9473877,240.9473877,464.2473877,591.9473877,1420.39888529
S014,B,0.095,30,rated_payload_limited,3.62,1.72186251244,2.35522053783,2.35522053783,30,5419.5363,5419.5363,464.2473877,240.9473877,240.9473877,464.2473877,591.9473877,1239.74767529
S014,C,0.095,80,rated_payload_limited,7.24,3.52159630022,5.60758666095,5.60758666095,80,5419.5363,5419.5363,464.2473877,240.9473877,240.9473877,464.2473877,591.9473877,1357.28013786
S015,A,0.095,25,rated_payload_limited,4.0725,2.30689938866,2.61934426755,2.61934426755,25,6009.764892,6009.764892,444.0992554,97.29925537,97.29925537,444.0992554,571.7992554,1398.65305656
S015,B,0.095,30,rated_payload_limited,3.62,1.85021799472,2.5445279265,2.5445279265,30,6009.764892,6009.764892,444.0992554,97.29925537,97.29925537,444.0992554,571.7992554,1198.32756016
S015,C,0.095,80,rated_payload_limited,7.24,3.84149604983,6.13326501752,6.13326501752,80,6009.764892,6009.764892,444.0992554,97.29925537,97.29925537,444.0992554,571.7992554,1288.56064529
S001,A,0.1,25,rated_payload_limited,4.05,1.16153051602,1.31271024158,1.31271024158,25,3054.023608,3054.023608,145.3566101,89.05661011,89.05661011,145.3566101,273.0566101,680.906962821
S001,B,0.1,30,rated_payload_limited,3.6,0.930225761055,1.27394097204,1.27394097204,30,3054.023608,3054.023608,145.3566101,89.05661011,89.05661011,145.3566101,273.0566101,579.106175887
S001,C,0.1,80,rated_payload_limited,7.2,1.94139247193,3.08170436114,3.08170436114,80,3054.023608,3054.023608,145.3566101,89.05661011,89.05661011,145.3566101,273.0566101,618.175045922
S002,A,0.1,25,rated_payload_limited,4.05,2.73984663737,3.09050972759,3.09050972759,25,7411.533814,7411.533814,181.2542542,89.45425415,89.45425415,181.2542542,308.9542542,1433.77520846
S002,B,0.1,30,rated_payload_limited,3.6,2.18415452088,2.99882031183,2.99882031183,30,7411.533814,7411.533814,181.2542542,89.45425415,89.45425415,181.2542542,308.9542542,1186.72408132
S002,C,0.1,78.592218323,energy_limited,7.2,4.6325359292,7.34794754861,7.2,80,7411.533814,7411.533814,181.2542542,89.45425415,89.45425415,181.2542542,308.9542542,1231.84216605
S003,A,0.1,25,rated_payload_limited,4.05,2.7890857722,3.15701804891,3.15701804891,25,7263.826968,7263.826968,434.1041382,223.3041382,223.3041382,434.1041382,561.8041382,1692.73723069
S003,B,0.1,30,rated_payload_limited,3.6,2.23705090717,3.06459015809,3.06459015809,30,7263.826968,7263.826968,434.1041382,223.3041382,223.3041382,434.1041382,561.8041382,1450.60966509
S003,C,0.1,78.2261928284,energy_limited,7.2,4.64390670284,7.38282653444,7.2,80,7263.826968,7263.826968,434.1041382,223.3041382,223.3041382,434.1041382,561.8041382,1560.17771116
S004,A,0.1,25,rated_payload_limited,4.05,2.89394171155,3.26669153411,3.26669153411,25,7714.681646,7714.681646,270.5391663,169.9391663,169.9391663,270.5391663,398.2391663,1608.79771824
S004,B,0.1,30,rated_payload_limited,3.6,2.31251848078,3.16979849246,3.16979849246,30,7714.681646,7714.681646,270.5391663,169.9391663,169.9391663,270.5391663,398.2391663,1351.64166337
S004,C,0.1,74.8851645825,energy_limited,7.2,4.86398606465,7.71524423837,7.2,80,7714.681646,7714.681646,270.5391663,169.9391663,169.9391663,270.5391663,398.2391663,1425.05471881
S005,A,0.1,25,rated_payload_limited,4.05,1.98844309239,2.24486501136,2.24486501136,25,5280.593369,5280.593369,198.7108887,131.4108887,131.4108887,198.7108887,326.4108887,1122.18819826
S005,B,0.1,30,rated_payload_limited,3.6,1.58992547929,2.1782576011,2.1782576011,30,5280.593369,5280.593369,198.7108887,131.4108887,131.4108887,198.7108887,326.4108887,946.168419293
S005,C,0.1,80,rated_payload_limited,7.2,3.33690049967,5.29264281489,5.29264281489,80,5280.593369,5280.593369,198.7108887,131.4108887,131.4108887,198.7108887,326.4108887,1001.18871553
S006,A,0.1,25,rated_payload_limited,4.05,1.22375461487,1.38968260036,1.38968260036,25,3186.198852,3186.198852,238.3978394,51.29783936,51.29783936,238.3978394,366.0978394,743.476639757
S006,B,0.1,30,rated_payload_limited,3.6,0.981585340998,1.35002263401,1.35002263401,30,3186.198852,3186.198852,238.3978394,51.29783936,51.29783936,238.3978394,366.0978394,637.270011357
S006,C,0.1,80,rated_payload_limited,7.2,2.0373511789,3.25327178824,3.25327178824,80,3186.198852,3186.198852,238.3978394,51.29783936,51.29783936,238.3978394,366.0978394,685.552624484
S007,A,0.1,25,rated_payload_limited,4.05,1.77756344482,2.01797249109,2.01797249109,25,4534.717375,4534.717375,384.273175,163.473175,163.473175,384.273175,511.973175,1157.46688583
S007,B,0.1,30,rated_payload_limited,3.6,1.43033692627,1.95981561942,1.95981561942,30,4534.717375,4534.717375,384.273175,163.473175,163.473175,384.273175,511.973175,1006.30964
S007,C,0.1,80,rated_payload_limited,7.2,2.93545326153,4.67961017039,4.67961017039,80,4534.717375,4534.717375,384.273175,163.473175,163.473175,384.273175,511.973175,1097.60069833
S008,A,0.1,25,rated_payload_limited,4.05,3.00043718224,3.38719045973,3.38719045973,25,8079.110449,8079.110449,245.2093323,102.0093323,102.0093323,245.2093323,372.9093323,1601.14542887
S008,B,0.1,30,rated_payload_limited,3.6,2.39370630456,3.28715724997,3.28715724997,30,8079.110449,8079.110449,245.2093323,102.0093323,102.0093323,245.2093323,372.9093323,1331.84174724
S008,C,0.1,71.4380273882,energy_limited,7.2,5.06358632917,8.03799840697,7.2,80,8079.110449,8079.110449,245.2093323,102.0093323,102.0093323,245.2093323,372.9093323,1389.71152467
S009,A,0.1,25,rated_payload_limited,4.05,2.11449348264,2.38688881319,2.38688881319,25,5705.303447,5705.303447,165.5289124,63.22891235,63.22891235,165.5289124,293.2289124,1118.63964598
S009,B,0.1,30,rated_payload_limited,3.6,1.68634349503,2.31641401773,2.31641401773,30,5705.303447,5705.303447,165.5289124,63.22891235,63.22891235,165.5289124,293.2289124,928.462864417
S009,C,0.1,80,rated_payload_limited,7.2,3.57145366019,5.66961266921,5.66961266921,80,5705.303447,5705.303447,165.5289124,63.22891235,63.22891235,165.5289124,293.2289124,966.589168542
S010,A,0.1,25,rated_payload_limited,4.05,1.82629300362,2.0707297629,2.0707297629,25,4784.674506,4784.674506,307.9365356,84.03653564,84.03653564,307.9365356,435.6365356,1084.89266991
S010,B,0.1,30,rated_payload_limited,3.6,1.46344502735,2.01104041223,2.01104041223,30,4784.674506,4784.674506,307.9365356,84.03653564,84.03653564,307.9365356,435.6365356,925.403519709
S010,C,0.1,80,rated_payload_limited,7.2,3.04807696181,4.85885692633,4.85885692633,80,4784.674506,4784.674506,307.9365356,84.03653564,84.03653564,307.9365356,435.6365356,990.732364916
S011,A,0.1,25,rated_payload_limited,4.05,1.07737291221,1.21959611273,1.21959611273,25,2808.106412,2808.106412,167.6617554,83.26175537,83.26175537,167.6617554,295.3617554,652.028309898
S011,B,0.1,30,rated_payload_limited,3.6,0.864023964183,1.1839226027,1.1839226027,30,2808.106412,2808.106412,167.6617554,83.26175537,83.26175537,167.6617554,295.3617554,558.424762831
S011,C,0.1,80,rated_payload_limited,7.2,1.79442515305,2.85321027055,2.85321027055,80,2808.106412,2808.106412,167.6617554,83.26175537,83.26175537,167.6617554,295.3617554,600.24534796
S012,A,0.1,25,rated_payload_limited,4.05,2.77180546523,3.13142055533,3.13142055533,25,7391.140163,7391.140163,285.6009949,133.5009949,133.5009949,285.6009949,413.3009949,1539.19815302
S012,B,0.1,30,rated_payload_limited,3.6,2.21482112408,3.039145538,3.039145538,30,7391.140163,7391.140163,285.6009949,133.5009949,133.5009949,285.6009949,413.3009949,1292.82681425
S012,C,0.1,78.0863711276,energy_limited,7.2,4.65923038872,7.39890429565,7.2,80,7391.140163,7391.140163,285.6009949,133.5009949,133.5009949,285.6009949,413.3009949,1362.67714589
S013,A,0.1,25,rated_payload_limited,4.05,1.83030762726,2.07421509617,2.07421509617,25,4849.536855,4849.536855,271.4818237,47.48182373,47.48182373,271.4818237,399.1818237,1042.16281728
S013,B,0.1,30,rated_payload_limited,3.6,1.46402243521,2.0144296422,2.0144296422,30,4849.536855,4849.536855,271.4818237,47.48182373,47.48182373,271.4818237,399.1818237,880.511588782
S013,C,0.1,80,rated_payload_limited,7.2,3.06868405411,4.89171403136,4.89171403136,80,4849.536855,4849.536855,271.4818237,47.48182373,47.48182373,271.4818237,399.1818237,933.672196687
S014,A,0.1,25,rated_payload_limited,4.05,2.13779691217,2.42558723052,2.42558723052,25,5419.5363,5419.5363,464.2473877,240.9473877,240.9473877,464.2473877,591.9473877,1420.39888529
S014,B,0.1,30,rated_payload_limited,3.6,1.72186251244,2.35522053783,2.35522053783,30,5419.5363,5419.5363,464.2473877,240.9473877,240.9473877,464.2473877,591.9473877,1239.74767529
S014,C,0.1,80,rated_payload_limited,7.2,3.52159630022,5.60758666095,5.60758666095,80,5419.5363,5419.5363,464.2473877,240.9473877,240.9473877,464.2473877,591.9473877,1357.28013786
S015,A,0.1,25,rated_payload_limited,4.05,2.30689938866,2.61934426755,2.61934426755,25,6009.764892,6009.764892,444.0992554,97.29925537,97.29925537,444.0992554,571.7992554,1398.65305656
S015,B,0.1,30,rated_payload_limited,3.6,1.85021799472,2.5445279265,2.5445279265,30,6009.764892,6009.764892,444.0992554,97.29925537,97.29925537,444.0992554,571.7992554,1198.32756016
S015,C,0.1,80,rated_payload_limited,7.2,3.84149604983,6.13326501752,6.13326501752,80,6009.764892,6009.764892,444.0992554,97.29925537,97.29925537,444.0992554,571.7992554,1288.56064529
S001,A,0.105,25,rated_payload_limited,4.0275,1.16153051602,1.31271024158,1.31271024158,25,3054.023608,3054.023608,145.3566101,89.05661011,89.05661011,145.3566101,273.0566101,680.906962821
S001,B,0.105,30,rated_payload_limited,3.58,0.930225761055,1.27394097204,1.27394097204,30,3054.023608,3054.023608,145.3566101,89.05661011,89.05661011,145.3566101,273.0566101,579.106175887
S001,C,0.105,80,rated_payload_limited,7.16,1.94139247193,3.08170436114,3.08170436114,80,3054.023608,3054.023608,145.3566101,89.05661011,89.05661011,145.3566101,273.0566101,618.175045922
S002,A,0.105,25,rated_payload_limited,4.0275,2.73984663737,3.09050972759,3.09050972759,25,7411.533814,7411.533814,181.2542542,89.45425415,89.45425415,181.2542542,308.9542542,1433.77520846
S002,B,0.105,30,rated_payload_limited,3.58,2.18415452088,2.99882031183,2.99882031183,30,7411.533814,7411.533814,181.2542542,89.45425415,89.45425415,181.2542542,308.9542542,1186.72408132
S002,C,0.105,78.194502019,energy_limited,7.16,4.6325359292,7.34794754861,7.16,80,7411.533814,7411.533814,181.2542542,89.45425415,89.45425415,181.2542542,308.9542542,1231.84216605
S003,A,0.105,25,rated_payload_limited,4.0275,2.7890857722,3.15701804891,3.15701804891,25,7263.826968,7263.826968,434.1041382,223.3041382,223.3041382,434.1041382,561.8041382,1692.73723069
S003,B,0.105,30,rated_payload_limited,3.58,2.23705090717,3.06459015809,3.06459015809,30,7263.826968,7263.826968,434.1041382,223.3041382,223.3041382,434.1041382,561.8041382,1450.60966509
S003,C,0.105,77.8172296348,energy_limited,7.16,4.64390670284,7.38282653444,7.16,80,7263.826968,7263.826968,434.1041382,223.3041382,223.3041382,434.1041382,561.8041382,1560.17771116
S004,A,0.105,25,rated_payload_limited,4.0275,2.89394171155,3.26669153411,3.26669153411,25,7714.681646,7714.681646,270.5391663,169.9391663,169.9391663,270.5391663,398.2391663,1608.79771824
S004,B,0.105,30,rated_payload_limited,3.58,2.31251848078,3.16979849246,3.16979849246,30,7714.681646,7714.681646,270.5391663,169.9391663,169.9391663,270.5391663,398.2391663,1351.64166337
S004,C,0.105,74.4330329423,energy_limited,7.16,4.86398606465,7.71524423837,7.16,80,7714.681646,7714.681646,270.5391663,169.9391663,169.9391663,270.5391663,398.2391663,1425.05471881
S005,A,0.105,25,rated_payload_limited,4.0275,1.98844309239,2.24486501136,2.24486501136,25,5280.593369,5280.593369,198.7108887,131.4108887,131.4108887,198.7108887,326.4108887,1122.18819826
S005,B,0.105,30,rated_payload_limited,3.58,1.58992547929,2.1782576011,2.1782576011,30,5280.593369,5280.593369,198.7108887,131.4108887,131.4108887,198.7108887,326.4108887,946.168419293
S005,C,0.105,80,rated_payload_limited,7.16,3.33690049967,5.29264281489,5.29264281489,80,5280.593369,5280.593369,198.7108887,131.4108887,131.4108887,198.7108887,326.4108887,1001.18871553
S006,A,0.105,25,rated_payload_limited,4.0275,1.22375461487,1.38968260036,1.38968260036,25,3186.198852,3186.198852,238.3978394,51.29783936,51.29783936,238.3978394,366.0978394,743.476639757
S006,B,0.105,30,rated_payload_limited,3.58,0.981585340998,1.35002263401,1.35002263401,30,3186.198852,3186.198852,238.3978394,51.29783936,51.29783936,238.3978394,366.0978394,637.270011357
S006,C,0.105,80,rated_payload_limited,7.16,2.0373511789,3.25327178824,3.25327178824,80,3186.198852,3186.198852,238.3978394,51.29783936,51.29783936,238.3978394,366.0978394,685.552624484
S007,A,0.105,25,rated_payload_limited,4.0275,1.77756344482,2.01797249109,2.01797249109,25,4534.717375,4534.717375,384.273175,163.473175,163.473175,384.273175,511.973175,1157.46688583
S007,B,0.105,30,rated_payload_limited,3.58,1.43033692627,1.95981561942,1.95981561942,30,4534.717375,4534.717375,384.273175,163.473175,163.473175,384.273175,511.973175,1006.30964
S007,C,0.105,80,rated_payload_limited,7.16,2.93545326153,4.67961017039,4.67961017039,80,4534.717375,4534.717375,384.273175,163.473175,163.473175,384.273175,511.973175,1097.60069833
S008,A,0.105,25,rated_payload_limited,4.0275,3.00043718224,3.38719045973,3.38719045973,25,8079.110449,8079.110449,245.2093323,102.0093323,102.0093323,245.2093323,372.9093323,1601.14542887
S008,B,0.105,30,rated_payload_limited,3.58,2.39370630456,3.28715724997,3.28715724997,30,8079.110449,8079.110449,245.2093323,102.0093323,102.0093323,245.2093323,372.9093323,1331.84174724
S008,C,0.105,70.9365384719,energy_limited,7.16,5.06358632917,8.03799840697,7.16,80,8079.110449,8079.110449,245.2093323,102.0093323,102.0093323,245.2093323,372.9093323,1389.71152467
S009,A,0.105,25,rated_payload_limited,4.0275,2.11449348264,2.38688881319,2.38688881319,25,5705.303447,5705.303447,165.5289124,63.22891235,63.22891235,165.5289124,293.2289124,1118.63964598
S009,B,0.105,30,rated_payload_limited,3.58,1.68634349503,2.31641401773,2.31641401773,30,5705.303447,5705.303447,165.5289124,63.22891235,63.22891235,165.5289124,293.2289124,928.462864417
S009,C,0.105,80,rated_payload_limited,7.16,3.57145366019,5.66961266921,5.66961266921,80,5705.303447,5705.303447,165.5289124,63.22891235,63.22891235,165.5289124,293.2289124,966.589168542
S010,A,0.105,25,rated_payload_limited,4.0275,1.82629300362,2.0707297629,2.0707297629,25,4784.674506,4784.674506,307.9365356,84.03653564,84.03653564,307.9365356,435.6365356,1084.89266991
S010,B,0.105,30,rated_payload_limited,3.58,1.46344502735,2.01104041223,2.01104041223,30,4784.674506,4784.674506,307.9365356,84.03653564,84.03653564,307.9365356,435.6365356,925.403519709
S010,C,0.105,80,rated_payload_limited,7.16,3.04807696181,4.85885692633,4.85885692633,80,4784.674506,4784.674506,307.9365356,84.03653564,84.03653564,307.9365356,435.6365356,990.732364916
S011,A,0.105,25,rated_payload_limited,4.0275,1.07737291221,1.21959611273,1.21959611273,25,2808.106412,2808.106412,167.6617554,83.26175537,83.26175537,167.6617554,295.3617554,652.028309898
S011,B,0.105,30,rated_payload_limited,3.58,0.864023964183,1.1839226027,1.1839226027,30,2808.106412,2808.106412,167.6617554,83.26175537,83.26175537,167.6617554,295.3617554,558.424762831
S011,C,0.105,80,rated_payload_limited,7.16,1.79442515305,2.85321027055,2.85321027055,80,2808.106412,2808.106412,167.6617554,83.26175537,83.26175537,167.6617554,295.3617554,600.24534796
S012,A,0.105,25,rated_payload_limited,4.0275,2.77180546523,3.13142055533,3.13142055533,25,7391.140163,7391.140163,285.6009949,133.5009949,133.5009949,285.6009949,413.3009949,1539.19815302
S012,B,0.105,30,rated_payload_limited,3.58,2.21482112408,3.039145538,3.039145538,30,7391.140163,7391.140163,285.6009949,133.5009949,133.5009949,285.6009949,413.3009949,1292.82681425
S012,C,0.105,77.6793925148,energy_limited,7.16,4.65923038872,7.39890429565,7.16,80,7391.140163,7391.140163,285.6009949,133.5009949,133.5009949,285.6009949,413.3009949,1362.67714589
S013,A,0.105,25,rated_payload_limited,4.0275,1.83030762726,2.07421509617,2.07421509617,25,4849.536855,4849.536855,271.4818237,47.48182373,47.48182373,271.4818237,399.1818237,1042.16281728
S013,B,0.105,30,rated_payload_limited,3.58,1.46402243521,2.0144296422,2.0144296422,30,4849.536855,4849.536855,271.4818237,47.48182373,47.48182373,271.4818237,399.1818237,880.511588782
S013,C,0.105,80,rated_payload_limited,7.16,3.06868405411,4.89171403136,4.89171403136,80,4849.536855,4849.536855,271.4818237,47.48182373,47.48182373,271.4818237,399.1818237,933.672196687
S014,A,0.105,25,rated_payload_limited,4.0275,2.13779691217,2.42558723052,2.42558723052,25,5419.5363,5419.5363,464.2473877,240.9473877,240.9473877,464.2473877,591.9473877,1420.39888529
S014,B,0.105,30,rated_payload_limited,3.58,1.72186251244,2.35522053783,2.35522053783,30,5419.5363,5419.5363,464.2473877,240.9473877,240.9473877,464.2473877,591.9473877,1239.74767529
S014,C,0.105,80,rated_payload_limited,7.16,3.52159630022,5.60758666095,5.60758666095,80,5419.5363,5419.5363,464.2473877,240.9473877,240.9473877,464.2473877,591.9473877,1357.28013786
S015,A,0.105,25,rated_payload_limited,4.0275,2.30689938866,2.61934426755,2.61934426755,25,6009.764892,6009.764892,444.0992554,97.29925537,97.29925537,444.0992554,571.7992554,1398.65305656
S015,B,0.105,30,rated_payload_limited,3.58,1.85021799472,2.5445279265,2.5445279265,30,6009.764892,6009.764892,444.0992554,97.29925537,97.29925537,444.0992554,571.7992554,1198.32756016
S015,C,0.105,80,rated_payload_limited,7.16,3.84149604983,6.13326501752,6.13326501752,80,6009.764892,6009.764892,444.0992554,97.29925537,97.29925537,444.0992554,571.7992554,1288.56064529
S001,A,0.11,25,rated_payload_limited,4.005,1.16153051602,1.31271024158,1.31271024158,25,3054.023608,3054.023608,145.3566101,89.05661011,89.05661011,145.3566101,273.0566101,680.906962821
S001,B,0.11,30,rated_payload_limited,3.56,0.930225761055,1.27394097204,1.27394097204,30,3054.023608,3054.023608,145.3566101,89.05661011,89.05661011,145.3566101,273.0566101,579.106175887
S001,C,0.11,80,rated_payload_limited,7.12,1.94139247193,3.08170436114,3.08170436114,80,3054.023608,3054.023608,145.3566101,89.05661011,89.05661011,145.3566101,273.0566101,618.175045922
S002,A,0.11,25,rated_payload_limited,4.005,2.73984663737,3.09050972759,3.09050972759,25,7411.533814,7411.533814,181.2542542,89.45425415,89.45425415,181.2542542,308.9542542,1433.77520846
S002,B,0.11,30,rated_payload_limited,3.56,2.18415452088,2.99882031183,2.99882031183,30,7411.533814,7411.533814,181.2542542,89.45425415,89.45425415,181.2542542,308.9542542,1186.72408132
S002,C,0.11,77.7890975028,energy_limited,7.12,4.6325359292,7.34794754861,7.12,80,7411.533814,7411.533814,181.2542542,89.45425415,89.45425415,181.2542542,308.9542542,1231.84216605
S003,A,0.11,25,rated_payload_limited,4.005,2.7890857722,3.15701804891,3.15701804891,25,7263.826968,7263.826968,434.1041382,223.3041382,223.3041382,434.1041382,561.8041382,1692.73723069
S003,B,0.11,30,rated_payload_limited,3.56,2.23705090717,3.06459015809,3.06459015809,30,7263.826968,7263.826968,434.1041382,223.3041382,223.3041382,434.1041382,561.8041382,1450.60966509
S003,C,0.11,77.4002840147,energy_limited,7.12,4.64390670284,7.38282653444,7.12,80,7263.826968,7263.826968,434.1041382,223.3041382,223.3041382,434.1041382,561.8041382,1560.17771116
S004,A,0.11,25,rated_payload_limited,4.005,2.89394171155,3.26669153411,3.26669153411,25,7714.681646,7714.681646,270.5391663,169.9391663,169.9391663,270.5391663,398.2391663,1608.79771824
S004,B,0.11,30,rated_payload_limited,3.56,2.31251848078,3.16979849246,3.16979849246,30,7714.681646,7714.681646,270.5391663,169.9391663,169.9391663,270.5391663,398.2391663,1351.64166337
S004,C,0.11,73.9717475543,energy_limited,7.12,4.86398606465,7.71524423837,7.12,80,7714.681646,7714.681646,270.5391663,169.9391663,169.9391663,270.5391663,398.2391663,1425.05471881
S005,A,0.11,25,rated_payload_limited,4.005,1.98844309239,2.24486501136,2.24486501136,25,5280.593369,5280.593369,198.7108887,131.4108887,131.4108887,198.7108887,326.4108887,1122.18819826
S005,B,0.11,30,rated_payload_limited,3.56,1.58992547929,2.1782576011,2.1782576011,30,5280.593369,5280.593369,198.7108887,131.4108887,131.4108887,198.7108887,326.4108887,946.168419293
S005,C,0.11,80,rated_payload_limited,7.12,3.33690049967,5.29264281489,5.29264281489,80,5280.593369,5280.593369,198.7108887,131.4108887,131.4108887,198.7108887,326.4108887,1001.18871553
S006,A,0.11,25,rated_payload_limited,4.005,1.22375461487,1.38968260036,1.38968260036,25,3186.198852,3186.198852,238.3978394,51.29783936,51.29783936,238.3978394,366.0978394,743.476639757
S006,B,0.11,30,rated_payload_limited,3.56,0.981585340998,1.35002263401,1.35002263401,30,3186.198852,3186.198852,238.3978394,51.29783936,51.29783936,238.3978394,366.0978394,637.270011357
S006,C,0.11,80,rated_payload_limited,7.12,2.0373511789,3.25327178824,3.25327178824,80,3186.198852,3186.198852,238.3978394,51.29783936,51.29783936,238.3978394,366.0978394,685.552624484
S007,A,0.11,25,rated_payload_limited,4.005,1.77756344482,2.01797249109,2.01797249109,25,4534.717375,4534.717375,384.273175,163.473175,163.473175,384.273175,511.973175,1157.46688583
S007,B,0.11,30,rated_payload_limited,3.56,1.43033692627,1.95981561942,1.95981561942,30,4534.717375,4534.717375,384.273175,163.473175,163.473175,384.273175,511.973175,1006.30964
S007,C,0.11,80,rated_payload_limited,7.12,2.93545326153,4.67961017039,4.67961017039,80,4534.717375,4534.717375,384.273175,163.473175,163.473175,384.273175,511.973175,1097.60069833
S008,A,0.11,25,rated_payload_limited,4.005,3.00043718224,3.38719045973,3.38719045973,25,8079.110449,8079.110449,245.2093323,102.0093323,102.0093323,245.2093323,372.9093323,1601.14542887
S008,B,0.11,30,rated_payload_limited,3.56,2.39370630456,3.28715724997,3.28715724997,30,8079.110449,8079.110449,245.2093323,102.0093323,102.0093323,245.2093323,372.9093323,1331.84174724
S008,C,0.11,70.4244942138,energy_limited,7.12,5.06358632917,8.03799840697,7.12,80,8079.110449,8079.110449,245.2093323,102.0093323,102.0093323,245.2093323,372.9093323,1389.71152467
S009,A,0.11,25,rated_payload_limited,4.005,2.11449348264,2.38688881319,2.38688881319,25,5705.303447,5705.303447,165.5289124,63.22891235,63.22891235,165.5289124,293.2289124,1118.63964598
S009,B,0.11,30,rated_payload_limited,3.56,1.68634349503,2.31641401773,2.31641401773,30,5705.303447,5705.303447,165.5289124,63.22891235,63.22891235,165.5289124,293.2289124,928.462864417
S009,C,0.11,80,rated_payload_limited,7.12,3.57145366019,5.66961266921,5.66961266921,80,5705.303447,5705.303447,165.5289124,63.22891235,63.22891235,165.5289124,293.2289124,966.589168542
S010,A,0.11,25,rated_payload_limited,4.005,1.82629300362,2.0707297629,2.0707297629,25,4784.674506,4784.674506,307.9365356,84.03653564,84.03653564,307.9365356,435.6365356,1084.89266991
S010,B,0.11,30,rated_payload_limited,3.56,1.46344502735,2.01104041223,2.01104041223,30,4784.674506,4784.674506,307.9365356,84.03653564,84.03653564,307.9365356,435.6365356,925.403519709
S010,C,0.11,80,rated_payload_limited,7.12,3.04807696181,4.85885692633,4.85885692633,80,4784.674506,4784.674506,307.9365356,84.03653564,84.03653564,307.9365356,435.6365356,990.732364916
S011,A,0.11,25,rated_payload_limited,4.005,1.07737291221,1.21959611273,1.21959611273,25,2808.106412,2808.106412,167.6617554,83.26175537,83.26175537,167.6617554,295.3617554,652.028309898
S011,B,0.11,30,rated_payload_limited,3.56,0.864023964183,1.1839226027,1.1839226027,30,2808.106412,2808.106412,167.6617554,83.26175537,83.26175537,167.6617554,295.3617554,558.424762831
S011,C,0.11,80,rated_payload_limited,7.12,1.79442515305,2.85321027055,2.85321027055,80,2808.106412,2808.106412,167.6617554,83.26175537,83.26175537,167.6617554,295.3617554,600.24534796
S012,A,0.11,25,rated_payload_limited,4.005,2.77180546523,3.13142055533,3.13142055533,25,7391.140163,7391.140163,285.6009949,133.5009949,133.5009949,285.6009949,413.3009949,1539.19815302
S012,B,0.11,30,rated_payload_limited,3.56,2.21482112408,3.039145538,3.039145538,30,7391.140163,7391.140163,285.6009949,133.5009949,133.5009949,285.6009949,413.3009949,1292.82681425
S012,C,0.11,77.2644856142,energy_limited,7.12,4.65923038872,7.39890429565,7.12,80,7391.140163,7391.140163,285.6009949,133.5009949,133.5009949,285.6009949,413.3009949,1362.67714589
S013,A,0.11,25,rated_payload_limited,4.005,1.83030762726,2.07421509617,2.07421509617,25,4849.536855,4849.536855,271.4818237,47.48182373,47.48182373,271.4818237,399.1818237,1042.16281728
S013,B,0.11,30,rated_payload_limited,3.56,1.46402243521,2.0144296422,2.0144296422,30,4849.536855,4849.536855,271.4818237,47.48182373,47.48182373,271.4818237,399.1818237,880.511588782
S013,C,0.11,80,rated_payload_limited,7.12,3.06868405411,4.89171403136,4.89171403136,80,4849.536855,4849.536855,271.4818237,47.48182373,47.48182373,271.4818237,399.1818237,933.672196687
S014,A,0.11,25,rated_payload_limited,4.005,2.13779691217,2.42558723052,2.42558723052,25,5419.5363,5419.5363,464.2473877,240.9473877,240.9473877,464.2473877,591.9473877,1420.39888529
S014,B,0.11,30,rated_payload_limited,3.56,1.72186251244,2.35522053783,2.35522053783,30,5419.5363,5419.5363,464.2473877,240.9473877,240.9473877,464.2473877,591.9473877,1239.74767529
S014,C,0.11,80,rated_payload_limited,7.12,3.52159630022,5.60758666095,5.60758666095,80,5419.5363,5419.5363,464.2473877,240.9473877,240.9473877,464.2473877,591.9473877,1357.28013786
S015,A,0.11,25,rated_payload_limited,4.005,2.30689938866,2.61934426755,2.61934426755,25,6009.764892,6009.764892,444.0992554,97.29925537,97.29925537,444.0992554,571.7992554,1398.65305656
S015,B,0.11,30,rated_payload_limited,3.56,1.85021799472,2.5445279265,2.5445279265,30,6009.764892,6009.764892,444.0992554,97.29925537,97.29925537,444.0992554,571.7992554,1198.32756016
S015,C,0.11,80,rated_payload_limited,7.12,3.84149604983,6.13326501752,6.13326501752,80,6009.764892,6009.764892,444.0992554,97.29925537,97.29925537,444.0992554,571.7992554,1288.56064529
S001,A,0.115,25,rated_payload_limited,3.9825,1.16153051602,1.31271024158,1.31271024158,25,3054.023608,3054.023608,145.3566101,89.05661011,89.05661011,145.3566101,273.0566101,680.906962821
S001,B,0.115,30,rated_payload_limited,3.54,0.930225761055,1.27394097204,1.27394097204,30,3054.023608,3054.023608,145.3566101,89.05661011,89.05661011,145.3566101,273.0566101,579.106175887
S001,C,0.115,80,rated_payload_limited,7.08,1.94139247193,3.08170436114,3.08170436114,80,3054.023608,3054.023608,145.3566101,89.05661011,89.05661011,145.3566101,273.0566101,618.175045922
S002,A,0.115,25,rated_payload_limited,3.9825,2.73984663737,3.09050972759,3.09050972759,25,7411.533814,7411.533814,181.2542542,89.45425415,89.45425415,181.2542542,308.9542542,1433.77520846
S002,B,0.115,30,rated_payload_limited,3.54,2.18415452088,2.99882031183,2.99882031183,30,7411.533814,7411.533814,181.2542542,89.45425415,89.45425415,181.2542542,308.9542542,1186.72408132
S002,C,0.115,77.3757742905,energy_limited,7.08,4.6325359292,7.34794754861,7.08,80,7411.533814,7411.533814,181.2542542,89.45425415,89.45425415,181.2542542,308.9542542,1231.84216605
S003,A,0.115,25,rated_payload_limited,3.9825,2.7890857722,3.15701804891,3.15701804891,25,7263.826968,7263.826968,434.1041382,223.3041382,223.3041382,434.1041382,561.8041382,1692.73723069
S003,B,0.115,30,rated_payload_limited,3.54,2.23705090717,3.06459015809,3.06459015809,30,7263.826968,7263.826968,434.1041382,223.3041382,223.3041382,434.1041382,561.8041382,1450.60966509
S003,C,0.115,76.9751165746,energy_limited,7.08,4.64390670284,7.38282653444,7.08,80,7263.826968,7263.826968,434.1041382,223.3041382,223.3041382,434.1041382,561.8041382,1560.17771116
S004,A,0.115,25,rated_payload_limited,3.9825,2.89394171155,3.26669153411,3.26669153411,25,7714.681646,7714.681646,270.5391663,169.9391663,169.9391663,270.5391663,398.2391663,1608.79771824
S004,B,0.115,30,rated_payload_limited,3.54,2.31251848078,3.16979849246,3.16979849246,30,7714.681646,7714.681646,270.5391663,169.9391663,169.9391663,270.5391663,398.2391663,1351.64166337
S004,C,0.115,73.5010196953,energy_limited,7.08,4.86398606465,7.71524423837,7.08,80,7714.681646,7714.681646,270.5391663,169.9391663,169.9391663,270.5391663,398.2391663,1425.05471881
S005,A,0.115,25,rated_payload_limited,3.9825,1.98844309239,2.24486501136,2.24486501136,25,5280.593369,5280.593369,198.7108887,131.4108887,131.4108887,198.7108887,326.4108887,1122.18819826
S005,B,0.115,30,rated_payload_limited,3.54,1.58992547929,2.1782576011,2.1782576011,30,5280.593369,5280.593369,198.7108887,131.4108887,131.4108887,198.7108887,326.4108887,946.168419293
S005,C,0.115,80,rated_payload_limited,7.08,3.33690049967,5.29264281489,5.29264281489,80,5280.593369,5280.593369,198.7108887,131.4108887,131.4108887,198.7108887,326.4108887,1001.18871553
S006,A,0.115,25,rated_payload_limited,3.9825,1.22375461487,1.38968260036,1.38968260036,25,3186.198852,3186.198852,238.3978394,51.29783936,51.29783936,238.3978394,366.0978394,743.476639757
S006,B,0.115,30,rated_payload_limited,3.54,0.981585340998,1.35002263401,1.35002263401,30,3186.198852,3186.198852,238.3978394,51.29783936,51.29783936,238.3978394,366.0978394,637.270011357
S006,C,0.115,80,rated_payload_limited,7.08,2.0373511789,3.25327178824,3.25327178824,80,3186.198852,3186.198852,238.3978394,51.29783936,51.29783936,238.3978394,366.0978394,685.552624484
S007,A,0.115,25,rated_payload_limited,3.9825,1.77756344482,2.01797249109,2.01797249109,25,4534.717375,4534.717375,384.273175,163.473175,163.473175,384.273175,511.973175,1157.46688583
S007,B,0.115,30,rated_payload_limited,3.54,1.43033692627,1.95981561942,1.95981561942,30,4534.717375,4534.717375,384.273175,163.473175,163.473175,384.273175,511.973175,1006.30964
S007,C,0.115,80,rated_payload_limited,7.08,2.93545326153,4.67961017039,4.67961017039,80,4534.717375,4534.717375,384.273175,163.473175,163.473175,384.273175,511.973175,1097.60069833
S008,A,0.115,25,rated_payload_limited,3.9825,3.00043718224,3.38719045973,3.38719045973,25,8079.110449,8079.110449,245.2093323,102.0093323,102.0093323,245.2093323,372.9093323,1601.14542887
S008,B,0.115,30,rated_payload_limited,3.54,2.39370630456,3.28715724997,3.28715724997,30,8079.110449,8079.110449,245.2093323,102.0093323,102.0093323,245.2093323,372.9093323,1331.84174724
S008,C,0.115,69.9015448619,energy_limited,7.08,5.06358632917,8.03799840697,7.08,80,8079.110449,8079.110449,245.2093323,102.0093323,102.0093323,245.2093323,372.9093323,1389.71152467
S009,A,0.115,25,rated_payload_limited,3.9825,2.11449348264,2.38688881319,2.38688881319,25,5705.303447,5705.303447,165.5289124,63.22891235,63.22891235,165.5289124,293.2289124,1118.63964598
S009,B,0.115,30,rated_payload_limited,3.54,1.68634349503,2.31641401773,2.31641401773,30,5705.303447,5705.303447,165.5289124,63.22891235,63.22891235,165.5289124,293.2289124,928.462864417
S009,C,0.115,80,rated_payload_limited,7.08,3.57145366019,5.66961266921,5.66961266921,80,5705.303447,5705.303447,165.5289124,63.22891235,63.22891235,165.5289124,293.2289124,966.589168542
S010,A,0.115,25,rated_payload_limited,3.9825,1.82629300362,2.0707297629,2.0707297629,25,4784.674506,4784.674506,307.9365356,84.03653564,84.03653564,307.9365356,435.6365356,1084.89266991
S010,B,0.115,30,rated_payload_limited,3.54,1.46344502735,2.01104041223,2.01104041223,30,4784.674506,4784.674506,307.9365356,84.03653564,84.03653564,307.9365356,435.6365356,925.403519709
S010,C,0.115,80,rated_payload_limited,7.08,3.04807696181,4.85885692633,4.85885692633,80,4784.674506,4784.674506,307.9365356,84.03653564,84.03653564,307.9365356,435.6365356,990.732364916
S011,A,0.115,25,rated_payload_limited,3.9825,1.07737291221,1.21959611273,1.21959611273,25,2808.106412,2808.106412,167.6617554,83.26175537,83.26175537,167.6617554,295.3617554,652.028309898
S011,B,0.115,30,rated_payload_limited,3.54,0.864023964183,1.1839226027,1.1839226027,30,2808.106412,2808.106412,167.6617554,83.26175537,83.26175537,167.6617554,295.3617554,558.424762831
S011,C,0.115,80,rated_payload_limited,7.08,1.79442515305,2.85321027055,2.85321027055,80,2808.106412,2808.106412,167.6617554,83.26175537,83.26175537,167.6617554,295.3617554,600.24534796
S012,A,0.115,25,rated_payload_limited,3.9825,2.77180546523,3.13142055533,3.13142055533,25,7391.140163,7391.140163,285.6009949,133.5009949,133.5009949,285.6009949,413.3009949,1539.19815302
S012,B,0.115,30,rated_payload_limited,3.54,2.21482112408,3.039145538,3.039145538,30,7391.140163,7391.140163,285.6009949,133.5009949,133.5009949,285.6009949,413.3009949,1292.82681425
S012,C,0.115,76.8414116295,energy_limited,7.08,4.65923038872,7.39890429565,7.08,80,7391.140163,7391.140163,285.6009949,133.5009949,133.5009949,285.6009949,413.3009949,1362.67714589
S013,A,0.115,25,rated_payload_limited,3.9825,1.83030762726,2.07421509617,2.07421509617,25,4849.536855,4849.536855,271.4818237,47.48182373,47.48182373,271.4818237,399.1818237,1042.16281728
S013,B,0.115,30,rated_payload_limited,3.54,1.46402243521,2.0144296422,2.0144296422,30,4849.536855,4849.536855,271.4818237,47.48182373,47.48182373,271.4818237,399.1818237,880.511588782
S013,C,0.115,80,rated_payload_limited,7.08,3.06868405411,4.89171403136,4.89171403136,80,4849.536855,4849.536855,271.4818237,47.48182373,47.48182373,271.4818237,399.1818237,933.672196687
S014,A,0.115,25,rated_payload_limited,3.9825,2.13779691217,2.42558723052,2.42558723052,25,5419.5363,5419.5363,464.2473877,240.9473877,240.9473877,464.2473877,591.9473877,1420.39888529
S014,B,0.115,30,rated_payload_limited,3.54,1.72186251244,2.35522053783,2.35522053783,30,5419.5363,5419.5363,464.2473877,240.9473877,240.9473877,464.2473877,591.9473877,1239.74767529
S014,C,0.115,80,rated_payload_limited,7.08,3.52159630022,5.60758666095,5.60758666095,80,5419.5363,5419.5363,464.2473877,240.9473877,240.9473877,464.2473877,591.9473877,1357.28013786
S015,A,0.115,25,rated_payload_limited,3.9825,2.30689938866,2.61934426755,2.61934426755,25,6009.764892,6009.764892,444.0992554,97.29925537,97.29925537,444.0992554,571.7992554,1398.65305656
S015,B,0.115,30,rated_payload_limited,3.54,1.85021799472,2.5445279265,2.5445279265,30,6009.764892,6009.764892,444.0992554,97.29925537,97.29925537,444.0992554,571.7992554,1198.32756016
S015,C,0.115,80,rated_payload_limited,7.08,3.84149604983,6.13326501752,6.13326501752,80,6009.764892,6009.764892,444.0992554,97.29925537,97.29925537,444.0992554,571.7992554,1288.56064529
S001,A,0.12,25,rated_payload_limited,3.96,1.16153051602,1.31271024158,1.31271024158,25,3054.023608,3054.023608,145.3566101,89.05661011,89.05661011,145.3566101,273.0566101,680.906962821
S001,B,0.12,30,rated_payload_limited,3.52,0.930225761055,1.27394097204,1.27394097204,30,3054.023608,3054.023608,145.3566101,89.05661011,89.05661011,145.3566101,273.0566101,579.106175887
S001,C,0.12,80,rated_payload_limited,7.04,1.94139247193,3.08170436114,3.08170436114,80,3054.023608,3054.023608,145.3566101,89.05661011,89.05661011,145.3566101,273.0566101,618.175045922
S002,A,0.12,25,rated_payload_limited,3.96,2.73984663737,3.09050972759,3.09050972759,25,7411.533814,7411.533814,181.2542542,89.45425415,89.45425415,181.2542542,308.9542542,1433.77520846
S002,B,0.12,30,rated_payload_limited,3.52,2.18415452088,2.99882031183,2.99882031183,30,7411.533814,7411.533814,181.2542542,89.45425415,89.45425415,181.2542542,308.9542542,1186.72408132
S002,C,0.12,76.954292306,energy_limited,7.04,4.6325359292,7.34794754861,7.04,80,7411.533814,7411.533814,181.2542542,89.45425415,89.45425415,181.2542542,308.9542542,1231.84216605
S003,A,0.12,25,rated_payload_limited,3.96,2.7890857722,3.15701804891,3.15701804891,25,7263.826968,7263.826968,434.1041382,223.3041382,223.3041382,434.1041382,561.8041382,1692.73723069
S003,B,0.12,30,rated_payload_limited,3.52,2.23705090717,3.06459015809,3.06459015809,30,7263.826968,7263.826968,434.1041382,223.3041382,223.3041382,434.1041382,561.8041382,1450.60966509
S003,C,0.12,76.5414780366,energy_limited,7.04,4.64390670284,7.38282653444,7.04,80,7263.826968,7263.826968,434.1041382,223.3041382,223.3041382,434.1041382,561.8041382,1560.17771116
S004,A,0.12,25,rated_payload_limited,3.96,2.89394171155,3.26669153411,3.26669153411,25,7714.681646,7714.681646,270.5391663,169.9391663,169.9391663,270.5391663,398.2391663,1608.79771824
S004,B,0.12,30,rated_payload_limited,3.52,2.31251848078,3.16979849246,3.16979849246,30,7714.681646,7714.681646,270.5391663,169.9391663,169.9391663,270.5391663,398.2391663,1351.64166337
S004,C,0.12,73.0205479032,energy_limited,7.04,4.86398606465,7.71524423837,7.04,80,7714.681646,7714.681646,270.5391663,169.9391663,169.9391663,270.5391663,398.2391663,1425.05471881
S005,A,0.12,25,rated_payload_limited,3.96,1.98844309239,2.24486501136,2.24486501136,25,5280.593369,5280.593369,198.7108887,131.4108887,131.4108887,198.7108887,326.4108887,1122.18819826
S005,B,0.12,30,rated_payload_limited,3.52,1.58992547929,2.1782576011,2.1782576011,30,5280.593369,5280.593369,198.7108887,131.4108887,131.4108887,198.7108887,326.4108887,946.168419293
S005,C,0.12,80,rated_payload_limited,7.04,3.33690049967,5.29264281489,5.29264281489,80,5280.593369,5280.593369,198.7108887,131.4108887,131.4108887,198.7108887,326.4108887,1001.18871553
S006,A,0.12,25,rated_payload_limited,3.96,1.22375461487,1.38968260036,1.38968260036,25,3186.198852,3186.198852,238.3978394,51.29783936,51.29783936,238.3978394,366.0978394,743.476639757
S006,B,0.12,30,rated_payload_limited,3.52,0.981585340998,1.35002263401,1.35002263401,30,3186.198852,3186.198852,238.3978394,51.29783936,51.29783936,238.3978394,366.0978394,637.270011357
S006,C,0.12,80,rated_payload_limited,7.04,2.0373511789,3.25327178824,3.25327178824,80,3186.198852,3186.198852,238.3978394,51.29783936,51.29783936,238.3978394,366.0978394,685.552624484
S007,A,0.12,25,rated_payload_limited,3.96,1.77756344482,2.01797249109,2.01797249109,25,4534.717375,4534.717375,384.273175,163.473175,163.473175,384.273175,511.973175,1157.46688583
S007,B,0.12,30,rated_payload_limited,3.52,1.43033692627,1.95981561942,1.95981561942,30,4534.717375,4534.717375,384.273175,163.473175,163.473175,384.273175,511.973175,1006.30964
S007,C,0.12,80,rated_payload_limited,7.04,2.93545326153,4.67961017039,4.67961017039,80,4534.717375,4534.717375,384.273175,163.473175,163.473175,384.273175,511.973175,1097.60069833
S008,A,0.12,25,rated_payload_limited,3.96,3.00043718224,3.38719045973,3.38719045973,25,8079.110449,8079.110449,245.2093323,102.0093323,102.0093323,245.2093323,372.9093323,1601.14542887
S008,B,0.12,30,rated_payload_limited,3.52,2.39370630456,3.28715724997,3.28715724997,30,8079.110449,8079.110449,245.2093323,102.0093323,102.0093323,245.2093323,372.9093323,1331.84174724
S008,C,0.12,69.3673242364,energy_limited,7.04,5.06358632917,8.03799840697,7.04,80,8079.110449,8079.110449,245.2093323,102.0093323,102.0093323,245.2093323,372.9093323,1389.71152467
S009,A,0.12,25,rated_payload_limited,3.96,2.11449348264,2.38688881319,2.38688881319,25,5705.303447,5705.303447,165.5289124,63.22891235,63.22891235,165.5289124,293.2289124,1118.63964598
S009,B,0.12,30,rated_payload_limited,3.52,1.68634349503,2.31641401773,2.31641401773,30,5705.303447,5705.303447,165.5289124,63.22891235,63.22891235,165.5289124,293.2289124,928.462864417
S009,C,0.12,80,rated_payload_limited,7.04,3.57145366019,5.66961266921,5.66961266921,80,5705.303447,5705.303447,165.5289124,63.22891235,63.22891235,165.5289124,293.2289124,966.589168542
S010,A,0.12,25,rated_payload_limited,3.96,1.82629300362,2.0707297629,2.0707297629,25,4784.674506,4784.674506,307.9365356,84.03653564,84.03653564,307.9365356,435.6365356,1084.89266991
S010,B,0.12,30,rated_payload_limited,3.52,1.46344502735,2.01104041223,2.01104041223,30,4784.674506,4784.674506,307.9365356,84.03653564,84.03653564,307.9365356,435.6365356,925.403519709
S010,C,0.12,80,rated_payload_limited,7.04,3.04807696181,4.85885692633,4.85885692633,80,4784.674506,4784.674506,307.9365356,84.03653564,84.03653564,307.9365356,435.6365356,990.732364916
S011,A,0.12,25,rated_payload_limited,3.96,1.07737291221,1.21959611273,1.21959611273,25,2808.106412,2808.106412,167.6617554,83.26175537,83.26175537,167.6617554,295.3617554,652.028309898
S011,B,0.12,30,rated_payload_limited,3.52,0.864023964183,1.1839226027,1.1839226027,30,2808.106412,2808.106412,167.6617554,83.26175537,83.26175537,167.6617554,295.3617554,558.424762831
S011,C,0.12,80,rated_payload_limited,7.04,1.79442515305,2.85321027055,2.85321027055,80,2808.106412,2808.106412,167.6617554,83.26175537,83.26175537,167.6617554,295.3617554,600.24534796
S012,A,0.12,25,rated_payload_limited,3.96,2.77180546523,3.13142055533,3.13142055533,25,7391.140163,7391.140163,285.6009949,133.5009949,133.5009949,285.6009949,413.3009949,1539.19815302
S012,B,0.12,30,rated_payload_limited,3.52,2.21482112408,3.039145538,3.039145538,30,7391.140163,7391.140163,285.6009949,133.5009949,133.5009949,285.6009949,413.3009949,1292.82681425
S012,C,0.12,76.4099218029,energy_limited,7.04,4.65923038872,7.39890429565,7.04,80,7391.140163,7391.140163,285.6009949,133.5009949,133.5009949,285.6009949,413.3009949,1362.67714589
S013,A,0.12,25,rated_payload_limited,3.96,1.83030762726,2.07421509617,2.07421509617,25,4849.536855,4849.536855,271.4818237,47.48182373,47.48182373,271.4818237,399.1818237,1042.16281728
S013,B,0.12,30,rated_payload_limited,3.52,1.46402243521,2.0144296422,2.0144296422,30,4849.536855,4849.536855,271.4818237,47.48182373,47.48182373,271.4818237,399.1818237,880.511588782
S013,C,0.12,80,rated_payload_limited,7.04,3.06868405411,4.89171403136,4.89171403136,80,4849.536855,4849.536855,271.4818237,47.48182373,47.48182373,271.4818237,399.1818237,933.672196687
S014,A,0.12,25,rated_payload_limited,3.96,2.13779691217,2.42558723052,2.42558723052,25,5419.5363,5419.5363,464.2473877,240.9473877,240.9473877,464.2473877,591.9473877,1420.39888529
S014,B,0.12,30,rated_payload_limited,3.52,1.72186251244,2.35522053783,2.35522053783,30,5419.5363,5419.5363,464.2473877,240.9473877,240.9473877,464.2473877,591.9473877,1239.74767529
S014,C,0.12,80,rated_payload_limited,7.04,3.52159630022,5.60758666095,5.60758666095,80,5419.5363,5419.5363,464.2473877,240.9473877,240.9473877,464.2473877,591.9473877,1357.28013786
S015,A,0.12,25,rated_payload_limited,3.96,2.30689938866,2.61934426755,2.61934426755,25,6009.764892,6009.764892,444.0992554,97.29925537,97.29925537,444.0992554,571.7992554,1398.65305656
S015,B,0.12,30,rated_payload_limited,3.52,1.85021799472,2.5445279265,2.5445279265,30,6009.764892,6009.764892,444.0992554,97.29925537,97.29925537,444.0992554,571.7992554,1198.32756016
S015,C,0.12,80,rated_payload_limited,7.04,3.84149604983,6.13326501752,6.13326501752,80,6009.764892,6009.764892,444.0992554,97.29925537,97.29925537,444.0992554,571.7992554,1288.56064529
S001,A,0.125,25,rated_payload_limited,3.9375,1.16153051602,1.31271024158,1.31271024158,25,3054.023608,3054.023608,145.3566101,89.05661011,89.05661011,145.3566101,273.0566101,680.906962821
S001,B,0.125,30,rated_payload_limited,3.5,0.930225761055,1.27394097204,1.27394097204,30,3054.023608,3054.023608,145.3566101,89.05661011,89.05661011,145.3566101,273.0566101,579.106175887
S001,C,0.125,80,rated_payload_limited,7,1.94139247193,3.08170436114,3.08170436114,80,3054.023608,3054.023608,145.3566101,89.05661011,89.05661011,145.3566101,273.0566101,618.175045922
S002,A,0.125,25,rated_payload_limited,3.9375,2.73984663737,3.09050972759,3.09050972759,25,7411.533814,7411.533814,181.2542542,89.45425415,89.45425415,181.2542542,308.9542542,1433.77520846
S002,B,0.125,30,rated_payload_limited,3.5,2.18415452088,2.99882031183,2.99882031183,30,7411.533814,7411.533814,181.2542542,89.45425415,89.45425415,181.2542542,308.9542542,1186.72408132
S002,C,0.125,76.5244013574,energy_limited,7,4.6325359292,7.34794754861,7,80,7411.533814,7411.533814,181.2542542,89.45425415,89.45425415,181.2542542,308.9542542,1231.84216605
S003,A,0.125,25,rated_payload_limited,3.9375,2.7890857722,3.15701804891,3.15701804891,25,7263.826968,7263.826968,434.1041382,223.3041382,223.3041382,434.1041382,561.8041382,1692.73723069
S003,B,0.125,30,rated_payload_limited,3.5,2.23705090717,3.06459015809,3.06459015809,30,7263.826968,7263.826968,434.1041382,223.3041382,223.3041382,434.1041382,561.8041382,1450.60966509
S003,C,0.125,76.0991087058,energy_limited,7,4.64390670284,7.38282653444,7,80,7263.826968,7263.826968,434.1041382,223.3041382,223.3041382,434.1041382,561.8041382,1560.17771116
S004,A,0.125,25,rated_payload_limited,3.9375,2.89394171155,3.26669153411,3.26669153411,25,7714.681646,7714.681646,270.5391663,169.9391663,169.9391663,270.5391663,398.2391663,1608.79771824
S004,B,0.125,30,rated_payload_limited,3.5,2.31251848078,3.16979849246,3.16979849246,30,7714.681646,7714.681646,270.5391663,169.9391663,169.9391663,270.5391663,398.2391663,1351.64166337
S004,C,0.125,72.5300172327,energy_limited,7,4.86398606465,7.71524423837,7,80,7714.681646,7714.681646,270.5391663,169.9391663,169.9391663,270.5391663,398.2391663,1425.05471881
S005,A,0.125,25,rated_payload_limited,3.9375,1.98844309239,2.24486501136,2.24486501136,25,5280.593369,5280.593369,198.7108887,131.4108887,131.4108887,198.7108887,326.4108887,1122.18819826
S005,B,0.125,30,rated_payload_limited,3.5,1.58992547929,2.1782576011,2.1782576011,30,5280.593369,5280.593369,198.7108887,131.4108887,131.4108887,198.7108887,326.4108887,946.168419293
S005,C,0.125,80,rated_payload_limited,7,3.33690049967,5.29264281489,5.29264281489,80,5280.593369,5280.593369,198.7108887,131.4108887,131.4108887,198.7108887,326.4108887,1001.18871553
S006,A,0.125,25,rated_payload_limited,3.9375,1.22375461487,1.38968260036,1.38968260036,25,3186.198852,3186.198852,238.3978394,51.29783936,51.29783936,238.3978394,366.0978394,743.476639757
S006,B,0.125,30,rated_payload_limited,3.5,0.981585340998,1.35002263401,1.35002263401,30,3186.198852,3186.198852,238.3978394,51.29783936,51.29783936,238.3978394,366.0978394,637.270011357
S006,C,0.125,80,rated_payload_limited,7,2.0373511789,3.25327178824,3.25327178824,80,3186.198852,3186.198852,238.3978394,51.29783936,51.29783936,238.3978394,366.0978394,685.552624484
S007,A,0.125,25,rated_payload_limited,3.9375,1.77756344482,2.01797249109,2.01797249109,25,4534.717375,4534.717375,384.273175,163.473175,163.473175,384.273175,511.973175,1157.46688583
S007,B,0.125,30,rated_payload_limited,3.5,1.43033692627,1.95981561942,1.95981561942,30,4534.717375,4534.717375,384.273175,163.473175,163.473175,384.273175,511.973175,1006.30964
S007,C,0.125,80,rated_payload_limited,7,2.93545326153,4.67961017039,4.67961017039,80,4534.717375,4534.717375,384.273175,163.473175,163.473175,384.273175,511.973175,1097.60069833
S008,A,0.125,25,rated_payload_limited,3.9375,3.00043718224,3.38719045973,3.38719045973,25,8079.110449,8079.110449,245.2093323,102.0093323,102.0093323,245.2093323,372.9093323,1601.14542887
S008,B,0.125,30,rated_payload_limited,3.5,2.39370630456,3.28715724997,3.28715724997,30,8079.110449,8079.110449,245.2093323,102.0093323,102.0093323,245.2093323,372.9093323,1331.84174724
S008,C,0.125,68.8214486922,energy_limited,7,5.06358632917,8.03799840697,7,80,8079.110449,8079.110449,245.2093323,102.0093323,102.0093323,245.2093323,372.9093323,1389.71152467
S009,A,0.125,25,rated_payload_limited,3.9375,2.11449348264,2.38688881319,2.38688881319,25,5705.303447,5705.303447,165.5289124,63.22891235,63.22891235,165.5289124,293.2289124,1118.63964598
S009,B,0.125,30,rated_payload_limited,3.5,1.68634349503,2.31641401773,2.31641401773,30,5705.303447,5705.303447,165.5289124,63.22891235,63.22891235,165.5289124,293.2289124,928.462864417
S009,C,0.125,80,rated_payload_limited,7,3.57145366019,5.66961266921,5.66961266921,80,5705.303447,5705.303447,165.5289124,63.22891235,63.22891235,165.5289124,293.2289124,966.589168542
S010,A,0.125,25,rated_payload_limited,3.9375,1.82629300362,2.0707297629,2.0707297629,25,4784.674506,4784.674506,307.9365356,84.03653564,84.03653564,307.9365356,435.6365356,1084.89266991
S010,B,0.125,30,rated_payload_limited,3.5,1.46344502735,2.01104041223,2.01104041223,30,4784.674506,4784.674506,307.9365356,84.03653564,84.03653564,307.9365356,435.6365356,925.403519709
S010,C,0.125,80,rated_payload_limited,7,3.04807696181,4.85885692633,4.85885692633,80,4784.674506,4784.674506,307.9365356,84.03653564,84.03653564,307.9365356,435.6365356,990.732364916
S011,A,0.125,25,rated_payload_limited,3.9375,1.07737291221,1.21959611273,1.21959611273,25,2808.106412,2808.106412,167.6617554,83.26175537,83.26175537,167.6617554,295.3617554,652.028309898
S011,B,0.125,30,rated_payload_limited,3.5,0.864023964183,1.1839226027,1.1839226027,30,2808.106412,2808.106412,167.6617554,83.26175537,83.26175537,167.6617554,295.3617554,558.424762831
S011,C,0.125,80,rated_payload_limited,7,1.79442515305,2.85321027055,2.85321027055,80,2808.106412,2808.106412,167.6617554,83.26175537,83.26175537,167.6617554,295.3617554,600.24534796
S012,A,0.125,25,rated_payload_limited,3.9375,2.77180546523,3.13142055533,3.13142055533,25,7391.140163,7391.140163,285.6009949,133.5009949,133.5009949,285.6009949,413.3009949,1539.19815302
S012,B,0.125,30,rated_payload_limited,3.5,2.21482112408,3.039145538,3.039145538,30,7391.140163,7391.140163,285.6009949,133.5009949,133.5009949,285.6009949,413.3009949,1292.82681425
S012,C,0.125,75.969756871,energy_limited,7,4.65923038872,7.39890429565,7,80,7391.140163,7391.140163,285.6009949,133.5009949,133.5009949,285.6009949,413.3009949,1362.67714589
S013,A,0.125,25,rated_payload_limited,3.9375,1.83030762726,2.07421509617,2.07421509617,25,4849.536855,4849.536855,271.4818237,47.48182373,47.48182373,271.4818237,399.1818237,1042.16281728
S013,B,0.125,30,rated_payload_limited,3.5,1.46402243521,2.0144296422,2.0144296422,30,4849.536855,4849.536855,271.4818237,47.48182373,47.48182373,271.4818237,399.1818237,880.511588782
S013,C,0.125,80,rated_payload_limited,7,3.06868405411,4.89171403136,4.89171403136,80,4849.536855,4849.536855,271.4818237,47.48182373,47.48182373,271.4818237,399.1818237,933.672196687
S014,A,0.125,25,rated_payload_limited,3.9375,2.13779691217,2.42558723052,2.42558723052,25,5419.5363,5419.5363,464.2473877,240.9473877,240.9473877,464.2473877,591.9473877,1420.39888529
S014,B,0.125,30,rated_payload_limited,3.5,1.72186251244,2.35522053783,2.35522053783,30,5419.5363,5419.5363,464.2473877,240.9473877,240.9473877,464.2473877,591.9473877,1239.74767529
S014,C,0.125,80,rated_payload_limited,7,3.52159630022,5.60758666095,5.60758666095,80,5419.5363,5419.5363,464.2473877,240.9473877,240.9473877,464.2473877,591.9473877,1357.28013786
S015,A,0.125,25,rated_payload_limited,3.9375,2.30689938866,2.61934426755,2.61934426755,25,6009.764892,6009.764892,444.0992554,97.29925537,97.29925537,444.0992554,571.7992554,1398.65305656
S015,B,0.125,30,rated_payload_limited,3.5,1.85021799472,2.5445279265,2.5445279265,30,6009.764892,6009.764892,444.0992554,97.29925537,97.29925537,444.0992554,571.7992554,1198.32756016
S015,C,0.125,80,rated_payload_limited,7,3.84149604983,6.13326501752,6.13326501752,80,6009.764892,6009.764892,444.0992554,97.29925537,97.29925537,444.0992554,571.7992554,1288.56064529
S001,A,0.13,25,rated_payload_limited,3.915,1.16153051602,1.31271024158,1.31271024158,25,3054.023608,3054.023608,145.3566101,89.05661011,89.05661011,145.3566101,273.0566101,680.906962821
S001,B,0.13,30,rated_payload_limited,3.48,0.930225761055,1.27394097204,1.27394097204,30,3054.023608,3054.023608,145.3566101,89.05661011,89.05661011,145.3566101,273.0566101,579.106175887
S001,C,0.13,80,rated_payload_limited,6.96,1.94139247193,3.08170436114,3.08170436114,80,3054.023608,3054.023608,145.3566101,89.05661011,89.05661011,145.3566101,273.0566101,618.175045922
S002,A,0.13,25,rated_payload_limited,3.915,2.73984663737,3.09050972759,3.09050972759,25,7411.533814,7411.533814,181.2542542,89.45425415,89.45425415,181.2542542,308.9542542,1433.77520846
S002,B,0.13,30,rated_payload_limited,3.48,2.18415452088,2.99882031183,2.99882031183,30,7411.533814,7411.533814,181.2542542,89.45425415,89.45425415,181.2542542,308.9542542,1186.72408132
S002,C,0.13,76.0858405778,energy_limited,6.96,4.6325359292,7.34794754861,6.96,80,7411.533814,7411.533814,181.2542542,89.45425415,89.45425415,181.2542542,308.9542542,1231.84216605
S003,A,0.13,25,rated_payload_limited,3.915,2.7890857722,3.15701804891,3.15701804891,25,7263.826968,7263.826968,434.1041382,223.3041382,223.3041382,434.1041382,561.8041382,1692.73723069
S003,B,0.13,30,rated_payload_limited,3.48,2.23705090717,3.06459015809,3.06459015809,30,7263.826968,7263.826968,434.1041382,223.3041382,223.3041382,434.1041382,561.8041382,1450.60966509
S003,C,0.13,75.6477379026,energy_limited,6.96,4.64390670284,7.38282653444,6.96,80,7263.826968,7263.826968,434.1041382,223.3041382,223.3041382,434.1041382,561.8041382,1560.17771116
S004,A,0.13,25,rated_payload_limited,3.915,2.89394171155,3.26669153411,3.26669153411,25,7714.681646,7714.681646,270.5391663,169.9391663,169.9391663,270.5391663,398.2391663,1608.79771824
S004,B,0.13,30,rated_payload_limited,3.48,2.31251848078,3.16979849246,3.16979849246,30,7714.681646,7714.681646,270.5391663,169.9391663,169.9391663,270.5391663,398.2391663,1351.64166337
S004,C,0.13,72.0290984543,energy_limited,6.96,4.86398606465,7.71524423837,6.96,80,7714.681646,7714.681646,270.5391663,169.9391663,169.9391663,270.5391663,398.2391663,1425.05471881
S005,A,0.13,25,rated_payload_limited,3.915,1.98844309239,2.24486501136,2.24486501136,25,5280.593369,5280.593369,198.7108887,131.4108887,131.4108887,198.7108887,326.4108887,1122.18819826
S005,B,0.13,30,rated_payload_limited,3.48,1.58992547929,2.1782576011,2.1782576011,30,5280.593369,5280.593369,198.7108887,131.4108887,131.4108887,198.7108887,326.4108887,946.168419293
S005,C,0.13,80,rated_payload_limited,6.96,3.33690049967,5.29264281489,5.29264281489,80,5280.593369,5280.593369,198.7108887,131.4108887,131.4108887,198.7108887,326.4108887,1001.18871553
S006,A,0.13,25,rated_payload_limited,3.915,1.22375461487,1.38968260036,1.38968260036,25,3186.198852,3186.198852,238.3978394,51.29783936,51.29783936,238.3978394,366.0978394,743.476639757
S006,B,0.13,30,rated_payload_limited,3.48,0.981585340998,1.35002263401,1.35002263401,30,3186.198852,3186.198852,238.3978394,51.29783936,51.29783936,238.3978394,366.0978394,637.270011357
S006,C,0.13,80,rated_payload_limited,6.96,2.0373511789,3.25327178824,3.25327178824,80,3186.198852,3186.198852,238.3978394,51.29783936,51.29783936,238.3978394,366.0978394,685.552624484
S007,A,0.13,25,rated_payload_limited,3.915,1.77756344482,2.01797249109,2.01797249109,25,4534.717375,4534.717375,384.273175,163.473175,163.473175,384.273175,511.973175,1157.46688583
S007,B,0.13,30,rated_payload_limited,3.48,1.43033692627,1.95981561942,1.95981561942,30,4534.717375,4534.717375,384.273175,163.473175,163.473175,384.273175,511.973175,1006.30964
S007,C,0.13,80,rated_payload_limited,6.96,2.93545326153,4.67961017039,4.67961017039,80,4534.717375,4534.717375,384.273175,163.473175,163.473175,384.273175,511.973175,1097.60069833
S008,A,0.13,25,rated_payload_limited,3.915,3.00043718224,3.38719045973,3.38719045973,25,8079.110449,8079.110449,245.2093323,102.0093323,102.0093323,245.2093323,372.9093323,1601.14542887
S008,B,0.13,30,rated_payload_limited,3.48,2.39370630456,3.28715724997,3.28715724997,30,8079.110449,8079.110449,245.2093323,102.0093323,102.0093323,245.2093323,372.9093323,1331.84174724
S008,C,0.13,68.2635159955,energy_limited,6.96,5.06358632917,8.03799840697,6.96,80,8079.110449,8079.110449,245.2093323,102.0093323,102.0093323,245.2093323,372.9093323,1389.71152467
S009,A,0.13,25,rated_payload_limited,3.915,2.11449348264,2.38688881319,2.38688881319,25,5705.303447,5705.303447,165.5289124,63.22891235,63.22891235,165.5289124,293.2289124,1118.63964598
S009,B,0.13,30,rated_payload_limited,3.48,1.68634349503,2.31641401773,2.31641401773,30,5705.303447,5705.303447,165.5289124,63.22891235,63.22891235,165.5289124,293.2289124,928.462864417
S009,C,0.13,80,rated_payload_limited,6.96,3.57145366019,5.66961266921,5.66961266921,80,5705.303447,5705.303447,165.5289124,63.22891235,63.22891235,165.5289124,293.2289124,966.589168542
S010,A,0.13,25,rated_payload_limited,3.915,1.82629300362,2.0707297629,2.0707297629,25,4784.674506,4784.674506,307.9365356,84.03653564,84.03653564,307.9365356,435.6365356,1084.89266991
S010,B,0.13,30,rated_payload_limited,3.48,1.46344502735,2.01104041223,2.01104041223,30,4784.674506,4784.674506,307.9365356,84.03653564,84.03653564,307.9365356,435.6365356,925.403519709
S010,C,0.13,80,rated_payload_limited,6.96,3.04807696181,4.85885692633,4.85885692633,80,4784.674506,4784.674506,307.9365356,84.03653564,84.03653564,307.9365356,435.6365356,990.732364916
S011,A,0.13,25,rated_payload_limited,3.915,1.07737291221,1.21959611273,1.21959611273,25,2808.106412,2808.106412,167.6617554,83.26175537,83.26175537,167.6617554,295.3617554,652.028309898
S011,B,0.13,30,rated_payload_limited,3.48,0.864023964183,1.1839226027,1.1839226027,30,2808.106412,2808.106412,167.6617554,83.26175537,83.26175537,167.6617554,295.3617554,558.424762831
S011,C,0.13,80,rated_payload_limited,6.96,1.79442515305,2.85321027055,2.85321027055,80,2808.106412,2808.106412,167.6617554,83.26175537,83.26175537,167.6617554,295.3617554,600.24534796
S012,A,0.13,25,rated_payload_limited,3.915,2.77180546523,3.13142055533,3.13142055533,25,7391.140163,7391.140163,285.6009949,133.5009949,133.5009949,285.6009949,413.3009949,1539.19815302
S012,B,0.13,30,rated_payload_limited,3.48,2.21482112408,3.039145538,3.039145538,30,7391.140163,7391.140163,285.6009949,133.5009949,133.5009949,285.6009949,413.3009949,1292.82681425
S012,C,0.13,75.5206464833,energy_limited,6.96,4.65923038872,7.39890429565,6.96,80,7391.140163,7391.140163,285.6009949,133.5009949,133.5009949,285.6009949,413.3009949,1362.67714589
S013,A,0.13,25,rated_payload_limited,3.915,1.83030762726,2.07421509617,2.07421509617,25,4849.536855,4849.536855,271.4818237,47.48182373,47.48182373,271.4818237,399.1818237,1042.16281728
S013,B,0.13,30,rated_payload_limited,3.48,1.46402243521,2.0144296422,2.0144296422,30,4849.536855,4849.536855,271.4818237,47.48182373,47.48182373,271.4818237,399.1818237,880.511588782
S013,C,0.13,80,rated_payload_limited,6.96,3.06868405411,4.89171403136,4.89171403136,80,4849.536855,4849.536855,271.4818237,47.48182373,47.48182373,271.4818237,399.1818237,933.672196687
S014,A,0.13,25,rated_payload_limited,3.915,2.13779691217,2.42558723052,2.42558723052,25,5419.5363,5419.5363,464.2473877,240.9473877,240.9473877,464.2473877,591.9473877,1420.39888529
S014,B,0.13,30,rated_payload_limited,3.48,1.72186251244,2.35522053783,2.35522053783,30,5419.5363,5419.5363,464.2473877,240.9473877,240.9473877,464.2473877,591.9473877,1239.74767529
S014,C,0.13,80,rated_payload_limited,6.96,3.52159630022,5.60758666095,5.60758666095,80,5419.5363,5419.5363,464.2473877,240.9473877,240.9473877,464.2473877,591.9473877,1357.28013786
S015,A,0.13,25,rated_payload_limited,3.915,2.30689938866,2.61934426755,2.61934426755,25,6009.764892,6009.764892,444.0992554,97.29925537,97.29925537,444.0992554,571.7992554,1398.65305656
S015,B,0.13,30,rated_payload_limited,3.48,1.85021799472,2.5445279265,2.5445279265,30,6009.764892,6009.764892,444.0992554,97.29925537,97.29925537,444.0992554,571.7992554,1198.32756016
S015,C,0.13,80,rated_payload_limited,6.96,3.84149604983,6.13326501752,6.13326501752,80,6009.764892,6009.764892,444.0992554,97.29925537,97.29925537,444.0992554,571.7992554,1288.56064529
S001,A,0.135,25,rated_payload_limited,3.8925,1.16153051602,1.31271024158,1.31271024158,25,3054.023608,3054.023608,145.3566101,89.05661011,89.05661011,145.3566101,273.0566101,680.906962821
S001,B,0.135,30,rated_payload_limited,3.46,0.930225761055,1.27394097204,1.27394097204,30,3054.023608,3054.023608,145.3566101,89.05661011,89.05661011,145.3566101,273.0566101,579.106175887
S001,C,0.135,80,rated_payload_limited,6.92,1.94139247193,3.08170436114,3.08170436114,80,3054.023608,3054.023608,145.3566101,89.05661011,89.05661011,145.3566101,273.0566101,618.175045922
S002,A,0.135,25,rated_payload_limited,3.8925,2.73984663737,3.09050972759,3.09050972759,25,7411.533814,7411.533814,181.2542542,89.45425415,89.45425415,181.2542542,308.9542542,1433.77520846
S002,B,0.135,30,rated_payload_limited,3.46,2.18415452088,2.99882031183,2.99882031183,30,7411.533814,7411.533814,181.2542542,89.45425415,89.45425415,181.2542542,308.9542542,1186.72408132
S002,C,0.135,75.6383378267,energy_limited,6.92,4.6325359292,7.34794754861,6.92,80,7411.533814,7411.533814,181.2542542,89.45425415,89.45425415,181.2542542,308.9542542,1231.84216605
S003,A,0.135,25,rated_payload_limited,3.8925,2.7890857722,3.15701804891,3.15701804891,25,7263.826968,7263.826968,434.1041382,223.3041382,223.3041382,434.1041382,561.8041382,1692.73723069
S003,B,0.135,30,rated_payload_limited,3.46,2.23705090717,3.06459015809,3.06459015809,30,7263.826968,7263.826968,434.1041382,223.3041382,223.3041382,434.1041382,561.8041382,1450.60966509
S003,C,0.135,75.1870833561,energy_limited,6.92,4.64390670284,7.38282653444,6.92,80,7263.826968,7263.826968,434.1041382,223.3041382,223.3041382,434.1041382,561.8041382,1560.17771116
S004,A,0.135,25,rated_payload_limited,3.8925,2.89394171155,3.26669153411,3.26669153411,25,7714.681646,7714.681646,270.5391663,169.9391663,169.9391663,270.5391663,398.2391663,1608.79771824
S004,B,0.135,30,rated_payload_limited,3.46,2.31251848078,3.16979849246,3.16979849246,30,7714.681646,7714.681646,270.5391663,169.9391663,169.9391663,270.5391663,398.2391663,1351.64166337
S004,C,0.135,71.5174471935,energy_limited,6.92,4.86398606465,7.71524423837,6.92,80,7714.681646,7714.681646,270.5391663,169.9391663,169.9391663,270.5391663,398.2391663,1425.05471881
S005,A,0.135,25,rated_payload_limited,3.8925,1.98844309239,2.24486501136,2.24486501136,25,5280.593369,5280.593369,198.7108887,131.4108887,131.4108887,198.7108887,326.4108887,1122.18819826
S005,B,0.135,30,rated_payload_limited,3.46,1.58992547929,2.1782576011,2.1782576011,30,5280.593369,5280.593369,198.7108887,131.4108887,131.4108887,198.7108887,326.4108887,946.168419293
S005,C,0.135,80,rated_payload_limited,6.92,3.33690049967,5.29264281489,5.29264281489,80,5280.593369,5280.593369,198.7108887,131.4108887,131.4108887,198.7108887,326.4108887,1001.18871553
S006,A,0.135,25,rated_payload_limited,3.8925,1.22375461487,1.38968260036,1.38968260036,25,3186.198852,3186.198852,238.3978394,51.29783936,51.29783936,238.3978394,366.0978394,743.476639757
S006,B,0.135,30,rated_payload_limited,3.46,0.981585340998,1.35002263401,1.35002263401,30,3186.198852,3186.198852,238.3978394,51.29783936,51.29783936,238.3978394,366.0978394,637.270011357
S006,C,0.135,80,rated_payload_limited,6.92,2.0373511789,3.25327178824,3.25327178824,80,3186.198852,3186.198852,238.3978394,51.29783936,51.29783936,238.3978394,366.0978394,685.552624484
S007,A,0.135,25,rated_payload_limited,3.8925,1.77756344482,2.01797249109,2.01797249109,25,4534.717375,4534.717375,384.273175,163.473175,163.473175,384.273175,511.973175,1157.46688583
S007,B,0.135,30,rated_payload_limited,3.46,1.43033692627,1.95981561942,1.95981561942,30,4534.717375,4534.717375,384.273175,163.473175,163.473175,384.273175,511.973175,1006.30964
S007,C,0.135,80,rated_payload_limited,6.92,2.93545326153,4.67961017039,4.67961017039,80,4534.717375,4534.717375,384.273175,163.473175,163.473175,384.273175,511.973175,1097.60069833
S008,A,0.135,25,rated_payload_limited,3.8925,3.00043718224,3.38719045973,3.38719045973,25,8079.110449,8079.110449,245.2093323,102.0093323,102.0093323,245.2093323,372.9093323,1601.14542887
S008,B,0.135,30,rated_payload_limited,3.46,2.39370630456,3.28715724997,3.28715724997,30,8079.110449,8079.110449,245.2093323,102.0093323,102.0093323,245.2093323,372.9093323,1331.84174724
S008,C,0.135,67.6931041077,energy_limited,6.92,5.06358632917,8.03799840697,6.92,80,8079.110449,8079.110449,245.2093323,102.0093323,102.0093323,245.2093323,372.9093323,1389.71152467
S009,A,0.135,25,rated_payload_limited,3.8925,2.11449348264,2.38688881319,2.38688881319,25,5705.303447,5705.303447,165.5289124,63.22891235,63.22891235,165.5289124,293.2289124,1118.63964598
S009,B,0.135,30,rated_payload_limited,3.46,1.68634349503,2.31641401773,2.31641401773,30,5705.303447,5705.303447,165.5289124,63.22891235,63.22891235,165.5289124,293.2289124,928.462864417
S009,C,0.135,80,rated_payload_limited,6.92,3.57145366019,5.66961266921,5.66961266921,80,5705.303447,5705.303447,165.5289124,63.22891235,63.22891235,165.5289124,293.2289124,966.589168542
S010,A,0.135,25,rated_payload_limited,3.8925,1.82629300362,2.0707297629,2.0707297629,25,4784.674506,4784.674506,307.9365356,84.03653564,84.03653564,307.9365356,435.6365356,1084.89266991
S010,B,0.135,30,rated_payload_limited,3.46,1.46344502735,2.01104041223,2.01104041223,30,4784.674506,4784.674506,307.9365356,84.03653564,84.03653564,307.9365356,435.6365356,925.403519709
S010,C,0.135,80,rated_payload_limited,6.92,3.04807696181,4.85885692633,4.85885692633,80,4784.674506,4784.674506,307.9365356,84.03653564,84.03653564,307.9365356,435.6365356,990.732364916
S011,A,0.135,25,rated_payload_limited,3.8925,1.07737291221,1.21959611273,1.21959611273,25,2808.106412,2808.106412,167.6617554,83.26175537,83.26175537,167.6617554,295.3617554,652.028309898
S011,B,0.135,30,rated_payload_limited,3.46,0.864023964183,1.1839226027,1.1839226027,30,2808.106412,2808.106412,167.6617554,83.26175537,83.26175537,167.6617554,295.3617554,558.424762831
S011,C,0.135,80,rated_payload_limited,6.92,1.79442515305,2.85321027055,2.85321027055,80,2808.106412,2808.106412,167.6617554,83.26175537,83.26175537,167.6617554,295.3617554,600.24534796
S012,A,0.135,25,rated_payload_limited,3.8925,2.77180546523,3.13142055533,3.13142055533,25,7391.140163,7391.140163,285.6009949,133.5009949,133.5009949,285.6009949,413.3009949,1539.19815302
S012,B,0.135,30,rated_payload_limited,3.46,2.21482112408,3.039145538,3.039145538,30,7391.140163,7391.140163,285.6009949,133.5009949,133.5009949,285.6009949,413.3009949,1292.82681425
S012,C,0.135,75.0623085798,energy_limited,6.92,4.65923038872,7.39890429565,6.92,80,7391.140163,7391.140163,285.6009949,133.5009949,133.5009949,285.6009949,413.3009949,1362.67714589
S013,A,0.135,25,rated_payload_limited,3.8925,1.83030762726,2.07421509617,2.07421509617,25,4849.536855,4849.536855,271.4818237,47.48182373,47.48182373,271.4818237,399.1818237,1042.16281728
S013,B,0.135,30,rated_payload_limited,3.46,1.46402243521,2.0144296422,2.0144296422,30,4849.536855,4849.536855,271.4818237,47.48182373,47.48182373,271.4818237,399.1818237,880.511588782
S013,C,0.135,80,rated_payload_limited,6.92,3.06868405411,4.89171403136,4.89171403136,80,4849.536855,4849.536855,271.4818237,47.48182373,47.48182373,271.4818237,399.1818237,933.672196687
S014,A,0.135,25,rated_payload_limited,3.8925,2.13779691217,2.42558723052,2.42558723052,25,5419.5363,5419.5363,464.2473877,240.9473877,240.9473877,464.2473877,591.9473877,1420.39888529
S014,B,0.135,30,rated_payload_limited,3.46,1.72186251244,2.35522053783,2.35522053783,30,5419.5363,5419.5363,464.2473877,240.9473877,240.9473877,464.2473877,591.9473877,1239.74767529
S014,C,0.135,80,rated_payload_limited,6.92,3.52159630022,5.60758666095,5.60758666095,80,5419.5363,5419.5363,464.2473877,240.9473877,240.9473877,464.2473877,591.9473877,1357.28013786
S015,A,0.135,25,rated_payload_limited,3.8925,2.30689938866,2.61934426755,2.61934426755,25,6009.764892,6009.764892,444.0992554,97.29925537,97.29925537,444.0992554,571.7992554,1398.65305656
S015,B,0.135,30,rated_payload_limited,3.46,1.85021799472,2.5445279265,2.5445279265,30,6009.764892,6009.764892,444.0992554,97.29925537,97.29925537,444.0992554,571.7992554,1198.32756016
S015,C,0.135,80,rated_payload_limited,6.92,3.84149604983,6.13326501752,6.13326501752,80,6009.764892,6009.764892,444.0992554,97.29925537,97.29925537,444.0992554,571.7992554,1288.56064529
S001,A,0.14,25,rated_payload_limited,3.87,1.16153051602,1.31271024158,1.31271024158,25,3054.023608,3054.023608,145.3566101,89.05661011,89.05661011,145.3566101,273.0566101,680.906962821
S001,B,0.14,30,rated_payload_limited,3.44,0.930225761055,1.27394097204,1.27394097204,30,3054.023608,3054.023608,145.3566101,89.05661011,89.05661011,145.3566101,273.0566101,579.106175887
S001,C,0.14,80,rated_payload_limited,6.88,1.94139247193,3.08170436114,3.08170436114,80,3054.023608,3054.023608,145.3566101,89.05661011,89.05661011,145.3566101,273.0566101,618.175045922
S002,A,0.14,25,rated_payload_limited,3.87,2.73984663737,3.09050972759,3.09050972759,25,7411.533814,7411.533814,181.2542542,89.45425415,89.45425415,181.2542542,308.9542542,1433.77520846
S002,B,0.14,30,rated_payload_limited,3.44,2.18415452088,2.99882031183,2.99882031183,30,7411.533814,7411.533814,181.2542542,89.45425415,89.45425415,181.2542542,308.9542542,1186.72408132
S002,C,0.14,75.1816090484,energy_limited,6.88,4.6325359292,7.34794754861,6.88,80,7411.533814,7411.533814,181.2542542,89.45425415,89.45425415,181.2542542,308.9542542,1231.84216605
S003,A,0.14,25,rated_payload_limited,3.87,2.7890857722,3.15701804891,3.15701804891,25,7263.826968,7263.826968,434.1041382,223.3041382,223.3041382,434.1041382,561.8041382,1692.73723069
S003,B,0.14,30,rated_payload_limited,3.44,2.23705090717,3.06459015809,3.06459015809,30,7263.826968,7263.826968,434.1041382,223.3041382,223.3041382,434.1041382,561.8041382,1450.60966509
S003,C,0.14,74.7168505542,energy_limited,6.88,4.64390670284,7.38282653444,6.88,80,7263.826968,7263.826968,434.1041382,223.3041382,223.3041382,434.1041382,561.8041382,1560.17771116
S004,A,0.14,25,rated_payload_limited,3.87,2.89394171155,3.26669153411,3.26669153411,25,7714.681646,7714.681646,270.5391663,169.9391663,169.9391663,270.5391663,398.2391663,1608.79771824
S004,B,0.14,30,rated_payload_limited,3.44,2.31251848078,3.16979849246,3.16979849246,30,7714.681646,7714.681646,270.5391663,169.9391663,169.9391663,270.5391663,398.2391663,1351.64166337
S004,C,0.14,70.9947030025,energy_limited,6.88,4.86398606465,7.71524423837,6.88,80,7714.681646,7714.681646,270.5391663,169.9391663,169.9391663,270.5391663,398.2391663,1425.05471881
S005,A,0.14,25,rated_payload_limited,3.87,1.98844309239,2.24486501136,2.24486501136,25,5280.593369,5280.593369,198.7108887,131.4108887,131.4108887,198.7108887,326.4108887,1122.18819826
S005,B,0.14,30,rated_payload_limited,3.44,1.58992547929,2.1782576011,2.1782576011,30,5280.593369,5280.593369,198.7108887,131.4108887,131.4108887,198.7108887,326.4108887,946.168419293
S005,C,0.14,80,rated_payload_limited,6.88,3.33690049967,5.29264281489,5.29264281489,80,5280.593369,5280.593369,198.7108887,131.4108887,131.4108887,198.7108887,326.4108887,1001.18871553
S006,A,0.14,25,rated_payload_limited,3.87,1.22375461487,1.38968260036,1.38968260036,25,3186.198852,3186.198852,238.3978394,51.29783936,51.29783936,238.3978394,366.0978394,743.476639757
S006,B,0.14,30,rated_payload_limited,3.44,0.981585340998,1.35002263401,1.35002263401,30,3186.198852,3186.198852,238.3978394,51.29783936,51.29783936,238.3978394,366.0978394,637.270011357
S006,C,0.14,80,rated_payload_limited,6.88,2.0373511789,3.25327178824,3.25327178824,80,3186.198852,3186.198852,238.3978394,51.29783936,51.29783936,238.3978394,366.0978394,685.552624484
S007,A,0.14,25,rated_payload_limited,3.87,1.77756344482,2.01797249109,2.01797249109,25,4534.717375,4534.717375,384.273175,163.473175,163.473175,384.273175,511.973175,1157.46688583
S007,B,0.14,30,rated_payload_limited,3.44,1.43033692627,1.95981561942,1.95981561942,30,4534.717375,4534.717375,384.273175,163.473175,163.473175,384.273175,511.973175,1006.30964
S007,C,0.14,80,rated_payload_limited,6.88,2.93545326153,4.67961017039,4.67961017039,80,4534.717375,4534.717375,384.273175,163.473175,163.473175,384.273175,511.973175,1097.60069833
S008,A,0.14,25,rated_payload_limited,3.87,3.00043718224,3.38719045973,3.38719045973,25,8079.110449,8079.110449,245.2093323,102.0093323,102.0093323,245.2093323,372.9093323,1601.14542887
S008,B,0.14,30,rated_payload_limited,3.44,2.39370630456,3.28715724997,3.28715724997,30,8079.110449,8079.110449,245.2093323,102.0093323,102.0093323,245.2093323,372.9093323,1331.84174724
S008,C,0.14,67.1097698637,energy_limited,6.88,5.06358632917,8.03799840697,6.88,80,8079.110449,8079.110449,245.2093323,102.0093323,102.0093323,245.2093323,372.9093323,1389.71152467
S009,A,0.14,25,rated_payload_limited,3.87,2.11449348264,2.38688881319,2.38688881319,25,5705.303447,5705.303447,165.5289124,63.22891235,63.22891235,165.5289124,293.2289124,1118.63964598
S009,B,0.14,30,rated_payload_limited,3.44,1.68634349503,2.31641401773,2.31641401773,30,5705.303447,5705.303447,165.5289124,63.22891235,63.22891235,165.5289124,293.2289124,928.462864417
S009,C,0.14,80,rated_payload_limited,6.88,3.57145366019,5.66961266921,5.66961266921,80,5705.303447,5705.303447,165.5289124,63.22891235,63.22891235,165.5289124,293.2289124,966.589168542
S010,A,0.14,25,rated_payload_limited,3.87,1.82629300362,2.0707297629,2.0707297629,25,4784.674506,4784.674506,307.9365356,84.03653564,84.03653564,307.9365356,435.6365356,1084.89266991
S010,B,0.14,30,rated_payload_limited,3.44,1.46344502735,2.01104041223,2.01104041223,30,4784.674506,4784.674506,307.9365356,84.03653564,84.03653564,307.9365356,435.6365356,925.403519709
S010,C,0.14,80,rated_payload_limited,6.88,3.04807696181,4.85885692633,4.85885692633,80,4784.674506,4784.674506,307.9365356,84.03653564,84.03653564,307.9365356,435.6365356,990.732364916
S011,A,0.14,25,rated_payload_limited,3.87,1.07737291221,1.21959611273,1.21959611273,25,2808.106412,2808.106412,167.6617554,83.26175537,83.26175537,167.6617554,295.3617554,652.028309898
S011,B,0.14,30,rated_payload_limited,3.44,0.864023964183,1.1839226027,1.1839226027,30,2808.106412,2808.106412,167.6617554,83.26175537,83.26175537,167.6617554,295.3617554,558.424762831
S011,C,0.14,80,rated_payload_limited,6.88,1.79442515305,2.85321027055,2.85321027055,80,2808.106412,2808.106412,167.6617554,83.26175537,83.26175537,167.6617554,295.3617554,600.24534796
S012,A,0.14,25,rated_payload_limited,3.87,2.77180546523,3.13142055533,3.13142055533,25,7391.140163,7391.140163,285.6009949,133.5009949,133.5009949,285.6009949,413.3009949,1539.19815302
S012,B,0.14,30,rated_payload_limited,3.44,2.21482112408,3.039145538,3.039145538,30,7391.140163,7391.140163,285.6009949,133.5009949,133.5009949,285.6009949,413.3009949,1292.82681425
S012,C,0.14,74.5944487241,energy_limited,6.88,4.65923038872,7.39890429565,6.88,80,7391.140163,7391.140163,285.6009949,133.5009949,133.5009949,285.6009949,413.3009949,1362.67714589
S013,A,0.14,25,rated_payload_limited,3.87,1.83030762726,2.07421509617,2.07421509617,25,4849.536855,4849.536855,271.4818237,47.48182373,47.48182373,271.4818237,399.1818237,1042.16281728
S013,B,0.14,30,rated_payload_limited,3.44,1.46402243521,2.0144296422,2.0144296422,30,4849.536855,4849.536855,271.4818237,47.48182373,47.48182373,271.4818237,399.1818237,880.511588782
S013,C,0.14,80,rated_payload_limited,6.88,3.06868405411,4.89171403136,4.89171403136,80,4849.536855,4849.536855,271.4818237,47.48182373,47.48182373,271.4818237,399.1818237,933.672196687
S014,A,0.14,25,rated_payload_limited,3.87,2.13779691217,2.42558723052,2.42558723052,25,5419.5363,5419.5363,464.2473877,240.9473877,240.9473877,464.2473877,591.9473877,1420.39888529
S014,B,0.14,30,rated_payload_limited,3.44,1.72186251244,2.35522053783,2.35522053783,30,5419.5363,5419.5363,464.2473877,240.9473877,240.9473877,464.2473877,591.9473877,1239.74767529
S014,C,0.14,80,rated_payload_limited,6.88,3.52159630022,5.60758666095,5.60758666095,80,5419.5363,5419.5363,464.2473877,240.9473877,240.9473877,464.2473877,591.9473877,1357.28013786
S015,A,0.14,25,rated_payload_limited,3.87,2.30689938866,2.61934426755,2.61934426755,25,6009.764892,6009.764892,444.0992554,97.29925537,97.29925537,444.0992554,571.7992554,1398.65305656
S015,B,0.14,30,rated_payload_limited,3.44,1.85021799472,2.5445279265,2.5445279265,30,6009.764892,6009.764892,444.0992554,97.29925537,97.29925537,444.0992554,571.7992554,1198.32756016
S015,C,0.14,80,rated_payload_limited,6.88,3.84149604983,6.13326501752,6.13326501752,80,6009.764892,6009.764892,444.0992554,97.29925537,97.29925537,444.0992554,571.7992554,1288.56064529
S001,A,0.145,25,rated_payload_limited,3.8475,1.16153051602,1.31271024158,1.31271024158,25,3054.023608,3054.023608,145.3566101,89.05661011,89.05661011,145.3566101,273.0566101,680.906962821
S001,B,0.145,30,rated_payload_limited,3.42,0.930225761055,1.27394097204,1.27394097204,30,3054.023608,3054.023608,145.3566101,89.05661011,89.05661011,145.3566101,273.0566101,579.106175887
S001,C,0.145,80,rated_payload_limited,6.84,1.94139247193,3.08170436114,3.08170436114,80,3054.023608,3054.023608,145.3566101,89.05661011,89.05661011,145.3566101,273.0566101,618.175045922
S002,A,0.145,25,rated_payload_limited,3.8475,2.73984663737,3.09050972759,3.09050972759,25,7411.533814,7411.533814,181.2542542,89.45425415,89.45425415,181.2542542,308.9542542,1433.77520846
S002,B,0.145,30,rated_payload_limited,3.42,2.18415452088,2.99882031183,2.99882031183,30,7411.533814,7411.533814,181.2542542,89.45425415,89.45425415,181.2542542,308.9542542,1186.72408132
S002,C,0.145,74.7153575846,energy_limited,6.84,4.6325359292,7.34794754861,6.84,80,7411.533814,7411.533814,181.2542542,89.45425415,89.45425415,181.2542542,308.9542542,1231.84216605
S003,A,0.145,25,rated_payload_limited,3.8475,2.7890857722,3.15701804891,3.15701804891,25,7263.826968,7263.826968,434.1041382,223.3041382,223.3041382,434.1041382,561.8041382,1692.73723069
S003,B,0.145,30,rated_payload_limited,3.42,2.23705090717,3.06459015809,3.06459015809,30,7263.826968,7263.826968,434.1041382,223.3041382,223.3041382,434.1041382,561.8041382,1450.60966509
S003,C,0.145,74.2367320481,energy_limited,6.84,4.64390670284,7.38282653444,6.84,80,7263.826968,7263.826968,434.1041382,223.3041382,223.3041382,434.1041382,561.8041382,1560.17771116
S004,A,0.145,25,rated_payload_limited,3.8475,2.89394171155,3.26669153411,3.26669153411,25,7714.681646,7714.681646,270.5391663,169.9391663,169.9391663,270.5391663,398.2391663,1608.79771824
S004,B,0.145,30,rated_payload_limited,3.42,2.31251848078,3.16979849246,3.16979849246,30,7714.681646,7714.681646,270.5391663,169.9391663,169.9391663,270.5391663,398.2391663,1351.64166337
S004,C,0.145,70.4604883583,energy_limited,6.84,4.86398606465,7.71524423837,6.84,80,7714.681646,7714.681646,270.5391663,169.9391663,169.9391663,270.5391663,398.2391663,1425.05471881
S005,A,0.145,25,rated_payload_limited,3.8475,1.98844309239,2.24486501136,2.24486501136,25,5280.593369,5280.593369,198.7108887,131.4108887,131.4108887,198.7108887,326.4108887,1122.18819826
S005,B,0.145,30,rated_payload_limited,3.42,1.58992547929,2.1782576011,2.1782576011,30,5280.593369,5280.593369,198.7108887,131.4108887,131.4108887,198.7108887,326.4108887,946.168419293
S005,C,0.145,80,rated_payload_limited,6.84,3.33690049967,5.29264281489,5.29264281489,80,5280.593369,5280.593369,198.7108887,131.4108887,131.4108887,198.7108887,326.4108887,1001.18871553
S006,A,0.145,25,rated_payload_limited,3.8475,1.22375461487,1.38968260036,1.38968260036,25,3186.198852,3186.198852,238.3978394,51.29783936,51.29783936,238.3978394,366.0978394,743.476639757
S006,B,0.145,30,rated_payload_limited,3.42,0.981585340998,1.35002263401,1.35002263401,30,3186.198852,3186.198852,238.3978394,51.29783936,51.29783936,238.3978394,366.0978394,637.270011357
S006,C,0.145,80,rated_payload_limited,6.84,2.0373511789,3.25327178824,3.25327178824,80,3186.198852,3186.198852,238.3978394,51.29783936,51.29783936,238.3978394,366.0978394,685.552624484
S007,A,0.145,25,rated_payload_limited,3.8475,1.77756344482,2.01797249109,2.01797249109,25,4534.717375,4534.717375,384.273175,163.473175,163.473175,384.273175,511.973175,1157.46688583
S007,B,0.145,30,rated_payload_limited,3.42,1.43033692627,1.95981561942,1.95981561942,30,4534.717375,4534.717375,384.273175,163.473175,163.473175,384.273175,511.973175,1006.30964
S007,C,0.145,80,rated_payload_limited,6.84,2.93545326153,4.67961017039,4.67961017039,80,4534.717375,4534.717375,384.273175,163.473175,163.473175,384.273175,511.973175,1097.60069833
S008,A,0.145,25,rated_payload_limited,3.8475,3.00043718224,3.38719045973,3.38719045973,25,8079.110449,8079.110449,245.2093323,102.0093323,102.0093323,245.2093323,372.9093323,1601.14542887
S008,B,0.145,30,rated_payload_limited,3.42,2.39370630456,3.28715724997,3.28715724997,30,8079.110449,8079.110449,245.2093323,102.0093323,102.0093323,245.2093323,372.9093323,1331.84174724
S008,C,0.145,66.5130475357,energy_limited,6.84,5.06358632917,8.03799840697,6.84,80,8079.110449,8079.110449,245.2093323,102.0093323,102.0093323,245.2093323,372.9093323,1389.71152467
S009,A,0.145,25,rated_payload_limited,3.8475,2.11449348264,2.38688881319,2.38688881319,25,5705.303447,5705.303447,165.5289124,63.22891235,63.22891235,165.5289124,293.2289124,1118.63964598
S009,B,0.145,30,rated_payload_limited,3.42,1.68634349503,2.31641401773,2.31641401773,30,5705.303447,5705.303447,165.5289124,63.22891235,63.22891235,165.5289124,293.2289124,928.462864417
S009,C,0.145,80,rated_payload_limited,6.84,3.57145366019,5.66961266921,5.66961266921,80,5705.303447,5705.303447,165.5289124,63.22891235,63.22891235,165.5289124,293.2289124,966.589168542
S010,A,0.145,25,rated_payload_limited,3.8475,1.82629300362,2.0707297629,2.0707297629,25,4784.674506,4784.674506,307.9365356,84.03653564,84.03653564,307.9365356,435.6365356,1084.89266991
S010,B,0.145,30,rated_payload_limited,3.42,1.46344502735,2.01104041223,2.01104041223,30,4784.674506,4784.674506,307.9365356,84.03653564,84.03653564,307.9365356,435.6365356,925.403519709
S010,C,0.145,80,rated_payload_limited,6.84,3.04807696181,4.85885692633,4.85885692633,80,4784.674506,4784.674506,307.9365356,84.03653564,84.03653564,307.9365356,435.6365356,990.732364916
S011,A,0.145,25,rated_payload_limited,3.8475,1.07737291221,1.21959611273,1.21959611273,25,2808.106412,2808.106412,167.6617554,83.26175537,83.26175537,167.6617554,295.3617554,652.028309898
S011,B,0.145,30,rated_payload_limited,3.42,0.864023964183,1.1839226027,1.1839226027,30,2808.106412,2808.106412,167.6617554,83.26175537,83.26175537,167.6617554,295.3617554,558.424762831
S011,C,0.145,80,rated_payload_limited,6.84,1.79442515305,2.85321027055,2.85321027055,80,2808.106412,2808.106412,167.6617554,83.26175537,83.26175537,167.6617554,295.3617554,600.24534796
S012,A,0.145,25,rated_payload_limited,3.8475,2.77180546523,3.13142055533,3.13142055533,25,7391.140163,7391.140163,285.6009949,133.5009949,133.5009949,285.6009949,413.3009949,1539.19815302
S012,B,0.145,30,rated_payload_limited,3.42,2.21482112408,3.039145538,3.039145538,30,7391.140163,7391.140163,285.6009949,133.5009949,133.5009949,285.6009949,413.3009949,1292.82681425
S012,C,0.145,74.116759388,energy_limited,6.84,4.65923038872,7.39890429565,6.84,80,7391.140163,7391.140163,285.6009949,133.5009949,133.5009949,285.6009949,413.3009949,1362.67714589
S013,A,0.145,25,rated_payload_limited,3.8475,1.83030762726,2.07421509617,2.07421509617,25,4849.536855,4849.536855,271.4818237,47.48182373,47.48182373,271.4818237,399.1818237,1042.16281728
S013,B,0.145,30,rated_payload_limited,3.42,1.46402243521,2.0144296422,2.0144296422,30,4849.536855,4849.536855,271.4818237,47.48182373,47.48182373,271.4818237,399.1818237,880.511588782
S013,C,0.145,80,rated_payload_limited,6.84,3.06868405411,4.89171403136,4.89171403136,80,4849.536855,4849.536855,271.4818237,47.48182373,47.48182373,271.4818237,399.1818237,933.672196687
S014,A,0.145,25,rated_payload_limited,3.8475,2.13779691217,2.42558723052,2.42558723052,25,5419.5363,5419.5363,464.2473877,240.9473877,240.9473877,464.2473877,591.9473877,1420.39888529
S014,B,0.145,30,rated_payload_limited,3.42,1.72186251244,2.35522053783,2.35522053783,30,5419.5363,5419.5363,464.2473877,240.9473877,240.9473877,464.2473877,591.9473877,1239.74767529
S014,C,0.145,80,rated_payload_limited,6.84,3.52159630022,5.60758666095,5.60758666095,80,5419.5363,5419.5363,464.2473877,240.9473877,240.9473877,464.2473877,591.9473877,1357.28013786
S015,A,0.145,25,rated_payload_limited,3.8475,2.30689938866,2.61934426755,2.61934426755,25,6009.764892,6009.764892,444.0992554,97.29925537,97.29925537,444.0992554,571.7992554,1398.65305656
S015,B,0.145,30,rated_payload_limited,3.42,1.85021799472,2.5445279265,2.5445279265,30,6009.764892,6009.764892,444.0992554,97.29925537,97.29925537,444.0992554,571.7992554,1198.32756016
S015,C,0.145,80,rated_payload_limited,6.84,3.84149604983,6.13326501752,6.13326501752,80,6009.764892,6009.764892,444.0992554,97.29925537,97.29925537,444.0992554,571.7992554,1288.56064529
S001,A,0.15,25,rated_payload_limited,3.825,1.16153051602,1.31271024158,1.31271024158,25,3054.023608,3054.023608,145.3566101,89.05661011,89.05661011,145.3566101,273.0566101,680.906962821
S001,B,0.15,30,rated_payload_limited,3.4,0.930225761055,1.27394097204,1.27394097204,30,3054.023608,3054.023608,145.3566101,89.05661011,89.05661011,145.3566101,273.0566101,579.106175887
S001,C,0.15,80,rated_payload_limited,6.8,1.94139247193,3.08170436114,3.08170436114,80,3054.023608,3054.023608,145.3566101,89.05661011,89.05661011,145.3566101,273.0566101,618.175045922
S002,A,0.15,25,rated_payload_limited,3.825,2.73984663737,3.09050972759,3.09050972759,25,7411.533814,7411.533814,181.2542542,89.45425415,89.45425415,181.2542542,308.9542542,1433.77520846
S002,B,0.15,30,rated_payload_limited,3.4,2.18415452088,2.99882031183,2.99882031183,30,7411.533814,7411.533814,181.2542542,89.45425415,89.45425415,181.2542542,308.9542542,1186.72408132
S002,C,0.15,74.2392734359,energy_limited,6.8,4.6325359292,7.34794754861,6.8,80,7411.533814,7411.533814,181.2542542,89.45425415,89.45425415,181.2542542,308.9542542,1231.84216605
S003,A,0.15,25,rated_payload_limited,3.825,2.7890857722,3.15701804891,3.15701804891,25,7263.826968,7263.826968,434.1041382,223.3041382,223.3041382,434.1041382,561.8041382,1692.73723069
S003,B,0.15,30,rated_payload_limited,3.4,2.23705090717,3.06459015809,3.06459015809,30,7263.826968,7263.826968,434.1041382,223.3041382,223.3041382,434.1041382,561.8041382,1450.60966509
S003,C,0.15,73.7464067066,energy_limited,6.8,4.64390670284,7.38282653444,6.8,80,7263.826968,7263.826968,434.1041382,223.3041382,223.3041382,434.1041382,561.8041382,1560.17771116
S004,A,0.15,25,rated_payload_limited,3.825,2.89394171155,3.26669153411,3.26669153411,25,7714.681646,7714.681646,270.5391663,169.9391663,169.9391663,270.5391663,398.2391663,1608.79771824
S004,B,0.15,30,rated_payload_limited,3.4,2.31251848078,3.16979849246,3.16979849246,30,7714.681646,7714.681646,270.5391663,169.9391663,169.9391663,270.5391663,398.2391663,1351.64166337
S004,C,0.15,69.9144075804,energy_limited,6.8,4.86398606465,7.71524423837,6.8,80,7714.681646,7714.681646,270.5391663,169.9391663,169.9391663,270.5391663,398.2391663,1425.05471881
S005,A,0.15,25,rated_payload_limited,3.825,1.98844309239,2.24486501136,2.24486501136,25,5280.593369,5280.593369,198.7108887,131.4108887,131.4108887,198.7108887,326.4108887,1122.18819826
S005,B,0.15,30,rated_payload_limited,3.4,1.58992547929,2.1782576011,2.1782576011,30,5280.593369,5280.593369,198.7108887,131.4108887,131.4108887,198.7108887,326.4108887,946.168419293
S005,C,0.15,80,rated_payload_limited,6.8,3.33690049967,5.29264281489,5.29264281489,80,5280.593369,5280.593369,198.7108887,131.4108887,131.4108887,198.7108887,326.4108887,1001.18871553
S006,A,0.15,25,rated_payload_limited,3.825,1.22375461487,1.38968260036,1.38968260036,25,3186.198852,3186.198852,238.3978394,51.29783936,51.29783936,238.3978394,366.0978394,743.476639757
S006,B,0.15,30,rated_payload_limited,3.4,0.981585340998,1.35002263401,1.35002263401,30,3186.198852,3186.198852,238.3978394,51.29783936,51.29783936,238.3978394,366.0978394,637.270011357
S006,C,0.15,80,rated_payload_limited,6.8,2.0373511789,3.25327178824,3.25327178824,80,3186.198852,3186.198852,238.3978394,51.29783936,51.29783936,238.3978394,366.0978394,685.552624484
S007,A,0.15,25,rated_payload_limited,3.825,1.77756344482,2.01797249109,2.01797249109,25,4534.717375,4534.717375,384.273175,163.473175,163.473175,384.273175,511.973175,1157.46688583
S007,B,0.15,30,rated_payload_limited,3.4,1.43033692627,1.95981561942,1.95981561942,30,4534.717375,4534.717375,384.273175,163.473175,163.473175,384.273175,511.973175,1006.30964
S007,C,0.15,80,rated_payload_limited,6.8,2.93545326153,4.67961017039,4.67961017039,80,4534.717375,4534.717375,384.273175,163.473175,163.473175,384.273175,511.973175,1097.60069833
S008,A,0.15,25,rated_payload_limited,3.825,3.00043718224,3.38719045973,3.38719045973,25,8079.110449,8079.110449,245.2093323,102.0093323,102.0093323,245.2093323,372.9093323,1601.14542887
S008,B,0.15,30,rated_payload_limited,3.4,2.39370630456,3.28715724997,3.28715724997,30,8079.110449,8079.110449,245.2093323,102.0093323,102.0093323,245.2093323,372.9093323,1331.84174724
S008,C,0.15,65.9024472685,energy_limited,6.8,5.06358632917,8.03799840697,6.8,80,8079.110449,8079.110449,245.2093323,102.0093323,102.0093323,245.2093323,372.9093323,1389.71152467
S009,A,0.15,25,rated_payload_limited,3.825,2.11449348264,2.38688881319,2.38688881319,25,5705.303447,5705.303447,165.5289124,63.22891235,63.22891235,165.5289124,293.2289124,1118.63964598
S009,B,0.15,30,rated_payload_limited,3.4,1.68634349503,2.31641401773,2.31641401773,30,5705.303447,5705.303447,165.5289124,63.22891235,63.22891235,165.5289124,293.2289124,928.462864417
S009,C,0.15,80,rated_payload_limited,6.8,3.57145366019,5.66961266921,5.66961266921,80,5705.303447,5705.303447,165.5289124,63.22891235,63.22891235,165.5289124,293.2289124,966.589168542
S010,A,0.15,25,rated_payload_limited,3.825,1.82629300362,2.0707297629,2.0707297629,25,4784.674506,4784.674506,307.9365356,84.03653564,84.03653564,307.9365356,435.6365356,1084.89266991
S010,B,0.15,30,rated_payload_limited,3.4,1.46344502735,2.01104041223,2.01104041223,30,4784.674506,4784.674506,307.9365356,84.03653564,84.03653564,307.9365356,435.6365356,925.403519709
S010,C,0.15,80,rated_payload_limited,6.8,3.04807696181,4.85885692633,4.85885692633,80,4784.674506,4784.674506,307.9365356,84.03653564,84.03653564,307.9365356,435.6365356,990.732364916
S011,A,0.15,25,rated_payload_limited,3.825,1.07737291221,1.21959611273,1.21959611273,25,2808.106412,2808.106412,167.6617554,83.26175537,83.26175537,167.6617554,295.3617554,652.028309898
S011,B,0.15,30,rated_payload_limited,3.4,0.864023964183,1.1839226027,1.1839226027,30,2808.106412,2808.106412,167.6617554,83.26175537,83.26175537,167.6617554,295.3617554,558.424762831
S011,C,0.15,80,rated_payload_limited,6.8,1.79442515305,2.85321027055,2.85321027055,80,2808.106412,2808.106412,167.6617554,83.26175537,83.26175537,167.6617554,295.3617554,600.24534796
S012,A,0.15,25,rated_payload_limited,3.825,2.77180546523,3.13142055533,3.13142055533,25,7391.140163,7391.140163,285.6009949,133.5009949,133.5009949,285.6009949,413.3009949,1539.19815302
S012,B,0.15,30,rated_payload_limited,3.4,2.21482112408,3.039145538,3.039145538,30,7391.140163,7391.140163,285.6009949,133.5009949,133.5009949,285.6009949,413.3009949,1292.82681425
S012,C,0.15,73.628919184,energy_limited,6.8,4.65923038872,7.39890429565,6.8,80,7391.140163,7391.140163,285.6009949,133.5009949,133.5009949,285.6009949,413.3009949,1362.67714589
S013,A,0.15,25,rated_payload_limited,3.825,1.83030762726,2.07421509617,2.07421509617,25,4849.536855,4849.536855,271.4818237,47.48182373,47.48182373,271.4818237,399.1818237,1042.16281728
S013,B,0.15,30,rated_payload_limited,3.4,1.46402243521,2.0144296422,2.0144296422,30,4849.536855,4849.536855,271.4818237,47.48182373,47.48182373,271.4818237,399.1818237,880.511588782
S013,C,0.15,80,rated_payload_limited,6.8,3.06868405411,4.89171403136,4.89171403136,80,4849.536855,4849.536855,271.4818237,47.48182373,47.48182373,271.4818237,399.1818237,933.672196687
S014,A,0.15,25,rated_payload_limited,3.825,2.13779691217,2.42558723052,2.42558723052,25,5419.5363,5419.5363,464.2473877,240.9473877,240.9473877,464.2473877,591.9473877,1420.39888529
S014,B,0.15,30,rated_payload_limited,3.4,1.72186251244,2.35522053783,2.35522053783,30,5419.5363,5419.5363,464.2473877,240.9473877,240.9473877,464.2473877,591.9473877,1239.74767529
S014,C,0.15,80,rated_payload_limited,6.8,3.52159630022,5.60758666095,5.60758666095,80,5419.5363,5419.5363,464.2473877,240.9473877,240.9473877,464.2473877,591.9473877,1357.28013786
S015,A,0.15,25,rated_payload_limited,3.825,2.30689938866,2.61934426755,2.61934426755,25,6009.764892,6009.764892,444.0992554,97.29925537,97.29925537,444.0992554,571.7992554,1398.65305656
S015,B,0.15,30,rated_payload_limited,3.4,1.85021799472,2.5445279265,2.5445279265,30,6009.764892,6009.764892,444.0992554,97.29925537,97.29925537,444.0992554,571.7992554,1198.32756016
S015,C,0.15,80,rated_payload_limited,6.8,3.84149604983,6.13326501752,6.13326501752,80,6009.764892,6009.764892,444.0992554,97.29925537,97.29925537,444.0992554,571.7992554,1288.56064529
S001,A,0.155,25,rated_payload_limited,3.8025,1.16153051602,1.31271024158,1.31271024158,25,3054.023608,3054.023608,145.3566101,89.05661011,89.05661011,145.3566101,273.0566101,680.906962821
S001,B,0.155,30,rated_payload_limited,3.38,0.930225761055,1.27394097204,1.27394097204,30,3054.023608,3054.023608,145.3566101,89.05661011,89.05661011,145.3566101,273.0566101,579.106175887
S001,C,0.155,80,rated_payload_limited,6.76,1.94139247193,3.08170436114,3.08170436114,80,3054.023608,3054.023608,145.3566101,89.05661011,89.05661011,145.3566101,273.0566101,618.175045922
S002,A,0.155,25,rated_payload_limited,3.8025,2.73984663737,3.09050972759,3.09050972759,25,7411.533814,7411.533814,181.2542542,89.45425415,89.45425415,181.2542542,308.9542542,1433.77520846
S002,B,0.155,30,rated_payload_limited,3.38,2.18415452088,2.99882031183,2.99882031183,30,7411.533814,7411.533814,181.2542542,89.45425415,89.45425415,181.2542542,308.9542542,1186.72408132
S002,C,0.155,73.7530324685,energy_limited,6.76,4.6325359292,7.34794754861,6.76,80,7411.533814,7411.533814,181.2542542,89.45425415,89.45425415,181.2542542,308.9542542,1231.84216605
S003,A,0.155,25,rated_payload_limited,3.8025,2.7890857722,3.15701804891,3.15701804891,25,7263.826968,7263.826968,434.1041382,223.3041382,223.3041382,434.1041382,561.8041382,1692.73723069
S003,B,0.155,30,rated_payload_limited,3.38,2.23705090717,3.06459015809,3.06459015809,30,7263.826968,7263.826968,434.1041382,223.3041382,223.3041382,434.1041382,561.8041382,1450.60966509
S003,C,0.155,73.2455389153,energy_limited,6.76,4.64390670284,7.38282653444,6.76,80,7263.826968,7263.826968,434.1041382,223.3041382,223.3041382,434.1041382,561.8041382,1560.17771116
S004,A,0.155,25,rated_payload_limited,3.8025,2.89394171155,3.26669153411,3.26669153411,25,7714.681646,7714.681646,270.5391663,169.9391663,169.9391663,270.5391663,398.2391663,1608.79771824
S004,B,0.155,30,rated_payload_limited,3.38,2.31251848078,3.16979849246,3.16979849246,30,7714.681646,7714.681646,270.5391663,169.9391663,169.9391663,270.5391663,398.2391663,1351.64166337
S004,C,0.155,69.3560456601,energy_limited,6.76,4.86398606465,7.71524423837,6.76,80,7714.681646,7714.681646,270.5391663,169.9391663,169.9391663,270.5391663,398.2391663,1425.05471881
S005,A,0.155,25,rated_payload_limited,3.8025,1.98844309239,2.24486501136,2.24486501136,25,5280.593369,5280.593369,198.7108887,131.4108887,131.4108887,198.7108887,326.4108887,1122.18819826
S005,B,0.155,30,rated_payload_limited,3.38,1.58992547929,2.1782576011,2.1782576011,30,5280.593369,5280.593369,198.7108887,131.4108887,131.4108887,198.7108887,326.4108887,946.168419293
S005,C,0.155,80,rated_payload_limited,6.76,3.33690049967,5.29264281489,5.29264281489,80,5280.593369,5280.593369,198.7108887,131.4108887,131.4108887,198.7108887,326.4108887,1001.18871553
S006,A,0.155,25,rated_payload_limited,3.8025,1.22375461487,1.38968260036,1.38968260036,25,3186.198852,3186.198852,238.3978394,51.29783936,51.29783936,238.3978394,366.0978394,743.476639757
S006,B,0.155,30,rated_payload_limited,3.38,0.981585340998,1.35002263401,1.35002263401,30,3186.198852,3186.198852,238.3978394,51.29783936,51.29783936,238.3978394,366.0978394,637.270011357
S006,C,0.155,80,rated_payload_limited,6.76,2.0373511789,3.25327178824,3.25327178824,80,3186.198852,3186.198852,238.3978394,51.29783936,51.29783936,238.3978394,366.0978394,685.552624484
S007,A,0.155,25,rated_payload_limited,3.8025,1.77756344482,2.01797249109,2.01797249109,25,4534.717375,4534.717375,384.273175,163.473175,163.473175,384.273175,511.973175,1157.46688583
S007,B,0.155,30,rated_payload_limited,3.38,1.43033692627,1.95981561942,1.95981561942,30,4534.717375,4534.717375,384.273175,163.473175,163.473175,384.273175,511.973175,1006.30964
S007,C,0.155,80,rated_payload_limited,6.76,2.93545326153,4.67961017039,4.67961017039,80,4534.717375,4534.717375,384.273175,163.473175,163.473175,384.273175,511.973175,1097.60069833
S008,A,0.155,25,rated_payload_limited,3.8025,3.00043718224,3.38719045973,3.38719045973,25,8079.110449,8079.110449,245.2093323,102.0093323,102.0093323,245.2093323,372.9093323,1601.14542887
S008,B,0.155,30,rated_payload_limited,3.38,2.39370630456,3.28715724997,3.28715724997,30,8079.110449,8079.110449,245.2093323,102.0093323,102.0093323,245.2093323,372.9093323,1331.84174724
S008,C,0.155,65.2774533719,energy_limited,6.76,5.06358632917,8.03799840697,6.76,80,8079.110449,8079.110449,245.2093323,102.0093323,102.0093323,245.2093323,372.9093323,1389.71152467
S009,A,0.155,25,rated_payload_limited,3.8025,2.11449348264,2.38688881319,2.38688881319,25,5705.303447,5705.303447,165.5289124,63.22891235,63.22891235,165.5289124,293.2289124,1118.63964598
S009,B,0.155,30,rated_payload_limited,3.38,1.68634349503,2.31641401773,2.31641401773,30,5705.303447,5705.303447,165.5289124,63.22891235,63.22891235,165.5289124,293.2289124,928.462864417
S009,C,0.155,80,rated_payload_limited,6.76,3.57145366019,5.66961266921,5.66961266921,80,5705.303447,5705.303447,165.5289124,63.22891235,63.22891235,165.5289124,293.2289124,966.589168542
S010,A,0.155,25,rated_payload_limited,3.8025,1.82629300362,2.0707297629,2.0707297629,25,4784.674506,4784.674506,307.9365356,84.03653564,84.03653564,307.9365356,435.6365356,1084.89266991
S010,B,0.155,30,rated_payload_limited,3.38,1.46344502735,2.01104041223,2.01104041223,30,4784.674506,4784.674506,307.9365356,84.03653564,84.03653564,307.9365356,435.6365356,925.403519709
S010,C,0.155,80,rated_payload_limited,6.76,3.04807696181,4.85885692633,4.85885692633,80,4784.674506,4784.674506,307.9365356,84.03653564,84.03653564,307.9365356,435.6365356,990.732364916
S011,A,0.155,25,rated_payload_limited,3.8025,1.07737291221,1.21959611273,1.21959611273,25,2808.106412,2808.106412,167.6617554,83.26175537,83.26175537,167.6617554,295.3617554,652.028309898
S011,B,0.155,30,rated_payload_limited,3.38,0.864023964183,1.1839226027,1.1839226027,30,2808.106412,2808.106412,167.6617554,83.26175537,83.26175537,167.6617554,295.3617554,558.424762831
S011,C,0.155,80,rated_payload_limited,6.76,1.79442515305,2.85321027055,2.85321027055,80,2808.106412,2808.106412,167.6617554,83.26175537,83.26175537,167.6617554,295.3617554,600.24534796
S012,A,0.155,25,rated_payload_limited,3.8025,2.77180546523,3.13142055533,3.13142055533,25,7391.140163,7391.140163,285.6009949,133.5009949,133.5009949,285.6009949,413.3009949,1539.19815302
S012,B,0.155,30,rated_payload_limited,3.38,2.21482112408,3.039145538,3.039145538,30,7391.140163,7391.140163,285.6009949,133.5009949,133.5009949,285.6009949,413.3009949,1292.82681425
S012,C,0.155,73.1305920397,energy_limited,6.76,4.65923038872,7.39890429565,6.76,80,7391.140163,7391.140163,285.6009949,133.5009949,133.5009949,285.6009949,413.3009949,1362.67714589
S013,A,0.155,25,rated_payload_limited,3.8025,1.83030762726,2.07421509617,2.07421509617,25,4849.536855,4849.536855,271.4818237,47.48182373,47.48182373,271.4818237,399.1818237,1042.16281728
S013,B,0.155,30,rated_payload_limited,3.38,1.46402243521,2.0144296422,2.0144296422,30,4849.536855,4849.536855,271.4818237,47.48182373,47.48182373,271.4818237,399.1818237,880.511588782
S013,C,0.155,80,rated_payload_limited,6.76,3.06868405411,4.89171403136,4.89171403136,80,4849.536855,4849.536855,271.4818237,47.48182373,47.48182373,271.4818237,399.1818237,933.672196687
S014,A,0.155,25,rated_payload_limited,3.8025,2.13779691217,2.42558723052,2.42558723052,25,5419.5363,5419.5363,464.2473877,240.9473877,240.9473877,464.2473877,591.9473877,1420.39888529
S014,B,0.155,30,rated_payload_limited,3.38,1.72186251244,2.35522053783,2.35522053783,30,5419.5363,5419.5363,464.2473877,240.9473877,240.9473877,464.2473877,591.9473877,1239.74767529
S014,C,0.155,80,rated_payload_limited,6.76,3.52159630022,5.60758666095,5.60758666095,80,5419.5363,5419.5363,464.2473877,240.9473877,240.9473877,464.2473877,591.9473877,1357.28013786
S015,A,0.155,25,rated_payload_limited,3.8025,2.30689938866,2.61934426755,2.61934426755,25,6009.764892,6009.764892,444.0992554,97.29925537,97.29925537,444.0992554,571.7992554,1398.65305656
S015,B,0.155,30,rated_payload_limited,3.38,1.85021799472,2.5445279265,2.5445279265,30,6009.764892,6009.764892,444.0992554,97.29925537,97.29925537,444.0992554,571.7992554,1198.32756016
S015,C,0.155,80,rated_payload_limited,6.76,3.84149604983,6.13326501752,6.13326501752,80,6009.764892,6009.764892,444.0992554,97.29925537,97.29925537,444.0992554,571.7992554,1288.56064529
S001,A,0.16,25,rated_payload_limited,3.78,1.16153051602,1.31271024158,1.31271024158,25,3054.023608,3054.023608,145.3566101,89.05661011,89.05661011,145.3566101,273.0566101,680.906962821
S001,B,0.16,30,rated_payload_limited,3.36,0.930225761055,1.27394097204,1.27394097204,30,3054.023608,3054.023608,145.3566101,89.05661011,89.05661011,145.3566101,273.0566101,579.106175887
S001,C,0.16,80,rated_payload_limited,6.72,1.94139247193,3.08170436114,3.08170436114,80,3054.023608,3054.023608,145.3566101,89.05661011,89.05661011,145.3566101,273.0566101,618.175045922
S002,A,0.16,25,rated_payload_limited,3.78,2.73984663737,3.09050972759,3.09050972759,25,7411.533814,7411.533814,181.2542542,89.45425415,89.45425415,181.2542542,308.9542542,1433.77520846
S002,B,0.16,30,rated_payload_limited,3.36,2.18415452088,2.99882031183,2.99882031183,30,7411.533814,7411.533814,181.2542542,89.45425415,89.45425415,181.2542542,308.9542542,1186.72408132
S002,C,0.16,73.2562955602,energy_limited,6.72,4.6325359292,7.34794754861,6.72,80,7411.533814,7411.533814,181.2542542,89.45425415,89.45425415,181.2542542,308.9542542,1231.84216605
S003,A,0.16,25,rated_payload_limited,3.78,2.7890857722,3.15701804891,3.15701804891,25,7263.826968,7263.826968,434.1041382,223.3041382,223.3041382,434.1041382,561.8041382,1692.73723069
S003,B,0.16,30,rated_payload_limited,3.36,2.23705090717,3.06459015809,3.06459015809,30,7263.826968,7263.826968,434.1041382,223.3041382,223.3041382,434.1041382,561.8041382,1450.60966509
S003,C,0.16,72.7337777162,energy_limited,6.72,4.64390670284,7.38282653444,6.72,80,7263.826968,7263.826968,434.1041382,223.3041382,223.3041382,434.1041382,561.8041382,1560.17771116
S004,A,0.16,25,rated_payload_limited,3.78,2.89394171155,3.26669153411,3.26669153411,25,7714.681646,7714.681646,270.5391663,169.9391663,169.9391663,270.5391663,398.2391663,1608.79771824
S004,B,0.16,30,rated_payload_limited,3.36,2.31251848078,3.16979849246,3.16979849246,30,7714.681646,7714.681646,270.5391663,169.9391663,169.9391663,270.5391663,398.2391663,1351.64166337
S004,C,0.16,68.7849669909,energy_limited,6.72,4.86398606465,7.71524423837,6.72,80,7714.681646,7714.681646,270.5391663,169.9391663,169.9391663,270.5391663,398.2391663,1425.05471881
S005,A,0.16,25,rated_payload_limited,3.78,1.98844309239,2.24486501136,2.24486501136,25,5280.593369,5280.593369,198.7108887,131.4108887,131.4108887,198.7108887,326.4108887,1122.18819826
S005,B,0.16,30,rated_payload_limited,3.36,1.58992547929,2.1782576011,2.1782576011,30,5280.593369,5280.593369,198.7108887,131.4108887,131.4108887,198.7108887,326.4108887,946.168419293
S005,C,0.16,80,rated_payload_limited,6.72,3.33690049967,5.29264281489,5.29264281489,80,5280.593369,5280.593369,198.7108887,131.4108887,131.4108887,198.7108887,326.4108887,1001.18871553
S006,A,0.16,25,rated_payload_limited,3.78,1.22375461487,1.38968260036,1.38968260036,25,3186.198852,3186.198852,238.3978394,51.29783936,51.29783936,238.3978394,366.0978394,743.476639757
S006,B,0.16,30,rated_payload_limited,3.36,0.981585340998,1.35002263401,1.35002263401,30,3186.198852,3186.198852,238.3978394,51.29783936,51.29783936,238.3978394,366.0978394,637.270011357
S006,C,0.16,80,rated_payload_limited,6.72,2.0373511789,3.25327178824,3.25327178824,80,3186.198852,3186.198852,238.3978394,51.29783936,51.29783936,238.3978394,366.0978394,685.552624484
S007,A,0.16,25,rated_payload_limited,3.78,1.77756344482,2.01797249109,2.01797249109,25,4534.717375,4534.717375,384.273175,163.473175,163.473175,384.273175,511.973175,1157.46688583
S007,B,0.16,30,rated_payload_limited,3.36,1.43033692627,1.95981561942,1.95981561942,30,4534.717375,4534.717375,384.273175,163.473175,163.473175,384.273175,511.973175,1006.30964
S007,C,0.16,80,rated_payload_limited,6.72,2.93545326153,4.67961017039,4.67961017039,80,4534.717375,4534.717375,384.273175,163.473175,163.473175,384.273175,511.973175,1097.60069833
S008,A,0.16,25,rated_payload_limited,3.78,3.00043718224,3.38719045973,3.38719045973,25,8079.110449,8079.110449,245.2093323,102.0093323,102.0093323,245.2093323,372.9093323,1601.14542887
S008,B,0.16,30,rated_payload_limited,3.36,2.39370630456,3.28715724997,3.28715724997,30,8079.110449,8079.110449,245.2093323,102.0093323,102.0093323,245.2093323,372.9093323,1331.84174724
S008,C,0.16,64.6375224535,energy_limited,6.72,5.06358632917,8.03799840697,6.72,80,8079.110449,8079.110449,245.2093323,102.0093323,102.0093323,245.2093323,372.9093323,1389.71152467
S009,A,0.16,25,rated_payload_limited,3.78,2.11449348264,2.38688881319,2.38688881319,25,5705.303447,5705.303447,165.5289124,63.22891235,63.22891235,165.5289124,293.2289124,1118.63964598
S009,B,0.16,30,rated_payload_limited,3.36,1.68634349503,2.31641401773,2.31641401773,30,5705.303447,5705.303447,165.5289124,63.22891235,63.22891235,165.5289124,293.2289124,928.462864417
S009,C,0.16,80,rated_payload_limited,6.72,3.57145366019,5.66961266921,5.66961266921,80,5705.303447,5705.303447,165.5289124,63.22891235,63.22891235,165.5289124,293.2289124,966.589168542
S010,A,0.16,25,rated_payload_limited,3.78,1.82629300362,2.0707297629,2.0707297629,25,4784.674506,4784.674506,307.9365356,84.03653564,84.03653564,307.9365356,435.6365356,1084.89266991
S010,B,0.16,30,rated_payload_limited,3.36,1.46344502735,2.01104041223,2.01104041223,30,4784.674506,4784.674506,307.9365356,84.03653564,84.03653564,307.9365356,435.6365356,925.403519709
S010,C,0.16,80,rated_payload_limited,6.72,3.04807696181,4.85885692633,4.85885692633,80,4784.674506,4784.674506,307.9365356,84.03653564,84.03653564,307.9365356,435.6365356,990.732364916
S011,A,0.16,25,rated_payload_limited,3.78,1.07737291221,1.21959611273,1.21959611273,25,2808.106412,2808.106412,167.6617554,83.26175537,83.26175537,167.6617554,295.3617554,652.028309898
S011,B,0.16,30,rated_payload_limited,3.36,0.864023964183,1.1839226027,1.1839226027,30,2808.106412,2808.106412,167.6617554,83.26175537,83.26175537,167.6617554,295.3617554,558.424762831
S011,C,0.16,80,rated_payload_limited,6.72,1.79442515305,2.85321027055,2.85321027055,80,2808.106412,2808.106412,167.6617554,83.26175537,83.26175537,167.6617554,295.3617554,600.24534796
S012,A,0.16,25,rated_payload_limited,3.78,2.77180546523,3.13142055533,3.13142055533,25,7391.140163,7391.140163,285.6009949,133.5009949,133.5009949,285.6009949,413.3009949,1539.19815302
S012,B,0.16,30,rated_payload_limited,3.36,2.21482112408,3.039145538,3.039145538,30,7391.140163,7391.140163,285.6009949,133.5009949,133.5009949,285.6009949,413.3009949,1292.82681425
S012,C,0.16,72.6214263094,energy_limited,6.72,4.65923038872,7.39890429565,6.72,80,7391.140163,7391.140163,285.6009949,133.5009949,133.5009949,285.6009949,413.3009949,1362.67714589
S013,A,0.16,25,rated_payload_limited,3.78,1.83030762726,2.07421509617,2.07421509617,25,4849.536855,4849.536855,271.4818237,47.48182373,47.48182373,271.4818237,399.1818237,1042.16281728
S013,B,0.16,30,rated_payload_limited,3.36,1.46402243521,2.0144296422,2.0144296422,30,4849.536855,4849.536855,271.4818237,47.48182373,47.48182373,271.4818237,399.1818237,880.511588782
S013,C,0.16,80,rated_payload_limited,6.72,3.06868405411,4.89171403136,4.89171403136,80,4849.536855,4849.536855,271.4818237,47.48182373,47.48182373,271.4818237,399.1818237,933.672196687
S014,A,0.16,25,rated_payload_limited,3.78,2.13779691217,2.42558723052,2.42558723052,25,5419.5363,5419.5363,464.2473877,240.9473877,240.9473877,464.2473877,591.9473877,1420.39888529
S014,B,0.16,30,rated_payload_limited,3.36,1.72186251244,2.35522053783,2.35522053783,30,5419.5363,5419.5363,464.2473877,240.9473877,240.9473877,464.2473877,591.9473877,1239.74767529
S014,C,0.16,80,rated_payload_limited,6.72,3.52159630022,5.60758666095,5.60758666095,80,5419.5363,5419.5363,464.2473877,240.9473877,240.9473877,464.2473877,591.9473877,1357.28013786
S015,A,0.16,25,rated_payload_limited,3.78,2.30689938866,2.61934426755,2.61934426755,25,6009.764892,6009.764892,444.0992554,97.29925537,97.29925537,444.0992554,571.7992554,1398.65305656
S015,B,0.16,30,rated_payload_limited,3.36,1.85021799472,2.5445279265,2.5445279265,30,6009.764892,6009.764892,444.0992554,97.29925537,97.29925537,444.0992554,571.7992554,1198.32756016
S015,C,0.16,80,rated_payload_limited,6.72,3.84149604983,6.13326501752,6.13326501752,80,6009.764892,6009.764892,444.0992554,97.29925537,97.29925537,444.0992554,571.7992554,1288.56064529
S001,A,0.165,25,rated_payload_limited,3.7575,1.16153051602,1.31271024158,1.31271024158,25,3054.023608,3054.023608,145.3566101,89.05661011,89.05661011,145.3566101,273.0566101,680.906962821
S001,B,0.165,30,rated_payload_limited,3.34,0.930225761055,1.27394097204,1.27394097204,30,3054.023608,3054.023608,145.3566101,89.05661011,89.05661011,145.3566101,273.0566101,579.106175887
S001,C,0.165,80,rated_payload_limited,6.68,1.94139247193,3.08170436114,3.08170436114,80,3054.023608,3054.023608,145.3566101,89.05661011,89.05661011,145.3566101,273.0566101,618.175045922
S002,A,0.165,25,rated_payload_limited,3.7575,2.73984663737,3.09050972759,3.09050972759,25,7411.533814,7411.533814,181.2542542,89.45425415,89.45425415,181.2542542,308.9542542,1433.77520846
S002,B,0.165,30,rated_payload_limited,3.34,2.18415452088,2.99882031183,2.99882031183,30,7411.533814,7411.533814,181.2542542,89.45425415,89.45425415,181.2542542,308.9542542,1186.72408132
S002,C,0.165,72.7487076808,energy_limited,6.68,4.6325359292,7.34794754861,6.68,80,7411.533814,7411.533814,181.2542542,89.45425415,89.45425415,181.2542542,308.9542542,1231.84216605
S003,A,0.165,25,rated_payload_limited,3.7575,2.7890857722,3.15701804891,3.15701804891,25,7263.826968,7263.826968,434.1041382,223.3041382,223.3041382,434.1041382,561.8041382,1692.73723069
S003,B,0.165,30,rated_payload_limited,3.34,2.23705090717,3.06459015809,3.06459015809,30,7263.826968,7263.826968,434.1041382,223.3041382,223.3041382,434.1041382,561.8041382,1450.60966509
S003,C,0.165,72.210755882,energy_limited,6.68,4.64390670284,7.38282653444,6.68,80,7263.826968,7263.826968,434.1041382,223.3041382,223.3041382,434.1041382,561.8041382,1560.17771116
S004,A,0.165,25,rated_payload_limited,3.7575,2.89394171155,3.26669153411,3.26669153411,25,7714.681646,7714.681646,270.5391663,169.9391663,169.9391663,270.5391663,398.2391663,1608.79771824
S004,B,0.165,30,rated_payload_limited,3.34,2.31251848078,3.16979849246,3.16979849246,30,7714.681646,7714.681646,270.5391663,169.9391663,169.9391663,270.5391663,398.2391663,1351.64166337
S004,C,0.165,68.2007139909,energy_limited,6.68,4.86398606465,7.71524423837,6.68,80,7714.681646,7714.681646,270.5391663,169.9391663,169.9391663,270.5391663,398.2391663,1425.05471881
S005,A,0.165,25,rated_payload_limited,3.7575,1.98844309239,2.24486501136,2.24486501136,25,5280.593369,5280.593369,198.7108887,131.4108887,131.4108887,198.7108887,326.4108887,1122.18819826
S005,B,0.165,30,rated_payload_limited,3.34,1.58992547929,2.1782576011,2.1782576011,30,5280.593369,5280.593369,198.7108887,131.4108887,131.4108887,198.7108887,326.4108887,946.168419293
S005,C,0.165,80,rated_payload_limited,6.68,3.33690049967,5.29264281489,5.29264281489,80,5280.593369,5280.593369,198.7108887,131.4108887,131.4108887,198.7108887,326.4108887,1001.18871553
S006,A,0.165,25,rated_payload_limited,3.7575,1.22375461487,1.38968260036,1.38968260036,25,3186.198852,3186.198852,238.3978394,51.29783936,51.29783936,238.3978394,366.0978394,743.476639757
S006,B,0.165,30,rated_payload_limited,3.34,0.981585340998,1.35002263401,1.35002263401,30,3186.198852,3186.198852,238.3978394,51.29783936,51.29783936,238.3978394,366.0978394,637.270011357
S006,C,0.165,80,rated_payload_limited,6.68,2.0373511789,3.25327178824,3.25327178824,80,3186.198852,3186.198852,238.3978394,51.29783936,51.29783936,238.3978394,366.0978394,685.552624484
S007,A,0.165,25,rated_payload_limited,3.7575,1.77756344482,2.01797249109,2.01797249109,25,4534.717375,4534.717375,384.273175,163.473175,163.473175,384.273175,511.973175,1157.46688583
S007,B,0.165,30,rated_payload_limited,3.34,1.43033692627,1.95981561942,1.95981561942,30,4534.717375,4534.717375,384.273175,163.473175,163.473175,384.273175,511.973175,1006.30964
S007,C,0.165,80,rated_payload_limited,6.68,2.93545326153,4.67961017039,4.67961017039,80,4534.717375,4534.717375,384.273175,163.473175,163.473175,384.273175,511.973175,1097.60069833
S008,A,0.165,25,rated_payload_limited,3.7575,3.00043718224,3.38719045973,3.38719045973,25,8079.110449,8079.110449,245.2093323,102.0093323,102.0093323,245.2093323,372.9093323,1601.14542887
S008,B,0.165,30,rated_payload_limited,3.34,2.39370630456,3.28715724997,3.28715724997,30,8079.110449,8079.110449,245.2093323,102.0093323,102.0093323,245.2093323,372.9093323,1331.84174724
S008,C,0.165,63.9820813734,energy_limited,6.68,5.06358632917,8.03799840697,6.68,80,8079.110449,8079.110449,245.2093323,102.0093323,102.0093323,245.2093323,372.9093323,1389.71152467
S009,A,0.165,25,rated_payload_limited,3.7575,2.11449348264,2.38688881319,2.38688881319,25,5705.303447,5705.303447,165.5289124,63.22891235,63.22891235,165.5289124,293.2289124,1118.63964598
S009,B,0.165,30,rated_payload_limited,3.34,1.68634349503,2.31641401773,2.31641401773,30,5705.303447,5705.303447,165.5289124,63.22891235,63.22891235,165.5289124,293.2289124,928.462864417
S009,C,0.165,80,rated_payload_limited,6.68,3.57145366019,5.66961266921,5.66961266921,80,5705.303447,5705.303447,165.5289124,63.22891235,63.22891235,165.5289124,293.2289124,966.589168542
S010,A,0.165,25,rated_payload_limited,3.7575,1.82629300362,2.0707297629,2.0707297629,25,4784.674506,4784.674506,307.9365356,84.03653564,84.03653564,307.9365356,435.6365356,1084.89266991
S010,B,0.165,30,rated_payload_limited,3.34,1.46344502735,2.01104041223,2.01104041223,30,4784.674506,4784.674506,307.9365356,84.03653564,84.03653564,307.9365356,435.6365356,925.403519709
S010,C,0.165,80,rated_payload_limited,6.68,3.04807696181,4.85885692633,4.85885692633,80,4784.674506,4784.674506,307.9365356,84.03653564,84.03653564,307.9365356,435.6365356,990.732364916
S011,A,0.165,25,rated_payload_limited,3.7575,1.07737291221,1.21959611273,1.21959611273,25,2808.106412,2808.106412,167.6617554,83.26175537,83.26175537,167.6617554,295.3617554,652.028309898
S011,B,0.165,30,rated_payload_limited,3.34,0.864023964183,1.1839226027,1.1839226027,30,2808.106412,2808.106412,167.6617554,83.26175537,83.26175537,167.6617554,295.3617554,558.424762831
S011,C,0.165,80,rated_payload_limited,6.68,1.79442515305,2.85321027055,2.85321027055,80,2808.106412,2808.106412,167.6617554,83.26175537,83.26175537,167.6617554,295.3617554,600.24534796
S012,A,0.165,25,rated_payload_limited,3.7575,2.77180546523,3.13142055533,3.13142055533,25,7391.140163,7391.140163,285.6009949,133.5009949,133.5009949,285.6009949,413.3009949,1539.19815302
S012,B,0.165,30,rated_payload_limited,3.34,2.21482112408,3.039145538,3.039145538,30,7391.140163,7391.140163,285.6009949,133.5009949,133.5009949,285.6009949,413.3009949,1292.82681425
S012,C,0.165,72.1010538176,energy_limited,6.68,4.65923038872,7.39890429565,6.68,80,7391.140163,7391.140163,285.6009949,133.5009949,133.5009949,285.6009949,413.3009949,1362.67714589
S013,A,0.165,25,rated_payload_limited,3.7575,1.83030762726,2.07421509617,2.07421509617,25,4849.536855,4849.536855,271.4818237,47.48182373,47.48182373,271.4818237,399.1818237,1042.16281728
S013,B,0.165,30,rated_payload_limited,3.34,1.46402243521,2.0144296422,2.0144296422,30,4849.536855,4849.536855,271.4818237,47.48182373,47.48182373,271.4818237,399.1818237,880.511588782
S013,C,0.165,80,rated_payload_limited,6.68,3.06868405411,4.89171403136,4.89171403136,80,4849.536855,4849.536855,271.4818237,47.48182373,47.48182373,271.4818237,399.1818237,933.672196687
S014,A,0.165,25,rated_payload_limited,3.7575,2.13779691217,2.42558723052,2.42558723052,25,5419.5363,5419.5363,464.2473877,240.9473877,240.9473877,464.2473877,591.9473877,1420.39888529
S014,B,0.165,30,rated_payload_limited,3.34,1.72186251244,2.35522053783,2.35522053783,30,5419.5363,5419.5363,464.2473877,240.9473877,240.9473877,464.2473877,591.9473877,1239.74767529
S014,C,0.165,80,rated_payload_limited,6.68,3.52159630022,5.60758666095,5.60758666095,80,5419.5363,5419.5363,464.2473877,240.9473877,240.9473877,464.2473877,591.9473877,1357.28013786
S015,A,0.165,25,rated_payload_limited,3.7575,2.30689938866,2.61934426755,2.61934426755,25,6009.764892,6009.764892,444.0992554,97.29925537,97.29925537,444.0992554,571.7992554,1398.65305656
S015,B,0.165,30,rated_payload_limited,3.34,1.85021799472,2.5445279265,2.5445279265,30,6009.764892,6009.764892,444.0992554,97.29925537,97.29925537,444.0992554,571.7992554,1198.32756016
S015,C,0.165,80,rated_payload_limited,6.68,3.84149604983,6.13326501752,6.13326501752,80,6009.764892,6009.764892,444.0992554,97.29925537,97.29925537,444.0992554,571.7992554,1288.56064529
S001,A,0.17,25,rated_payload_limited,3.735,1.16153051602,1.31271024158,1.31271024158,25,3054.023608,3054.023608,145.3566101,89.05661011,89.05661011,145.3566101,273.0566101,680.906962821
S001,B,0.17,30,rated_payload_limited,3.32,0.930225761055,1.27394097204,1.27394097204,30,3054.023608,3054.023608,145.3566101,89.05661011,89.05661011,145.3566101,273.0566101,579.106175887
S001,C,0.17,80,rated_payload_limited,6.64,1.94139247193,3.08170436114,3.08170436114,80,3054.023608,3054.023608,145.3566101,89.05661011,89.05661011,145.3566101,273.0566101,618.175045922
S002,A,0.17,25,rated_payload_limited,3.735,2.73984663737,3.09050972759,3.09050972759,25,7411.533814,7411.533814,181.2542542,89.45425415,89.45425415,181.2542542,308.9542542,1433.77520846
S002,B,0.17,30,rated_payload_limited,3.32,2.18415452088,2.99882031183,2.99882031183,30,7411.533814,7411.533814,181.2542542,89.45425415,89.45425415,181.2542542,308.9542542,1186.72408132
S002,C,0.17,72.2298968998,energy_limited,6.64,4.6325359292,7.34794754861,6.64,80,7411.533814,7411.533814,181.2542542,89.45425415,89.45425415,181.2542542,308.9542542,1231.84216605
S003,A,0.17,25,rated_payload_limited,3.735,2.7890857722,3.15701804891,3.15701804891,25,7263.826968,7263.826968,434.1041382,223.3041382,223.3041382,434.1041382,561.8041382,1692.73723069
S003,B,0.17,30,rated_payload_limited,3.32,2.23705090717,3.06459015809,3.06459015809,30,7263.826968,7263.826968,434.1041382,223.3041382,223.3041382,434.1041382,561.8041382,1450.60966509
S003,C,0.17,71.6760889187,energy_limited,6.64,4.64390670284,7.38282653444,6.64,80,7263.826968,7263.826968,434.1041382,223.3041382,223.3041382,434.1041382,561.8041382,1560.17771116
S004,A,0.17,25,rated_payload_limited,3.735,2.89394171155,3.26669153411,3.26669153411,25,7714.681646,7714.681646,270.5391663,169.9391663,169.9391663,270.5391663,398.2391663,1608.79771824
S004,B,0.17,30,rated_payload_limited,3.32,2.31251848078,3.16979849246,3.16979849246,30,7714.681646,7714.681646,270.5391663,169.9391663,169.9391663,270.5391663,398.2391663,1351.64166337
S004,C,0.17,67.6028056052,energy_limited,6.64,4.86398606465,7.71524423837,6.64,80,7714.681646,7714.681646,270.5391663,169.9391663,169.9391663,270.5391663,398.2391663,1425.05471881
S005,A,0.17,25,rated_payload_limited,3.735,1.98844309239,2.24486501136,2.24486501136,25,5280.593369,5280.593369,198.7108887,131.4108887,131.4108887,198.7108887,326.4108887,1122.18819826
S005,B,0.17,30,rated_payload_limited,3.32,1.58992547929,2.1782576011,2.1782576011,30,5280.593369,5280.593369,198.7108887,131.4108887,131.4108887,198.7108887,326.4108887,946.168419293
S005,C,0.17,80,rated_payload_limited,6.64,3.33690049967,5.29264281489,5.29264281489,80,5280.593369,5280.593369,198.7108887,131.4108887,131.4108887,198.7108887,326.4108887,1001.18871553
S006,A,0.17,25,rated_payload_limited,3.735,1.22375461487,1.38968260036,1.38968260036,25,3186.198852,3186.198852,238.3978394,51.29783936,51.29783936,238.3978394,366.0978394,743.476639757
S006,B,0.17,30,rated_payload_limited,3.32,0.981585340998,1.35002263401,1.35002263401,30,3186.198852,3186.198852,238.3978394,51.29783936,51.29783936,238.3978394,366.0978394,637.270011357
S006,C,0.17,80,rated_payload_limited,6.64,2.0373511789,3.25327178824,3.25327178824,80,3186.198852,3186.198852,238.3978394,51.29783936,51.29783936,238.3978394,366.0978394,685.552624484
S007,A,0.17,25,rated_payload_limited,3.735,1.77756344482,2.01797249109,2.01797249109,25,4534.717375,4534.717375,384.273175,163.473175,163.473175,384.273175,511.973175,1157.46688583
S007,B,0.17,30,rated_payload_limited,3.32,1.43033692627,1.95981561942,1.95981561942,30,4534.717375,4534.717375,384.273175,163.473175,163.473175,384.273175,511.973175,1006.30964
S007,C,0.17,80,rated_payload_limited,6.64,2.93545326153,4.67961017039,4.67961017039,80,4534.717375,4534.717375,384.273175,163.473175,163.473175,384.273175,511.973175,1097.60069833
S008,A,0.17,25,rated_payload_limited,3.735,3.00043718224,3.38719045973,3.38719045973,25,8079.110449,8079.110449,245.2093323,102.0093323,102.0093323,245.2093323,372.9093323,1601.14542887
S008,B,0.17,30,rated_payload_limited,3.32,2.39370630456,3.28715724997,3.28715724997,30,8079.110449,8079.110449,245.2093323,102.0093323,102.0093323,245.2093323,372.9093323,1331.84174724
S008,C,0.17,63.3105249976,energy_limited,6.64,5.06358632917,8.03799840697,6.64,80,8079.110449,8079.110449,245.2093323,102.0093323,102.0093323,245.2093323,372.9093323,1389.71152467
S009,A,0.17,25,rated_payload_limited,3.735,2.11449348264,2.38688881319,2.38688881319,25,5705.303447,5705.303447,165.5289124,63.22891235,63.22891235,165.5289124,293.2289124,1118.63964598
S009,B,0.17,30,rated_payload_limited,3.32,1.68634349503,2.31641401773,2.31641401773,30,5705.303447,5705.303447,165.5289124,63.22891235,63.22891235,165.5289124,293.2289124,928.462864417
S009,C,0.17,80,rated_payload_limited,6.64,3.57145366019,5.66961266921,5.66961266921,80,5705.303447,5705.303447,165.5289124,63.22891235,63.22891235,165.5289124,293.2289124,966.589168542
S010,A,0.17,25,rated_payload_limited,3.735,1.82629300362,2.0707297629,2.0707297629,25,4784.674506,4784.674506,307.9365356,84.03653564,84.03653564,307.9365356,435.6365356,1084.89266991
S010,B,0.17,30,rated_payload_limited,3.32,1.46344502735,2.01104041223,2.01104041223,30,4784.674506,4784.674506,307.9365356,84.03653564,84.03653564,307.9365356,435.6365356,925.403519709
S010,C,0.17,80,rated_payload_limited,6.64,3.04807696181,4.85885692633,4.85885692633,80,4784.674506,4784.674506,307.9365356,84.03653564,84.03653564,307.9365356,435.6365356,990.732364916
S011,A,0.17,25,rated_payload_limited,3.735,1.07737291221,1.21959611273,1.21959611273,25,2808.106412,2808.106412,167.6617554,83.26175537,83.26175537,167.6617554,295.3617554,652.028309898
S011,B,0.17,30,rated_payload_limited,3.32,0.864023964183,1.1839226027,1.1839226027,30,2808.106412,2808.106412,167.6617554,83.26175537,83.26175537,167.6617554,295.3617554,558.424762831
S011,C,0.17,80,rated_payload_limited,6.64,1.79442515305,2.85321027055,2.85321027055,80,2808.106412,2808.106412,167.6617554,83.26175537,83.26175537,167.6617554,295.3617554,600.24534796
S012,A,0.17,25,rated_payload_limited,3.735,2.77180546523,3.13142055533,3.13142055533,25,7391.140163,7391.140163,285.6009949,133.5009949,133.5009949,285.6009949,413.3009949,1539.19815302
S012,B,0.17,30,rated_payload_limited,3.32,2.21482112408,3.039145538,3.039145538,30,7391.140163,7391.140163,285.6009949,133.5009949,133.5009949,285.6009949,413.3009949,1292.82681425
S012,C,0.17,71.5690888256,energy_limited,6.64,4.65923038872,7.39890429565,6.64,80,7391.140163,7391.140163,285.6009949,133.5009949,133.5009949,285.6009949,413.3009949,1362.67714589
S013,A,0.17,25,rated_payload_limited,3.735,1.83030762726,2.07421509617,2.07421509617,25,4849.536855,4849.536855,271.4818237,47.48182373,47.48182373,271.4818237,399.1818237,1042.16281728
S013,B,0.17,30,rated_payload_limited,3.32,1.46402243521,2.0144296422,2.0144296422,30,4849.536855,4849.536855,271.4818237,47.48182373,47.48182373,271.4818237,399.1818237,880.511588782
S013,C,0.17,80,rated_payload_limited,6.64,3.06868405411,4.89171403136,4.89171403136,80,4849.536855,4849.536855,271.4818237,47.48182373,47.48182373,271.4818237,399.1818237,933.672196687
S014,A,0.17,25,rated_payload_limited,3.735,2.13779691217,2.42558723052,2.42558723052,25,5419.5363,5419.5363,464.2473877,240.9473877,240.9473877,464.2473877,591.9473877,1420.39888529
S014,B,0.17,30,rated_payload_limited,3.32,1.72186251244,2.35522053783,2.35522053783,30,5419.5363,5419.5363,464.2473877,240.9473877,240.9473877,464.2473877,591.9473877,1239.74767529
S014,C,0.17,80,rated_payload_limited,6.64,3.52159630022,5.60758666095,5.60758666095,80,5419.5363,5419.5363,464.2473877,240.9473877,240.9473877,464.2473877,591.9473877,1357.28013786
S015,A,0.17,25,rated_payload_limited,3.735,2.30689938866,2.61934426755,2.61934426755,25,6009.764892,6009.764892,444.0992554,97.29925537,97.29925537,444.0992554,571.7992554,1398.65305656
S015,B,0.17,30,rated_payload_limited,3.32,1.85021799472,2.5445279265,2.5445279265,30,6009.764892,6009.764892,444.0992554,97.29925537,97.29925537,444.0992554,571.7992554,1198.32756016
S015,C,0.17,80,rated_payload_limited,6.64,3.84149604983,6.13326501752,6.13326501752,80,6009.764892,6009.764892,444.0992554,97.29925537,97.29925537,444.0992554,571.7992554,1288.56064529
S001,A,0.175,25,rated_payload_limited,3.7125,1.16153051602,1.31271024158,1.31271024158,25,3054.023608,3054.023608,145.3566101,89.05661011,89.05661011,145.3566101,273.0566101,680.906962821
S001,B,0.175,30,rated_payload_limited,3.3,0.930225761055,1.27394097204,1.27394097204,30,3054.023608,3054.023608,145.3566101,89.05661011,89.05661011,145.3566101,273.0566101,579.106175887
S001,C,0.175,80,rated_payload_limited,6.6,1.94139247193,3.08170436114,3.08170436114,80,3054.023608,3054.023608,145.3566101,89.05661011,89.05661011,145.3566101,273.0566101,618.175045922
S002,A,0.175,25,rated_payload_limited,3.7125,2.73984663737,3.09050972759,3.09050972759,25,7411.533814,7411.533814,181.2542542,89.45425415,89.45425415,181.2542542,308.9542542,1433.77520846
S002,B,0.175,30,rated_payload_limited,3.3,2.18415452088,2.99882031183,2.99882031183,30,7411.533814,7411.533814,181.2542542,89.45425415,89.45425415,181.2542542,308.9542542,1186.72408132
S002,C,0.175,71.6994733144,energy_limited,6.6,4.6325359292,7.34794754861,6.6,80,7411.533814,7411.533814,181.2542542,89.45425415,89.45425415,181.2542542,308.9542542,1231.84216605
S003,A,0.175,25,rated_payload_limited,3.7125,2.7890857722,3.15701804891,3.15701804891,25,7263.826968,7263.826968,434.1041382,223.3041382,223.3041382,434.1041382,561.8041382,1692.73723069
S003,B,0.175,30,rated_payload_limited,3.3,2.23705090717,3.06459015809,3.06459015809,30,7263.826968,7263.826968,434.1041382,223.3041382,223.3041382,434.1041382,561.8041382,1450.60966509
S003,C,0.175,71.1293739898,energy_limited,6.6,4.64390670284,7.38282653444,6.6,80,7263.826968,7263.826968,434.1041382,223.3041382,223.3041382,434.1041382,561.8041382,1560.17771116
S004,A,0.175,25,rated_payload_limited,3.7125,2.89394171155,3.26669153411,3.26669153411,25,7714.681646,7714.681646,270.5391663,169.9391663,169.9391663,270.5391663,398.2391663,1608.79771824
S004,B,0.175,30,rated_payload_limited,3.3,2.31251848078,3.16979849246,3.16979849246,30,7714.681646,7714.681646,270.5391663,169.9391663,169.9391663,270.5391663,398.2391663,1351.64166337
S004,C,0.175,66.990735674,energy_limited,6.6,4.86398606465,7.71524423837,6.6,80,7714.681646,7714.681646,270.5391663,169.9391663,169.9391663,270.5391663,398.2391663,1425.05471881
S005,A,0.175,25,rated_payload_limited,3.7125,1.98844309239,2.24486501136,2.24486501136,25,5280.593369,5280.593369,198.7108887,131.4108887,131.4108887,198.7108887,326.4108887,1122.18819826
S005,B,0.175,30,rated_payload_limited,3.3,1.58992547929,2.1782576011,2.1782576011,30,5280.593369,5280.593369,198.7108887,131.4108887,131.4108887,198.7108887,326.4108887,946.168419293
S005,C,0.175,80,rated_payload_limited,6.6,3.33690049967,5.29264281489,5.29264281489,80,5280.593369,5280.593369,198.7108887,131.4108887,131.4108887,198.7108887,326.4108887,1001.18871553
S006,A,0.175,25,rated_payload_limited,3.7125,1.22375461487,1.38968260036,1.38968260036,25,3186.198852,3186.198852,238.3978394,51.29783936,51.29783936,238.3978394,366.0978394,743.476639757
S006,B,0.175,30,rated_payload_limited,3.3,0.981585340998,1.35002263401,1.35002263401,30,3186.198852,3186.198852,238.3978394,51.29783936,51.29783936,238.3978394,366.0978394,637.270011357
S006,C,0.175,80,rated_payload_limited,6.6,2.0373511789,3.25327178824,3.25327178824,80,3186.198852,3186.198852,238.3978394,51.29783936,51.29783936,238.3978394,366.0978394,685.552624484
S007,A,0.175,25,rated_payload_limited,3.7125,1.77756344482,2.01797249109,2.01797249109,25,4534.717375,4534.717375,384.273175,163.473175,163.473175,384.273175,511.973175,1157.46688583
S007,B,0.175,30,rated_payload_limited,3.3,1.43033692627,1.95981561942,1.95981561942,30,4534.717375,4534.717375,384.273175,163.473175,163.473175,384.273175,511.973175,1006.30964
S007,C,0.175,80,rated_payload_limited,6.6,2.93545326153,4.67961017039,4.67961017039,80,4534.717375,4534.717375,384.273175,163.473175,163.473175,384.273175,511.973175,1097.60069833
S008,A,0.175,25,rated_payload_limited,3.7125,3.00043718224,3.38719045973,3.38719045973,25,8079.110449,8079.110449,245.2093323,102.0093323,102.0093323,245.2093323,372.9093323,1601.14542887
S008,B,0.175,30,rated_payload_limited,3.3,2.39370630456,3.28715724997,3.28715724997,30,8079.110449,8079.110449,245.2093323,102.0093323,102.0093323,245.2093323,372.9093323,1331.84174724
S008,C,0.175,62.6222137263,energy_limited,6.6,5.06358632917,8.03799840697,6.6,80,8079.110449,8079.110449,245.2093323,102.0093323,102.0093323,245.2093323,372.9093323,1389.71152467
S009,A,0.175,25,rated_payload_limited,3.7125,2.11449348264,2.38688881319,2.38688881319,25,5705.303447,5705.303447,165.5289124,63.22891235,63.22891235,165.5289124,293.2289124,1118.63964598
S009,B,0.175,30,rated_payload_limited,3.3,1.68634349503,2.31641401773,2.31641401773,30,5705.303447,5705.303447,165.5289124,63.22891235,63.22891235,165.5289124,293.2289124,928.462864417
S009,C,0.175,80,rated_payload_limited,6.6,3.57145366019,5.66961266921,5.66961266921,80,5705.303447,5705.303447,165.5289124,63.22891235,63.22891235,165.5289124,293.2289124,966.589168542
S010,A,0.175,25,rated_payload_limited,3.7125,1.82629300362,2.0707297629,2.0707297629,25,4784.674506,4784.674506,307.9365356,84.03653564,84.03653564,307.9365356,435.6365356,1084.89266991
S010,B,0.175,30,rated_payload_limited,3.3,1.46344502735,2.01104041223,2.01104041223,30,4784.674506,4784.674506,307.9365356,84.03653564,84.03653564,307.9365356,435.6365356,925.403519709
S010,C,0.175,80,rated_payload_limited,6.6,3.04807696181,4.85885692633,4.85885692633,80,4784.674506,4784.674506,307.9365356,84.03653564,84.03653564,307.9365356,435.6365356,990.732364916
S011,A,0.175,25,rated_payload_limited,3.7125,1.07737291221,1.21959611273,1.21959611273,25,2808.106412,2808.106412,167.6617554,83.26175537,83.26175537,167.6617554,295.3617554,652.028309898
S011,B,0.175,30,rated_payload_limited,3.3,0.864023964183,1.1839226027,1.1839226027,30,2808.106412,2808.106412,167.6617554,83.26175537,83.26175537,167.6617554,295.3617554,558.424762831
S011,C,0.175,80,rated_payload_limited,6.6,1.79442515305,2.85321027055,2.85321027055,80,2808.106412,2808.106412,167.6617554,83.26175537,83.26175537,167.6617554,295.3617554,600.24534796
S012,A,0.175,25,rated_payload_limited,3.7125,2.77180546523,3.13142055533,3.13142055533,25,7391.140163,7391.140163,285.6009949,133.5009949,133.5009949,285.6009949,413.3009949,1539.19815302
S012,B,0.175,30,rated_payload_limited,3.3,2.21482112408,3.039145538,3.039145538,30,7391.140163,7391.140163,285.6009949,133.5009949,133.5009949,285.6009949,413.3009949,1292.82681425
S012,C,0.175,71.0251269162,energy_limited,6.6,4.65923038872,7.39890429565,6.6,80,7391.140163,7391.140163,285.6009949,133.5009949,133.5009949,285.6009949,413.3009949,1362.67714589
S013,A,0.175,25,rated_payload_limited,3.7125,1.83030762726,2.07421509617,2.07421509617,25,4849.536855,4849.536855,271.4818237,47.48182373,47.48182373,271.4818237,399.1818237,1042.16281728
S013,B,0.175,30,rated_payload_limited,3.3,1.46402243521,2.0144296422,2.0144296422,30,4849.536855,4849.536855,271.4818237,47.48182373,47.48182373,271.4818237,399.1818237,880.511588782
S013,C,0.175,80,rated_payload_limited,6.6,3.06868405411,4.89171403136,4.89171403136,80,4849.536855,4849.536855,271.4818237,47.48182373,47.48182373,271.4818237,399.1818237,933.672196687
S014,A,0.175,25,rated_payload_limited,3.7125,2.13779691217,2.42558723052,2.42558723052,25,5419.5363,5419.5363,464.2473877,240.9473877,240.9473877,464.2473877,591.9473877,1420.39888529
S014,B,0.175,30,rated_payload_limited,3.3,1.72186251244,2.35522053783,2.35522053783,30,5419.5363,5419.5363,464.2473877,240.9473877,240.9473877,464.2473877,591.9473877,1239.74767529
S014,C,0.175,80,rated_payload_limited,6.6,3.52159630022,5.60758666095,5.60758666095,80,5419.5363,5419.5363,464.2473877,240.9473877,240.9473877,464.2473877,591.9473877,1357.28013786
S015,A,0.175,25,rated_payload_limited,3.7125,2.30689938866,2.61934426755,2.61934426755,25,6009.764892,6009.764892,444.0992554,97.29925537,97.29925537,444.0992554,571.7992554,1398.65305656
S015,B,0.175,30,rated_payload_limited,3.3,1.85021799472,2.5445279265,2.5445279265,30,6009.764892,6009.764892,444.0992554,97.29925537,97.29925537,444.0992554,571.7992554,1198.32756016
S015,C,0.175,80,rated_payload_limited,6.6,3.84149604983,6.13326501752,6.13326501752,80,6009.764892,6009.764892,444.0992554,97.29925537,97.29925537,444.0992554,571.7992554,1288.56064529
S001,A,0.18,25,rated_payload_limited,3.69,1.16153051602,1.31271024158,1.31271024158,25,3054.023608,3054.023608,145.3566101,89.05661011,89.05661011,145.3566101,273.0566101,680.906962821
S001,B,0.18,30,rated_payload_limited,3.28,0.930225761055,1.27394097204,1.27394097204,30,3054.023608,3054.023608,145.3566101,89.05661011,89.05661011,145.3566101,273.0566101,579.106175887
S001,C,0.18,80,rated_payload_limited,6.56,1.94139247193,3.08170436114,3.08170436114,80,3054.023608,3054.023608,145.3566101,89.05661011,89.05661011,145.3566101,273.0566101,618.175045922
S002,A,0.18,25,rated_payload_limited,3.69,2.73984663737,3.09050972759,3.09050972759,25,7411.533814,7411.533814,181.2542542,89.45425415,89.45425415,181.2542542,308.9542542,1433.77520846
S002,B,0.18,30,rated_payload_limited,3.28,2.18415452088,2.99882031183,2.99882031183,30,7411.533814,7411.533814,181.2542542,89.45425415,89.45425415,181.2542542,308.9542542,1186.72408132
S002,C,0.18,71.1570278903,energy_limited,6.56,4.6325359292,7.34794754861,6.56,80,7411.533814,7411.533814,181.2542542,89.45425415,89.45425415,181.2542542,308.9542542,1231.84216605
S003,A,0.18,25,rated_payload_limited,3.69,2.7890857722,3.15701804891,3.15701804891,25,7263.826968,7263.826968,434.1041382,223.3041382,223.3041382,434.1041382,561.8041382,1692.73723069
S003,B,0.18,30,rated_payload_limited,3.28,2.23705090717,3.06459015809,3.06459015809,30,7263.826968,7263.826968,434.1041382,223.3041382,223.3041382,434.1041382,561.8041382,1450.60966509
S003,C,0.18,70.5701887544,energy_limited,6.56,4.64390670284,7.38282653444,6.56,80,7263.826968,7263.826968,434.1041382,223.3041382,223.3041382,434.1041382,561.8041382,1560.17771116
S004,A,0.18,25,rated_payload_limited,3.69,2.89394171155,3.26669153411,3.26669153411,25,7714.681646,7714.681646,270.5391663,169.9391663,169.9391663,270.5391663,398.2391663,1608.79771824
S004,B,0.18,30,rated_payload_limited,3.28,2.31251848078,3.16979849246,3.16979849246,30,7714.681646,7714.681646,270.5391663,169.9391663,169.9391663,270.5391663,398.2391663,1351.64166337
S004,C,0.18,66.3639711528,energy_limited,6.56,4.86398606465,7.71524423837,6.56,80,7714.681646,7714.681646,270.5391663,169.9391663,169.9391663,270.5391663,398.2391663,1425.05471881
S005,A,0.18,25,rated_payload_limited,3.69,1.98844309239,2.24486501136,2.24486501136,25,5280.593369,5280.593369,198.7108887,131.4108887,131.4108887,198.7108887,326.4108887,1122.18819826
S005,B,0.18,30,rated_payload_limited,3.28,1.58992547929,2.1782576011,2.1782576011,30,5280.593369,5280.593369,198.7108887,131.4108887,131.4108887,198.7108887,326.4108887,946.168419293
S005,C,0.18,80,rated_payload_limited,6.56,3.33690049967,5.29264281489,5.29264281489,80,5280.593369,5280.593369,198.7108887,131.4108887,131.4108887,198.7108887,326.4108887,1001.18871553
S006,A,0.18,25,rated_payload_limited,3.69,1.22375461487,1.38968260036,1.38968260036,25,3186.198852,3186.198852,238.3978394,51.29783936,51.29783936,238.3978394,366.0978394,743.476639757
S006,B,0.18,30,rated_payload_limited,3.28,0.981585340998,1.35002263401,1.35002263401,30,3186.198852,3186.198852,238.3978394,51.29783936,51.29783936,238.3978394,366.0978394,637.270011357
S006,C,0.18,80,rated_payload_limited,6.56,2.0373511789,3.25327178824,3.25327178824,80,3186.198852,3186.198852,238.3978394,51.29783936,51.29783936,238.3978394,366.0978394,685.552624484
S007,A,0.18,25,rated_payload_limited,3.69,1.77756344482,2.01797249109,2.01797249109,25,4534.717375,4534.717375,384.273175,163.473175,163.473175,384.273175,511.973175,1157.46688583
S007,B,0.18,30,rated_payload_limited,3.28,1.43033692627,1.95981561942,1.95981561942,30,4534.717375,4534.717375,384.273175,163.473175,163.473175,384.273175,511.973175,1006.30964
S007,C,0.18,80,rated_payload_limited,6.56,2.93545326153,4.67961017039,4.67961017039,80,4534.717375,4534.717375,384.273175,163.473175,163.473175,384.273175,511.973175,1097.60069833
S008,A,0.18,25,rated_payload_limited,3.69,3.00043718224,3.38719045973,3.38719045973,25,8079.110449,8079.110449,245.2093323,102.0093323,102.0093323,245.2093323,372.9093323,1601.14542887
S008,B,0.18,29.9062515495,energy_limited,3.28,2.39370630456,3.28715724997,3.28,30,8079.110449,8079.110449,245.2093323,102.0093323,102.0093323,245.2093323,372.9093323,1331.84174724
S008,C,0.18,61.9164707672,energy_limited,6.56,5.06358632917,8.03799840697,6.56,80,8079.110449,8079.110449,245.2093323,102.0093323,102.0093323,245.2093323,372.9093323,1389.71152467
S009,A,0.18,25,rated_payload_limited,3.69,2.11449348264,2.38688881319,2.38688881319,25,5705.303447,5705.303447,165.5289124,63.22891235,63.22891235,165.5289124,293.2289124,1118.63964598
S009,B,0.18,30,rated_payload_limited,3.28,1.68634349503,2.31641401773,2.31641401773,30,5705.303447,5705.303447,165.5289124,63.22891235,63.22891235,165.5289124,293.2289124,928.462864417
S009,C,0.18,80,rated_payload_limited,6.56,3.57145366019,5.66961266921,5.66961266921,80,5705.303447,5705.303447,165.5289124,63.22891235,63.22891235,165.5289124,293.2289124,966.589168542
S010,A,0.18,25,rated_payload_limited,3.69,1.82629300362,2.0707297629,2.0707297629,25,4784.674506,4784.674506,307.9365356,84.03653564,84.03653564,307.9365356,435.6365356,1084.89266991
S010,B,0.18,30,rated_payload_limited,3.28,1.46344502735,2.01104041223,2.01104041223,30,4784.674506,4784.674506,307.9365356,84.03653564,84.03653564,307.9365356,435.6365356,925.403519709
S010,C,0.18,80,rated_payload_limited,6.56,3.04807696181,4.85885692633,4.85885692633,80,4784.674506,4784.674506,307.9365356,84.03653564,84.03653564,307.9365356,435.6365356,990.732364916
S011,A,0.18,25,rated_payload_limited,3.69,1.07737291221,1.21959611273,1.21959611273,25,2808.106412,2808.106412,167.6617554,83.26175537,83.26175537,167.6617554,295.3617554,652.028309898
S011,B,0.18,30,rated_payload_limited,3.28,0.864023964183,1.1839226027,1.1839226027,30,2808.106412,2808.106412,167.6617554,83.26175537,83.26175537,167.6617554,295.3617554,558.424762831
S011,C,0.18,80,rated_payload_limited,6.56,1.79442515305,2.85321027055,2.85321027055,80,2808.106412,2808.106412,167.6617554,83.26175537,83.26175537,167.6617554,295.3617554,600.24534796
S012,A,0.18,25,rated_payload_limited,3.69,2.77180546523,3.13142055533,3.13142055533,25,7391.140163,7391.140163,285.6009949,133.5009949,133.5009949,285.6009949,413.3009949,1539.19815302
S012,B,0.18,30,rated_payload_limited,3.28,2.21482112408,3.039145538,3.039145538,30,7391.140163,7391.140163,285.6009949,133.5009949,133.5009949,285.6009949,413.3009949,1292.82681425
S012,C,0.18,70.4687437865,energy_limited,6.56,4.65923038872,7.39890429565,6.56,80,7391.140163,7391.140163,285.6009949,133.5009949,133.5009949,285.6009949,413.3009949,1362.67714589
S013,A,0.18,25,rated_payload_limited,3.69,1.83030762726,2.07421509617,2.07421509617,25,4849.536855,4849.536855,271.4818237,47.48182373,47.48182373,271.4818237,399.1818237,1042.16281728
S013,B,0.18,30,rated_payload_limited,3.28,1.46402243521,2.0144296422,2.0144296422,30,4849.536855,4849.536855,271.4818237,47.48182373,47.48182373,271.4818237,399.1818237,880.511588782
S013,C,0.18,80,rated_payload_limited,6.56,3.06868405411,4.89171403136,4.89171403136,80,4849.536855,4849.536855,271.4818237,47.48182373,47.48182373,271.4818237,399.1818237,933.672196687
S014,A,0.18,25,rated_payload_limited,3.69,2.13779691217,2.42558723052,2.42558723052,25,5419.5363,5419.5363,464.2473877,240.9473877,240.9473877,464.2473877,591.9473877,1420.39888529
S014,B,0.18,30,rated_payload_limited,3.28,1.72186251244,2.35522053783,2.35522053783,30,5419.5363,5419.5363,464.2473877,240.9473877,240.9473877,464.2473877,591.9473877,1239.74767529
S014,C,0.18,80,rated_payload_limited,6.56,3.52159630022,5.60758666095,5.60758666095,80,5419.5363,5419.5363,464.2473877,240.9473877,240.9473877,464.2473877,591.9473877,1357.28013786
S015,A,0.18,25,rated_payload_limited,3.69,2.30689938866,2.61934426755,2.61934426755,25,6009.764892,6009.764892,444.0992554,97.29925537,97.29925537,444.0992554,571.7992554,1398.65305656
S015,B,0.18,30,rated_payload_limited,3.28,1.85021799472,2.5445279265,2.5445279265,30,6009.764892,6009.764892,444.0992554,97.29925537,97.29925537,444.0992554,571.7992554,1198.32756016
S015,C,0.18,80,rated_payload_limited,6.56,3.84149604983,6.13326501752,6.13326501752,80,6009.764892,6009.764892,444.0992554,97.29925537,97.29925537,444.0992554,571.7992554,1288.56064529
S001,A,0.185,25,rated_payload_limited,3.6675,1.16153051602,1.31271024158,1.31271024158,25,3054.023608,3054.023608,145.3566101,89.05661011,89.05661011,145.3566101,273.0566101,680.906962821
S001,B,0.185,30,rated_payload_limited,3.26,0.930225761055,1.27394097204,1.27394097204,30,3054.023608,3054.023608,145.3566101,89.05661011,89.05661011,145.3566101,273.0566101,579.106175887
S001,C,0.185,80,rated_payload_limited,6.52,1.94139247193,3.08170436114,3.08170436114,80,3054.023608,3054.023608,145.3566101,89.05661011,89.05661011,145.3566101,273.0566101,618.175045922
S002,A,0.185,25,rated_payload_limited,3.6675,2.73984663737,3.09050972759,3.09050972759,25,7411.533814,7411.533814,181.2542542,89.45425415,89.45425415,181.2542542,308.9542542,1433.77520846
S002,B,0.185,30,rated_payload_limited,3.26,2.18415452088,2.99882031183,2.99882031183,30,7411.533814,7411.533814,181.2542542,89.45425415,89.45425415,181.2542542,308.9542542,1186.72408132
S002,C,0.185,70.6021312059,energy_limited,6.52,4.6325359292,7.34794754861,6.52,80,7411.533814,7411.533814,181.2542542,89.45425415,89.45425415,181.2542542,308.9542542,1231.84216605
S003,A,0.185,25,rated_payload_limited,3.6675,2.7890857722,3.15701804891,3.15701804891,25,7263.826968,7263.826968,434.1041382,223.3041382,223.3041382,434.1041382,561.8041382,1692.73723069
S003,B,0.185,30,rated_payload_limited,3.26,2.23705090717,3.06459015809,3.06459015809,30,7263.826968,7263.826968,434.1041382,223.3041382,223.3041382,434.1041382,561.8041382,1450.60966509
S003,C,0.185,69.9980901096,energy_limited,6.52,4.64390670284,7.38282653444,6.52,80,7263.826968,7263.826968,434.1041382,223.3041382,223.3041382,434.1041382,561.8041382,1560.17771116
S004,A,0.185,25,rated_payload_limited,3.6675,2.89394171155,3.26669153411,3.26669153411,25,7714.681646,7714.681646,270.5391663,169.9391663,169.9391663,270.5391663,398.2391663,1608.79771824
S004,B,0.185,30,rated_payload_limited,3.26,2.31251848078,3.16979849246,3.16979849246,30,7714.681646,7714.681646,270.5391663,169.9391663,169.9391663,270.5391663,398.2391663,1351.64166337
S004,C,0.185,65.7219501666,energy_limited,6.52,4.86398606465,7.71524423837,6.52,80,7714.681646,7714.681646,270.5391663,169.9391663,169.9391663,270.5391663,398.2391663,1425.05471881
S005,A,0.185,25,rated_payload_limited,3.6675,1.98844309239,2.24486501136,2.24486501136,25,5280.593369,5280.593369,198.7108887,131.4108887,131.4108887,198.7108887,326.4108887,1122.18819826
S005,B,0.185,30,rated_payload_limited,3.26,1.58992547929,2.1782576011,2.1782576011,30,5280.593369,5280.593369,198.7108887,131.4108887,131.4108887,198.7108887,326.4108887,946.168419293
S005,C,0.185,80,rated_payload_limited,6.52,3.33690049967,5.29264281489,5.29264281489,80,5280.593369,5280.593369,198.7108887,131.4108887,131.4108887,198.7108887,326.4108887,1001.18871553
S006,A,0.185,25,rated_payload_limited,3.6675,1.22375461487,1.38968260036,1.38968260036,25,3186.198852,3186.198852,238.3978394,51.29783936,51.29783936,238.3978394,366.0978394,743.476639757
S006,B,0.185,30,rated_payload_limited,3.26,0.981585340998,1.35002263401,1.35002263401,30,3186.198852,3186.198852,238.3978394,51.29783936,51.29783936,238.3978394,366.0978394,637.270011357
S006,C,0.185,80,rated_payload_limited,6.52,2.0373511789,3.25327178824,3.25327178824,80,3186.198852,3186.198852,238.3978394,51.29783936,51.29783936,238.3978394,366.0978394,685.552624484
S007,A,0.185,25,rated_payload_limited,3.6675,1.77756344482,2.01797249109,2.01797249109,25,4534.717375,4534.717375,384.273175,163.473175,163.473175,384.273175,511.973175,1157.46688583
S007,B,0.185,30,rated_payload_limited,3.26,1.43033692627,1.95981561942,1.95981561942,30,4534.717375,4534.717375,384.273175,163.473175,163.473175,384.273175,511.973175,1006.30964
S007,C,0.185,80,rated_payload_limited,6.52,2.93545326153,4.67961017039,4.67961017039,80,4534.717375,4534.717375,384.273175,163.473175,163.473175,384.273175,511.973175,1097.60069833
S008,A,0.185,25,rated_payload_limited,3.6675,3.00043718224,3.38719045973,3.38719045973,25,8079.110449,8079.110449,245.2093323,102.0093323,102.0093323,245.2093323,372.9093323,1601.14542887
S008,B,0.185,29.6400098438,energy_limited,3.26,2.39370630456,3.28715724997,3.26,30,8079.110449,8079.110449,245.2093323,102.0093323,102.0093323,245.2093323,372.9093323,1331.84174724
S008,C,0.185,61.1925791195,energy_limited,6.52,5.06358632917,8.03799840697,6.52,80,8079.110449,8079.110449,245.2093323,102.0093323,102.0093323,245.2093323,372.9093323,1389.71152467
S009,A,0.185,25,rated_payload_limited,3.6675,2.11449348264,2.38688881319,2.38688881319,25,5705.303447,5705.303447,165.5289124,63.22891235,63.22891235,165.5289124,293.2289124,1118.63964598
S009,B,0.185,30,rated_payload_limited,3.26,1.68634349503,2.31641401773,2.31641401773,30,5705.303447,5705.303447,165.5289124,63.22891235,63.22891235,165.5289124,293.2289124,928.462864417
S009,C,0.185,80,rated_payload_limited,6.52,3.57145366019,5.66961266921,5.66961266921,80,5705.303447,5705.303447,165.5289124,63.22891235,63.22891235,165.5289124,293.2289124,966.589168542
S010,A,0.185,25,rated_payload_limited,3.6675,1.82629300362,2.0707297629,2.0707297629,25,4784.674506,4784.674506,307.9365356,84.03653564,84.03653564,307.9365356,435.6365356,1084.89266991
S010,B,0.185,30,rated_payload_limited,3.26,1.46344502735,2.01104041223,2.01104041223,30,4784.674506,4784.674506,307.9365356,84.03653564,84.03653564,307.9365356,435.6365356,925.403519709
S010,C,0.185,80,rated_payload_limited,6.52,3.04807696181,4.85885692633,4.85885692633,80,4784.674506,4784.674506,307.9365356,84.03653564,84.03653564,307.9365356,435.6365356,990.732364916
S011,A,0.185,25,rated_payload_limited,3.6675,1.07737291221,1.21959611273,1.21959611273,25,2808.106412,2808.106412,167.6617554,83.26175537,83.26175537,167.6617554,295.3617554,652.028309898
S011,B,0.185,30,rated_payload_limited,3.26,0.864023964183,1.1839226027,1.1839226027,30,2808.106412,2808.106412,167.6617554,83.26175537,83.26175537,167.6617554,295.3617554,558.424762831
S011,C,0.185,80,rated_payload_limited,6.52,1.79442515305,2.85321027055,2.85321027055,80,2808.106412,2808.106412,167.6617554,83.26175537,83.26175537,167.6617554,295.3617554,600.24534796
S012,A,0.185,25,rated_payload_limited,3.6675,2.77180546523,3.13142055533,3.13142055533,25,7391.140163,7391.140163,285.6009949,133.5009949,133.5009949,285.6009949,413.3009949,1539.19815302
S012,B,0.185,30,rated_payload_limited,3.26,2.21482112408,3.039145538,3.039145538,30,7391.140163,7391.140163,285.6009949,133.5009949,133.5009949,285.6009949,413.3009949,1292.82681425
S012,C,0.185,69.89949394,energy_limited,6.52,4.65923038872,7.39890429565,6.52,80,7391.140163,7391.140163,285.6009949,133.5009949,133.5009949,285.6009949,413.3009949,1362.67714589
S013,A,0.185,25,rated_payload_limited,3.6675,1.83030762726,2.07421509617,2.07421509617,25,4849.536855,4849.536855,271.4818237,47.48182373,47.48182373,271.4818237,399.1818237,1042.16281728
S013,B,0.185,30,rated_payload_limited,3.26,1.46402243521,2.0144296422,2.0144296422,30,4849.536855,4849.536855,271.4818237,47.48182373,47.48182373,271.4818237,399.1818237,880.511588782
S013,C,0.185,80,rated_payload_limited,6.52,3.06868405411,4.89171403136,4.89171403136,80,4849.536855,4849.536855,271.4818237,47.48182373,47.48182373,271.4818237,399.1818237,933.672196687
S014,A,0.185,25,rated_payload_limited,3.6675,2.13779691217,2.42558723052,2.42558723052,25,5419.5363,5419.5363,464.2473877,240.9473877,240.9473877,464.2473877,591.9473877,1420.39888529
S014,B,0.185,30,rated_payload_limited,3.26,1.72186251244,2.35522053783,2.35522053783,30,5419.5363,5419.5363,464.2473877,240.9473877,240.9473877,464.2473877,591.9473877,1239.74767529
S014,C,0.185,80,rated_payload_limited,6.52,3.52159630022,5.60758666095,5.60758666095,80,5419.5363,5419.5363,464.2473877,240.9473877,240.9473877,464.2473877,591.9473877,1357.28013786
S015,A,0.185,25,rated_payload_limited,3.6675,2.30689938866,2.61934426755,2.61934426755,25,6009.764892,6009.764892,444.0992554,97.29925537,97.29925537,444.0992554,571.7992554,1398.65305656
S015,B,0.185,30,rated_payload_limited,3.26,1.85021799472,2.5445279265,2.5445279265,30,6009.764892,6009.764892,444.0992554,97.29925537,97.29925537,444.0992554,571.7992554,1198.32756016
S015,C,0.185,80,rated_payload_limited,6.52,3.84149604983,6.13326501752,6.13326501752,80,6009.764892,6009.764892,444.0992554,97.29925537,97.29925537,444.0992554,571.7992554,1288.56064529
S001,A,0.19,25,rated_payload_limited,3.645,1.16153051602,1.31271024158,1.31271024158,25,3054.023608,3054.023608,145.3566101,89.05661011,89.05661011,145.3566101,273.0566101,680.906962821
S001,B,0.19,30,rated_payload_limited,3.24,0.930225761055,1.27394097204,1.27394097204,30,3054.023608,3054.023608,145.3566101,89.05661011,89.05661011,145.3566101,273.0566101,579.106175887
S001,C,0.19,80,rated_payload_limited,6.48,1.94139247193,3.08170436114,3.08170436114,80,3054.023608,3054.023608,145.3566101,89.05661011,89.05661011,145.3566101,273.0566101,618.175045922
S002,A,0.19,25,rated_payload_limited,3.645,2.73984663737,3.09050972759,3.09050972759,25,7411.533814,7411.533814,181.2542542,89.45425415,89.45425415,181.2542542,308.9542542,1433.77520846
S002,B,0.19,30,rated_payload_limited,3.24,2.18415452088,2.99882031183,2.99882031183,30,7411.533814,7411.533814,181.2542542,89.45425415,89.45425415,181.2542542,308.9542542,1186.72408132
S002,C,0.19,70.0343320894,energy_limited,6.48,4.6325359292,7.34794754861,6.48,80,7411.533814,7411.533814,181.2542542,89.45425415,89.45425415,181.2542542,308.9542542,1231.84216605
S003,A,0.19,25,rated_payload_limited,3.645,2.7890857722,3.15701804891,3.15701804891,25,7263.826968,7263.826968,434.1041382,223.3041382,223.3041382,434.1041382,561.8041382,1692.73723069
S003,B,0.19,30,rated_payload_limited,3.24,2.23705090717,3.06459015809,3.06459015809,30,7263.826968,7263.826968,434.1041382,223.3041382,223.3041382,434.1041382,561.8041382,1450.60966509
S003,C,0.19,69.4126128292,energy_limited,6.48,4.64390670284,7.38282653444,6.48,80,7263.826968,7263.826968,434.1041382,223.3041382,223.3041382,434.1041382,561.8041382,1560.17771116
S004,A,0.19,25,rated_payload_limited,3.645,2.89394171155,3.26669153411,3.26669153411,25,7714.681646,7714.681646,270.5391663,169.9391663,169.9391663,270.5391663,398.2391663,1608.79771824
S004,B,0.19,30,rated_payload_limited,3.24,2.31251848078,3.16979849246,3.16979849246,30,7714.681646,7714.681646,270.5391663,169.9391663,169.9391663,270.5391663,398.2391663,1351.64166337
S004,C,0.19,65.0640798775,energy_limited,6.48,4.86398606465,7.71524423837,6.48,80,7714.681646,7714.681646,270.5391663,169.9391663,169.9391663,270.5391663,398.2391663,1425.05471881
S005,A,0.19,25,rated_payload_limited,3.645,1.98844309239,2.24486501136,2.24486501136,25,5280.593369,5280.593369,198.7108887,131.4108887,131.4108887,198.7108887,326.4108887,1122.18819826
S005,B,0.19,30,rated_payload_limited,3.24,1.58992547929,2.1782576011,2.1782576011,30,5280.593369,5280.593369,198.7108887,131.4108887,131.4108887,198.7108887,326.4108887,946.168419293
S005,C,0.19,80,rated_payload_limited,6.48,3.33690049967,5.29264281489,5.29264281489,80,5280.593369,5280.593369,198.7108887,131.4108887,131.4108887,198.7108887,326.4108887,1001.18871553
S006,A,0.19,25,rated_payload_limited,3.645,1.22375461487,1.38968260036,1.38968260036,25,3186.198852,3186.198852,238.3978394,51.29783936,51.29783936,238.3978394,366.0978394,743.476639757
S006,B,0.19,30,rated_payload_limited,3.24,0.981585340998,1.35002263401,1.35002263401,30,3186.198852,3186.198852,238.3978394,51.29783936,51.29783936,238.3978394,366.0978394,637.270011357
S006,C,0.19,80,rated_payload_limited,6.48,2.0373511789,3.25327178824,3.25327178824,80,3186.198852,3186.198852,238.3978394,51.29783936,51.29783936,238.3978394,366.0978394,685.552624484
S007,A,0.19,25,rated_payload_limited,3.645,1.77756344482,2.01797249109,2.01797249109,25,4534.717375,4534.717375,384.273175,163.473175,163.473175,384.273175,511.973175,1157.46688583
S007,B,0.19,30,rated_payload_limited,3.24,1.43033692627,1.95981561942,1.95981561942,30,4534.717375,4534.717375,384.273175,163.473175,163.473175,384.273175,511.973175,1006.30964
S007,C,0.19,80,rated_payload_limited,6.48,2.93545326153,4.67961017039,4.67961017039,80,4534.717375,4534.717375,384.273175,163.473175,163.473175,384.273175,511.973175,1097.60069833
S008,A,0.19,25,rated_payload_limited,3.645,3.00043718224,3.38719045973,3.38719045973,25,8079.110449,8079.110449,245.2093323,102.0093323,102.0093323,245.2093323,372.9093323,1601.14542887
S008,B,0.19,29.3672840973,energy_limited,3.24,2.39370630456,3.28715724997,3.24,30,8079.110449,8079.110449,245.2093323,102.0093323,102.0093323,245.2093323,372.9093323,1331.84174724
S008,C,0.19,60.4497782299,energy_limited,6.48,5.06358632917,8.03799840697,6.48,80,8079.110449,8079.110449,245.2093323,102.0093323,102.0093323,245.2093323,372.9093323,1389.71152467
S009,A,0.19,25,rated_payload_limited,3.645,2.11449348264,2.38688881319,2.38688881319,25,5705.303447,5705.303447,165.5289124,63.22891235,63.22891235,165.5289124,293.2289124,1118.63964598
S009,B,0.19,30,rated_payload_limited,3.24,1.68634349503,2.31641401773,2.31641401773,30,5705.303447,5705.303447,165.5289124,63.22891235,63.22891235,165.5289124,293.2289124,928.462864417
S009,C,0.19,80,rated_payload_limited,6.48,3.57145366019,5.66961266921,5.66961266921,80,5705.303447,5705.303447,165.5289124,63.22891235,63.22891235,165.5289124,293.2289124,966.589168542
S010,A,0.19,25,rated_payload_limited,3.645,1.82629300362,2.0707297629,2.0707297629,25,4784.674506,4784.674506,307.9365356,84.03653564,84.03653564,307.9365356,435.6365356,1084.89266991
S010,B,0.19,30,rated_payload_limited,3.24,1.46344502735,2.01104041223,2.01104041223,30,4784.674506,4784.674506,307.9365356,84.03653564,84.03653564,307.9365356,435.6365356,925.403519709
S010,C,0.19,80,rated_payload_limited,6.48,3.04807696181,4.85885692633,4.85885692633,80,4784.674506,4784.674506,307.9365356,84.03653564,84.03653564,307.9365356,435.6365356,990.732364916
S011,A,0.19,25,rated_payload_limited,3.645,1.07737291221,1.21959611273,1.21959611273,25,2808.106412,2808.106412,167.6617554,83.26175537,83.26175537,167.6617554,295.3617554,652.028309898
S011,B,0.19,30,rated_payload_limited,3.24,0.864023964183,1.1839226027,1.1839226027,30,2808.106412,2808.106412,167.6617554,83.26175537,83.26175537,167.6617554,295.3617554,558.424762831
S011,C,0.19,80,rated_payload_limited,6.48,1.79442515305,2.85321027055,2.85321027055,80,2808.106412,2808.106412,167.6617554,83.26175537,83.26175537,167.6617554,295.3617554,600.24534796
S012,A,0.19,25,rated_payload_limited,3.645,2.77180546523,3.13142055533,3.13142055533,25,7391.140163,7391.140163,285.6009949,133.5009949,133.5009949,285.6009949,413.3009949,1539.19815302
S012,B,0.19,30,rated_payload_limited,3.24,2.21482112408,3.039145538,3.039145538,30,7391.140163,7391.140163,285.6009949,133.5009949,133.5009949,285.6009949,413.3009949,1292.82681425
S012,C,0.19,69.3169092671,energy_limited,6.48,4.65923038872,7.39890429565,6.48,80,7391.140163,7391.140163,285.6009949,133.5009949,133.5009949,285.6009949,413.3009949,1362.67714589
S013,A,0.19,25,rated_payload_limited,3.645,1.83030762726,2.07421509617,2.07421509617,25,4849.536855,4849.536855,271.4818237,47.48182373,47.48182373,271.4818237,399.1818237,1042.16281728
S013,B,0.19,30,rated_payload_limited,3.24,1.46402243521,2.0144296422,2.0144296422,30,4849.536855,4849.536855,271.4818237,47.48182373,47.48182373,271.4818237,399.1818237,880.511588782
S013,C,0.19,80,rated_payload_limited,6.48,3.06868405411,4.89171403136,4.89171403136,80,4849.536855,4849.536855,271.4818237,47.48182373,47.48182373,271.4818237,399.1818237,933.672196687
S014,A,0.19,25,rated_payload_limited,3.645,2.13779691217,2.42558723052,2.42558723052,25,5419.5363,5419.5363,464.2473877,240.9473877,240.9473877,464.2473877,591.9473877,1420.39888529
S014,B,0.19,30,rated_payload_limited,3.24,1.72186251244,2.35522053783,2.35522053783,30,5419.5363,5419.5363,464.2473877,240.9473877,240.9473877,464.2473877,591.9473877,1239.74767529
S014,C,0.19,80,rated_payload_limited,6.48,3.52159630022,5.60758666095,5.60758666095,80,5419.5363,5419.5363,464.2473877,240.9473877,240.9473877,464.2473877,591.9473877,1357.28013786
S015,A,0.19,25,rated_payload_limited,3.645,2.30689938866,2.61934426755,2.61934426755,25,6009.764892,6009.764892,444.0992554,97.29925537,97.29925537,444.0992554,571.7992554,1398.65305656
S015,B,0.19,30,rated_payload_limited,3.24,1.85021799472,2.5445279265,2.5445279265,30,6009.764892,6009.764892,444.0992554,97.29925537,97.29925537,444.0992554,571.7992554,1198.32756016
S015,C,0.19,80,rated_payload_limited,6.48,3.84149604983,6.13326501752,6.13326501752,80,6009.764892,6009.764892,444.0992554,97.29925537,97.29925537,444.0992554,571.7992554,1288.56064529
S001,A,0.195,25,rated_payload_limited,3.6225,1.16153051602,1.31271024158,1.31271024158,25,3054.023608,3054.023608,145.3566101,89.05661011,89.05661011,145.3566101,273.0566101,680.906962821
S001,B,0.195,30,rated_payload_limited,3.22,0.930225761055,1.27394097204,1.27394097204,30,3054.023608,3054.023608,145.3566101,89.05661011,89.05661011,145.3566101,273.0566101,579.106175887
S001,C,0.195,80,rated_payload_limited,6.44,1.94139247193,3.08170436114,3.08170436114,80,3054.023608,3054.023608,145.3566101,89.05661011,89.05661011,145.3566101,273.0566101,618.175045922
S002,A,0.195,25,rated_payload_limited,3.6225,2.73984663737,3.09050972759,3.09050972759,25,7411.533814,7411.533814,181.2542542,89.45425415,89.45425415,181.2542542,308.9542542,1433.77520846
S002,B,0.195,30,rated_payload_limited,3.22,2.18415452088,2.99882031183,2.99882031183,30,7411.533814,7411.533814,181.2542542,89.45425415,89.45425415,181.2542542,308.9542542,1186.72408132
S002,C,0.195,69.4531561386,energy_limited,6.44,4.6325359292,7.34794754861,6.44,80,7411.533814,7411.533814,181.2542542,89.45425415,89.45425415,181.2542542,308.9542542,1231.84216605
S003,A,0.195,25,rated_payload_limited,3.6225,2.7890857722,3.15701804891,3.15701804891,25,7263.826968,7263.826968,434.1041382,223.3041382,223.3041382,434.1041382,561.8041382,1692.73723069
S003,B,0.195,30,rated_payload_limited,3.22,2.23705090717,3.06459015809,3.06459015809,30,7263.826968,7263.826968,434.1041382,223.3041382,223.3041382,434.1041382,561.8041382,1450.60966509
S003,C,0.195,68.8132680854,energy_limited,6.44,4.64390670284,7.38282653444,6.44,80,7263.826968,7263.826968,434.1041382,223.3041382,223.3041382,434.1041382,561.8041382,1560.17771116
S004,A,0.195,25,rated_payload_limited,3.6225,2.89394171155,3.26669153411,3.26669153411,25,7714.681646,7714.681646,270.5391663,169.9391663,169.9391663,270.5391663,398.2391663,1608.79771824
S004,B,0.195,30,rated_payload_limited,3.22,2.31251848078,3.16979849246,3.16979849246,30,7714.681646,7714.681646,270.5391663,169.9391663,169.9391663,270.5391663,398.2391663,1351.64166337
S004,C,0.195,64.3897341455,energy_limited,6.44,4.86398606465,7.71524423837,6.44,80,7714.681646,7714.681646,270.5391663,169.9391663,169.9391663,270.5391663,398.2391663,1425.05471881
S005,A,0.195,25,rated_payload_limited,3.6225,1.98844309239,2.24486501136,2.24486501136,25,5280.593369,5280.593369,198.7108887,131.4108887,131.4108887,198.7108887,326.4108887,1122.18819826
S005,B,0.195,30,rated_payload_limited,3.22,1.58992547929,2.1782576011,2.1782576011,30,5280.593369,5280.593369,198.7108887,131.4108887,131.4108887,198.7108887,326.4108887,946.168419293
S005,C,0.195,80,rated_payload_limited,6.44,3.33690049967,5.29264281489,5.29264281489,80,5280.593369,5280.593369,198.7108887,131.4108887,131.4108887,198.7108887,326.4108887,1001.18871553
S006,A,0.195,25,rated_payload_limited,3.6225,1.22375461487,1.38968260036,1.38968260036,25,3186.198852,3186.198852,238.3978394,51.29783936,51.29783936,238.3978394,366.0978394,743.476639757
S006,B,0.195,30,rated_payload_limited,3.22,0.981585340998,1.35002263401,1.35002263401,30,3186.198852,3186.198852,238.3978394,51.29783936,51.29783936,238.3978394,366.0978394,637.270011357
S006,C,0.195,80,rated_payload_limited,6.44,2.0373511789,3.25327178824,3.25327178824,80,3186.198852,3186.198852,238.3978394,51.29783936,51.29783936,238.3978394,366.0978394,685.552624484
S007,A,0.195,25,rated_payload_limited,3.6225,1.77756344482,2.01797249109,2.01797249109,25,4534.717375,4534.717375,384.273175,163.473175,163.473175,384.273175,511.973175,1157.46688583
S007,B,0.195,30,rated_payload_limited,3.22,1.43033692627,1.95981561942,1.95981561942,30,4534.717375,4534.717375,384.273175,163.473175,163.473175,384.273175,511.973175,1006.30964
S007,C,0.195,80,rated_payload_limited,6.44,2.93545326153,4.67961017039,4.67961017039,80,4534.717375,4534.717375,384.273175,163.473175,163.473175,384.273175,511.973175,1097.60069833
S008,A,0.195,25,rated_payload_limited,3.6225,3.00043718224,3.38719045973,3.38719045973,25,8079.110449,8079.110449,245.2093323,102.0093323,102.0093323,245.2093323,372.9093323,1601.14542887
S008,B,0.195,29.0878227885,energy_limited,3.22,2.39370630456,3.28715724997,3.22,30,8079.110449,8079.110449,245.2093323,102.0093323,102.0093323,245.2093323,372.9093323,1331.84174724
S008,C,0.195,59.6872602741,energy_limited,6.44,5.06358632917,8.03799840697,6.44,80,8079.110449,8079.110449,245.2093323,102.0093323,102.0093323,245.2093323,372.9093323,1389.71152467
S009,A,0.195,25,rated_payload_limited,3.6225,2.11449348264,2.38688881319,2.38688881319,25,5705.303447,5705.303447,165.5289124,63.22891235,63.22891235,165.5289124,293.2289124,1118.63964598
S009,B,0.195,30,rated_payload_limited,3.22,1.68634349503,2.31641401773,2.31641401773,30,5705.303447,5705.303447,165.5289124,63.22891235,63.22891235,165.5289124,293.2289124,928.462864417
S009,C,0.195,80,rated_payload_limited,6.44,3.57145366019,5.66961266921,5.66961266921,80,5705.303447,5705.303447,165.5289124,63.22891235,63.22891235,165.5289124,293.2289124,966.589168542
S010,A,0.195,25,rated_payload_limited,3.6225,1.82629300362,2.0707297629,2.0707297629,25,4784.674506,4784.674506,307.9365356,84.03653564,84.03653564,307.9365356,435.6365356,1084.89266991
S010,B,0.195,30,rated_payload_limited,3.22,1.46344502735,2.01104041223,2.01104041223,30,4784.674506,4784.674506,307.9365356,84.03653564,84.03653564,307.9365356,435.6365356,925.403519709
S010,C,0.195,80,rated_payload_limited,6.44,3.04807696181,4.85885692633,4.85885692633,80,4784.674506,4784.674506,307.9365356,84.03653564,84.03653564,307.9365356,435.6365356,990.732364916
S011,A,0.195,25,rated_payload_limited,3.6225,1.07737291221,1.21959611273,1.21959611273,25,2808.106412,2808.106412,167.6617554,83.26175537,83.26175537,167.6617554,295.3617554,652.028309898
S011,B,0.195,30,rated_payload_limited,3.22,0.864023964183,1.1839226027,1.1839226027,30,2808.106412,2808.106412,167.6617554,83.26175537,83.26175537,167.6617554,295.3617554,558.424762831
S011,C,0.195,80,rated_payload_limited,6.44,1.79442515305,2.85321027055,2.85321027055,80,2808.106412,2808.106412,167.6617554,83.26175537,83.26175537,167.6617554,295.3617554,600.24534796
S012,A,0.195,25,rated_payload_limited,3.6225,2.77180546523,3.13142055533,3.13142055533,25,7391.140163,7391.140163,285.6009949,133.5009949,133.5009949,285.6009949,413.3009949,1539.19815302
S012,B,0.195,30,rated_payload_limited,3.22,2.21482112408,3.039145538,3.039145538,30,7391.140163,7391.140163,285.6009949,133.5009949,133.5009949,285.6009949,413.3009949,1292.82681425
S012,C,0.195,68.7204975017,energy_limited,6.44,4.65923038872,7.39890429565,6.44,80,7391.140163,7391.140163,285.6009949,133.5009949,133.5009949,285.6009949,413.3009949,1362.67714589
S013,A,0.195,25,rated_payload_limited,3.6225,1.83030762726,2.07421509617,2.07421509617,25,4849.536855,4849.536855,271.4818237,47.48182373,47.48182373,271.4818237,399.1818237,1042.16281728
S013,B,0.195,30,rated_payload_limited,3.22,1.46402243521,2.0144296422,2.0144296422,30,4849.536855,4849.536855,271.4818237,47.48182373,47.48182373,271.4818237,399.1818237,880.511588782
S013,C,0.195,80,rated_payload_limited,6.44,3.06868405411,4.89171403136,4.89171403136,80,4849.536855,4849.536855,271.4818237,47.48182373,47.48182373,271.4818237,399.1818237,933.672196687
S014,A,0.195,25,rated_payload_limited,3.6225,2.13779691217,2.42558723052,2.42558723052,25,5419.5363,5419.5363,464.2473877,240.9473877,240.9473877,464.2473877,591.9473877,1420.39888529
S014,B,0.195,30,rated_payload_limited,3.22,1.72186251244,2.35522053783,2.35522053783,30,5419.5363,5419.5363,464.2473877,240.9473877,240.9473877,464.2473877,591.9473877,1239.74767529
S014,C,0.195,80,rated_payload_limited,6.44,3.52159630022,5.60758666095,5.60758666095,80,5419.5363,5419.5363,464.2473877,240.9473877,240.9473877,464.2473877,591.9473877,1357.28013786
S015,A,0.195,25,rated_payload_limited,3.6225,2.30689938866,2.61934426755,2.61934426755,25,6009.764892,6009.764892,444.0992554,97.29925537,97.29925537,444.0992554,571.7992554,1398.65305656
S015,B,0.195,30,rated_payload_limited,3.22,1.85021799472,2.5445279265,2.5445279265,30,6009.764892,6009.764892,444.0992554,97.29925537,97.29925537,444.0992554,571.7992554,1198.32756016
S015,C,0.195,80,rated_payload_limited,6.44,3.84149604983,6.13326501752,6.13326501752,80,6009.764892,6009.764892,444.0992554,97.29925537,97.29925537,444.0992554,571.7992554,1288.56064529
S001,A,0.2,25,rated_payload_limited,3.6,1.16153051602,1.31271024158,1.31271024158,25,3054.023608,3054.023608,145.3566101,89.05661011,89.05661011,145.3566101,273.0566101,680.906962821
S001,B,0.2,30,rated_payload_limited,3.2,0.930225761055,1.27394097204,1.27394097204,30,3054.023608,3054.023608,145.3566101,89.05661011,89.05661011,145.3566101,273.0566101,579.106175887
S001,C,0.2,80,rated_payload_limited,6.4,1.94139247193,3.08170436114,3.08170436114,80,3054.023608,3054.023608,145.3566101,89.05661011,89.05661011,145.3566101,273.0566101,618.175045922
S002,A,0.2,25,rated_payload_limited,3.6,2.73984663737,3.09050972759,3.09050972759,25,7411.533814,7411.533814,181.2542542,89.45425415,89.45425415,181.2542542,308.9542542,1433.77520846
S002,B,0.2,30,rated_payload_limited,3.2,2.18415452088,2.99882031183,2.99882031183,30,7411.533814,7411.533814,181.2542542,89.45425415,89.45425415,181.2542542,308.9542542,1186.72408132
S002,C,0.2,68.8581041088,energy_limited,6.4,4.6325359292,7.34794754861,6.4,80,7411.533814,7411.533814,181.2542542,89.45425415,89.45425415,181.2542542,308.9542542,1231.84216605
S003,A,0.2,25,rated_payload_limited,3.6,2.7890857722,3.15701804891,3.15701804891,25,7263.826968,7263.826968,434.1041382,223.3041382,223.3041382,434.1041382,561.8041382,1692.73723069
S003,B,0.2,30,rated_payload_limited,3.2,2.23705090717,3.06459015809,3.06459015809,30,7263.826968,7263.826968,434.1041382,223.3041382,223.3041382,434.1041382,561.8041382,1450.60966509
S003,C,0.2,68.1995418428,energy_limited,6.4,4.64390670284,7.38282653444,6.4,80,7263.826968,7263.826968,434.1041382,223.3041382,223.3041382,434.1041382,561.8041382,1560.17771116
S004,A,0.2,25,rated_payload_limited,3.6,2.89394171155,3.26669153411,3.26669153411,25,7714.681646,7714.681646,270.5391663,169.9391663,169.9391663,270.5391663,398.2391663,1608.79771824
S004,B,0.2,30,rated_payload_limited,3.2,2.31251848078,3.16979849246,3.16979849246,30,7714.681646,7714.681646,270.5391663,169.9391663,169.9391663,270.5391663,398.2391663,1351.64166337
S004,C,0.2,63.6982509526,energy_limited,6.4,4.86398606465,7.71524423837,6.4,80,7714.681646,7714.681646,270.5391663,169.9391663,169.9391663,270.5391663,398.2391663,1425.05471881
S005,A,0.2,25,rated_payload_limited,3.6,1.98844309239,2.24486501136,2.24486501136,25,5280.593369,5280.593369,198.7108887,131.4108887,131.4108887,198.7108887,326.4108887,1122.18819826
S005,B,0.2,30,rated_payload_limited,3.2,1.58992547929,2.1782576011,2.1782576011,30,5280.593369,5280.593369,198.7108887,131.4108887,131.4108887,198.7108887,326.4108887,946.168419293
S005,C,0.2,80,rated_payload_limited,6.4,3.33690049967,5.29264281489,5.29264281489,80,5280.593369,5280.593369,198.7108887,131.4108887,131.4108887,198.7108887,326.4108887,1001.18871553
S006,A,0.2,25,rated_payload_limited,3.6,1.22375461487,1.38968260036,1.38968260036,25,3186.198852,3186.198852,238.3978394,51.29783936,51.29783936,238.3978394,366.0978394,743.476639757
S006,B,0.2,30,rated_payload_limited,3.2,0.981585340998,1.35002263401,1.35002263401,30,3186.198852,3186.198852,238.3978394,51.29783936,51.29783936,238.3978394,366.0978394,637.270011357
S006,C,0.2,80,rated_payload_limited,6.4,2.0373511789,3.25327178824,3.25327178824,80,3186.198852,3186.198852,238.3978394,51.29783936,51.29783936,238.3978394,366.0978394,685.552624484
S007,A,0.2,25,rated_payload_limited,3.6,1.77756344482,2.01797249109,2.01797249109,25,4534.717375,4534.717375,384.273175,163.473175,163.473175,384.273175,511.973175,1157.46688583
S007,B,0.2,30,rated_payload_limited,3.2,1.43033692627,1.95981561942,1.95981561942,30,4534.717375,4534.717375,384.273175,163.473175,163.473175,384.273175,511.973175,1006.30964
S007,C,0.2,80,rated_payload_limited,6.4,2.93545326153,4.67961017039,4.67961017039,80,4534.717375,4534.717375,384.273175,163.473175,163.473175,384.273175,511.973175,1097.60069833
S008,A,0.2,25,rated_payload_limited,3.6,3.00043718224,3.38719045973,3.38719045973,25,8079.110449,8079.110449,245.2093323,102.0093323,102.0093323,245.2093323,372.9093323,1601.14542887
S008,B,0.2,28.8013603555,energy_limited,3.2,2.39370630456,3.28715724997,3.2,30,8079.110449,8079.110449,245.2093323,102.0093323,102.0093323,245.2093323,372.9093323,1331.84174724
S008,C,0.2,58.9041660082,energy_limited,6.4,5.06358632917,8.03799840697,6.4,80,8079.110449,8079.110449,245.2093323,102.0093323,102.0093323,245.2093323,372.9093323,1389.71152467
S009,A,0.2,25,rated_payload_limited,3.6,2.11449348264,2.38688881319,2.38688881319,25,5705.303447,5705.303447,165.5289124,63.22891235,63.22891235,165.5289124,293.2289124,1118.63964598
S009,B,0.2,30,rated_payload_limited,3.2,1.68634349503,2.31641401773,2.31641401773,30,5705.303447,5705.303447,165.5289124,63.22891235,63.22891235,165.5289124,293.2289124,928.462864417
S009,C,0.2,80,rated_payload_limited,6.4,3.57145366019,5.66961266921,5.66961266921,80,5705.303447,5705.303447,165.5289124,63.22891235,63.22891235,165.5289124,293.2289124,966.589168542
S010,A,0.2,25,rated_payload_limited,3.6,1.82629300362,2.0707297629,2.0707297629,25,4784.674506,4784.674506,307.9365356,84.03653564,84.03653564,307.9365356,435.6365356,1084.89266991
S010,B,0.2,30,rated_payload_limited,3.2,1.46344502735,2.01104041223,2.01104041223,30,4784.674506,4784.674506,307.9365356,84.03653564,84.03653564,307.9365356,435.6365356,925.403519709
S010,C,0.2,80,rated_payload_limited,6.4,3.04807696181,4.85885692633,4.85885692633,80,4784.674506,4784.674506,307.9365356,84.03653564,84.03653564,307.9365356,435.6365356,990.732364916
S011,A,0.2,25,rated_payload_limited,3.6,1.07737291221,1.21959611273,1.21959611273,25,2808.106412,2808.106412,167.6617554,83.26175537,83.26175537,167.6617554,295.3617554,652.028309898
S011,B,0.2,30,rated_payload_limited,3.2,0.864023964183,1.1839226027,1.1839226027,30,2808.106412,2808.106412,167.6617554,83.26175537,83.26175537,167.6617554,295.3617554,558.424762831
S011,C,0.2,80,rated_payload_limited,6.4,1.79442515305,2.85321027055,2.85321027055,80,2808.106412,2808.106412,167.6617554,83.26175537,83.26175537,167.6617554,295.3617554,600.24534796
S012,A,0.2,25,rated_payload_limited,3.6,2.77180546523,3.13142055533,3.13142055533,25,7391.140163,7391.140163,285.6009949,133.5009949,133.5009949,285.6009949,413.3009949,1539.19815302
S012,B,0.2,30,rated_payload_limited,3.2,2.21482112408,3.039145538,3.039145538,30,7391.140163,7391.140163,285.6009949,133.5009949,133.5009949,285.6009949,413.3009949,1292.82681425
S012,C,0.2,68.1097405421,energy_limited,6.4,4.65923038872,7.39890429565,6.4,80,7391.140163,7391.140163,285.6009949,133.5009949,133.5009949,285.6009949,413.3009949,1362.67714589
S013,A,0.2,25,rated_payload_limited,3.6,1.83030762726,2.07421509617,2.07421509617,25,4849.536855,4849.536855,271.4818237,47.48182373,47.48182373,271.4818237,399.1818237,1042.16281728
S013,B,0.2,30,rated_payload_limited,3.2,1.46402243521,2.0144296422,2.0144296422,30,4849.536855,4849.536855,271.4818237,47.48182373,47.48182373,271.4818237,399.1818237,880.511588782
S013,C,0.2,80,rated_payload_limited,6.4,3.06868405411,4.89171403136,4.89171403136,80,4849.536855,4849.536855,271.4818237,47.48182373,47.48182373,271.4818237,399.1818237,933.672196687
S014,A,0.2,25,rated_payload_limited,3.6,2.13779691217,2.42558723052,2.42558723052,25,5419.5363,5419.5363,464.2473877,240.9473877,240.9473877,464.2473877,591.9473877,1420.39888529
S014,B,0.2,30,rated_payload_limited,3.2,1.72186251244,2.35522053783,2.35522053783,30,5419.5363,5419.5363,464.2473877,240.9473877,240.9473877,464.2473877,591.9473877,1239.74767529
S014,C,0.2,80,rated_payload_limited,6.4,3.52159630022,5.60758666095,5.60758666095,80,5419.5363,5419.5363,464.2473877,240.9473877,240.9473877,464.2473877,591.9473877,1357.28013786
S015,A,0.2,25,rated_payload_limited,3.6,2.30689938866,2.61934426755,2.61934426755,25,6009.764892,6009.764892,444.0992554,97.29925537,97.29925537,444.0992554,571.7992554,1398.65305656
S015,B,0.2,30,rated_payload_limited,3.2,1.85021799472,2.5445279265,2.5445279265,30,6009.764892,6009.764892,444.0992554,97.29925537,97.29925537,444.0992554,571.7992554,1198.32756016
S015,C,0.2,80,rated_payload_limited,6.4,3.84149604983,6.13326501752,6.13326501752,80,6009.764892,6009.764892,444.0992554,97.29925537,97.29925537,444.0992554,571.7992554,1288.56064529
S001,A,0.205,25,rated_payload_limited,3.5775,1.16153051602,1.31271024158,1.31271024158,25,3054.023608,3054.023608,145.3566101,89.05661011,89.05661011,145.3566101,273.0566101,680.906962821
S001,B,0.205,30,rated_payload_limited,3.18,0.930225761055,1.27394097204,1.27394097204,30,3054.023608,3054.023608,145.3566101,89.05661011,89.05661011,145.3566101,273.0566101,579.106175887
S001,C,0.205,80,rated_payload_limited,6.36,1.94139247193,3.08170436114,3.08170436114,80,3054.023608,3054.023608,145.3566101,89.05661011,89.05661011,145.3566101,273.0566101,618.175045922
S002,A,0.205,25,rated_payload_limited,3.5775,2.73984663737,3.09050972759,3.09050972759,25,7411.533814,7411.533814,181.2542542,89.45425415,89.45425415,181.2542542,308.9542542,1433.77520846
S002,B,0.205,30,rated_payload_limited,3.18,2.18415452088,2.99882031183,2.99882031183,30,7411.533814,7411.533814,181.2542542,89.45425415,89.45425415,181.2542542,308.9542542,1186.72408132
S002,C,0.205,68.2486501564,energy_limited,6.36,4.6325359292,7.34794754861,6.36,80,7411.533814,7411.533814,181.2542542,89.45425415,89.45425415,181.2542542,308.9542542,1231.84216605
S003,A,0.205,25,rated_payload_limited,3.5775,2.7890857722,3.15701804891,3.15701804891,25,7263.826968,7263.826968,434.1041382,223.3041382,223.3041382,434.1041382,561.8041382,1692.73723069
S003,B,0.205,30,rated_payload_limited,3.18,2.23705090717,3.06459015809,3.06459015809,30,7263.826968,7263.826968,434.1041382,223.3041382,223.3041382,434.1041382,561.8041382,1450.60966509
S003,C,0.205,67.5708931099,energy_limited,6.36,4.64390670284,7.38282653444,6.36,80,7263.826968,7263.826968,434.1041382,223.3041382,223.3041382,434.1041382,561.8041382,1560.17771116
S004,A,0.205,25,rated_payload_limited,3.5775,2.89394171155,3.26669153411,3.26669153411,25,7714.681646,7714.681646,270.5391663,169.9391663,169.9391663,270.5391663,398.2391663,1608.79771824
S004,B,0.205,30,rated_payload_limited,3.18,2.31251848078,3.16979849246,3.16979849246,30,7714.681646,7714.681646,270.5391663,169.9391663,169.9391663,270.5391663,398.2391663,1351.64166337
S004,C,0.205,62.9889295645,energy_limited,6.36,4.86398606465,7.71524423837,6.36,80,7714.681646,7714.681646,270.5391663,169.9391663,169.9391663,270.5391663,398.2391663,1425.05471881
S005,A,0.205,25,rated_payload_limited,3.5775,1.98844309239,2.24486501136,2.24486501136,25,5280.593369,5280.593369,198.7108887,131.4108887,131.4108887,198.7108887,326.4108887,1122.18819826
S005,B,0.205,30,rated_payload_limited,3.18,1.58992547929,2.1782576011,2.1782576011,30,5280.593369,5280.593369,198.7108887,131.4108887,131.4108887,198.7108887,326.4108887,946.168419293
S005,C,0.205,80,rated_payload_limited,6.36,3.33690049967,5.29264281489,5.29264281489,80,5280.593369,5280.593369,198.7108887,131.4108887,131.4108887,198.7108887,326.4108887,1001.18871553
S006,A,0.205,25,rated_payload_limited,3.5775,1.22375461487,1.38968260036,1.38968260036,25,3186.198852,3186.198852,238.3978394,51.29783936,51.29783936,238.3978394,366.0978394,743.476639757
S006,B,0.205,30,rated_payload_limited,3.18,0.981585340998,1.35002263401,1.35002263401,30,3186.198852,3186.198852,238.3978394,51.29783936,51.29783936,238.3978394,366.0978394,637.270011357
S006,C,0.205,80,rated_payload_limited,6.36,2.0373511789,3.25327178824,3.25327178824,80,3186.198852,3186.198852,238.3978394,51.29783936,51.29783936,238.3978394,366.0978394,685.552624484
S007,A,0.205,25,rated_payload_limited,3.5775,1.77756344482,2.01797249109,2.01797249109,25,4534.717375,4534.717375,384.273175,163.473175,163.473175,384.273175,511.973175,1157.46688583
S007,B,0.205,30,rated_payload_limited,3.18,1.43033692627,1.95981561942,1.95981561942,30,4534.717375,4534.717375,384.273175,163.473175,163.473175,384.273175,511.973175,1006.30964
S007,C,0.205,80,rated_payload_limited,6.36,2.93545326153,4.67961017039,4.67961017039,80,4534.717375,4534.717375,384.273175,163.473175,163.473175,384.273175,511.973175,1097.60069833
S008,A,0.205,25,rated_payload_limited,3.5775,3.00043718224,3.38719045973,3.38719045973,25,8079.110449,8079.110449,245.2093323,102.0093323,102.0093323,245.2093323,372.9093323,1601.14542887
S008,B,0.205,28.5076161238,energy_limited,3.18,2.39370630456,3.28715724997,3.18,30,8079.110449,8079.110449,245.2093323,102.0093323,102.0093323,245.2093323,372.9093323,1331.84174724
S008,C,0.205,58.0995801278,energy_limited,6.36,5.06358632917,8.03799840697,6.36,80,8079.110449,8079.110449,245.2093323,102.0093323,102.0093323,245.2093323,372.9093323,1389.71152467
S009,A,0.205,25,rated_payload_limited,3.5775,2.11449348264,2.38688881319,2.38688881319,25,5705.303447,5705.303447,165.5289124,63.22891235,63.22891235,165.5289124,293.2289124,1118.63964598
S009,B,0.205,30,rated_payload_limited,3.18,1.68634349503,2.31641401773,2.31641401773,30,5705.303447,5705.303447,165.5289124,63.22891235,63.22891235,165.5289124,293.2289124,928.462864417
S009,C,0.205,80,rated_payload_limited,6.36,3.57145366019,5.66961266921,5.66961266921,80,5705.303447,5705.303447,165.5289124,63.22891235,63.22891235,165.5289124,293.2289124,966.589168542
S010,A,0.205,25,rated_payload_limited,3.5775,1.82629300362,2.0707297629,2.0707297629,25,4784.674506,4784.674506,307.9365356,84.03653564,84.03653564,307.9365356,435.6365356,1084.89266991
S010,B,0.205,30,rated_payload_limited,3.18,1.46344502735,2.01104041223,2.01104041223,30,4784.674506,4784.674506,307.9365356,84.03653564,84.03653564,307.9365356,435.6365356,925.403519709
S010,C,0.205,80,rated_payload_limited,6.36,3.04807696181,4.85885692633,4.85885692633,80,4784.674506,4784.674506,307.9365356,84.03653564,84.03653564,307.9365356,435.6365356,990.732364916
S011,A,0.205,25,rated_payload_limited,3.5775,1.07737291221,1.21959611273,1.21959611273,25,2808.106412,2808.106412,167.6617554,83.26175537,83.26175537,167.6617554,295.3617554,652.028309898
S011,B,0.205,30,rated_payload_limited,3.18,0.864023964183,1.1839226027,1.1839226027,30,2808.106412,2808.106412,167.6617554,83.26175537,83.26175537,167.6617554,295.3617554,558.424762831
S011,C,0.205,80,rated_payload_limited,6.36,1.79442515305,2.85321027055,2.85321027055,80,2808.106412,2808.106412,167.6617554,83.26175537,83.26175537,167.6617554,295.3617554,600.24534796
S012,A,0.205,25,rated_payload_limited,3.5775,2.77180546523,3.13142055533,3.13142055533,25,7391.140163,7391.140163,285.6009949,133.5009949,133.5009949,285.6009949,413.3009949,1539.19815302
S012,B,0.205,30,rated_payload_limited,3.18,2.21482112408,3.039145538,3.039145538,30,7391.140163,7391.140163,285.6009949,133.5009949,133.5009949,285.6009949,413.3009949,1292.82681425
S012,C,0.205,67.4840926174,energy_limited,6.36,4.65923038872,7.39890429565,6.36,80,7391.140163,7391.140163,285.6009949,133.5009949,133.5009949,285.6009949,413.3009949,1362.67714589
S013,A,0.205,25,rated_payload_limited,3.5775,1.83030762726,2.07421509617,2.07421509617,25,4849.536855,4849.536855,271.4818237,47.48182373,47.48182373,271.4818237,399.1818237,1042.16281728
S013,B,0.205,30,rated_payload_limited,3.18,1.46402243521,2.0144296422,2.0144296422,30,4849.536855,4849.536855,271.4818237,47.48182373,47.48182373,271.4818237,399.1818237,880.511588782
S013,C,0.205,80,rated_payload_limited,6.36,3.06868405411,4.89171403136,4.89171403136,80,4849.536855,4849.536855,271.4818237,47.48182373,47.48182373,271.4818237,399.1818237,933.672196687
S014,A,0.205,25,rated_payload_limited,3.5775,2.13779691217,2.42558723052,2.42558723052,25,5419.5363,5419.5363,464.2473877,240.9473877,240.9473877,464.2473877,591.9473877,1420.39888529
S014,B,0.205,30,rated_payload_limited,3.18,1.72186251244,2.35522053783,2.35522053783,30,5419.5363,5419.5363,464.2473877,240.9473877,240.9473877,464.2473877,591.9473877,1239.74767529
S014,C,0.205,80,rated_payload_limited,6.36,3.52159630022,5.60758666095,5.60758666095,80,5419.5363,5419.5363,464.2473877,240.9473877,240.9473877,464.2473877,591.9473877,1357.28013786
S015,A,0.205,25,rated_payload_limited,3.5775,2.30689938866,2.61934426755,2.61934426755,25,6009.764892,6009.764892,444.0992554,97.29925537,97.29925537,444.0992554,571.7992554,1398.65305656
S015,B,0.205,30,rated_payload_limited,3.18,1.85021799472,2.5445279265,2.5445279265,30,6009.764892,6009.764892,444.0992554,97.29925537,97.29925537,444.0992554,571.7992554,1198.32756016
S015,C,0.205,80,rated_payload_limited,6.36,3.84149604983,6.13326501752,6.13326501752,80,6009.764892,6009.764892,444.0992554,97.29925537,97.29925537,444.0992554,571.7992554,1288.56064529
S001,A,0.21,25,rated_payload_limited,3.555,1.16153051602,1.31271024158,1.31271024158,25,3054.023608,3054.023608,145.3566101,89.05661011,89.05661011,145.3566101,273.0566101,680.906962821
S001,B,0.21,30,rated_payload_limited,3.16,0.930225761055,1.27394097204,1.27394097204,30,3054.023608,3054.023608,145.3566101,89.05661011,89.05661011,145.3566101,273.0566101,579.106175887
S001,C,0.21,80,rated_payload_limited,6.32,1.94139247193,3.08170436114,3.08170436114,80,3054.023608,3054.023608,145.3566101,89.05661011,89.05661011,145.3566101,273.0566101,618.175045922
S002,A,0.21,25,rated_payload_limited,3.555,2.73984663737,3.09050972759,3.09050972759,25,7411.533814,7411.533814,181.2542542,89.45425415,89.45425415,181.2542542,308.9542542,1433.77520846
S002,B,0.21,30,rated_payload_limited,3.16,2.18415452088,2.99882031183,2.99882031183,30,7411.533814,7411.533814,181.2542542,89.45425415,89.45425415,181.2542542,308.9542542,1186.72408132
S002,C,0.21,67.6242399184,energy_limited,6.32,4.6325359292,7.34794754861,6.32,80,7411.533814,7411.533814,181.2542542,89.45425415,89.45425415,181.2542542,308.9542542,1231.84216605
S003,A,0.21,25,rated_payload_limited,3.555,2.7890857722,3.15701804891,3.15701804891,25,7263.826968,7263.826968,434.1041382,223.3041382,223.3041382,434.1041382,561.8041382,1692.73723069
S003,B,0.21,30,rated_payload_limited,3.16,2.23705090717,3.06459015809,3.06459015809,30,7263.826968,7263.826968,434.1041382,223.3041382,223.3041382,434.1041382,561.8041382,1450.60966509
S003,C,0.21,66.9267520317,energy_limited,6.32,4.64390670284,7.38282653444,6.32,80,7263.826968,7263.826968,434.1041382,223.3041382,223.3041382,434.1041382,561.8041382,1560.17771116
S004,A,0.21,25,rated_payload_limited,3.555,2.89394171155,3.26669153411,3.26669153411,25,7714.681646,7714.681646,270.5391663,169.9391663,169.9391663,270.5391663,398.2391663,1608.79771824
S004,B,0.21,29.8656005778,energy_limited,3.16,2.31251848078,3.16979849246,3.16,30,7714.681646,7714.681646,270.5391663,169.9391663,169.9391663,270.5391663,398.2391663,1351.64166337
S004,C,0.21,62.2610273905,energy_limited,6.32,4.86398606465,7.71524423837,6.32,80,7714.681646,7714.681646,270.5391663,169.9391663,169.9391663,270.5391663,398.2391663,1425.05471881
S005,A,0.21,25,rated_payload_limited,3.555,1.98844309239,2.24486501136,2.24486501136,25,5280.593369,5280.593369,198.7108887,131.4108887,131.4108887,198.7108887,326.4108887,1122.18819826
S005,B,0.21,30,rated_payload_limited,3.16,1.58992547929,2.1782576011,2.1782576011,30,5280.593369,5280.593369,198.7108887,131.4108887,131.4108887,198.7108887,326.4108887,946.168419293
S005,C,0.21,80,rated_payload_limited,6.32,3.33690049967,5.29264281489,5.29264281489,80,5280.593369,5280.593369,198.7108887,131.4108887,131.4108887,198.7108887,326.4108887,1001.18871553
S006,A,0.21,25,rated_payload_limited,3.555,1.22375461487,1.38968260036,1.38968260036,25,3186.198852,3186.198852,238.3978394,51.29783936,51.29783936,238.3978394,366.0978394,743.476639757
S006,B,0.21,30,rated_payload_limited,3.16,0.981585340998,1.35002263401,1.35002263401,30,3186.198852,3186.198852,238.3978394,51.29783936,51.29783936,238.3978394,366.0978394,637.270011357
S006,C,0.21,80,rated_payload_limited,6.32,2.0373511789,3.25327178824,3.25327178824,80,3186.198852,3186.198852,238.3978394,51.29783936,51.29783936,238.3978394,366.0978394,685.552624484
S007,A,0.21,25,rated_payload_limited,3.555,1.77756344482,2.01797249109,2.01797249109,25,4534.717375,4534.717375,384.273175,163.473175,163.473175,384.273175,511.973175,1157.46688583
S007,B,0.21,30,rated_payload_limited,3.16,1.43033692627,1.95981561942,1.95981561942,30,4534.717375,4534.717375,384.273175,163.473175,163.473175,384.273175,511.973175,1006.30964
S007,C,0.21,80,rated_payload_limited,6.32,2.93545326153,4.67961017039,4.67961017039,80,4534.717375,4534.717375,384.273175,163.473175,163.473175,384.273175,511.973175,1097.60069833
S008,A,0.21,25,rated_payload_limited,3.555,3.00043718224,3.38719045973,3.38719045973,25,8079.110449,8079.110449,245.2093323,102.0093323,102.0093323,245.2093323,372.9093323,1601.14542887
S008,B,0.21,28.2062931263,energy_limited,3.16,2.39370630456,3.28715724997,3.16,30,8079.110449,8079.110449,245.2093323,102.0093323,102.0093323,245.2093323,372.9093323,1331.84174724
S008,C,0.21,57.2725260564,energy_limited,6.32,5.06358632917,8.03799840697,6.32,80,8079.110449,8079.110449,245.2093323,102.0093323,102.0093323,245.2093323,372.9093323,1389.71152467
S009,A,0.21,25,rated_payload_limited,3.555,2.11449348264,2.38688881319,2.38688881319,25,5705.303447,5705.303447,165.5289124,63.22891235,63.22891235,165.5289124,293.2289124,1118.63964598
S009,B,0.21,30,rated_payload_limited,3.16,1.68634349503,2.31641401773,2.31641401773,30,5705.303447,5705.303447,165.5289124,63.22891235,63.22891235,165.5289124,293.2289124,928.462864417
S009,C,0.21,80,rated_payload_limited,6.32,3.57145366019,5.66961266921,5.66961266921,80,5705.303447,5705.303447,165.5289124,63.22891235,63.22891235,165.5289124,293.2289124,966.589168542
S010,A,0.21,25,rated_payload_limited,3.555,1.82629300362,2.0707297629,2.0707297629,25,4784.674506,4784.674506,307.9365356,84.03653564,84.03653564,307.9365356,435.6365356,1084.89266991
S010,B,0.21,30,rated_payload_limited,3.16,1.46344502735,2.01104041223,2.01104041223,30,4784.674506,4784.674506,307.9365356,84.03653564,84.03653564,307.9365356,435.6365356,925.403519709
S010,C,0.21,80,rated_payload_limited,6.32,3.04807696181,4.85885692633,4.85885692633,80,4784.674506,4784.674506,307.9365356,84.03653564,84.03653564,307.9365356,435.6365356,990.732364916
S011,A,0.21,25,rated_payload_limited,3.555,1.07737291221,1.21959611273,1.21959611273,25,2808.106412,2808.106412,167.6617554,83.26175537,83.26175537,167.6617554,295.3617554,652.028309898
S011,B,0.21,30,rated_payload_limited,3.16,0.864023964183,1.1839226027,1.1839226027,30,2808.106412,2808.106412,167.6617554,83.26175537,83.26175537,167.6617554,295.3617554,558.424762831
S011,C,0.21,80,rated_payload_limited,6.32,1.79442515305,2.85321027055,2.85321027055,80,2808.106412,2808.106412,167.6617554,83.26175537,83.26175537,167.6617554,295.3617554,600.24534796
S012,A,0.21,25,rated_payload_limited,3.555,2.77180546523,3.13142055533,3.13142055533,25,7391.140163,7391.140163,285.6009949,133.5009949,133.5009949,285.6009949,413.3009949,1539.19815302
S012,B,0.21,30,rated_payload_limited,3.16,2.21482112408,3.039145538,3.039145538,30,7391.140163,7391.140163,285.6009949,133.5009949,133.5009949,285.6009949,413.3009949,1292.82681425
S012,C,0.21,66.8429782852,energy_limited,6.32,4.65923038872,7.39890429565,6.32,80,7391.140163,7391.140163,285.6009949,133.5009949,133.5009949,285.6009949,413.3009949,1362.67714589
S013,A,0.21,25,rated_payload_limited,3.555,1.83030762726,2.07421509617,2.07421509617,25,4849.536855,4849.536855,271.4818237,47.48182373,47.48182373,271.4818237,399.1818237,1042.16281728
S013,B,0.21,30,rated_payload_limited,3.16,1.46402243521,2.0144296422,2.0144296422,30,4849.536855,4849.536855,271.4818237,47.48182373,47.48182373,271.4818237,399.1818237,880.511588782
S013,C,0.21,80,rated_payload_limited,6.32,3.06868405411,4.89171403136,4.89171403136,80,4849.536855,4849.536855,271.4818237,47.48182373,47.48182373,271.4818237,399.1818237,933.672196687
S014,A,0.21,25,rated_payload_limited,3.555,2.13779691217,2.42558723052,2.42558723052,25,5419.5363,5419.5363,464.2473877,240.9473877,240.9473877,464.2473877,591.9473877,1420.39888529
S014,B,0.21,30,rated_payload_limited,3.16,1.72186251244,2.35522053783,2.35522053783,30,5419.5363,5419.5363,464.2473877,240.9473877,240.9473877,464.2473877,591.9473877,1239.74767529
S014,C,0.21,80,rated_payload_limited,6.32,3.52159630022,5.60758666095,5.60758666095,80,5419.5363,5419.5363,464.2473877,240.9473877,240.9473877,464.2473877,591.9473877,1357.28013786
S015,A,0.21,25,rated_payload_limited,3.555,2.30689938866,2.61934426755,2.61934426755,25,6009.764892,6009.764892,444.0992554,97.29925537,97.29925537,444.0992554,571.7992554,1398.65305656
S015,B,0.21,30,rated_payload_limited,3.16,1.85021799472,2.5445279265,2.5445279265,30,6009.764892,6009.764892,444.0992554,97.29925537,97.29925537,444.0992554,571.7992554,1198.32756016
S015,C,0.21,80,rated_payload_limited,6.32,3.84149604983,6.13326501752,6.13326501752,80,6009.764892,6009.764892,444.0992554,97.29925537,97.29925537,444.0992554,571.7992554,1288.56064529
S001,A,0.215,25,rated_payload_limited,3.5325,1.16153051602,1.31271024158,1.31271024158,25,3054.023608,3054.023608,145.3566101,89.05661011,89.05661011,145.3566101,273.0566101,680.906962821
S001,B,0.215,30,rated_payload_limited,3.14,0.930225761055,1.27394097204,1.27394097204,30,3054.023608,3054.023608,145.3566101,89.05661011,89.05661011,145.3566101,273.0566101,579.106175887
S001,C,0.215,80,rated_payload_limited,6.28,1.94139247193,3.08170436114,3.08170436114,80,3054.023608,3054.023608,145.3566101,89.05661011,89.05661011,145.3566101,273.0566101,618.175045922
S002,A,0.215,25,rated_payload_limited,3.5325,2.73984663737,3.09050972759,3.09050972759,25,7411.533814,7411.533814,181.2542542,89.45425415,89.45425415,181.2542542,308.9542542,1433.77520846
S002,B,0.215,30,rated_payload_limited,3.14,2.18415452088,2.99882031183,2.99882031183,30,7411.533814,7411.533814,181.2542542,89.45425415,89.45425415,181.2542542,308.9542542,1186.72408132
S002,C,0.215,66.9842884125,energy_limited,6.28,4.6325359292,7.34794754861,6.28,80,7411.533814,7411.533814,181.2542542,89.45425415,89.45425415,181.2542542,308.9542542,1231.84216605
S003,A,0.215,25,rated_payload_limited,3.5325,2.7890857722,3.15701804891,3.15701804891,25,7263.826968,7263.826968,434.1041382,223.3041382,223.3041382,434.1041382,561.8041382,1692.73723069
S003,B,0.215,30,rated_payload_limited,3.14,2.23705090717,3.06459015809,3.06459015809,30,7263.826968,7263.826968,434.1041382,223.3041382,223.3041382,434.1041382,561.8041382,1450.60966509
S003,C,0.215,66.266517805,energy_limited,6.28,4.64390670284,7.38282653444,6.28,80,7263.826968,7263.826968,434.1041382,223.3041382,223.3041382,434.1041382,561.8041382,1560.17771116
S004,A,0.215,25,rated_payload_limited,3.5325,2.89394171155,3.26669153411,3.26669153411,25,7714.681646,7714.681646,270.5391663,169.9391663,169.9391663,270.5391663,398.2391663,1608.79771824
S004,B,0.215,29.586137458,energy_limited,3.14,2.31251848078,3.16979849246,3.14,30,7714.681646,7714.681646,270.5391663,169.9391663,169.9391663,270.5391663,398.2391663,1351.64166337
S004,C,0.215,61.5137565038,energy_limited,6.28,4.86398606465,7.71524423837,6.28,80,7714.681646,7714.681646,270.5391663,169.9391663,169.9391663,270.5391663,398.2391663,1425.05471881
S005,A,0.215,25,rated_payload_limited,3.5325,1.98844309239,2.24486501136,2.24486501136,25,5280.593369,5280.593369,198.7108887,131.4108887,131.4108887,198.7108887,326.4108887,1122.18819826
S005,B,0.215,30,rated_payload_limited,3.14,1.58992547929,2.1782576011,2.1782576011,30,5280.593369,5280.593369,198.7108887,131.4108887,131.4108887,198.7108887,326.4108887,946.168419293
S005,C,0.215,80,rated_payload_limited,6.28,3.33690049967,5.29264281489,5.29264281489,80,5280.593369,5280.593369,198.7108887,131.4108887,131.4108887,198.7108887,326.4108887,1001.18871553
S006,A,0.215,25,rated_payload_limited,3.5325,1.22375461487,1.38968260036,1.38968260036,25,3186.198852,3186.198852,238.3978394,51.29783936,51.29783936,238.3978394,366.0978394,743.476639757
S006,B,0.215,30,rated_payload_limited,3.14,0.981585340998,1.35002263401,1.35002263401,30,3186.198852,3186.198852,238.3978394,51.29783936,51.29783936,238.3978394,366.0978394,637.270011357
S006,C,0.215,80,rated_payload_limited,6.28,2.0373511789,3.25327178824,3.25327178824,80,3186.198852,3186.198852,238.3978394,51.29783936,51.29783936,238.3978394,366.0978394,685.552624484
S007,A,0.215,25,rated_payload_limited,3.5325,1.77756344482,2.01797249109,2.01797249109,25,4534.717375,4534.717375,384.273175,163.473175,163.473175,384.273175,511.973175,1157.46688583
S007,B,0.215,30,rated_payload_limited,3.14,1.43033692627,1.95981561942,1.95981561942,30,4534.717375,4534.717375,384.273175,163.473175,163.473175,384.273175,511.973175,1006.30964
S007,C,0.215,80,rated_payload_limited,6.28,2.93545326153,4.67961017039,4.67961017039,80,4534.717375,4534.717375,384.273175,163.473175,163.473175,384.273175,511.973175,1097.60069833
S008,A,0.215,25,rated_payload_limited,3.5325,3.00043718224,3.38719045973,3.38719045973,25,8079.110449,8079.110449,245.2093323,102.0093323,102.0093323,245.2093323,372.9093323,1601.14542887
S008,B,0.215,27.897076801,energy_limited,3.14,2.39370630456,3.28715724997,3.14,30,8079.110449,8079.110449,245.2093323,102.0093323,102.0093323,245.2093323,372.9093323,1331.84174724
S008,C,0.215,56.4219600727,energy_limited,6.28,5.06358632917,8.03799840697,6.28,80,8079.110449,8079.110449,245.2093323,102.0093323,102.0093323,245.2093323,372.9093323,1389.71152467
S009,A,0.215,25,rated_payload_limited,3.5325,2.11449348264,2.38688881319,2.38688881319,25,5705.303447,5705.303447,165.5289124,63.22891235,63.22891235,165.5289124,293.2289124,1118.63964598
S009,B,0.215,30,rated_payload_limited,3.14,1.68634349503,2.31641401773,2.31641401773,30,5705.303447,5705.303447,165.5289124,63.22891235,63.22891235,165.5289124,293.2289124,928.462864417
S009,C,0.215,80,rated_payload_limited,6.28,3.57145366019,5.66961266921,5.66961266921,80,5705.303447,5705.303447,165.5289124,63.22891235,63.22891235,165.5289124,293.2289124,966.589168542
S010,A,0.215,25,rated_payload_limited,3.5325,1.82629300362,2.0707297629,2.0707297629,25,4784.674506,4784.674506,307.9365356,84.03653564,84.03653564,307.9365356,435.6365356,1084.89266991
S010,B,0.215,30,rated_payload_limited,3.14,1.46344502735,2.01104041223,2.01104041223,30,4784.674506,4784.674506,307.9365356,84.03653564,84.03653564,307.9365356,435.6365356,925.403519709
S010,C,0.215,80,rated_payload_limited,6.28,3.04807696181,4.85885692633,4.85885692633,80,4784.674506,4784.674506,307.9365356,84.03653564,84.03653564,307.9365356,435.6365356,990.732364916
S011,A,0.215,25,rated_payload_limited,3.5325,1.07737291221,1.21959611273,1.21959611273,25,2808.106412,2808.106412,167.6617554,83.26175537,83.26175537,167.6617554,295.3617554,652.028309898
S011,B,0.215,30,rated_payload_limited,3.14,0.864023964183,1.1839226027,1.1839226027,30,2808.106412,2808.106412,167.6617554,83.26175537,83.26175537,167.6617554,295.3617554,558.424762831
S011,C,0.215,80,rated_payload_limited,6.28,1.79442515305,2.85321027055,2.85321027055,80,2808.106412,2808.106412,167.6617554,83.26175537,83.26175537,167.6617554,295.3617554,600.24534796
S012,A,0.215,25,rated_payload_limited,3.5325,2.77180546523,3.13142055533,3.13142055533,25,7391.140163,7391.140163,285.6009949,133.5009949,133.5009949,285.6009949,413.3009949,1539.19815302
S012,B,0.215,30,rated_payload_limited,3.14,2.21482112408,3.039145538,3.039145538,30,7391.140163,7391.140163,285.6009949,133.5009949,133.5009949,285.6009949,413.3009949,1292.82681425
S012,C,0.215,66.1857902384,energy_limited,6.28,4.65923038872,7.39890429565,6.28,80,7391.140163,7391.140163,285.6009949,133.5009949,133.5009949,285.6009949,413.3009949,1362.67714589
S013,A,0.215,25,rated_payload_limited,3.5325,1.83030762726,2.07421509617,2.07421509617,25,4849.536855,4849.536855,271.4818237,47.48182373,47.48182373,271.4818237,399.1818237,1042.16281728
S013,B,0.215,30,rated_payload_limited,3.14,1.46402243521,2.0144296422,2.0144296422,30,4849.536855,4849.536855,271.4818237,47.48182373,47.48182373,271.4818237,399.1818237,880.511588782
S013,C,0.215,80,rated_payload_limited,6.28,3.06868405411,4.89171403136,4.89171403136,80,4849.536855,4849.536855,271.4818237,47.48182373,47.48182373,271.4818237,399.1818237,933.672196687
S014,A,0.215,25,rated_payload_limited,3.5325,2.13779691217,2.42558723052,2.42558723052,25,5419.5363,5419.5363,464.2473877,240.9473877,240.9473877,464.2473877,591.9473877,1420.39888529
S014,B,0.215,30,rated_payload_limited,3.14,1.72186251244,2.35522053783,2.35522053783,30,5419.5363,5419.5363,464.2473877,240.9473877,240.9473877,464.2473877,591.9473877,1239.74767529
S014,C,0.215,80,rated_payload_limited,6.28,3.52159630022,5.60758666095,5.60758666095,80,5419.5363,5419.5363,464.2473877,240.9473877,240.9473877,464.2473877,591.9473877,1357.28013786
S015,A,0.215,25,rated_payload_limited,3.5325,2.30689938866,2.61934426755,2.61934426755,25,6009.764892,6009.764892,444.0992554,97.29925537,97.29925537,444.0992554,571.7992554,1398.65305656
S015,B,0.215,30,rated_payload_limited,3.14,1.85021799472,2.5445279265,2.5445279265,30,6009.764892,6009.764892,444.0992554,97.29925537,97.29925537,444.0992554,571.7992554,1198.32756016
S015,C,0.215,80,rated_payload_limited,6.28,3.84149604983,6.13326501752,6.13326501752,80,6009.764892,6009.764892,444.0992554,97.29925537,97.29925537,444.0992554,571.7992554,1288.56064529
S001,A,0.22,25,rated_payload_limited,3.51,1.16153051602,1.31271024158,1.31271024158,25,3054.023608,3054.023608,145.3566101,89.05661011,89.05661011,145.3566101,273.0566101,680.906962821
S001,B,0.22,30,rated_payload_limited,3.12,0.930225761055,1.27394097204,1.27394097204,30,3054.023608,3054.023608,145.3566101,89.05661011,89.05661011,145.3566101,273.0566101,579.106175887
S001,C,0.22,80,rated_payload_limited,6.24,1.94139247193,3.08170436114,3.08170436114,80,3054.023608,3054.023608,145.3566101,89.05661011,89.05661011,145.3566101,273.0566101,618.175045922
S002,A,0.22,25,rated_payload_limited,3.51,2.73984663737,3.09050972759,3.09050972759,25,7411.533814,7411.533814,181.2542542,89.45425415,89.45425415,181.2542542,308.9542542,1433.77520846
S002,B,0.22,30,rated_payload_limited,3.12,2.18415452088,2.99882031183,2.99882031183,30,7411.533814,7411.533814,181.2542542,89.45425415,89.45425415,181.2542542,308.9542542,1186.72408132
S002,C,0.22,66.3281777326,energy_limited,6.24,4.6325359292,7.34794754861,6.24,80,7411.533814,7411.533814,181.2542542,89.45425415,89.45425415,181.2542542,308.9542542,1231.84216605
S003,A,0.22,25,rated_payload_limited,3.51,2.7890857722,3.15701804891,3.15701804891,25,7263.826968,7263.826968,434.1041382,223.3041382,223.3041382,434.1041382,561.8041382,1692.73723069
S003,B,0.22,30,rated_payload_limited,3.12,2.23705090717,3.06459015809,3.06459015809,30,7263.826968,7263.826968,434.1041382,223.3041382,223.3041382,434.1041382,561.8041382,1450.60966509
S003,C,0.22,65.5895563963,energy_limited,6.24,4.64390670284,7.38282653444,6.24,80,7263.826968,7263.826968,434.1041382,223.3041382,223.3041382,434.1041382,561.8041382,1560.17771116
S004,A,0.22,25,rated_payload_limited,3.51,2.89394171155,3.26669153411,3.26669153411,25,7714.681646,7714.681646,270.5391663,169.9391663,169.9391663,270.5391663,398.2391663,1608.79771824
S004,B,0.22,29.2995510858,energy_limited,3.12,2.31251848078,3.16979849246,3.12,30,7714.681646,7714.681646,270.5391663,169.9391663,169.9391663,270.5391663,398.2391663,1351.64166337
S004,C,0.22,60.746279773,energy_limited,6.24,4.86398606465,7.71524423837,6.24,80,7714.681646,7714.681646,270.5391663,169.9391663,169.9391663,270.5391663,398.2391663,1425.05471881
S005,A,0.22,25,rated_payload_limited,3.51,1.98844309239,2.24486501136,2.24486501136,25,5280.593369,5280.593369,198.7108887,131.4108887,131.4108887,198.7108887,326.4108887,1122.18819826
S005,B,0.22,30,rated_payload_limited,3.12,1.58992547929,2.1782576011,2.1782576011,30,5280.593369,5280.593369,198.7108887,131.4108887,131.4108887,198.7108887,326.4108887,946.168419293
S005,C,0.22,80,rated_payload_limited,6.24,3.33690049967,5.29264281489,5.29264281489,80,5280.593369,5280.593369,198.7108887,131.4108887,131.4108887,198.7108887,326.4108887,1001.18871553
S006,A,0.22,25,rated_payload_limited,3.51,1.22375461487,1.38968260036,1.38968260036,25,3186.198852,3186.198852,238.3978394,51.29783936,51.29783936,238.3978394,366.0978394,743.476639757
S006,B,0.22,30,rated_payload_limited,3.12,0.981585340998,1.35002263401,1.35002263401,30,3186.198852,3186.198852,238.3978394,51.29783936,51.29783936,238.3978394,366.0978394,637.270011357
S006,C,0.22,80,rated_payload_limited,6.24,2.0373511789,3.25327178824,3.25327178824,80,3186.198852,3186.198852,238.3978394,51.29783936,51.29783936,238.3978394,366.0978394,685.552624484
S007,A,0.22,25,rated_payload_limited,3.51,1.77756344482,2.01797249109,2.01797249109,25,4534.717375,4534.717375,384.273175,163.473175,163.473175,384.273175,511.973175,1157.46688583
S007,B,0.22,30,rated_payload_limited,3.12,1.43033692627,1.95981561942,1.95981561942,30,4534.717375,4534.717375,384.273175,163.473175,163.473175,384.273175,511.973175,1006.30964
S007,C,0.22,80,rated_payload_limited,6.24,2.93545326153,4.67961017039,4.67961017039,80,4534.717375,4534.717375,384.273175,163.473175,163.473175,384.273175,511.973175,1097.60069833
S008,A,0.22,25,rated_payload_limited,3.51,3.00043718224,3.38719045973,3.38719045973,25,8079.110449,8079.110449,245.2093323,102.0093323,102.0093323,245.2093323,372.9093323,1601.14542887
S008,B,0.22,27.5796335506,energy_limited,3.12,2.39370630456,3.28715724997,3.12,30,8079.110449,8079.110449,245.2093323,102.0093323,102.0093323,245.2093323,372.9093323,1331.84174724
S008,C,0.22,55.5467646673,energy_limited,6.24,5.06358632917,8.03799840697,6.24,80,8079.110449,8079.110449,245.2093323,102.0093323,102.0093323,245.2093323,372.9093323,1389.71152467
S009,A,0.22,25,rated_payload_limited,3.51,2.11449348264,2.38688881319,2.38688881319,25,5705.303447,5705.303447,165.5289124,63.22891235,63.22891235,165.5289124,293.2289124,1118.63964598
S009,B,0.22,30,rated_payload_limited,3.12,1.68634349503,2.31641401773,2.31641401773,30,5705.303447,5705.303447,165.5289124,63.22891235,63.22891235,165.5289124,293.2289124,928.462864417
S009,C,0.22,80,rated_payload_limited,6.24,3.57145366019,5.66961266921,5.66961266921,80,5705.303447,5705.303447,165.5289124,63.22891235,63.22891235,165.5289124,293.2289124,966.589168542
S010,A,0.22,25,rated_payload_limited,3.51,1.82629300362,2.0707297629,2.0707297629,25,4784.674506,4784.674506,307.9365356,84.03653564,84.03653564,307.9365356,435.6365356,1084.89266991
S010,B,0.22,30,rated_payload_limited,3.12,1.46344502735,2.01104041223,2.01104041223,30,4784.674506,4784.674506,307.9365356,84.03653564,84.03653564,307.9365356,435.6365356,925.403519709
S010,C,0.22,80,rated_payload_limited,6.24,3.04807696181,4.85885692633,4.85885692633,80,4784.674506,4784.674506,307.9365356,84.03653564,84.03653564,307.9365356,435.6365356,990.732364916
S011,A,0.22,25,rated_payload_limited,3.51,1.07737291221,1.21959611273,1.21959611273,25,2808.106412,2808.106412,167.6617554,83.26175537,83.26175537,167.6617554,295.3617554,652.028309898
S011,B,0.22,30,rated_payload_limited,3.12,0.864023964183,1.1839226027,1.1839226027,30,2808.106412,2808.106412,167.6617554,83.26175537,83.26175537,167.6617554,295.3617554,558.424762831
S011,C,0.22,80,rated_payload_limited,6.24,1.79442515305,2.85321027055,2.85321027055,80,2808.106412,2808.106412,167.6617554,83.26175537,83.26175537,167.6617554,295.3617554,600.24534796
S012,A,0.22,25,rated_payload_limited,3.51,2.77180546523,3.13142055533,3.13142055533,25,7391.140163,7391.140163,285.6009949,133.5009949,133.5009949,285.6009949,413.3009949,1539.19815302
S012,B,0.22,30,rated_payload_limited,3.12,2.21482112408,3.039145538,3.039145538,30,7391.140163,7391.140163,285.6009949,133.5009949,133.5009949,285.6009949,413.3009949,1292.82681425
S012,C,0.22,65.5118868984,energy_limited,6.24,4.65923038872,7.39890429565,6.24,80,7391.140163,7391.140163,285.6009949,133.5009949,133.5009949,285.6009949,413.3009949,1362.67714589
S013,A,0.22,25,rated_payload_limited,3.51,1.83030762726,2.07421509617,2.07421509617,25,4849.536855,4849.536855,271.4818237,47.48182373,47.48182373,271.4818237,399.1818237,1042.16281728
S013,B,0.22,30,rated_payload_limited,3.12,1.46402243521,2.0144296422,2.0144296422,30,4849.536855,4849.536855,271.4818237,47.48182373,47.48182373,271.4818237,399.1818237,880.511588782
S013,C,0.22,80,rated_payload_limited,6.24,3.06868405411,4.89171403136,4.89171403136,80,4849.536855,4849.536855,271.4818237,47.48182373,47.48182373,271.4818237,399.1818237,933.672196687
S014,A,0.22,25,rated_payload_limited,3.51,2.13779691217,2.42558723052,2.42558723052,25,5419.5363,5419.5363,464.2473877,240.9473877,240.9473877,464.2473877,591.9473877,1420.39888529
S014,B,0.22,30,rated_payload_limited,3.12,1.72186251244,2.35522053783,2.35522053783,30,5419.5363,5419.5363,464.2473877,240.9473877,240.9473877,464.2473877,591.9473877,1239.74767529
S014,C,0.22,80,rated_payload_limited,6.24,3.52159630022,5.60758666095,5.60758666095,80,5419.5363,5419.5363,464.2473877,240.9473877,240.9473877,464.2473877,591.9473877,1357.28013786
S015,A,0.22,25,rated_payload_limited,3.51,2.30689938866,2.61934426755,2.61934426755,25,6009.764892,6009.764892,444.0992554,97.29925537,97.29925537,444.0992554,571.7992554,1398.65305656
S015,B,0.22,30,rated_payload_limited,3.12,1.85021799472,2.5445279265,2.5445279265,30,6009.764892,6009.764892,444.0992554,97.29925537,97.29925537,444.0992554,571.7992554,1198.32756016
S015,C,0.22,80,rated_payload_limited,6.24,3.84149604983,6.13326501752,6.13326501752,80,6009.764892,6009.764892,444.0992554,97.29925537,97.29925537,444.0992554,571.7992554,1288.56064529
S001,A,0.225,25,rated_payload_limited,3.4875,1.16153051602,1.31271024158,1.31271024158,25,3054.023608,3054.023608,145.3566101,89.05661011,89.05661011,145.3566101,273.0566101,680.906962821
S001,B,0.225,30,rated_payload_limited,3.1,0.930225761055,1.27394097204,1.27394097204,30,3054.023608,3054.023608,145.3566101,89.05661011,89.05661011,145.3566101,273.0566101,579.106175887
S001,C,0.225,80,rated_payload_limited,6.2,1.94139247193,3.08170436114,3.08170436114,80,3054.023608,3054.023608,145.3566101,89.05661011,89.05661011,145.3566101,273.0566101,618.175045922
S002,A,0.225,25,rated_payload_limited,3.4875,2.73984663737,3.09050972759,3.09050972759,25,7411.533814,7411.533814,181.2542542,89.45425415,89.45425415,181.2542542,308.9542542,1433.77520846
S002,B,0.225,30,rated_payload_limited,3.1,2.18415452088,2.99882031183,2.99882031183,30,7411.533814,7411.533814,181.2542542,89.45425415,89.45425415,181.2542542,308.9542542,1186.72408132
S002,C,0.225,65.6552545167,energy_limited,6.2,4.6325359292,7.34794754861,6.2,80,7411.533814,7411.533814,181.2542542,89.45425415,89.45425415,181.2542542,308.9542542,1231.84216605
S003,A,0.225,25,rated_payload_limited,3.4875,2.7890857722,3.15701804891,3.15701804891,25,7263.826968,7263.826968,434.1041382,223.3041382,223.3041382,434.1041382,561.8041382,1692.73723069
S003,B,0.225,30,rated_payload_limited,3.1,2.23705090717,3.06459015809,3.06459015809,30,7263.826968,7263.826968,434.1041382,223.3041382,223.3041382,434.1041382,561.8041382,1450.60966509
S003,C,0.225,64.8951980367,energy_limited,6.2,4.64390670284,7.38282653444,6.2,80,7263.826968,7263.826968,434.1041382,223.3041382,223.3041382,434.1041382,561.8041382,1560.17771116
S004,A,0.225,25,rated_payload_limited,3.4875,2.89394171155,3.26669153411,3.26669153411,25,7714.681646,7714.681646,270.5391663,169.9391663,169.9391663,270.5391663,398.2391663,1608.79771824
S004,B,0.225,29.0055524863,energy_limited,3.1,2.31251848078,3.16979849246,3.1,30,7714.681646,7714.681646,270.5391663,169.9391663,169.9391663,270.5391663,398.2391663,1351.64166337
S004,C,0.225,59.9577065487,energy_limited,6.2,4.86398606465,7.71524423837,6.2,80,7714.681646,7714.681646,270.5391663,169.9391663,169.9391663,270.5391663,398.2391663,1425.05471881
S005,A,0.225,25,rated_payload_limited,3.4875,1.98844309239,2.24486501136,2.24486501136,25,5280.593369,5280.593369,198.7108887,131.4108887,131.4108887,198.7108887,326.4108887,1122.18819826
S005,B,0.225,30,rated_payload_limited,3.1,1.58992547929,2.1782576011,2.1782576011,30,5280.593369,5280.593369,198.7108887,131.4108887,131.4108887,198.7108887,326.4108887,946.168419293
S005,C,0.225,80,rated_payload_limited,6.2,3.33690049967,5.29264281489,5.29264281489,80,5280.593369,5280.593369,198.7108887,131.4108887,131.4108887,198.7108887,326.4108887,1001.18871553
S006,A,0.225,25,rated_payload_limited,3.4875,1.22375461487,1.38968260036,1.38968260036,25,3186.198852,3186.198852,238.3978394,51.29783936,51.29783936,238.3978394,366.0978394,743.476639757
S006,B,0.225,30,rated_payload_limited,3.1,0.981585340998,1.35002263401,1.35002263401,30,3186.198852,3186.198852,238.3978394,51.29783936,51.29783936,238.3978394,366.0978394,637.270011357
S006,C,0.225,80,rated_payload_limited,6.2,2.0373511789,3.25327178824,3.25327178824,80,3186.198852,3186.198852,238.3978394,51.29783936,51.29783936,238.3978394,366.0978394,685.552624484
S007,A,0.225,25,rated_payload_limited,3.4875,1.77756344482,2.01797249109,2.01797249109,25,4534.717375,4534.717375,384.273175,163.473175,163.473175,384.273175,511.973175,1157.46688583
S007,B,0.225,30,rated_payload_limited,3.1,1.43033692627,1.95981561942,1.95981561942,30,4534.717375,4534.717375,384.273175,163.473175,163.473175,384.273175,511.973175,1006.30964
S007,C,0.225,80,rated_payload_limited,6.2,2.93545326153,4.67961017039,4.67961017039,80,4534.717375,4534.717375,384.273175,163.473175,163.473175,384.273175,511.973175,1097.60069833
S008,A,0.225,25,rated_payload_limited,3.4875,3.00043718224,3.38719045973,3.38719045973,25,8079.110449,8079.110449,245.2093323,102.0093323,102.0093323,245.2093323,372.9093323,1601.14542887
S008,B,0.225,27.2536091444,energy_limited,3.1,2.39370630456,3.28715724997,3.1,30,8079.110449,8079.110449,245.2093323,102.0093323,102.0093323,245.2093323,372.9093323,1331.84174724
S008,C,0.225,54.6457409959,energy_limited,6.2,5.06358632917,8.03799840697,6.2,80,8079.110449,8079.110449,245.2093323,102.0093323,102.0093323,245.2093323,372.9093323,1389.71152467
S009,A,0.225,25,rated_payload_limited,3.4875,2.11449348264,2.38688881319,2.38688881319,25,5705.303447,5705.303447,165.5289124,63.22891235,63.22891235,165.5289124,293.2289124,1118.63964598
S009,B,0.225,30,rated_payload_limited,3.1,1.68634349503,2.31641401773,2.31641401773,30,5705.303447,5705.303447,165.5289124,63.22891235,63.22891235,165.5289124,293.2289124,928.462864417
S009,C,0.225,80,rated_payload_limited,6.2,3.57145366019,5.66961266921,5.66961266921,80,5705.303447,5705.303447,165.5289124,63.22891235,63.22891235,165.5289124,293.2289124,966.589168542
S010,A,0.225,25,rated_payload_limited,3.4875,1.82629300362,2.0707297629,2.0707297629,25,4784.674506,4784.674506,307.9365356,84.03653564,84.03653564,307.9365356,435.6365356,1084.89266991
S010,B,0.225,30,rated_payload_limited,3.1,1.46344502735,2.01104041223,2.01104041223,30,4784.674506,4784.674506,307.9365356,84.03653564,84.03653564,307.9365356,435.6365356,925.403519709
S010,C,0.225,80,rated_payload_limited,6.2,3.04807696181,4.85885692633,4.85885692633,80,4784.674506,4784.674506,307.9365356,84.03653564,84.03653564,307.9365356,435.6365356,990.732364916
S011,A,0.225,25,rated_payload_limited,3.4875,1.07737291221,1.21959611273,1.21959611273,25,2808.106412,2808.106412,167.6617554,83.26175537,83.26175537,167.6617554,295.3617554,652.028309898
S011,B,0.225,30,rated_payload_limited,3.1,0.864023964183,1.1839226027,1.1839226027,30,2808.106412,2808.106412,167.6617554,83.26175537,83.26175537,167.6617554,295.3617554,558.424762831
S011,C,0.225,80,rated_payload_limited,6.2,1.79442515305,2.85321027055,2.85321027055,80,2808.106412,2808.106412,167.6617554,83.26175537,83.26175537,167.6617554,295.3617554,600.24534796
S012,A,0.225,25,rated_payload_limited,3.4875,2.77180546523,3.13142055533,3.13142055533,25,7391.140163,7391.140163,285.6009949,133.5009949,133.5009949,285.6009949,413.3009949,1539.19815302
S012,B,0.225,30,rated_payload_limited,3.1,2.21482112408,3.039145538,3.039145538,30,7391.140163,7391.140163,285.6009949,133.5009949,133.5009949,285.6009949,413.3009949,1292.82681425
S012,C,0.225,64.8205897687,energy_limited,6.2,4.65923038872,7.39890429565,6.2,80,7391.140163,7391.140163,285.6009949,133.5009949,133.5009949,285.6009949,413.3009949,1362.67714589
S013,A,0.225,25,rated_payload_limited,3.4875,1.83030762726,2.07421509617,2.07421509617,25,4849.536855,4849.536855,271.4818237,47.48182373,47.48182373,271.4818237,399.1818237,1042.16281728
S013,B,0.225,30,rated_payload_limited,3.1,1.46402243521,2.0144296422,2.0144296422,30,4849.536855,4849.536855,271.4818237,47.48182373,47.48182373,271.4818237,399.1818237,880.511588782
S013,C,0.225,80,rated_payload_limited,6.2,3.06868405411,4.89171403136,4.89171403136,80,4849.536855,4849.536855,271.4818237,47.48182373,47.48182373,271.4818237,399.1818237,933.672196687
S014,A,0.225,25,rated_payload_limited,3.4875,2.13779691217,2.42558723052,2.42558723052,25,5419.5363,5419.5363,464.2473877,240.9473877,240.9473877,464.2473877,591.9473877,1420.39888529
S014,B,0.225,30,rated_payload_limited,3.1,1.72186251244,2.35522053783,2.35522053783,30,5419.5363,5419.5363,464.2473877,240.9473877,240.9473877,464.2473877,591.9473877,1239.74767529
S014,C,0.225,80,rated_payload_limited,6.2,3.52159630022,5.60758666095,5.60758666095,80,5419.5363,5419.5363,464.2473877,240.9473877,240.9473877,464.2473877,591.9473877,1357.28013786
S015,A,0.225,25,rated_payload_limited,3.4875,2.30689938866,2.61934426755,2.61934426755,25,6009.764892,6009.764892,444.0992554,97.29925537,97.29925537,444.0992554,571.7992554,1398.65305656
S015,B,0.225,30,rated_payload_limited,3.1,1.85021799472,2.5445279265,2.5445279265,30,6009.764892,6009.764892,444.0992554,97.29925537,97.29925537,444.0992554,571.7992554,1198.32756016
S015,C,0.225,80,rated_payload_limited,6.2,3.84149604983,6.13326501752,6.13326501752,80,6009.764892,6009.764892,444.0992554,97.29925537,97.29925537,444.0992554,571.7992554,1288.56064529
S001,A,0.23,25,rated_payload_limited,3.465,1.16153051602,1.31271024158,1.31271024158,25,3054.023608,3054.023608,145.3566101,89.05661011,89.05661011,145.3566101,273.0566101,680.906962821
S001,B,0.23,30,rated_payload_limited,3.08,0.930225761055,1.27394097204,1.27394097204,30,3054.023608,3054.023608,145.3566101,89.05661011,89.05661011,145.3566101,273.0566101,579.106175887
S001,C,0.23,80,rated_payload_limited,6.16,1.94139247193,3.08170436114,3.08170436114,80,3054.023608,3054.023608,145.3566101,89.05661011,89.05661011,145.3566101,273.0566101,618.175045922
S002,A,0.23,25,rated_payload_limited,3.465,2.73984663737,3.09050972759,3.09050972759,25,7411.533814,7411.533814,181.2542542,89.45425415,89.45425415,181.2542542,308.9542542,1433.77520846
S002,B,0.23,30,rated_payload_limited,3.08,2.18415452088,2.99882031183,2.99882031183,30,7411.533814,7411.533814,181.2542542,89.45425415,89.45425415,181.2542542,308.9542542,1186.72408132
S002,C,0.23,64.9648271579,energy_limited,6.16,4.6325359292,7.34794754861,6.16,80,7411.533814,7411.533814,181.2542542,89.45425415,89.45425415,181.2542542,308.9542542,1231.84216605
S003,A,0.23,25,rated_payload_limited,3.465,2.7890857722,3.15701804891,3.15701804891,25,7263.826968,7263.826968,434.1041382,223.3041382,223.3041382,434.1041382,561.8041382,1692.73723069
S003,B,0.23,30,rated_payload_limited,3.08,2.23705090717,3.06459015809,3.06459015809,30,7263.826968,7263.826968,434.1041382,223.3041382,223.3041382,434.1041382,561.8041382,1450.60966509
S003,C,0.23,64.1827344677,energy_limited,6.16,4.64390670284,7.38282653444,6.16,80,7263.826968,7263.826968,434.1041382,223.3041382,223.3041382,434.1041382,561.8041382,1560.17771116
S004,A,0.23,25,rated_payload_limited,3.465,2.89394171155,3.26669153411,3.26669153411,25,7714.681646,7714.681646,270.5391663,169.9391663,169.9391663,270.5391663,398.2391663,1608.79771824
S004,B,0.23,28.7038358145,energy_limited,3.08,2.31251848078,3.16979849246,3.08,30,7714.681646,7714.681646,270.5391663,169.9391663,169.9391663,270.5391663,398.2391663,1351.64166337
S004,C,0.23,59.1470878389,energy_limited,6.16,4.86398606465,7.71524423837,6.16,80,7714.681646,7714.681646,270.5391663,169.9391663,169.9391663,270.5391663,398.2391663,1425.05471881
S005,A,0.23,25,rated_payload_limited,3.465,1.98844309239,2.24486501136,2.24486501136,25,5280.593369,5280.593369,198.7108887,131.4108887,131.4108887,198.7108887,326.4108887,1122.18819826
S005,B,0.23,30,rated_payload_limited,3.08,1.58992547929,2.1782576011,2.1782576011,30,5280.593369,5280.593369,198.7108887,131.4108887,131.4108887,198.7108887,326.4108887,946.168419293
S005,C,0.23,80,rated_payload_limited,6.16,3.33690049967,5.29264281489,5.29264281489,80,5280.593369,5280.593369,198.7108887,131.4108887,131.4108887,198.7108887,326.4108887,1001.18871553
S006,A,0.23,25,rated_payload_limited,3.465,1.22375461487,1.38968260036,1.38968260036,25,3186.198852,3186.198852,238.3978394,51.29783936,51.29783936,238.3978394,366.0978394,743.476639757
S006,B,0.23,30,rated_payload_limited,3.08,0.981585340998,1.35002263401,1.35002263401,30,3186.198852,3186.198852,238.3978394,51.29783936,51.29783936,238.3978394,366.0978394,637.270011357
S006,C,0.23,80,rated_payload_limited,6.16,2.0373511789,3.25327178824,3.25327178824,80,3186.198852,3186.198852,238.3978394,51.29783936,51.29783936,238.3978394,366.0978394,685.552624484
S007,A,0.23,25,rated_payload_limited,3.465,1.77756344482,2.01797249109,2.01797249109,25,4534.717375,4534.717375,384.273175,163.473175,163.473175,384.273175,511.973175,1157.46688583
S007,B,0.23,30,rated_payload_limited,3.08,1.43033692627,1.95981561942,1.95981561942,30,4534.717375,4534.717375,384.273175,163.473175,163.473175,384.273175,511.973175,1006.30964
S007,C,0.23,80,rated_payload_limited,6.16,2.93545326153,4.67961017039,4.67961017039,80,4534.717375,4534.717375,384.273175,163.473175,163.473175,384.273175,511.973175,1097.60069833
S008,A,0.23,25,rated_payload_limited,3.465,3.00043718224,3.38719045973,3.38719045973,25,8079.110449,8079.110449,245.2093323,102.0093323,102.0093323,245.2093323,372.9093323,1601.14542887
S008,B,0.23,26.918626941,energy_limited,3.08,2.39370630456,3.28715724997,3.08,30,8079.110449,8079.110449,245.2093323,102.0093323,102.0093323,245.2093323,372.9093323,1331.84174724
S008,C,0.23,53.7176002687,energy_limited,6.16,5.06358632917,8.03799840697,6.16,80,8079.110449,8079.110449,245.2093323,102.0093323,102.0093323,245.2093323,372.9093323,1389.71152467
S009,A,0.23,25,rated_payload_limited,3.465,2.11449348264,2.38688881319,2.38688881319,25,5705.303447,5705.303447,165.5289124,63.22891235,63.22891235,165.5289124,293.2289124,1118.63964598
S009,B,0.23,30,rated_payload_limited,3.08,1.68634349503,2.31641401773,2.31641401773,30,5705.303447,5705.303447,165.5289124,63.22891235,63.22891235,165.5289124,293.2289124,928.462864417
S009,C,0.23,80,rated_payload_limited,6.16,3.57145366019,5.66961266921,5.66961266921,80,5705.303447,5705.303447,165.5289124,63.22891235,63.22891235,165.5289124,293.2289124,966.589168542
S010,A,0.23,25,rated_payload_limited,3.465,1.82629300362,2.0707297629,2.0707297629,25,4784.674506,4784.674506,307.9365356,84.03653564,84.03653564,307.9365356,435.6365356,1084.89266991
S010,B,0.23,30,rated_payload_limited,3.08,1.46344502735,2.01104041223,2.01104041223,30,4784.674506,4784.674506,307.9365356,84.03653564,84.03653564,307.9365356,435.6365356,925.403519709
S010,C,0.23,80,rated_payload_limited,6.16,3.04807696181,4.85885692633,4.85885692633,80,4784.674506,4784.674506,307.9365356,84.03653564,84.03653564,307.9365356,435.6365356,990.732364916
S011,A,0.23,25,rated_payload_limited,3.465,1.07737291221,1.21959611273,1.21959611273,25,2808.106412,2808.106412,167.6617554,83.26175537,83.26175537,167.6617554,295.3617554,652.028309898
S011,B,0.23,30,rated_payload_limited,3.08,0.864023964183,1.1839226027,1.1839226027,30,2808.106412,2808.106412,167.6617554,83.26175537,83.26175537,167.6617554,295.3617554,558.424762831
S011,C,0.23,80,rated_payload_limited,6.16,1.79442515305,2.85321027055,2.85321027055,80,2808.106412,2808.106412,167.6617554,83.26175537,83.26175537,167.6617554,295.3617554,600.24534796
S012,A,0.23,25,rated_payload_limited,3.465,2.77180546523,3.13142055533,3.13142055533,25,7391.140163,7391.140163,285.6009949,133.5009949,133.5009949,285.6009949,413.3009949,1539.19815302
S012,B,0.23,30,rated_payload_limited,3.08,2.21482112408,3.039145538,3.039145538,30,7391.140163,7391.140163,285.6009949,133.5009949,133.5009949,285.6009949,413.3009949,1292.82681425
S012,C,0.23,64.1111805176,energy_limited,6.16,4.65923038872,7.39890429565,6.16,80,7391.140163,7391.140163,285.6009949,133.5009949,133.5009949,285.6009949,413.3009949,1362.67714589
S013,A,0.23,25,rated_payload_limited,3.465,1.83030762726,2.07421509617,2.07421509617,25,4849.536855,4849.536855,271.4818237,47.48182373,47.48182373,271.4818237,399.1818237,1042.16281728
S013,B,0.23,30,rated_payload_limited,3.08,1.46402243521,2.0144296422,2.0144296422,30,4849.536855,4849.536855,271.4818237,47.48182373,47.48182373,271.4818237,399.1818237,880.511588782
S013,C,0.23,80,rated_payload_limited,6.16,3.06868405411,4.89171403136,4.89171403136,80,4849.536855,4849.536855,271.4818237,47.48182373,47.48182373,271.4818237,399.1818237,933.672196687
S014,A,0.23,25,rated_payload_limited,3.465,2.13779691217,2.42558723052,2.42558723052,25,5419.5363,5419.5363,464.2473877,240.9473877,240.9473877,464.2473877,591.9473877,1420.39888529
S014,B,0.23,30,rated_payload_limited,3.08,1.72186251244,2.35522053783,2.35522053783,30,5419.5363,5419.5363,464.2473877,240.9473877,240.9473877,464.2473877,591.9473877,1239.74767529
S014,C,0.23,80,rated_payload_limited,6.16,3.52159630022,5.60758666095,5.60758666095,80,5419.5363,5419.5363,464.2473877,240.9473877,240.9473877,464.2473877,591.9473877,1357.28013786
S015,A,0.23,25,rated_payload_limited,3.465,2.30689938866,2.61934426755,2.61934426755,25,6009.764892,6009.764892,444.0992554,97.29925537,97.29925537,444.0992554,571.7992554,1398.65305656
S015,B,0.23,30,rated_payload_limited,3.08,1.85021799472,2.5445279265,2.5445279265,30,6009.764892,6009.764892,444.0992554,97.29925537,97.29925537,444.0992554,571.7992554,1198.32756016
S015,C,0.23,80,rated_payload_limited,6.16,3.84149604983,6.13326501752,6.13326501752,80,6009.764892,6009.764892,444.0992554,97.29925537,97.29925537,444.0992554,571.7992554,1288.56064529
S001,A,0.235,25,rated_payload_limited,3.4425,1.16153051602,1.31271024158,1.31271024158,25,3054.023608,3054.023608,145.3566101,89.05661011,89.05661011,145.3566101,273.0566101,680.906962821
S001,B,0.235,30,rated_payload_limited,3.06,0.930225761055,1.27394097204,1.27394097204,30,3054.023608,3054.023608,145.3566101,89.05661011,89.05661011,145.3566101,273.0566101,579.106175887
S001,C,0.235,80,rated_payload_limited,6.12,1.94139247193,3.08170436114,3.08170436114,80,3054.023608,3054.023608,145.3566101,89.05661011,89.05661011,145.3566101,273.0566101,618.175045922
S002,A,0.235,25,rated_payload_limited,3.4425,2.73984663737,3.09050972759,3.09050972759,25,7411.533814,7411.533814,181.2542542,89.45425415,89.45425415,181.2542542,308.9542542,1433.77520846
S002,B,0.235,30,rated_payload_limited,3.06,2.18415452088,2.99882031183,2.99882031183,30,7411.533814,7411.533814,181.2542542,89.45425415,89.45425415,181.2542542,308.9542542,1186.72408132
S002,C,0.235,64.2561627247,energy_limited,6.12,4.6325359292,7.34794754861,6.12,80,7411.533814,7411.533814,181.2542542,89.45425415,89.45425415,181.2542542,308.9542542,1231.84216605
S003,A,0.235,25,rated_payload_limited,3.4425,2.7890857722,3.15701804891,3.15701804891,25,7263.826968,7263.826968,434.1041382,223.3041382,223.3041382,434.1041382,561.8041382,1692.73723069
S003,B,0.235,29.9339881196,energy_limited,3.06,2.23705090717,3.06459015809,3.06,30,7263.826968,7263.826968,434.1041382,223.3041382,223.3041382,434.1041382,561.8041382,1450.60966509
S003,C,0.235,63.4514159031,energy_limited,6.12,4.64390670284,7.38282653444,6.12,80,7263.826968,7263.826968,434.1041382,223.3041382,223.3041382,434.1041382,561.8041382,1560.17771116
S004,A,0.235,25,rated_payload_limited,3.4425,2.89394171155,3.26669153411,3.26669153411,25,7714.681646,7714.681646,270.5391663,169.9391663,169.9391663,270.5391663,398.2391663,1608.79771824
S004,B,0.235,28.3940770072,energy_limited,3.06,2.31251848078,3.16979849246,3.06,30,7714.681646,7714.681646,270.5391663,169.9391663,169.9391663,270.5391663,398.2391663,1351.64166337
S004,C,0.235,58.3134108949,energy_limited,6.12,4.86398606465,7.71524423837,6.12,80,7714.681646,7714.681646,270.5391663,169.9391663,169.9391663,270.5391663,398.2391663,1425.05471881
S005,A,0.235,25,rated_payload_limited,3.4425,1.98844309239,2.24486501136,2.24486501136,25,5280.593369,5280.593369,198.7108887,131.4108887,131.4108887,198.7108887,326.4108887,1122.18819826
S005,B,0.235,30,rated_payload_limited,3.06,1.58992547929,2.1782576011,2.1782576011,30,5280.593369,5280.593369,198.7108887,131.4108887,131.4108887,198.7108887,326.4108887,946.168419293
S005,C,0.235,80,rated_payload_limited,6.12,3.33690049967,5.29264281489,5.29264281489,80,5280.593369,5280.593369,198.7108887,131.4108887,131.4108887,198.7108887,326.4108887,1001.18871553
S006,A,0.235,25,rated_payload_limited,3.4425,1.22375461487,1.38968260036,1.38968260036,25,3186.198852,3186.198852,238.3978394,51.29783936,51.29783936,238.3978394,366.0978394,743.476639757
S006,B,0.235,30,rated_payload_limited,3.06,0.981585340998,1.35002263401,1.35002263401,30,3186.198852,3186.198852,238.3978394,51.29783936,51.29783936,238.3978394,366.0978394,637.270011357
S006,C,0.235,80,rated_payload_limited,6.12,2.0373511789,3.25327178824,3.25327178824,80,3186.198852,3186.198852,238.3978394,51.29783936,51.29783936,238.3978394,366.0978394,685.552624484
S007,A,0.235,25,rated_payload_limited,3.4425,1.77756344482,2.01797249109,2.01797249109,25,4534.717375,4534.717375,384.273175,163.473175,163.473175,384.273175,511.973175,1157.46688583
S007,B,0.235,30,rated_payload_limited,3.06,1.43033692627,1.95981561942,1.95981561942,30,4534.717375,4534.717375,384.273175,163.473175,163.473175,384.273175,511.973175,1006.30964
S007,C,0.235,80,rated_payload_limited,6.12,2.93545326153,4.67961017039,4.67961017039,80,4534.717375,4534.717375,384.273175,163.473175,163.473175,384.273175,511.973175,1097.60069833
S008,A,0.235,25,rated_payload_limited,3.4425,3.00043718224,3.38719045973,3.38719045973,25,8079.110449,8079.110449,245.2093323,102.0093323,102.0093323,245.2093323,372.9093323,1601.14542887
S008,B,0.235,26.5742859052,energy_limited,3.06,2.39370630456,3.28715724997,3.06,30,8079.110449,8079.110449,245.2093323,102.0093323,102.0093323,245.2093323,372.9093323,1331.84174724
S008,C,0.235,52.7609538778,energy_limited,6.12,5.06358632917,8.03799840697,6.12,80,8079.110449,8079.110449,245.2093323,102.0093323,102.0093323,245.2093323,372.9093323,1389.71152467
S009,A,0.235,25,rated_payload_limited,3.4425,2.11449348264,2.38688881319,2.38688881319,25,5705.303447,5705.303447,165.5289124,63.22891235,63.22891235,165.5289124,293.2289124,1118.63964598
S009,B,0.235,30,rated_payload_limited,3.06,1.68634349503,2.31641401773,2.31641401773,30,5705.303447,5705.303447,165.5289124,63.22891235,63.22891235,165.5289124,293.2289124,928.462864417
S009,C,0.235,80,rated_payload_limited,6.12,3.57145366019,5.66961266921,5.66961266921,80,5705.303447,5705.303447,165.5289124,63.22891235,63.22891235,165.5289124,293.2289124,966.589168542
S010,A,0.235,25,rated_payload_limited,3.4425,1.82629300362,2.0707297629,2.0707297629,25,4784.674506,4784.674506,307.9365356,84.03653564,84.03653564,307.9365356,435.6365356,1084.89266991
S010,B,0.235,30,rated_payload_limited,3.06,1.46344502735,2.01104041223,2.01104041223,30,4784.674506,4784.674506,307.9365356,84.03653564,84.03653564,307.9365356,435.6365356,925.403519709
S010,C,0.235,80,rated_payload_limited,6.12,3.04807696181,4.85885692633,4.85885692633,80,4784.674506,4784.674506,307.9365356,84.03653564,84.03653564,307.9365356,435.6365356,990.732364916
S011,A,0.235,25,rated_payload_limited,3.4425,1.07737291221,1.21959611273,1.21959611273,25,2808.106412,2808.106412,167.6617554,83.26175537,83.26175537,167.6617554,295.3617554,652.028309898
S011,B,0.235,30,rated_payload_limited,3.06,0.864023964183,1.1839226027,1.1839226027,30,2808.106412,2808.106412,167.6617554,83.26175537,83.26175537,167.6617554,295.3617554,558.424762831
S011,C,0.235,80,rated_payload_limited,6.12,1.79442515305,2.85321027055,2.85321027055,80,2808.106412,2808.106412,167.6617554,83.26175537,83.26175537,167.6617554,295.3617554,600.24534796
S012,A,0.235,25,rated_payload_limited,3.4425,2.77180546523,3.13142055533,3.13142055533,25,7391.140163,7391.140163,285.6009949,133.5009949,133.5009949,285.6009949,413.3009949,1539.19815302
S012,B,0.235,30,rated_payload_limited,3.06,2.21482112408,3.039145538,3.039145538,30,7391.140163,7391.140163,285.6009949,133.5009949,133.5009949,285.6009949,413.3009949,1292.82681425
S012,C,0.235,63.3828977543,energy_limited,6.12,4.65923038872,7.39890429565,6.12,80,7391.140163,7391.140163,285.6009949,133.5009949,133.5009949,285.6009949,413.3009949,1362.67714589
S013,A,0.235,25,rated_payload_limited,3.4425,1.83030762726,2.07421509617,2.07421509617,25,4849.536855,4849.536855,271.4818237,47.48182373,47.48182373,271.4818237,399.1818237,1042.16281728
S013,B,0.235,30,rated_payload_limited,3.06,1.46402243521,2.0144296422,2.0144296422,30,4849.536855,4849.536855,271.4818237,47.48182373,47.48182373,271.4818237,399.1818237,880.511588782
S013,C,0.235,80,rated_payload_limited,6.12,3.06868405411,4.89171403136,4.89171403136,80,4849.536855,4849.536855,271.4818237,47.48182373,47.48182373,271.4818237,399.1818237,933.672196687
S014,A,0.235,25,rated_payload_limited,3.4425,2.13779691217,2.42558723052,2.42558723052,25,5419.5363,5419.5363,464.2473877,240.9473877,240.9473877,464.2473877,591.9473877,1420.39888529
S014,B,0.235,30,rated_payload_limited,3.06,1.72186251244,2.35522053783,2.35522053783,30,5419.5363,5419.5363,464.2473877,240.9473877,240.9473877,464.2473877,591.9473877,1239.74767529
S014,C,0.235,80,rated_payload_limited,6.12,3.52159630022,5.60758666095,5.60758666095,80,5419.5363,5419.5363,464.2473877,240.9473877,240.9473877,464.2473877,591.9473877,1357.28013786
S015,A,0.235,25,rated_payload_limited,3.4425,2.30689938866,2.61934426755,2.61934426755,25,6009.764892,6009.764892,444.0992554,97.29925537,97.29925537,444.0992554,571.7992554,1398.65305656
S015,B,0.235,30,rated_payload_limited,3.06,1.85021799472,2.5445279265,2.5445279265,30,6009.764892,6009.764892,444.0992554,97.29925537,97.29925537,444.0992554,571.7992554,1198.32756016
S015,C,0.235,79.8509502152,energy_limited,6.12,3.84149604983,6.13326501752,6.12,80,6009.764892,6009.764892,444.0992554,97.29925537,97.29925537,444.0992554,571.7992554,1288.56064529
S001,A,0.24,25,rated_payload_limited,3.42,1.16153051602,1.31271024158,1.31271024158,25,3054.023608,3054.023608,145.3566101,89.05661011,89.05661011,145.3566101,273.0566101,680.906962821
S001,B,0.24,30,rated_payload_limited,3.04,0.930225761055,1.27394097204,1.27394097204,30,3054.023608,3054.023608,145.3566101,89.05661011,89.05661011,145.3566101,273.0566101,579.106175887
S001,C,0.24,80,rated_payload_limited,6.08,1.94139247193,3.08170436114,3.08170436114,80,3054.023608,3054.023608,145.3566101,89.05661011,89.05661011,145.3566101,273.0566101,618.175045922
S002,A,0.24,25,rated_payload_limited,3.42,2.73984663737,3.09050972759,3.09050972759,25,7411.533814,7411.533814,181.2542542,89.45425415,89.45425415,181.2542542,308.9542542,1433.77520846
S002,B,0.24,30,rated_payload_limited,3.04,2.18415452088,2.99882031183,2.99882031183,30,7411.533814,7411.533814,181.2542542,89.45425415,89.45425415,181.2542542,308.9542542,1186.72408132
S002,C,0.24,63.5284835521,energy_limited,6.08,4.6325359292,7.34794754861,6.08,80,7411.533814,7411.533814,181.2542542,89.45425415,89.45425415,181.2542542,308.9542542,1231.84216605
S003,A,0.24,25,rated_payload_limited,3.42,2.7890857722,3.15701804891,3.15701804891,25,7263.826968,7263.826968,434.1041382,223.3041382,223.3041382,434.1041382,561.8041382,1692.73723069
S003,B,0.24,29.6417502006,energy_limited,3.04,2.23705090717,3.06459015809,3.04,30,7263.826968,7263.826968,434.1041382,223.3041382,223.3041382,434.1041382,561.8041382,1450.60966509
S003,C,0.24,62.7004476731,energy_limited,6.08,4.64390670284,7.38282653444,6.08,80,7263.826968,7263.826968,434.1041382,223.3041382,223.3041382,434.1041382,561.8041382,1560.17771116
S004,A,0.24,25,rated_payload_limited,3.42,2.89394171155,3.26669153411,3.26669153411,25,7714.681646,7714.681646,270.5391663,169.9391663,169.9391663,270.5391663,398.2391663,1608.79771824
S004,B,0.24,28.0759322924,energy_limited,3.04,2.31251848078,3.16979849246,3.04,30,7714.681646,7714.681646,270.5391663,169.9391663,169.9391663,270.5391663,398.2391663,1351.64166337
S004,C,0.24,57.4555931122,energy_limited,6.08,4.86398606465,7.71524423837,6.08,80,7714.681646,7714.681646,270.5391663,169.9391663,169.9391663,270.5391663,398.2391663,1425.05471881
S005,A,0.24,25,rated_payload_limited,3.42,1.98844309239,2.24486501136,2.24486501136,25,5280.593369,5280.593369,198.7108887,131.4108887,131.4108887,198.7108887,326.4108887,1122.18819826
S005,B,0.24,30,rated_payload_limited,3.04,1.58992547929,2.1782576011,2.1782576011,30,5280.593369,5280.593369,198.7108887,131.4108887,131.4108887,198.7108887,326.4108887,946.168419293
S005,C,0.24,80,rated_payload_limited,6.08,3.33690049967,5.29264281489,5.29264281489,80,5280.593369,5280.593369,198.7108887,131.4108887,131.4108887,198.7108887,326.4108887,1001.18871553
S006,A,0.24,25,rated_payload_limited,3.42,1.22375461487,1.38968260036,1.38968260036,25,3186.198852,3186.198852,238.3978394,51.29783936,51.29783936,238.3978394,366.0978394,743.476639757
S006,B,0.24,30,rated_payload_limited,3.04,0.981585340998,1.35002263401,1.35002263401,30,3186.198852,3186.198852,238.3978394,51.29783936,51.29783936,238.3978394,366.0978394,637.270011357
S006,C,0.24,80,rated_payload_limited,6.08,2.0373511789,3.25327178824,3.25327178824,80,3186.198852,3186.198852,238.3978394,51.29783936,51.29783936,238.3978394,366.0978394,685.552624484
S007,A,0.24,25,rated_payload_limited,3.42,1.77756344482,2.01797249109,2.01797249109,25,4534.717375,4534.717375,384.273175,163.473175,163.473175,384.273175,511.973175,1157.46688583
S007,B,0.24,30,rated_payload_limited,3.04,1.43033692627,1.95981561942,1.95981561942,30,4534.717375,4534.717375,384.273175,163.473175,163.473175,384.273175,511.973175,1006.30964
S007,C,0.24,80,rated_payload_limited,6.08,2.93545326153,4.67961017039,4.67961017039,80,4534.717375,4534.717375,384.273175,163.473175,163.473175,384.273175,511.973175,1097.60069833
S008,A,0.24,25,rated_payload_limited,3.42,3.00043718224,3.38719045973,3.38719045973,25,8079.110449,8079.110449,245.2093323,102.0093323,102.0093323,245.2093323,372.9093323,1601.14542887
S008,B,0.24,26.2201583887,energy_limited,3.04,2.39370630456,3.28715724997,3.04,30,8079.110449,8079.110449,245.2093323,102.0093323,102.0093323,245.2093323,372.9093323,1331.84174724
S008,C,0.24,51.774302021,energy_limited,6.08,5.06358632917,8.03799840697,6.08,80,8079.110449,8079.110449,245.2093323,102.0093323,102.0093323,245.2093323,372.9093323,1389.71152467
S009,A,0.24,25,rated_payload_limited,3.42,2.11449348264,2.38688881319,2.38688881319,25,5705.303447,5705.303447,165.5289124,63.22891235,63.22891235,165.5289124,293.2289124,1118.63964598
S009,B,0.24,30,rated_payload_limited,3.04,1.68634349503,2.31641401773,2.31641401773,30,5705.303447,5705.303447,165.5289124,63.22891235,63.22891235,165.5289124,293.2289124,928.462864417
S009,C,0.24,80,rated_payload_limited,6.08,3.57145366019,5.66961266921,5.66961266921,80,5705.303447,5705.303447,165.5289124,63.22891235,63.22891235,165.5289124,293.2289124,966.589168542
S010,A,0.24,25,rated_payload_limited,3.42,1.82629300362,2.0707297629,2.0707297629,25,4784.674506,4784.674506,307.9365356,84.03653564,84.03653564,307.9365356,435.6365356,1084.89266991
S010,B,0.24,30,rated_payload_limited,3.04,1.46344502735,2.01104041223,2.01104041223,30,4784.674506,4784.674506,307.9365356,84.03653564,84.03653564,307.9365356,435.6365356,925.403519709
S010,C,0.24,80,rated_payload_limited,6.08,3.04807696181,4.85885692633,4.85885692633,80,4784.674506,4784.674506,307.9365356,84.03653564,84.03653564,307.9365356,435.6365356,990.732364916
S011,A,0.24,25,rated_payload_limited,3.42,1.07737291221,1.21959611273,1.21959611273,25,2808.106412,2808.106412,167.6617554,83.26175537,83.26175537,167.6617554,295.3617554,652.028309898
S011,B,0.24,30,rated_payload_limited,3.04,0.864023964183,1.1839226027,1.1839226027,30,2808.106412,2808.106412,167.6617554,83.26175537,83.26175537,167.6617554,295.3617554,558.424762831
S011,C,0.24,80,rated_payload_limited,6.08,1.79442515305,2.85321027055,2.85321027055,80,2808.106412,2808.106412,167.6617554,83.26175537,83.26175537,167.6617554,295.3617554,600.24534796
S012,A,0.24,25,rated_payload_limited,3.42,2.77180546523,3.13142055533,3.13142055533,25,7391.140163,7391.140163,285.6009949,133.5009949,133.5009949,285.6009949,413.3009949,1539.19815302
S012,B,0.24,30,rated_payload_limited,3.04,2.21482112408,3.039145538,3.039145538,30,7391.140163,7391.140163,285.6009949,133.5009949,133.5009949,285.6009949,413.3009949,1292.82681425
S012,C,0.24,62.6349334576,energy_limited,6.08,4.65923038872,7.39890429565,6.08,80,7391.140163,7391.140163,285.6009949,133.5009949,133.5009949,285.6009949,413.3009949,1362.67714589
S013,A,0.24,25,rated_payload_limited,3.42,1.83030762726,2.07421509617,2.07421509617,25,4849.536855,4849.536855,271.4818237,47.48182373,47.48182373,271.4818237,399.1818237,1042.16281728
S013,B,0.24,30,rated_payload_limited,3.04,1.46402243521,2.0144296422,2.0144296422,30,4849.536855,4849.536855,271.4818237,47.48182373,47.48182373,271.4818237,399.1818237,880.511588782
S013,C,0.24,80,rated_payload_limited,6.08,3.06868405411,4.89171403136,4.89171403136,80,4849.536855,4849.536855,271.4818237,47.48182373,47.48182373,271.4818237,399.1818237,933.672196687
S014,A,0.24,25,rated_payload_limited,3.42,2.13779691217,2.42558723052,2.42558723052,25,5419.5363,5419.5363,464.2473877,240.9473877,240.9473877,464.2473877,591.9473877,1420.39888529
S014,B,0.24,30,rated_payload_limited,3.04,1.72186251244,2.35522053783,2.35522053783,30,5419.5363,5419.5363,464.2473877,240.9473877,240.9473877,464.2473877,591.9473877,1239.74767529
S014,C,0.24,80,rated_payload_limited,6.08,3.52159630022,5.60758666095,5.60758666095,80,5419.5363,5419.5363,464.2473877,240.9473877,240.9473877,464.2473877,591.9473877,1357.28013786
S015,A,0.24,25,rated_payload_limited,3.42,2.30689938866,2.61934426755,2.61934426755,25,6009.764892,6009.764892,444.0992554,97.29925537,97.29925537,444.0992554,571.7992554,1398.65305656
S015,B,0.24,30,rated_payload_limited,3.04,1.85021799472,2.5445279265,2.5445279265,30,6009.764892,6009.764892,444.0992554,97.29925537,97.29925537,444.0992554,571.7992554,1198.32756016
S015,C,0.24,79.3948250654,energy_limited,6.08,3.84149604983,6.13326501752,6.08,80,6009.764892,6009.764892,444.0992554,97.29925537,97.29925537,444.0992554,571.7992554,1288.56064529
S001,A,0.245,25,rated_payload_limited,3.3975,1.16153051602,1.31271024158,1.31271024158,25,3054.023608,3054.023608,145.3566101,89.05661011,89.05661011,145.3566101,273.0566101,680.906962821
S001,B,0.245,30,rated_payload_limited,3.02,0.930225761055,1.27394097204,1.27394097204,30,3054.023608,3054.023608,145.3566101,89.05661011,89.05661011,145.3566101,273.0566101,579.106175887
S001,C,0.245,80,rated_payload_limited,6.04,1.94139247193,3.08170436114,3.08170436114,80,3054.023608,3054.023608,145.3566101,89.05661011,89.05661011,145.3566101,273.0566101,618.175045922
S002,A,0.245,25,rated_payload_limited,3.3975,2.73984663737,3.09050972759,3.09050972759,25,7411.533814,7411.533814,181.2542542,89.45425415,89.45425415,181.2542542,308.9542542,1433.77520846
S002,B,0.245,30,rated_payload_limited,3.02,2.18415452088,2.99882031183,2.99882031183,30,7411.533814,7411.533814,181.2542542,89.45425415,89.45425415,181.2542542,308.9542542,1186.72408132
S002,C,0.245,62.7809634583,energy_limited,6.04,4.6325359292,7.34794754861,6.04,80,7411.533814,7411.533814,181.2542542,89.45425415,89.45425415,181.2542542,308.9542542,1231.84216605
S003,A,0.245,25,rated_payload_limited,3.3975,2.7890857722,3.15701804891,3.15701804891,25,7263.826968,7263.826968,434.1041382,223.3041382,223.3041382,434.1041382,561.8041382,1692.73723069
S003,B,0.245,29.3417772241,energy_limited,3.02,2.23705090717,3.06459015809,3.02,30,7263.826968,7263.826968,434.1041382,223.3041382,223.3041382,434.1041382,561.8041382,1450.60966509
S003,C,0.245,61.9289865034,energy_limited,6.04,4.64390670284,7.38282653444,6.04,80,7263.826968,7263.826968,434.1041382,223.3041382,223.3041382,434.1041382,561.8041382,1560.17771116
S004,A,0.245,25,rated_payload_limited,3.3975,2.89394171155,3.26669153411,3.26669153411,25,7714.681646,7714.681646,270.5391663,169.9391663,169.9391663,270.5391663,398.2391663,1608.79771824
S004,B,0.245,27.7490365356,energy_limited,3.02,2.31251848078,3.16979849246,3.02,30,7714.681646,7714.681646,270.5391663,169.9391663,169.9391663,270.5391663,398.2391663,1351.64166337
S004,C,0.245,56.5724751354,energy_limited,6.04,4.86398606465,7.71524423837,6.04,80,7714.681646,7714.681646,270.5391663,169.9391663,169.9391663,270.5391663,398.2391663,1425.05471881
S005,A,0.245,25,rated_payload_limited,3.3975,1.98844309239,2.24486501136,2.24486501136,25,5280.593369,5280.593369,198.7108887,131.4108887,131.4108887,198.7108887,326.4108887,1122.18819826
S005,B,0.245,30,rated_payload_limited,3.02,1.58992547929,2.1782576011,2.1782576011,30,5280.593369,5280.593369,198.7108887,131.4108887,131.4108887,198.7108887,326.4108887,946.168419293
S005,C,0.245,80,rated_payload_limited,6.04,3.33690049967,5.29264281489,5.29264281489,80,5280.593369,5280.593369,198.7108887,131.4108887,131.4108887,198.7108887,326.4108887,1001.18871553
S006,A,0.245,25,rated_payload_limited,3.3975,1.22375461487,1.38968260036,1.38968260036,25,3186.198852,3186.198852,238.3978394,51.29783936,51.29783936,238.3978394,366.0978394,743.476639757
S006,B,0.245,30,rated_payload_limited,3.02,0.981585340998,1.35002263401,1.35002263401,30,3186.198852,3186.198852,238.3978394,51.29783936,51.29783936,238.3978394,366.0978394,637.270011357
S006,C,0.245,80,rated_payload_limited,6.04,2.0373511789,3.25327178824,3.25327178824,80,3186.198852,3186.198852,238.3978394,51.29783936,51.29783936,238.3978394,366.0978394,685.552624484
S007,A,0.245,25,rated_payload_limited,3.3975,1.77756344482,2.01797249109,2.01797249109,25,4534.717375,4534.717375,384.273175,163.473175,163.473175,384.273175,511.973175,1157.46688583
S007,B,0.245,30,rated_payload_limited,3.02,1.43033692627,1.95981561942,1.95981561942,30,4534.717375,4534.717375,384.273175,163.473175,163.473175,384.273175,511.973175,1006.30964
S007,C,0.245,80,rated_payload_limited,6.04,2.93545326153,4.67961017039,4.67961017039,80,4534.717375,4534.717375,384.273175,163.473175,163.473175,384.273175,511.973175,1097.60069833
S008,A,0.245,25,rated_payload_limited,3.3975,3.00043718224,3.38719045973,3.38719045973,25,8079.110449,8079.110449,245.2093323,102.0093323,102.0093323,245.2093323,372.9093323,1601.14542887
S008,B,0.245,25.8557876383,energy_limited,3.02,2.39370630456,3.28715724997,3.02,30,8079.110449,8079.110449,245.2093323,102.0093323,102.0093323,245.2093323,372.9093323,1331.84174724
S008,C,0.245,50.7560205188,energy_limited,6.04,5.06358632917,8.03799840697,6.04,80,8079.110449,8079.110449,245.2093323,102.0093323,102.0093323,245.2093323,372.9093323,1389.71152467
S009,A,0.245,25,rated_payload_limited,3.3975,2.11449348264,2.38688881319,2.38688881319,25,5705.303447,5705.303447,165.5289124,63.22891235,63.22891235,165.5289124,293.2289124,1118.63964598
S009,B,0.245,30,rated_payload_limited,3.02,1.68634349503,2.31641401773,2.31641401773,30,5705.303447,5705.303447,165.5289124,63.22891235,63.22891235,165.5289124,293.2289124,928.462864417
S009,C,0.245,80,rated_payload_limited,6.04,3.57145366019,5.66961266921,5.66961266921,80,5705.303447,5705.303447,165.5289124,63.22891235,63.22891235,165.5289124,293.2289124,966.589168542
S010,A,0.245,25,rated_payload_limited,3.3975,1.82629300362,2.0707297629,2.0707297629,25,4784.674506,4784.674506,307.9365356,84.03653564,84.03653564,307.9365356,435.6365356,1084.89266991
S010,B,0.245,30,rated_payload_limited,3.02,1.46344502735,2.01104041223,2.01104041223,30,4784.674506,4784.674506,307.9365356,84.03653564,84.03653564,307.9365356,435.6365356,925.403519709
S010,C,0.245,80,rated_payload_limited,6.04,3.04807696181,4.85885692633,4.85885692633,80,4784.674506,4784.674506,307.9365356,84.03653564,84.03653564,307.9365356,435.6365356,990.732364916
S011,A,0.245,25,rated_payload_limited,3.3975,1.07737291221,1.21959611273,1.21959611273,25,2808.106412,2808.106412,167.6617554,83.26175537,83.26175537,167.6617554,295.3617554,652.028309898
S011,B,0.245,30,rated_payload_limited,3.02,0.864023964183,1.1839226027,1.1839226027,30,2808.106412,2808.106412,167.6617554,83.26175537,83.26175537,167.6617554,295.3617554,558.424762831
S011,C,0.245,80,rated_payload_limited,6.04,1.79442515305,2.85321027055,2.85321027055,80,2808.106412,2808.106412,167.6617554,83.26175537,83.26175537,167.6617554,295.3617554,600.24534796
S012,A,0.245,25,rated_payload_limited,3.3975,2.77180546523,3.13142055533,3.13142055533,25,7391.140163,7391.140163,285.6009949,133.5009949,133.5009949,285.6009949,413.3009949,1539.19815302
S012,B,0.245,29.724556435,energy_limited,3.02,2.21482112408,3.039145538,3.02,30,7391.140163,7391.140163,285.6009949,133.5009949,133.5009949,285.6009949,413.3009949,1292.82681425
S012,C,0.245,61.8664290082,energy_limited,6.04,4.65923038872,7.39890429565,6.04,80,7391.140163,7391.140163,285.6009949,133.5009949,133.5009949,285.6009949,413.3009949,1362.67714589
S013,A,0.245,25,rated_payload_limited,3.3975,1.83030762726,2.07421509617,2.07421509617,25,4849.536855,4849.536855,271.4818237,47.48182373,47.48182373,271.4818237,399.1818237,1042.16281728
S013,B,0.245,30,rated_payload_limited,3.02,1.46402243521,2.0144296422,2.0144296422,30,4849.536855,4849.536855,271.4818237,47.48182373,47.48182373,271.4818237,399.1818237,880.511588782
S013,C,0.245,80,rated_payload_limited,6.04,3.06868405411,4.89171403136,4.89171403136,80,4849.536855,4849.536855,271.4818237,47.48182373,47.48182373,271.4818237,399.1818237,933.672196687
S014,A,0.245,25,rated_payload_limited,3.3975,2.13779691217,2.42558723052,2.42558723052,25,5419.5363,5419.5363,464.2473877,240.9473877,240.9473877,464.2473877,591.9473877,1420.39888529
S014,B,0.245,30,rated_payload_limited,3.02,1.72186251244,2.35522053783,2.35522053783,30,5419.5363,5419.5363,464.2473877,240.9473877,240.9473877,464.2473877,591.9473877,1239.74767529
S014,C,0.245,80,rated_payload_limited,6.04,3.52159630022,5.60758666095,5.60758666095,80,5419.5363,5419.5363,464.2473877,240.9473877,240.9473877,464.2473877,591.9473877,1357.28013786
S015,A,0.245,25,rated_payload_limited,3.3975,2.30689938866,2.61934426755,2.61934426755,25,6009.764892,6009.764892,444.0992554,97.29925537,97.29925537,444.0992554,571.7992554,1398.65305656
S015,B,0.245,30,rated_payload_limited,3.02,1.85021799472,2.5445279265,2.5445279265,30,6009.764892,6009.764892,444.0992554,97.29925537,97.29925537,444.0992554,571.7992554,1198.32756016
S015,C,0.245,78.9284120634,energy_limited,6.04,3.84149604983,6.13326501752,6.04,80,6009.764892,6009.764892,444.0992554,97.29925537,97.29925537,444.0992554,571.7992554,1288.56064529
S001,A,0.25,25,rated_payload_limited,3.375,1.16153051602,1.31271024158,1.31271024158,25,3054.023608,3054.023608,145.3566101,89.05661011,89.05661011,145.3566101,273.0566101,680.906962821
S001,B,0.25,30,rated_payload_limited,3,0.930225761055,1.27394097204,1.27394097204,30,3054.023608,3054.023608,145.3566101,89.05661011,89.05661011,145.3566101,273.0566101,579.106175887
S001,C,0.25,80,rated_payload_limited,6,1.94139247193,3.08170436114,3.08170436114,80,3054.023608,3054.023608,145.3566101,89.05661011,89.05661011,145.3566101,273.0566101,618.175045922
S002,A,0.25,25,rated_payload_limited,3.375,2.73984663737,3.09050972759,3.09050972759,25,7411.533814,7411.533814,181.2542542,89.45425415,89.45425415,181.2542542,308.9542542,1433.77520846
S002,B,0.25,30,rated_payload_limited,3,2.18415452088,2.99882031183,2.99882031183,30,7411.533814,7411.533814,181.2542542,89.45425415,89.45425415,181.2542542,308.9542542,1186.72408132
S002,C,0.25,62.0127235334,energy_limited,6,4.6325359292,7.34794754861,6,80,7411.533814,7411.533814,181.2542542,89.45425415,89.45425415,181.2542542,308.9542542,1231.84216605
S003,A,0.25,25,rated_payload_limited,3.375,2.7890857722,3.15701804891,3.15701804891,25,7263.826968,7263.826968,434.1041382,223.3041382,223.3041382,434.1041382,561.8041382,1692.73723069
S003,B,0.25,29.0337464602,energy_limited,3,2.23705090717,3.06459015809,3,30,7263.826968,7263.826968,434.1041382,223.3041382,223.3041382,434.1041382,561.8041382,1450.60966509
S003,C,0.25,61.1361363812,energy_limited,6,4.64390670284,7.38282653444,6,80,7263.826968,7263.826968,434.1041382,223.3041382,223.3041382,434.1041382,561.8041382,1560.17771116
S004,A,0.25,25,rated_payload_limited,3.375,2.89394171155,3.26669153411,3.26669153411,25,7714.681646,7714.681646,270.5391663,169.9391663,169.9391663,270.5391663,398.2391663,1608.79771824
S004,B,0.25,27.4130014026,energy_limited,3,2.31251848078,3.16979849246,3,30,7714.681646,7714.681646,270.5391663,169.9391663,169.9391663,270.5391663,398.2391663,1351.64166337
S004,C,0.25,55.6628130291,energy_limited,6,4.86398606465,7.71524423837,6,80,7714.681646,7714.681646,270.5391663,169.9391663,169.9391663,270.5391663,398.2391663,1425.05471881
S005,A,0.25,25,rated_payload_limited,3.375,1.98844309239,2.24486501136,2.24486501136,25,5280.593369,5280.593369,198.7108887,131.4108887,131.4108887,198.7108887,326.4108887,1122.18819826
S005,B,0.25,30,rated_payload_limited,3,1.58992547929,2.1782576011,2.1782576011,30,5280.593369,5280.593369,198.7108887,131.4108887,131.4108887,198.7108887,326.4108887,946.168419293
S005,C,0.25,80,rated_payload_limited,6,3.33690049967,5.29264281489,5.29264281489,80,5280.593369,5280.593369,198.7108887,131.4108887,131.4108887,198.7108887,326.4108887,1001.18871553
S006,A,0.25,25,rated_payload_limited,3.375,1.22375461487,1.38968260036,1.38968260036,25,3186.198852,3186.198852,238.3978394,51.29783936,51.29783936,238.3978394,366.0978394,743.476639757
S006,B,0.25,30,rated_payload_limited,3,0.981585340998,1.35002263401,1.35002263401,30,3186.198852,3186.198852,238.3978394,51.29783936,51.29783936,238.3978394,366.0978394,637.270011357
S006,C,0.25,80,rated_payload_limited,6,2.0373511789,3.25327178824,3.25327178824,80,3186.198852,3186.198852,238.3978394,51.29783936,51.29783936,238.3978394,366.0978394,685.552624484
S007,A,0.25,25,rated_payload_limited,3.375,1.77756344482,2.01797249109,2.01797249109,25,4534.717375,4534.717375,384.273175,163.473175,163.473175,384.273175,511.973175,1157.46688583
S007,B,0.25,30,rated_payload_limited,3,1.43033692627,1.95981561942,1.95981561942,30,4534.717375,4534.717375,384.273175,163.473175,163.473175,384.273175,511.973175,1006.30964
S007,C,0.25,80,rated_payload_limited,6,2.93545326153,4.67961017039,4.67961017039,80,4534.717375,4534.717375,384.273175,163.473175,163.473175,384.273175,511.973175,1097.60069833
S008,A,0.25,24.5630540097,energy_limited,3.375,3.00043718224,3.38719045973,3.375,25,8079.110449,8079.110449,245.2093323,102.0093323,102.0093323,245.2093323,372.9093323,1601.14542887
S008,B,0.25,25.4806849869,energy_limited,3,2.39370630456,3.28715724997,3,30,8079.110449,8079.110449,245.2093323,102.0093323,102.0093323,245.2093323,372.9093323,1331.84174724
S008,C,0.25,49.7043454467,energy_limited,6,5.06358632917,8.03799840697,6,80,8079.110449,8079.110449,245.2093323,102.0093323,102.0093323,245.2093323,372.9093323,1389.71152467
S009,A,0.25,25,rated_payload_limited,3.375,2.11449348264,2.38688881319,2.38688881319,25,5705.303447,5705.303447,165.5289124,63.22891235,63.22891235,165.5289124,293.2289124,1118.63964598
S009,B,0.25,30,rated_payload_limited,3,1.68634349503,2.31641401773,2.31641401773,30,5705.303447,5705.303447,165.5289124,63.22891235,63.22891235,165.5289124,293.2289124,928.462864417
S009,C,0.25,80,rated_payload_limited,6,3.57145366019,5.66961266921,5.66961266921,80,5705.303447,5705.303447,165.5289124,63.22891235,63.22891235,165.5289124,293.2289124,966.589168542
S010,A,0.25,25,rated_payload_limited,3.375,1.82629300362,2.0707297629,2.0707297629,25,4784.674506,4784.674506,307.9365356,84.03653564,84.03653564,307.9365356,435.6365356,1084.89266991
S010,B,0.25,30,rated_payload_limited,3,1.46344502735,2.01104041223,2.01104041223,30,4784.674506,4784.674506,307.9365356,84.03653564,84.03653564,307.9365356,435.6365356,925.403519709
S010,C,0.25,80,rated_payload_limited,6,3.04807696181,4.85885692633,4.85885692633,80,4784.674506,4784.674506,307.9365356,84.03653564,84.03653564,307.9365356,435.6365356,990.732364916
S011,A,0.25,25,rated_payload_limited,3.375,1.07737291221,1.21959611273,1.21959611273,25,2808.106412,2808.106412,167.6617554,83.26175537,83.26175537,167.6617554,295.3617554,652.028309898
S011,B,0.25,30,rated_payload_limited,3,0.864023964183,1.1839226027,1.1839226027,30,2808.106412,2808.106412,167.6617554,83.26175537,83.26175537,167.6617554,295.3617554,558.424762831
S011,C,0.25,80,rated_payload_limited,6,1.79442515305,2.85321027055,2.85321027055,80,2808.106412,2808.106412,167.6617554,83.26175537,83.26175537,167.6617554,295.3617554,600.24534796
S012,A,0.25,25,rated_payload_limited,3.375,2.77180546523,3.13142055533,3.13142055533,25,7391.140163,7391.140163,285.6009949,133.5009949,133.5009949,285.6009949,413.3009949,1539.19815302
S012,B,0.25,29.42939869,energy_limited,3,2.21482112408,3.039145538,3,30,7391.140163,7391.140163,285.6009949,133.5009949,133.5009949,285.6009949,413.3009949,1292.82681425
S012,C,0.25,61.0764707674,energy_limited,6,4.65923038872,7.39890429565,6,80,7391.140163,7391.140163,285.6009949,133.5009949,133.5009949,285.6009949,413.3009949,1362.67714589
S013,A,0.25,25,rated_payload_limited,3.375,1.83030762726,2.07421509617,2.07421509617,25,4849.536855,4849.536855,271.4818237,47.48182373,47.48182373,271.4818237,399.1818237,1042.16281728
S013,B,0.25,30,rated_payload_limited,3,1.46402243521,2.0144296422,2.0144296422,30,4849.536855,4849.536855,271.4818237,47.48182373,47.48182373,271.4818237,399.1818237,880.511588782
S013,C,0.25,80,rated_payload_limited,6,3.06868405411,4.89171403136,4.89171403136,80,4849.536855,4849.536855,271.4818237,47.48182373,47.48182373,271.4818237,399.1818237,933.672196687
S014,A,0.25,25,rated_payload_limited,3.375,2.13779691217,2.42558723052,2.42558723052,25,5419.5363,5419.5363,464.2473877,240.9473877,240.9473877,464.2473877,591.9473877,1420.39888529
S014,B,0.25,30,rated_payload_limited,3,1.72186251244,2.35522053783,2.35522053783,30,5419.5363,5419.5363,464.2473877,240.9473877,240.9473877,464.2473877,591.9473877,1239.74767529
S014,C,0.25,80,rated_payload_limited,6,3.52159630022,5.60758666095,5.60758666095,80,5419.5363,5419.5363,464.2473877,240.9473877,240.9473877,464.2473877,591.9473877,1357.28013786
S015,A,0.25,25,rated_payload_limited,3.375,2.30689938866,2.61934426755,2.61934426755,25,6009.764892,6009.764892,444.0992554,97.29925537,97.29925537,444.0992554,571.7992554,1398.65305656
S015,B,0.25,30,rated_payload_limited,3,1.85021799472,2.5445279265,2.5445279265,30,6009.764892,6009.764892,444.0992554,97.29925537,97.29925537,444.0992554,571.7992554,1198.32756016
S015,C,0.25,78.4513561888,energy_limited,6,3.84149604983,6.13326501752,6,80,6009.764892,6009.764892,444.0992554,97.29925537,97.29925537,444.0992554,571.7992554,1288.56064529
S001,A,0.255,25,rated_payload_limited,3.3525,1.16153051602,1.31271024158,1.31271024158,25,3054.023608,3054.023608,145.3566101,89.05661011,89.05661011,145.3566101,273.0566101,680.906962821
S001,B,0.255,30,rated_payload_limited,2.98,0.930225761055,1.27394097204,1.27394097204,30,3054.023608,3054.023608,145.3566101,89.05661011,89.05661011,145.3566101,273.0566101,579.106175887
S001,C,0.255,80,rated_payload_limited,5.96,1.94139247193,3.08170436114,3.08170436114,80,3054.023608,3054.023608,145.3566101,89.05661011,89.05661011,145.3566101,273.0566101,618.175045922
S002,A,0.255,25,rated_payload_limited,3.3525,2.73984663737,3.09050972759,3.09050972759,25,7411.533814,7411.533814,181.2542542,89.45425415,89.45425415,181.2542542,308.9542542,1433.77520846
S002,B,0.255,29.7284784238,energy_limited,2.98,2.18415452088,2.99882031183,2.98,30,7411.533814,7411.533814,181.2542542,89.45425415,89.45425415,181.2542542,308.9542542,1186.72408132
S002,C,0.255,61.2228274395,energy_limited,5.96,4.6325359292,7.34794754861,5.96,80,7411.533814,7411.533814,181.2542542,89.45425415,89.45425415,181.2542542,308.9542542,1231.84216605
S003,A,0.255,25,rated_payload_limited,3.3525,2.7890857722,3.15701804891,3.15701804891,25,7263.826968,7263.826968,434.1041382,223.3041382,223.3041382,434.1041382,561.8041382,1692.73723069
S003,B,0.255,28.7173159496,energy_limited,2.98,2.23705090717,3.06459015809,2.98,30,7263.826968,7263.826968,434.1041382,223.3041382,223.3041382,434.1041382,561.8041382,1450.60966509
S003,C,0.255,60.320943946,energy_limited,5.96,4.64390670284,7.38282653444,5.96,80,7263.826968,7263.826968,434.1041382,223.3041382,223.3041382,434.1041382,561.8041382,1560.17771116
S004,A,0.255,25,rated_payload_limited,3.3525,2.89394171155,3.26669153411,3.26669153411,25,7714.681646,7714.681646,270.5391663,169.9391663,169.9391663,270.5391663,398.2391663,1608.79771824
S004,B,0.255,27.0674133098,energy_limited,2.98,2.31251848078,3.16979849246,2.98,30,7714.681646,7714.681646,270.5391663,169.9391663,169.9391663,270.5391663,398.2391663,1351.64166337
S004,C,0.255,54.7252693495,energy_limited,5.96,4.86398606465,7.71524423837,5.96,80,7714.681646,7714.681646,270.5391663,169.9391663,169.9391663,270.5391663,398.2391663,1425.05471881
S005,A,0.255,25,rated_payload_limited,3.3525,1.98844309239,2.24486501136,2.24486501136,25,5280.593369,5280.593369,198.7108887,131.4108887,131.4108887,198.7108887,326.4108887,1122.18819826
S005,B,0.255,30,rated_payload_limited,2.98,1.58992547929,2.1782576011,2.1782576011,30,5280.593369,5280.593369,198.7108887,131.4108887,131.4108887,198.7108887,326.4108887,946.168419293
S005,C,0.255,80,rated_payload_limited,5.96,3.33690049967,5.29264281489,5.29264281489,80,5280.593369,5280.593369,198.7108887,131.4108887,131.4108887,198.7108887,326.4108887,1001.18871553
S006,A,0.255,25,rated_payload_limited,3.3525,1.22375461487,1.38968260036,1.38968260036,25,3186.198852,3186.198852,238.3978394,51.29783936,51.29783936,238.3978394,366.0978394,743.476639757
S006,B,0.255,30,rated_payload_limited,2.98,0.981585340998,1.35002263401,1.35002263401,30,3186.198852,3186.198852,238.3978394,51.29783936,51.29783936,238.3978394,366.0978394,637.270011357
S006,C,0.255,80,rated_payload_limited,5.96,2.0373511789,3.25327178824,3.25327178824,80,3186.198852,3186.198852,238.3978394,51.29783936,51.29783936,238.3978394,366.0978394,685.552624484
S007,A,0.255,25,rated_payload_limited,3.3525,1.77756344482,2.01797249109,2.01797249109,25,4534.717375,4534.717375,384.273175,163.473175,163.473175,384.273175,511.973175,1157.46688583
S007,B,0.255,30,rated_payload_limited,2.98,1.43033692627,1.95981561942,1.95981561942,30,4534.717375,4534.717375,384.273175,163.473175,163.473175,384.273175,511.973175,1006.30964
S007,C,0.255,80,rated_payload_limited,5.96,2.93545326153,4.67961017039,4.67961017039,80,4534.717375,4534.717375,384.273175,163.473175,163.473175,384.273175,511.973175,1097.60069833
S008,A,0.255,23.7315924994,energy_limited,3.3525,3.00043718224,3.38719045973,3.3525,25,8079.110449,8079.110449,245.2093323,102.0093323,102.0093323,245.2093323,372.9093323,1601.14542887
S008,B,0.255,25.0943266761,energy_limited,2.98,2.39370630456,3.28715724997,2.98,30,8079.110449,8079.110449,245.2093323,102.0093323,102.0093323,245.2093323,372.9093323,1331.84174724
S008,C,0.255,48.617355104,energy_limited,5.96,5.06358632917,8.03799840697,5.96,80,8079.110449,8079.110449,245.2093323,102.0093323,102.0093323,245.2093323,372.9093323,1389.71152467
S009,A,0.255,25,rated_payload_limited,3.3525,2.11449348264,2.38688881319,2.38688881319,25,5705.303447,5705.303447,165.5289124,63.22891235,63.22891235,165.5289124,293.2289124,1118.63964598
S009,B,0.255,30,rated_payload_limited,2.98,1.68634349503,2.31641401773,2.31641401773,30,5705.303447,5705.303447,165.5289124,63.22891235,63.22891235,165.5289124,293.2289124,928.462864417
S009,C,0.255,80,rated_payload_limited,5.96,3.57145366019,5.66961266921,5.66961266921,80,5705.303447,5705.303447,165.5289124,63.22891235,63.22891235,165.5289124,293.2289124,966.589168542
S010,A,0.255,25,rated_payload_limited,3.3525,1.82629300362,2.0707297629,2.0707297629,25,4784.674506,4784.674506,307.9365356,84.03653564,84.03653564,307.9365356,435.6365356,1084.89266991
S010,B,0.255,30,rated_payload_limited,2.98,1.46344502735,2.01104041223,2.01104041223,30,4784.674506,4784.674506,307.9365356,84.03653564,84.03653564,307.9365356,435.6365356,925.403519709
S010,C,0.255,80,rated_payload_limited,5.96,3.04807696181,4.85885692633,4.85885692633,80,4784.674506,4784.674506,307.9365356,84.03653564,84.03653564,307.9365356,435.6365356,990.732364916
S011,A,0.255,25,rated_payload_limited,3.3525,1.07737291221,1.21959611273,1.21959611273,25,2808.106412,2808.106412,167.6617554,83.26175537,83.26175537,167.6617554,295.3617554,652.028309898
S011,B,0.255,30,rated_payload_limited,2.98,0.864023964183,1.1839226027,1.1839226027,30,2808.106412,2808.106412,167.6617554,83.26175537,83.26175537,167.6617554,295.3617554,558.424762831
S011,C,0.255,80,rated_payload_limited,5.96,1.79442515305,2.85321027055,2.85321027055,80,2808.106412,2808.106412,167.6617554,83.26175537,83.26175537,167.6617554,295.3617554,600.24534796
S012,A,0.255,25,rated_payload_limited,3.3525,2.77180546523,3.13142055533,3.13142055533,25,7391.140163,7391.140163,285.6009949,133.5009949,133.5009949,285.6009949,413.3009949,1539.19815302
S012,B,0.255,29.1263448107,energy_limited,2.98,2.21482112408,3.039145538,2.98,30,7391.140163,7391.140163,285.6009949,133.5009949,133.5009949,285.6009949,413.3009949,1292.82681425
S012,C,0.255,60.2640851368,energy_limited,5.96,4.65923038872,7.39890429565,5.96,80,7391.140163,7391.140163,285.6009949,133.5009949,133.5009949,285.6009949,413.3009949,1362.67714589
S013,A,0.255,25,rated_payload_limited,3.3525,1.83030762726,2.07421509617,2.07421509617,25,4849.536855,4849.536855,271.4818237,47.48182373,47.48182373,271.4818237,399.1818237,1042.16281728
S013,B,0.255,30,rated_payload_limited,2.98,1.46402243521,2.0144296422,2.0144296422,30,4849.536855,4849.536855,271.4818237,47.48182373,47.48182373,271.4818237,399.1818237,880.511588782
S013,C,0.255,80,rated_payload_limited,5.96,3.06868405411,4.89171403136,4.89171403136,80,4849.536855,4849.536855,271.4818237,47.48182373,47.48182373,271.4818237,399.1818237,933.672196687
S014,A,0.255,25,rated_payload_limited,3.3525,2.13779691217,2.42558723052,2.42558723052,25,5419.5363,5419.5363,464.2473877,240.9473877,240.9473877,464.2473877,591.9473877,1420.39888529
S014,B,0.255,30,rated_payload_limited,2.98,1.72186251244,2.35522053783,2.35522053783,30,5419.5363,5419.5363,464.2473877,240.9473877,240.9473877,464.2473877,591.9473877,1239.74767529
S014,C,0.255,80,rated_payload_limited,5.96,3.52159630022,5.60758666095,5.60758666095,80,5419.5363,5419.5363,464.2473877,240.9473877,240.9473877,464.2473877,591.9473877,1357.28013786
S015,A,0.255,25,rated_payload_limited,3.3525,2.30689938866,2.61934426755,2.61934426755,25,6009.764892,6009.764892,444.0992554,97.29925537,97.29925537,444.0992554,571.7992554,1398.65305656
S015,B,0.255,30,rated_payload_limited,2.98,1.85021799472,2.5445279265,2.5445279265,30,6009.764892,6009.764892,444.0992554,97.29925537,97.29925537,444.0992554,571.7992554,1198.32756016
S015,C,0.255,77.9632856371,energy_limited,5.96,3.84149604983,6.13326501752,5.96,80,6009.764892,6009.764892,444.0992554,97.29925537,97.29925537,444.0992554,571.7992554,1288.56064529
S001,A,0.26,25,rated_payload_limited,3.33,1.16153051602,1.31271024158,1.31271024158,25,3054.023608,3054.023608,145.3566101,89.05661011,89.05661011,145.3566101,273.0566101,680.906962821
S001,B,0.26,30,rated_payload_limited,2.96,0.930225761055,1.27394097204,1.27394097204,30,3054.023608,3054.023608,145.3566101,89.05661011,89.05661011,145.3566101,273.0566101,579.106175887
S001,C,0.26,80,rated_payload_limited,5.92,1.94139247193,3.08170436114,3.08170436114,80,3054.023608,3054.023608,145.3566101,89.05661011,89.05661011,145.3566101,273.0566101,618.175045922
S002,A,0.26,25,rated_payload_limited,3.33,2.73984663737,3.09050972759,3.09050972759,25,7411.533814,7411.533814,181.2542542,89.45425415,89.45425415,181.2542542,308.9542542,1433.77520846
S002,B,0.26,29.4324923751,energy_limited,2.96,2.18415452088,2.99882031183,2.96,30,7411.533814,7411.533814,181.2542542,89.45425415,89.45425415,181.2542542,308.9542542,1186.72408132
S002,C,0.26,60.4102761454,energy_limited,5.92,4.6325359292,7.34794754861,5.92,80,7411.533814,7411.533814,181.2542542,89.45425415,89.45425415,181.2542542,308.9542542,1231.84216605
S003,A,0.26,25,rated_payload_limited,3.33,2.7890857722,3.15701804891,3.15701804891,25,7263.826968,7263.826968,434.1041382,223.3041382,223.3041382,434.1041382,561.8041382,1692.73723069
S003,B,0.26,28.3921229405,energy_limited,2.96,2.23705090717,3.06459015809,2.96,30,7263.826968,7263.826968,434.1041382,223.3041382,223.3041382,434.1041382,561.8041382,1450.60966509
S003,C,0.26,59.4823933344,energy_limited,5.92,4.64390670284,7.38282653444,5.92,80,7263.826968,7263.826968,434.1041382,223.3041382,223.3041382,434.1041382,561.8041382,1560.17771116
S004,A,0.26,25,rated_payload_limited,3.33,2.89394171155,3.26669153411,3.26669153411,25,7714.681646,7714.681646,270.5391663,169.9391663,169.9391663,270.5391663,398.2391663,1608.79771824
S004,B,0.26,26.7118311324,energy_limited,2.96,2.31251848078,3.16979849246,2.96,30,7714.681646,7714.681646,270.5391663,169.9391663,169.9391663,270.5391663,398.2391663,1351.64166337
S004,C,0.26,53.7584029149,energy_limited,5.92,4.86398606465,7.71524423837,5.92,80,7714.681646,7714.681646,270.5391663,169.9391663,169.9391663,270.5391663,398.2391663,1425.05471881
S005,A,0.26,25,rated_payload_limited,3.33,1.98844309239,2.24486501136,2.24486501136,25,5280.593369,5280.593369,198.7108887,131.4108887,131.4108887,198.7108887,326.4108887,1122.18819826
S005,B,0.26,30,rated_payload_limited,2.96,1.58992547929,2.1782576011,2.1782576011,30,5280.593369,5280.593369,198.7108887,131.4108887,131.4108887,198.7108887,326.4108887,946.168419293
S005,C,0.26,80,rated_payload_limited,5.92,3.33690049967,5.29264281489,5.29264281489,80,5280.593369,5280.593369,198.7108887,131.4108887,131.4108887,198.7108887,326.4108887,1001.18871553
S006,A,0.26,25,rated_payload_limited,3.33,1.22375461487,1.38968260036,1.38968260036,25,3186.198852,3186.198852,238.3978394,51.29783936,51.29783936,238.3978394,366.0978394,743.476639757
S006,B,0.26,30,rated_payload_limited,2.96,0.981585340998,1.35002263401,1.35002263401,30,3186.198852,3186.198852,238.3978394,51.29783936,51.29783936,238.3978394,366.0978394,637.270011357
S006,C,0.26,80,rated_payload_limited,5.92,2.0373511789,3.25327178824,3.25327178824,80,3186.198852,3186.198852,238.3978394,51.29783936,51.29783936,238.3978394,366.0978394,685.552624484
S007,A,0.26,25,rated_payload_limited,3.33,1.77756344482,2.01797249109,2.01797249109,25,4534.717375,4534.717375,384.273175,163.473175,163.473175,384.273175,511.973175,1157.46688583
S007,B,0.26,30,rated_payload_limited,2.96,1.43033692627,1.95981561942,1.95981561942,30,4534.717375,4534.717375,384.273175,163.473175,163.473175,384.273175,511.973175,1006.30964
S007,C,0.26,80,rated_payload_limited,5.92,2.93545326153,4.67961017039,4.67961017039,80,4534.717375,4534.717375,384.273175,163.473175,163.473175,384.273175,511.973175,1097.60069833
S008,A,0.26,22.8655459678,energy_limited,3.33,3.00043718224,3.38719045973,3.33,25,8079.110449,8079.110449,245.2093323,102.0093323,102.0093323,245.2093323,372.9093323,1601.14542887
S008,B,0.26,24.6961502461,energy_limited,2.96,2.39370630456,3.28715724997,2.96,30,8079.110449,8079.110449,245.2093323,102.0093323,102.0093323,245.2093323,372.9093323,1331.84174724
S008,C,0.26,47.4929487079,energy_limited,5.92,5.06358632917,8.03799840697,5.92,80,8079.110449,8079.110449,245.2093323,102.0093323,102.0093323,245.2093323,372.9093323,1389.71152467
S009,A,0.26,25,rated_payload_limited,3.33,2.11449348264,2.38688881319,2.38688881319,25,5705.303447,5705.303447,165.5289124,63.22891235,63.22891235,165.5289124,293.2289124,1118.63964598
S009,B,0.26,30,rated_payload_limited,2.96,1.68634349503,2.31641401773,2.31641401773,30,5705.303447,5705.303447,165.5289124,63.22891235,63.22891235,165.5289124,293.2289124,928.462864417
S009,C,0.26,80,rated_payload_limited,5.92,3.57145366019,5.66961266921,5.66961266921,80,5705.303447,5705.303447,165.5289124,63.22891235,63.22891235,165.5289124,293.2289124,966.589168542
S010,A,0.26,25,rated_payload_limited,3.33,1.82629300362,2.0707297629,2.0707297629,25,4784.674506,4784.674506,307.9365356,84.03653564,84.03653564,307.9365356,435.6365356,1084.89266991
S010,B,0.26,30,rated_payload_limited,2.96,1.46344502735,2.01104041223,2.01104041223,30,4784.674506,4784.674506,307.9365356,84.03653564,84.03653564,307.9365356,435.6365356,925.403519709
S010,C,0.26,80,rated_payload_limited,5.92,3.04807696181,4.85885692633,4.85885692633,80,4784.674506,4784.674506,307.9365356,84.03653564,84.03653564,307.9365356,435.6365356,990.732364916
S011,A,0.26,25,rated_payload_limited,3.33,1.07737291221,1.21959611273,1.21959611273,25,2808.106412,2808.106412,167.6617554,83.26175537,83.26175537,167.6617554,295.3617554,652.028309898
S011,B,0.26,30,rated_payload_limited,2.96,0.864023964183,1.1839226027,1.1839226027,30,2808.106412,2808.106412,167.6617554,83.26175537,83.26175537,167.6617554,295.3617554,558.424762831
S011,C,0.26,80,rated_payload_limited,5.92,1.79442515305,2.85321027055,2.85321027055,80,2808.106412,2808.106412,167.6617554,83.26175537,83.26175537,167.6617554,295.3617554,600.24534796
S012,A,0.26,25,rated_payload_limited,3.33,2.77180546523,3.13142055533,3.13142055533,25,7391.140163,7391.140163,285.6009949,133.5009949,133.5009949,285.6009949,413.3009949,1539.19815302
S012,B,0.26,28.8150584218,energy_limited,2.96,2.21482112408,3.039145538,2.96,30,7391.140163,7391.140163,285.6009949,133.5009949,133.5009949,285.6009949,413.3009949,1292.82681425
S012,C,0.26,59.4282330162,energy_limited,5.92,4.65923038872,7.39890429565,5.92,80,7391.140163,7391.140163,285.6009949,133.5009949,133.5009949,285.6009949,413.3009949,1362.67714589
S013,A,0.26,25,rated_payload_limited,3.33,1.83030762726,2.07421509617,2.07421509617,25,4849.536855,4849.536855,271.4818237,47.48182373,47.48182373,271.4818237,399.1818237,1042.16281728
S013,B,0.26,30,rated_payload_limited,2.96,1.46402243521,2.0144296422,2.0144296422,30,4849.536855,4849.536855,271.4818237,47.48182373,47.48182373,271.4818237,399.1818237,880.511588782
S013,C,0.26,80,rated_payload_limited,5.92,3.06868405411,4.89171403136,4.89171403136,80,4849.536855,4849.536855,271.4818237,47.48182373,47.48182373,271.4818237,399.1818237,933.672196687
S014,A,0.26,25,rated_payload_limited,3.33,2.13779691217,2.42558723052,2.42558723052,25,5419.5363,5419.5363,464.2473877,240.9473877,240.9473877,464.2473877,591.9473877,1420.39888529
S014,B,0.26,30,rated_payload_limited,2.96,1.72186251244,2.35522053783,2.35522053783,30,5419.5363,5419.5363,464.2473877,240.9473877,240.9473877,464.2473877,591.9473877,1239.74767529
S014,C,0.26,80,rated_payload_limited,5.92,3.52159630022,5.60758666095,5.60758666095,80,5419.5363,5419.5363,464.2473877,240.9473877,240.9473877,464.2473877,591.9473877,1357.28013786
S015,A,0.26,25,rated_payload_limited,3.33,2.30689938866,2.61934426755,2.61934426755,25,6009.764892,6009.764892,444.0992554,97.29925537,97.29925537,444.0992554,571.7992554,1398.65305656
S015,B,0.26,30,rated_payload_limited,2.96,1.85021799472,2.5445279265,2.5445279265,30,6009.764892,6009.764892,444.0992554,97.29925537,97.29925537,444.0992554,571.7992554,1198.32756016
S015,C,0.26,77.4638107913,energy_limited,5.92,3.84149604983,6.13326501752,5.92,80,6009.764892,6009.764892,444.0992554,97.29925537,97.29925537,444.0992554,571.7992554,1288.56064529
S001,A,0.265,25,rated_payload_limited,3.3075,1.16153051602,1.31271024158,1.31271024158,25,3054.023608,3054.023608,145.3566101,89.05661011,89.05661011,145.3566101,273.0566101,680.906962821
S001,B,0.265,30,rated_payload_limited,2.94,0.930225761055,1.27394097204,1.27394097204,30,3054.023608,3054.023608,145.3566101,89.05661011,89.05661011,145.3566101,273.0566101,579.106175887
S001,C,0.265,80,rated_payload_limited,5.88,1.94139247193,3.08170436114,3.08170436114,80,3054.023608,3054.023608,145.3566101,89.05661011,89.05661011,145.3566101,273.0566101,618.175045922
S002,A,0.265,25,rated_payload_limited,3.3075,2.73984663737,3.09050972759,3.09050972759,25,7411.533814,7411.533814,181.2542542,89.45425415,89.45425415,181.2542542,308.9542542,1433.77520846
S002,B,0.265,29.1285155857,energy_limited,2.94,2.18415452088,2.99882031183,2.94,30,7411.533814,7411.533814,181.2542542,89.45425415,89.45425415,181.2542542,308.9542542,1186.72408132
S002,C,0.265,59.5740020113,energy_limited,5.88,4.6325359292,7.34794754861,5.88,80,7411.533814,7411.533814,181.2542542,89.45425415,89.45425415,181.2542542,308.9542542,1231.84216605
S003,A,0.265,25,rated_payload_limited,3.3075,2.7890857722,3.15701804891,3.15701804891,25,7263.826968,7263.826968,434.1041382,223.3041382,223.3041382,434.1041382,561.8041382,1692.73723069
S003,B,0.265,28.0577821572,energy_limited,2.94,2.23705090717,3.06459015809,2.94,30,7263.826968,7263.826968,434.1041382,223.3041382,223.3041382,434.1041382,561.8041382,1450.60966509
S003,C,0.265,58.6194003962,energy_limited,5.88,4.64390670284,7.38282653444,5.88,80,7263.826968,7263.826968,434.1041382,223.3041382,223.3041382,434.1041382,561.8041382,1560.17771116
S004,A,0.265,25,rated_payload_limited,3.3075,2.89394171155,3.26669153411,3.26669153411,25,7714.681646,7714.681646,270.5391663,169.9391663,169.9391663,270.5391663,398.2391663,1608.79771824
S004,B,0.265,26.3457836316,energy_limited,2.94,2.31251848078,3.16979849246,2.94,30,7714.681646,7714.681646,270.5391663,169.9391663,169.9391663,270.5391663,398.2391663,1351.64166337
S004,C,0.265,52.760657024,energy_limited,5.88,4.86398606465,7.71524423837,5.88,80,7714.681646,7714.681646,270.5391663,169.9391663,169.9391663,270.5391663,398.2391663,1425.05471881
S005,A,0.265,25,rated_payload_limited,3.3075,1.98844309239,2.24486501136,2.24486501136,25,5280.593369,5280.593369,198.7108887,131.4108887,131.4108887,198.7108887,326.4108887,1122.18819826
S005,B,0.265,30,rated_payload_limited,2.94,1.58992547929,2.1782576011,2.1782576011,30,5280.593369,5280.593369,198.7108887,131.4108887,131.4108887,198.7108887,326.4108887,946.168419293
S005,C,0.265,80,rated_payload_limited,5.88,3.33690049967,5.29264281489,5.29264281489,80,5280.593369,5280.593369,198.7108887,131.4108887,131.4108887,198.7108887,326.4108887,1001.18871553
S006,A,0.265,25,rated_payload_limited,3.3075,1.22375461487,1.38968260036,1.38968260036,25,3186.198852,3186.198852,238.3978394,51.29783936,51.29783936,238.3978394,366.0978394,743.476639757
S006,B,0.265,30,rated_payload_limited,2.94,0.981585340998,1.35002263401,1.35002263401,30,3186.198852,3186.198852,238.3978394,51.29783936,51.29783936,238.3978394,366.0978394,637.270011357
S006,C,0.265,80,rated_payload_limited,5.88,2.0373511789,3.25327178824,3.25327178824,80,3186.198852,3186.198852,238.3978394,51.29783936,51.29783936,238.3978394,366.0978394,685.552624484
S007,A,0.265,25,rated_payload_limited,3.3075,1.77756344482,2.01797249109,2.01797249109,25,4534.717375,4534.717375,384.273175,163.473175,163.473175,384.273175,511.973175,1157.46688583
S007,B,0.265,30,rated_payload_limited,2.94,1.43033692627,1.95981561942,1.95981561942,30,4534.717375,4534.717375,384.273175,163.473175,163.473175,384.273175,511.973175,1006.30964
S007,C,0.265,80,rated_payload_limited,5.88,2.93545326153,4.67961017039,4.67961017039,80,4534.717375,4534.717375,384.273175,163.473175,163.473175,384.273175,511.973175,1097.60069833
S008,A,0.265,21.9620282716,energy_limited,3.3075,3.00043718224,3.38719045973,3.3075,25,8079.110449,8079.110449,245.2093323,102.0093323,102.0093323,245.2093323,372.9093323,1601.14542887
S008,B,0.265,24.2855504168,energy_limited,2.94,2.39370630456,3.28715724997,2.94,30,8079.110449,8079.110449,245.2093323,102.0093323,102.0093323,245.2093323,372.9093323,1331.84174724
S008,C,0.265,46.3288210244,energy_limited,5.88,5.06358632917,8.03799840697,5.88,80,8079.110449,8079.110449,245.2093323,102.0093323,102.0093323,245.2093323,372.9093323,1389.71152467
S009,A,0.265,25,rated_payload_limited,3.3075,2.11449348264,2.38688881319,2.38688881319,25,5705.303447,5705.303447,165.5289124,63.22891235,63.22891235,165.5289124,293.2289124,1118.63964598
S009,B,0.265,30,rated_payload_limited,2.94,1.68634349503,2.31641401773,2.31641401773,30,5705.303447,5705.303447,165.5289124,63.22891235,63.22891235,165.5289124,293.2289124,928.462864417
S009,C,0.265,80,rated_payload_limited,5.88,3.57145366019,5.66961266921,5.66961266921,80,5705.303447,5705.303447,165.5289124,63.22891235,63.22891235,165.5289124,293.2289124,966.589168542
S010,A,0.265,25,rated_payload_limited,3.3075,1.82629300362,2.0707297629,2.0707297629,25,4784.674506,4784.674506,307.9365356,84.03653564,84.03653564,307.9365356,435.6365356,1084.89266991
S010,B,0.265,30,rated_payload_limited,2.94,1.46344502735,2.01104041223,2.01104041223,30,4784.674506,4784.674506,307.9365356,84.03653564,84.03653564,307.9365356,435.6365356,925.403519709
S010,C,0.265,80,rated_payload_limited,5.88,3.04807696181,4.85885692633,4.85885692633,80,4784.674506,4784.674506,307.9365356,84.03653564,84.03653564,307.9365356,435.6365356,990.732364916
S011,A,0.265,25,rated_payload_limited,3.3075,1.07737291221,1.21959611273,1.21959611273,25,2808.106412,2808.106412,167.6617554,83.26175537,83.26175537,167.6617554,295.3617554,652.028309898
S011,B,0.265,30,rated_payload_limited,2.94,0.864023964183,1.1839226027,1.1839226027,30,2808.106412,2808.106412,167.6617554,83.26175537,83.26175537,167.6617554,295.3617554,558.424762831
S011,C,0.265,80,rated_payload_limited,5.88,1.79442515305,2.85321027055,2.85321027055,80,2808.106412,2808.106412,167.6617554,83.26175537,83.26175537,167.6617554,295.3617554,600.24534796
S012,A,0.265,25,rated_payload_limited,3.3075,2.77180546523,3.13142055533,3.13142055533,25,7391.140163,7391.140163,285.6009949,133.5009949,133.5009949,285.6009949,413.3009949,1539.19815302
S012,B,0.265,28.4951824974,energy_limited,2.94,2.21482112408,3.039145538,2.94,30,7391.140163,7391.140163,285.6009949,133.5009949,133.5009949,285.6009949,413.3009949,1292.82681425
S012,C,0.265,58.5678035688,energy_limited,5.88,4.65923038872,7.39890429565,5.88,80,7391.140163,7391.140163,285.6009949,133.5009949,133.5009949,285.6009949,413.3009949,1362.67714589
S013,A,0.265,25,rated_payload_limited,3.3075,1.83030762726,2.07421509617,2.07421509617,25,4849.536855,4849.536855,271.4818237,47.48182373,47.48182373,271.4818237,399.1818237,1042.16281728
S013,B,0.265,30,rated_payload_limited,2.94,1.46402243521,2.0144296422,2.0144296422,30,4849.536855,4849.536855,271.4818237,47.48182373,47.48182373,271.4818237,399.1818237,880.511588782
S013,C,0.265,80,rated_payload_limited,5.88,3.06868405411,4.89171403136,4.89171403136,80,4849.536855,4849.536855,271.4818237,47.48182373,47.48182373,271.4818237,399.1818237,933.672196687
S014,A,0.265,25,rated_payload_limited,3.3075,2.13779691217,2.42558723052,2.42558723052,25,5419.5363,5419.5363,464.2473877,240.9473877,240.9473877,464.2473877,591.9473877,1420.39888529
S014,B,0.265,30,rated_payload_limited,2.94,1.72186251244,2.35522053783,2.35522053783,30,5419.5363,5419.5363,464.2473877,240.9473877,240.9473877,464.2473877,591.9473877,1239.74767529
S014,C,0.265,80,rated_payload_limited,5.88,3.52159630022,5.60758666095,5.60758666095,80,5419.5363,5419.5363,464.2473877,240.9473877,240.9473877,464.2473877,591.9473877,1357.28013786
S015,A,0.265,25,rated_payload_limited,3.3075,2.30689938866,2.61934426755,2.61934426755,25,6009.764892,6009.764892,444.0992554,97.29925537,97.29925537,444.0992554,571.7992554,1398.65305656
S015,B,0.265,30,rated_payload_limited,2.94,1.85021799472,2.5445279265,2.5445279265,30,6009.764892,6009.764892,444.0992554,97.29925537,97.29925537,444.0992554,571.7992554,1198.32756016
S015,C,0.265,76.9525231143,energy_limited,5.88,3.84149604983,6.13326501752,5.88,80,6009.764892,6009.764892,444.0992554,97.29925537,97.29925537,444.0992554,571.7992554,1288.56064529
S001,A,0.27,25,rated_payload_limited,3.285,1.16153051602,1.31271024158,1.31271024158,25,3054.023608,3054.023608,145.3566101,89.05661011,89.05661011,145.3566101,273.0566101,680.906962821
S001,B,0.27,30,rated_payload_limited,2.92,0.930225761055,1.27394097204,1.27394097204,30,3054.023608,3054.023608,145.3566101,89.05661011,89.05661011,145.3566101,273.0566101,579.106175887
S001,C,0.27,80,rated_payload_limited,5.84,1.94139247193,3.08170436114,3.08170436114,80,3054.023608,3054.023608,145.3566101,89.05661011,89.05661011,145.3566101,273.0566101,618.175045922
S002,A,0.27,25,rated_payload_limited,3.285,2.73984663737,3.09050972759,3.09050972759,25,7411.533814,7411.533814,181.2542542,89.45425415,89.45425415,181.2542542,308.9542542,1433.77520846
S002,B,0.27,28.8162025264,energy_limited,2.92,2.18415452088,2.99882031183,2.92,30,7411.533814,7411.533814,181.2542542,89.45425415,89.45425415,181.2542542,308.9542542,1186.72408132
S002,C,0.27,58.7128621173,energy_limited,5.84,4.6325359292,7.34794754861,5.84,80,7411.533814,7411.533814,181.2542542,89.45425415,89.45425415,181.2542542,308.9542542,1231.84216605
S003,A,0.27,25,rated_payload_limited,3.285,2.7890857722,3.15701804891,3.15701804891,25,7263.826968,7263.826968,434.1041382,223.3041382,223.3041382,434.1041382,561.8041382,1692.73723069
S003,B,0.27,27.713883878,energy_limited,2.92,2.23705090717,3.06459015809,2.92,30,7263.826968,7263.826968,434.1041382,223.3041382,223.3041382,434.1041382,561.8041382,1450.60966509
S003,C,0.27,57.7308061778,energy_limited,5.84,4.64390670284,7.38282653444,5.84,80,7263.826968,7263.826968,434.1041382,223.3041382,223.3041382,434.1041382,561.8041382,1560.17771116
S004,A,0.27,25,rated_payload_limited,3.285,2.89394171155,3.26669153411,3.26669153411,25,7714.681646,7714.681646,270.5391663,169.9391663,169.9391663,270.5391663,398.2391663,1608.79771824
S004,B,0.27,25.9687665573,energy_limited,2.92,2.31251848078,3.16979849246,2.92,30,7714.681646,7714.681646,270.5391663,169.9391663,169.9391663,270.5391663,398.2391663,1351.64166337
S004,C,0.27,51.7303458121,energy_limited,5.84,4.86398606465,7.71524423837,5.84,80,7714.681646,7714.681646,270.5391663,169.9391663,169.9391663,270.5391663,398.2391663,1425.05471881
S005,A,0.27,25,rated_payload_limited,3.285,1.98844309239,2.24486501136,2.24486501136,25,5280.593369,5280.593369,198.7108887,131.4108887,131.4108887,198.7108887,326.4108887,1122.18819826
S005,B,0.27,30,rated_payload_limited,2.92,1.58992547929,2.1782576011,2.1782576011,30,5280.593369,5280.593369,198.7108887,131.4108887,131.4108887,198.7108887,326.4108887,946.168419293
S005,C,0.27,80,rated_payload_limited,5.84,3.33690049967,5.29264281489,5.29264281489,80,5280.593369,5280.593369,198.7108887,131.4108887,131.4108887,198.7108887,326.4108887,1001.18871553
S006,A,0.27,25,rated_payload_limited,3.285,1.22375461487,1.38968260036,1.38968260036,25,3186.198852,3186.198852,238.3978394,51.29783936,51.29783936,238.3978394,366.0978394,743.476639757
S006,B,0.27,30,rated_payload_limited,2.92,0.981585340998,1.35002263401,1.35002263401,30,3186.198852,3186.198852,238.3978394,51.29783936,51.29783936,238.3978394,366.0978394,637.270011357
S006,C,0.27,80,rated_payload_limited,5.84,2.0373511789,3.25327178824,3.25327178824,80,3186.198852,3186.198852,238.3978394,51.29783936,51.29783936,238.3978394,366.0978394,685.552624484
S007,A,0.27,25,rated_payload_limited,3.285,1.77756344482,2.01797249109,2.01797249109,25,4534.717375,4534.717375,384.273175,163.473175,163.473175,384.273175,511.973175,1157.46688583
S007,B,0.27,30,rated_payload_limited,2.92,1.43033692627,1.95981561942,1.95981561942,30,4534.717375,4534.717375,384.273175,163.473175,163.473175,384.273175,511.973175,1006.30964
S007,C,0.27,80,rated_payload_limited,5.84,2.93545326153,4.67961017039,4.67961017039,80,4534.717375,4534.717375,384.273175,163.473175,163.473175,384.273175,511.973175,1097.60069833
S008,A,0.27,21.0177112837,energy_limited,3.285,3.00043718224,3.38719045973,3.285,25,8079.110449,8079.110449,245.2093323,102.0093323,102.0093323,245.2093323,372.9093323,1601.14542887
S008,B,0.27,23.8618743653,energy_limited,2.92,2.39370630456,3.28715724997,2.92,30,8079.110449,8079.110449,245.2093323,102.0093323,102.0093323,245.2093323,372.9093323,1331.84174724
S008,C,0.27,45.1224319063,energy_limited,5.84,5.06358632917,8.03799840697,5.84,80,8079.110449,8079.110449,245.2093323,102.0093323,102.0093323,245.2093323,372.9093323,1389.71152467
S009,A,0.27,25,rated_payload_limited,3.285,2.11449348264,2.38688881319,2.38688881319,25,5705.303447,5705.303447,165.5289124,63.22891235,63.22891235,165.5289124,293.2289124,1118.63964598
S009,B,0.27,30,rated_payload_limited,2.92,1.68634349503,2.31641401773,2.31641401773,30,5705.303447,5705.303447,165.5289124,63.22891235,63.22891235,165.5289124,293.2289124,928.462864417
S009,C,0.27,80,rated_payload_limited,5.84,3.57145366019,5.66961266921,5.66961266921,80,5705.303447,5705.303447,165.5289124,63.22891235,63.22891235,165.5289124,293.2289124,966.589168542
S010,A,0.27,25,rated_payload_limited,3.285,1.82629300362,2.0707297629,2.0707297629,25,4784.674506,4784.674506,307.9365356,84.03653564,84.03653564,307.9365356,435.6365356,1084.89266991
S010,B,0.27,30,rated_payload_limited,2.92,1.46344502735,2.01104041223,2.01104041223,30,4784.674506,4784.674506,307.9365356,84.03653564,84.03653564,307.9365356,435.6365356,925.403519709
S010,C,0.27,80,rated_payload_limited,5.84,3.04807696181,4.85885692633,4.85885692633,80,4784.674506,4784.674506,307.9365356,84.03653564,84.03653564,307.9365356,435.6365356,990.732364916
S011,A,0.27,25,rated_payload_limited,3.285,1.07737291221,1.21959611273,1.21959611273,25,2808.106412,2808.106412,167.6617554,83.26175537,83.26175537,167.6617554,295.3617554,652.028309898
S011,B,0.27,30,rated_payload_limited,2.92,0.864023964183,1.1839226027,1.1839226027,30,2808.106412,2808.106412,167.6617554,83.26175537,83.26175537,167.6617554,295.3617554,558.424762831
S011,C,0.27,80,rated_payload_limited,5.84,1.79442515305,2.85321027055,2.85321027055,80,2808.106412,2808.106412,167.6617554,83.26175537,83.26175537,167.6617554,295.3617554,600.24534796
S012,A,0.27,25,rated_payload_limited,3.285,2.77180546523,3.13142055533,3.13142055533,25,7391.140163,7391.140163,285.6009949,133.5009949,133.5009949,285.6009949,413.3009949,1539.19815302
S012,B,0.27,28.1663376208,energy_limited,2.92,2.21482112408,3.039145538,2.92,30,7391.140163,7391.140163,285.6009949,133.5009949,133.5009949,285.6009949,413.3009949,1292.82681425
S012,C,0.27,57.681607176,energy_limited,5.84,4.65923038872,7.39890429565,5.84,80,7391.140163,7391.140163,285.6009949,133.5009949,133.5009949,285.6009949,413.3009949,1362.67714589
S013,A,0.27,25,rated_payload_limited,3.285,1.83030762726,2.07421509617,2.07421509617,25,4849.536855,4849.536855,271.4818237,47.48182373,47.48182373,271.4818237,399.1818237,1042.16281728
S013,B,0.27,30,rated_payload_limited,2.92,1.46402243521,2.0144296422,2.0144296422,30,4849.536855,4849.536855,271.4818237,47.48182373,47.48182373,271.4818237,399.1818237,880.511588782
S013,C,0.27,80,rated_payload_limited,5.84,3.06868405411,4.89171403136,4.89171403136,80,4849.536855,4849.536855,271.4818237,47.48182373,47.48182373,271.4818237,399.1818237,933.672196687
S014,A,0.27,25,rated_payload_limited,3.285,2.13779691217,2.42558723052,2.42558723052,25,5419.5363,5419.5363,464.2473877,240.9473877,240.9473877,464.2473877,591.9473877,1420.39888529
S014,B,0.27,30,rated_payload_limited,2.92,1.72186251244,2.35522053783,2.35522053783,30,5419.5363,5419.5363,464.2473877,240.9473877,240.9473877,464.2473877,591.9473877,1239.74767529
S014,C,0.27,80,rated_payload_limited,5.84,3.52159630022,5.60758666095,5.60758666095,80,5419.5363,5419.5363,464.2473877,240.9473877,240.9473877,464.2473877,591.9473877,1357.28013786
S015,A,0.27,25,rated_payload_limited,3.285,2.30689938866,2.61934426755,2.61934426755,25,6009.764892,6009.764892,444.0992554,97.29925537,97.29925537,444.0992554,571.7992554,1398.65305656
S015,B,0.27,30,rated_payload_limited,2.92,1.85021799472,2.5445279265,2.5445279265,30,6009.764892,6009.764892,444.0992554,97.29925537,97.29925537,444.0992554,571.7992554,1198.32756016
S015,C,0.27,76.4289939552,energy_limited,5.84,3.84149604983,6.13326501752,5.84,80,6009.764892,6009.764892,444.0992554,97.29925537,97.29925537,444.0992554,571.7992554,1288.56064529
S001,A,0.275,25,rated_payload_limited,3.2625,1.16153051602,1.31271024158,1.31271024158,25,3054.023608,3054.023608,145.3566101,89.05661011,89.05661011,145.3566101,273.0566101,680.906962821
S001,B,0.275,30,rated_payload_limited,2.9,0.930225761055,1.27394097204,1.27394097204,30,3054.023608,3054.023608,145.3566101,89.05661011,89.05661011,145.3566101,273.0566101,579.106175887
S001,C,0.275,80,rated_payload_limited,5.8,1.94139247193,3.08170436114,3.08170436114,80,3054.023608,3054.023608,145.3566101,89.05661011,89.05661011,145.3566101,273.0566101,618.175045922
S002,A,0.275,25,rated_payload_limited,3.2625,2.73984663737,3.09050972759,3.09050972759,25,7411.533814,7411.533814,181.2542542,89.45425415,89.45425415,181.2542542,308.9542542,1433.77520846
S002,B,0.275,28.4951860367,energy_limited,2.9,2.18415452088,2.99882031183,2.9,30,7411.533814,7411.533814,181.2542542,89.45425415,89.45425415,181.2542542,308.9542542,1186.72408132
S002,C,0.275,57.8256307099,energy_limited,5.8,4.6325359292,7.34794754861,5.8,80,7411.533814,7411.533814,181.2542542,89.45425415,89.45425415,181.2542542,308.9542542,1231.84216605
S003,A,0.275,25,rated_payload_limited,3.2625,2.7890857722,3.15701804891,3.15701804891,25,7263.826968,7263.826968,434.1041382,223.3041382,223.3041382,434.1041382,561.8041382,1692.73723069
S003,B,0.275,27.3599917917,energy_limited,2.9,2.23705090717,3.06459015809,2.9,30,7263.826968,7263.826968,434.1041382,223.3041382,223.3041382,434.1041382,561.8041382,1450.60966509
S003,C,0.275,56.8153695539,energy_limited,5.8,4.64390670284,7.38282653444,5.8,80,7263.826968,7263.826968,434.1041382,223.3041382,223.3041382,434.1041382,561.8041382,1560.17771116
S004,A,0.275,24.8445259467,energy_limited,3.2625,2.89394171155,3.26669153411,3.2625,25,7714.681646,7714.681646,270.5391663,169.9391663,169.9391663,270.5391663,398.2391663,1608.79771824
S004,B,0.275,25.580239373,energy_limited,2.9,2.31251848078,3.16979849246,2.9,30,7714.681646,7714.681646,270.5391663,169.9391663,169.9391663,270.5391663,398.2391663,1351.64166337
S004,C,0.275,50.6656383565,energy_limited,5.8,4.86398606465,7.71524423837,5.8,80,7714.681646,7714.681646,270.5391663,169.9391663,169.9391663,270.5391663,398.2391663,1425.05471881
S005,A,0.275,25,rated_payload_limited,3.2625,1.98844309239,2.24486501136,2.24486501136,25,5280.593369,5280.593369,198.7108887,131.4108887,131.4108887,198.7108887,326.4108887,1122.18819826
S005,B,0.275,30,rated_payload_limited,2.9,1.58992547929,2.1782576011,2.1782576011,30,5280.593369,5280.593369,198.7108887,131.4108887,131.4108887,198.7108887,326.4108887,946.168419293
S005,C,0.275,80,rated_payload_limited,5.8,3.33690049967,5.29264281489,5.29264281489,80,5280.593369,5280.593369,198.7108887,131.4108887,131.4108887,198.7108887,326.4108887,1001.18871553
S006,A,0.275,25,rated_payload_limited,3.2625,1.22375461487,1.38968260036,1.38968260036,25,3186.198852,3186.198852,238.3978394,51.29783936,51.29783936,238.3978394,366.0978394,743.476639757
S006,B,0.275,30,rated_payload_limited,2.9,0.981585340998,1.35002263401,1.35002263401,30,3186.198852,3186.198852,238.3978394,51.29783936,51.29783936,238.3978394,366.0978394,637.270011357
S006,C,0.275,80,rated_payload_limited,5.8,2.0373511789,3.25327178824,3.25327178824,80,3186.198852,3186.198852,238.3978394,51.29783936,51.29783936,238.3978394,366.0978394,685.552624484
S007,A,0.275,25,rated_payload_limited,3.2625,1.77756344482,2.01797249109,2.01797249109,25,4534.717375,4534.717375,384.273175,163.473175,163.473175,384.273175,511.973175,1157.46688583
S007,B,0.275,30,rated_payload_limited,2.9,1.43033692627,1.95981561942,1.95981561942,30,4534.717375,4534.717375,384.273175,163.473175,163.473175,384.273175,511.973175,1006.30964
S007,C,0.275,80,rated_payload_limited,5.8,2.93545326153,4.67961017039,4.67961017039,80,4534.717375,4534.717375,384.273175,163.473175,163.473175,384.273175,511.973175,1097.60069833
S008,A,0.275,20.028714609,energy_limited,3.2625,3.00043718224,3.38719045973,3.2625,25,8079.110449,8079.110449,245.2093323,102.0093323,102.0093323,245.2093323,372.9093323,1601.14542887
S008,B,0.275,23.4244162835,energy_limited,2.9,2.39370630456,3.28715724997,2.9,30,8079.110449,8079.110449,245.2093323,102.0093323,102.0093323,245.2093323,372.9093323,1331.84174724
S008,C,0.275,43.870969378,energy_limited,5.8,5.06358632917,8.03799840697,5.8,80,8079.110449,8079.110449,245.2093323,102.0093323,102.0093323,245.2093323,372.9093323,1389.71152467
S009,A,0.275,25,rated_payload_limited,3.2625,2.11449348264,2.38688881319,2.38688881319,25,5705.303447,5705.303447,165.5289124,63.22891235,63.22891235,165.5289124,293.2289124,1118.63964598
S009,B,0.275,30,rated_payload_limited,2.9,1.68634349503,2.31641401773,2.31641401773,30,5705.303447,5705.303447,165.5289124,63.22891235,63.22891235,165.5289124,293.2289124,928.462864417
S009,C,0.275,80,rated_payload_limited,5.8,3.57145366019,5.66961266921,5.66961266921,80,5705.303447,5705.303447,165.5289124,63.22891235,63.22891235,165.5289124,293.2289124,966.589168542
S010,A,0.275,25,rated_payload_limited,3.2625,1.82629300362,2.0707297629,2.0707297629,25,4784.674506,4784.674506,307.9365356,84.03653564,84.03653564,307.9365356,435.6365356,1084.89266991
S010,B,0.275,30,rated_payload_limited,2.9,1.46344502735,2.01104041223,2.01104041223,30,4784.674506,4784.674506,307.9365356,84.03653564,84.03653564,307.9365356,435.6365356,925.403519709
S010,C,0.275,80,rated_payload_limited,5.8,3.04807696181,4.85885692633,4.85885692633,80,4784.674506,4784.674506,307.9365356,84.03653564,84.03653564,307.9365356,435.6365356,990.732364916
S011,A,0.275,25,rated_payload_limited,3.2625,1.07737291221,1.21959611273,1.21959611273,25,2808.106412,2808.106412,167.6617554,83.26175537,83.26175537,167.6617554,295.3617554,652.028309898
S011,B,0.275,30,rated_payload_limited,2.9,0.864023964183,1.1839226027,1.1839226027,30,2808.106412,2808.106412,167.6617554,83.26175537,83.26175537,167.6617554,295.3617554,558.424762831
S011,C,0.275,80,rated_payload_limited,5.8,1.79442515305,2.85321027055,2.85321027055,80,2808.106412,2808.106412,167.6617554,83.26175537,83.26175537,167.6617554,295.3617554,600.24534796
S012,A,0.275,25,rated_payload_limited,3.2625,2.77180546523,3.13142055533,3.13142055533,25,7391.140163,7391.140163,285.6009949,133.5009949,133.5009949,285.6009949,413.3009949,1539.19815302
S012,B,0.275,27.8281200499,energy_limited,2.9,2.21482112408,3.039145538,2.9,30,7391.140163,7391.140163,285.6009949,133.5009949,133.5009949,285.6009949,413.3009949,1292.82681425
S012,C,0.275,56.7683674478,energy_limited,5.8,4.65923038872,7.39890429565,5.8,80,7391.140163,7391.140163,285.6009949,133.5009949,133.5009949,285.6009949,413.3009949,1362.67714589
S013,A,0.275,25,rated_payload_limited,3.2625,1.83030762726,2.07421509617,2.07421509617,25,4849.536855,4849.536855,271.4818237,47.48182373,47.48182373,271.4818237,399.1818237,1042.16281728
S013,B,0.275,30,rated_payload_limited,2.9,1.46402243521,2.0144296422,2.0144296422,30,4849.536855,4849.536855,271.4818237,47.48182373,47.48182373,271.4818237,399.1818237,880.511588782
S013,C,0.275,80,rated_payload_limited,5.8,3.06868405411,4.89171403136,4.89171403136,80,4849.536855,4849.536855,271.4818237,47.48182373,47.48182373,271.4818237,399.1818237,933.672196687
S014,A,0.275,25,rated_payload_limited,3.2625,2.13779691217,2.42558723052,2.42558723052,25,5419.5363,5419.5363,464.2473877,240.9473877,240.9473877,464.2473877,591.9473877,1420.39888529
S014,B,0.275,30,rated_payload_limited,2.9,1.72186251244,2.35522053783,2.35522053783,30,5419.5363,5419.5363,464.2473877,240.9473877,240.9473877,464.2473877,591.9473877,1239.74767529
S014,C,0.275,80,rated_payload_limited,5.8,3.52159630022,5.60758666095,5.60758666095,80,5419.5363,5419.5363,464.2473877,240.9473877,240.9473877,464.2473877,591.9473877,1357.28013786
S015,A,0.275,25,rated_payload_limited,3.2625,2.30689938866,2.61934426755,2.61934426755,25,6009.764892,6009.764892,444.0992554,97.29925537,97.29925537,444.0992554,571.7992554,1398.65305656
S015,B,0.275,30,rated_payload_limited,2.9,1.85021799472,2.5445279265,2.5445279265,30,6009.764892,6009.764892,444.0992554,97.29925537,97.29925537,444.0992554,571.7992554,1198.32756016
S015,C,0.275,75.8927732599,energy_limited,5.8,3.84149604983,6.13326501752,5.8,80,6009.764892,6009.764892,444.0992554,97.29925537,97.29925537,444.0992554,571.7992554,1288.56064529
S001,A,0.28,25,rated_payload_limited,3.24,1.16153051602,1.31271024158,1.31271024158,25,3054.023608,3054.023608,145.3566101,89.05661011,89.05661011,145.3566101,273.0566101,680.906962821
S001,B,0.28,30,rated_payload_limited,2.88,0.930225761055,1.27394097204,1.27394097204,30,3054.023608,3054.023608,145.3566101,89.05661011,89.05661011,145.3566101,273.0566101,579.106175887
S001,C,0.28,80,rated_payload_limited,5.76,1.94139247193,3.08170436114,3.08170436114,80,3054.023608,3054.023608,145.3566101,89.05661011,89.05661011,145.3566101,273.0566101,618.175045922
S002,A,0.28,25,rated_payload_limited,3.24,2.73984663737,3.09050972759,3.09050972759,25,7411.533814,7411.533814,181.2542542,89.45425415,89.45425415,181.2542542,308.9542542,1433.77520846
S002,B,0.28,28.1650754623,energy_limited,2.88,2.18415452088,2.99882031183,2.88,30,7411.533814,7411.533814,181.2542542,89.45425415,89.45425415,181.2542542,308.9542542,1186.72408132
S002,C,0.28,56.9109906149,energy_limited,5.76,4.6325359292,7.34794754861,5.76,80,7411.533814,7411.533814,181.2542542,89.45425415,89.45425415,181.2542542,308.9542542,1231.84216605
S003,A,0.28,25,rated_payload_limited,3.24,2.7890857722,3.15701804891,3.15701804891,25,7263.826968,7263.826968,434.1041382,223.3041382,223.3041382,434.1041382,561.8041382,1692.73723069
S003,B,0.28,26.9956406049,energy_limited,2.88,2.23705090717,3.06459015809,2.88,30,7263.826968,7263.826968,434.1041382,223.3041382,223.3041382,434.1041382,561.8041382,1450.60966509
S003,C,0.28,55.8717588599,energy_limited,5.76,4.64390670284,7.38282653444,5.76,80,7263.826968,7263.826968,434.1041382,223.3041382,223.3041382,434.1041382,561.8041382,1560.17771116
S004,A,0.28,23.9895225658,energy_limited,3.24,2.89394171155,3.26669153411,3.24,25,7714.681646,7714.681646,270.5391663,169.9391663,169.9391663,270.5391663,398.2391663,1608.79771824
S004,B,0.28,25.179621537,energy_limited,2.88,2.31251848078,3.16979849246,2.88,30,7714.681646,7714.681646,270.5391663,169.9391663,169.9391663,270.5391663,398.2391663,1351.64166337
S004,C,0.28,49.5645400391,energy_limited,5.76,4.86398606465,7.71524423837,5.76,80,7714.681646,7714.681646,270.5391663,169.9391663,169.9391663,270.5391663,398.2391663,1425.05471881
S005,A,0.28,25,rated_payload_limited,3.24,1.98844309239,2.24486501136,2.24486501136,25,5280.593369,5280.593369,198.7108887,131.4108887,131.4108887,198.7108887,326.4108887,1122.18819826
S005,B,0.28,30,rated_payload_limited,2.88,1.58992547929,2.1782576011,2.1782576011,30,5280.593369,5280.593369,198.7108887,131.4108887,131.4108887,198.7108887,326.4108887,946.168419293
S005,C,0.28,80,rated_payload_limited,5.76,3.33690049967,5.29264281489,5.29264281489,80,5280.593369,5280.593369,198.7108887,131.4108887,131.4108887,198.7108887,326.4108887,1001.18871553
S006,A,0.28,25,rated_payload_limited,3.24,1.22375461487,1.38968260036,1.38968260036,25,3186.198852,3186.198852,238.3978394,51.29783936,51.29783936,238.3978394,366.0978394,743.476639757
S006,B,0.28,30,rated_payload_limited,2.88,0.981585340998,1.35002263401,1.35002263401,30,3186.198852,3186.198852,238.3978394,51.29783936,51.29783936,238.3978394,366.0978394,637.270011357
S006,C,0.28,80,rated_payload_limited,5.76,2.0373511789,3.25327178824,3.25327178824,80,3186.198852,3186.198852,238.3978394,51.29783936,51.29783936,238.3978394,366.0978394,685.552624484
S007,A,0.28,25,rated_payload_limited,3.24,1.77756344482,2.01797249109,2.01797249109,25,4534.717375,4534.717375,384.273175,163.473175,163.473175,384.273175,511.973175,1157.46688583
S007,B,0.28,30,rated_payload_limited,2.88,1.43033692627,1.95981561942,1.95981561942,30,4534.717375,4534.717375,384.273175,163.473175,163.473175,384.273175,511.973175,1006.30964
S007,C,0.28,80,rated_payload_limited,5.76,2.93545326153,4.67961017039,4.67961017039,80,4534.717375,4534.717375,384.273175,163.473175,163.473175,384.273175,511.973175,1097.60069833
S008,A,0.28,18.9904550035,energy_limited,3.24,3.00043718224,3.38719045973,3.24,25,8079.110449,8079.110449,245.2093323,102.0093323,102.0093323,245.2093323,372.9093323,1601.14542887
S008,B,0.28,22.9724110728,energy_limited,2.88,2.39370630456,3.28715724997,2.88,30,8079.110449,8079.110449,245.2093323,102.0093323,102.0093323,245.2093323,372.9093323,1331.84174724
S008,C,0.28,42.5713044444,energy_limited,5.76,5.06358632917,8.03799840697,5.76,80,8079.110449,8079.110449,245.2093323,102.0093323,102.0093323,245.2093323,372.9093323,1389.71152467
S009,A,0.28,25,rated_payload_limited,3.24,2.11449348264,2.38688881319,2.38688881319,25,5705.303447,5705.303447,165.5289124,63.22891235,63.22891235,165.5289124,293.2289124,1118.63964598
S009,B,0.28,30,rated_payload_limited,2.88,1.68634349503,2.31641401773,2.31641401773,30,5705.303447,5705.303447,165.5289124,63.22891235,63.22891235,165.5289124,293.2289124,928.462864417
S009,C,0.28,80,rated_payload_limited,5.76,3.57145366019,5.66961266921,5.66961266921,80,5705.303447,5705.303447,165.5289124,63.22891235,63.22891235,165.5289124,293.2289124,966.589168542
S010,A,0.28,25,rated_payload_limited,3.24,1.82629300362,2.0707297629,2.0707297629,25,4784.674506,4784.674506,307.9365356,84.03653564,84.03653564,307.9365356,435.6365356,1084.89266991
S010,B,0.28,30,rated_payload_limited,2.88,1.46344502735,2.01104041223,2.01104041223,30,4784.674506,4784.674506,307.9365356,84.03653564,84.03653564,307.9365356,435.6365356,925.403519709
S010,C,0.28,80,rated_payload_limited,5.76,3.04807696181,4.85885692633,4.85885692633,80,4784.674506,4784.674506,307.9365356,84.03653564,84.03653564,307.9365356,435.6365356,990.732364916
S011,A,0.28,25,rated_payload_limited,3.24,1.07737291221,1.21959611273,1.21959611273,25,2808.106412,2808.106412,167.6617554,83.26175537,83.26175537,167.6617554,295.3617554,652.028309898
S011,B,0.28,30,rated_payload_limited,2.88,0.864023964183,1.1839226027,1.1839226027,30,2808.106412,2808.106412,167.6617554,83.26175537,83.26175537,167.6617554,295.3617554,558.424762831
S011,C,0.28,80,rated_payload_limited,5.76,1.79442515305,2.85321027055,2.85321027055,80,2808.106412,2808.106412,167.6617554,83.26175537,83.26175537,167.6617554,295.3617554,600.24534796
S012,A,0.28,25,rated_payload_limited,3.24,2.77180546523,3.13142055533,3.13142055533,25,7391.140163,7391.140163,285.6009949,133.5009949,133.5009949,285.6009949,413.3009949,1539.19815302
S012,B,0.28,27.4800995599,energy_limited,2.88,2.21482112408,3.039145538,2.88,30,7391.140163,7391.140163,285.6009949,133.5009949,133.5009949,285.6009949,413.3009949,1292.82681425
S012,C,0.28,55.8267121205,energy_limited,5.76,4.65923038872,7.39890429565,5.76,80,7391.140163,7391.140163,285.6009949,133.5009949,133.5009949,285.6009949,413.3009949,1362.67714589
S013,A,0.28,25,rated_payload_limited,3.24,1.83030762726,2.07421509617,2.07421509617,25,4849.536855,4849.536855,271.4818237,47.48182373,47.48182373,271.4818237,399.1818237,1042.16281728
S013,B,0.28,30,rated_payload_limited,2.88,1.46402243521,2.0144296422,2.0144296422,30,4849.536855,4849.536855,271.4818237,47.48182373,47.48182373,271.4818237,399.1818237,880.511588782
S013,C,0.28,80,rated_payload_limited,5.76,3.06868405411,4.89171403136,4.89171403136,80,4849.536855,4849.536855,271.4818237,47.48182373,47.48182373,271.4818237,399.1818237,933.672196687
S014,A,0.28,25,rated_payload_limited,3.24,2.13779691217,2.42558723052,2.42558723052,25,5419.5363,5419.5363,464.2473877,240.9473877,240.9473877,464.2473877,591.9473877,1420.39888529
S014,B,0.28,30,rated_payload_limited,2.88,1.72186251244,2.35522053783,2.35522053783,30,5419.5363,5419.5363,464.2473877,240.9473877,240.9473877,464.2473877,591.9473877,1239.74767529
S014,C,0.28,80,rated_payload_limited,5.76,3.52159630022,5.60758666095,5.60758666095,80,5419.5363,5419.5363,464.2473877,240.9473877,240.9473877,464.2473877,591.9473877,1357.28013786
S015,A,0.28,25,rated_payload_limited,3.24,2.30689938866,2.61934426755,2.61934426755,25,6009.764892,6009.764892,444.0992554,97.29925537,97.29925537,444.0992554,571.7992554,1398.65305656
S015,B,0.28,30,rated_payload_limited,2.88,1.85021799472,2.5445279265,2.5445279265,30,6009.764892,6009.764892,444.0992554,97.29925537,97.29925537,444.0992554,571.7992554,1198.32756016
S015,C,0.28,75.3433881782,energy_limited,5.76,3.84149604983,6.13326501752,5.76,80,6009.764892,6009.764892,444.0992554,97.29925537,97.29925537,444.0992554,571.7992554,1288.56064529
S001,A,0.285,25,rated_payload_limited,3.2175,1.16153051602,1.31271024158,1.31271024158,25,3054.023608,3054.023608,145.3566101,89.05661011,89.05661011,145.3566101,273.0566101,680.906962821
S001,B,0.285,30,rated_payload_limited,2.86,0.930225761055,1.27394097204,1.27394097204,30,3054.023608,3054.023608,145.3566101,89.05661011,89.05661011,145.3566101,273.0566101,579.106175887
S001,C,0.285,80,rated_payload_limited,5.72,1.94139247193,3.08170436114,3.08170436114,80,3054.023608,3054.023608,145.3566101,89.05661011,89.05661011,145.3566101,273.0566101,618.175045922
S002,A,0.285,25,rated_payload_limited,3.2175,2.73984663737,3.09050972759,3.09050972759,25,7411.533814,7411.533814,181.2542542,89.45425415,89.45425415,181.2542542,308.9542542,1433.77520846
S002,B,0.285,27.8254545792,energy_limited,2.86,2.18415452088,2.99882031183,2.86,30,7411.533814,7411.533814,181.2542542,89.45425415,89.45425415,181.2542542,308.9542542,1186.72408132
S002,C,0.285,55.9675234316,energy_limited,5.72,4.6325359292,7.34794754861,5.72,80,7411.533814,7411.533814,181.2542542,89.45425415,89.45425415,181.2542542,308.9542542,1231.84216605
S003,A,0.285,25,rated_payload_limited,3.2175,2.7890857722,3.15701804891,3.15701804891,25,7263.826968,7263.826968,434.1041382,223.3041382,223.3041382,434.1041382,561.8041382,1692.73723069
S003,B,0.285,26.6203333569,energy_limited,2.86,2.23705090717,3.06459015809,2.86,30,7263.826968,7263.826968,434.1041382,223.3041382,223.3041382,434.1041382,561.8041382,1450.60966509
S003,C,0.285,54.8985423451,energy_limited,5.72,4.64390670284,7.38282653444,5.72,80,7263.826968,7263.826968,434.1041382,223.3041382,223.3041382,434.1041382,561.8041382,1560.17771116
S004,A,0.285,23.0980639123,energy_limited,3.2175,2.89394171155,3.26669153411,3.2175,25,7714.681646,7714.681646,270.5391663,169.9391663,169.9391663,270.5391663,398.2391663,1608.79771824
S004,B,0.285,24.7662882636,energy_limited,2.86,2.31251848078,3.16979849246,2.86,30,7714.681646,7714.681646,270.5391663,169.9391663,169.9391663,270.5391663,398.2391663,1351.64166337
S004,C,0.285,48.4248705399,energy_limited,5.72,4.86398606465,7.71524423837,5.72,80,7714.681646,7714.681646,270.5391663,169.9391663,169.9391663,270.5391663,398.2391663,1425.05471881
S005,A,0.285,25,rated_payload_limited,3.2175,1.98844309239,2.24486501136,2.24486501136,25,5280.593369,5280.593369,198.7108887,131.4108887,131.4108887,198.7108887,326.4108887,1122.18819826
S005,B,0.285,30,rated_payload_limited,2.86,1.58992547929,2.1782576011,2.1782576011,30,5280.593369,5280.593369,198.7108887,131.4108887,131.4108887,198.7108887,326.4108887,946.168419293
S005,C,0.285,80,rated_payload_limited,5.72,3.33690049967,5.29264281489,5.29264281489,80,5280.593369,5280.593369,198.7108887,131.4108887,131.4108887,198.7108887,326.4108887,1001.18871553
S006,A,0.285,25,rated_payload_limited,3.2175,1.22375461487,1.38968260036,1.38968260036,25,3186.198852,3186.198852,238.3978394,51.29783936,51.29783936,238.3978394,366.0978394,743.476639757
S006,B,0.285,30,rated_payload_limited,2.86,0.981585340998,1.35002263401,1.35002263401,30,3186.198852,3186.198852,238.3978394,51.29783936,51.29783936,238.3978394,366.0978394,637.270011357
S006,C,0.285,80,rated_payload_limited,5.72,2.0373511789,3.25327178824,3.25327178824,80,3186.198852,3186.198852,238.3978394,51.29783936,51.29783936,238.3978394,366.0978394,685.552624484
S007,A,0.285,25,rated_payload_limited,3.2175,1.77756344482,2.01797249109,2.01797249109,25,4534.717375,4534.717375,384.273175,163.473175,163.473175,384.273175,511.973175,1157.46688583
S007,B,0.285,30,rated_payload_limited,2.86,1.43033692627,1.95981561942,1.95981561942,30,4534.717375,4534.717375,384.273175,163.473175,163.473175,384.273175,511.973175,1006.30964
S007,C,0.285,80,rated_payload_limited,5.72,2.93545326153,4.67961017039,4.67961017039,80,4534.717375,4534.717375,384.273175,163.473175,163.473175,384.273175,511.973175,1097.60069833
S008,A,0.285,17.8974353131,energy_limited,3.2175,3.00043718224,3.38719045973,3.2175,25,8079.110449,8079.110449,245.2093323,102.0093323,102.0093323,245.2093323,372.9093323,1601.14542887
S008,B,0.285,22.5050269919,energy_limited,2.86,2.39370630456,3.28715724997,2.86,30,8079.110449,8079.110449,245.2093323,102.0093323,102.0093323,245.2093323,372.9093323,1331.84174724
S008,C,0.285,41.2199351443,energy_limited,5.72,5.06358632917,8.03799840697,5.72,80,8079.110449,8079.110449,245.2093323,102.0093323,102.0093323,245.2093323,372.9093323,1389.71152467
S009,A,0.285,25,rated_payload_limited,3.2175,2.11449348264,2.38688881319,2.38688881319,25,5705.303447,5705.303447,165.5289124,63.22891235,63.22891235,165.5289124,293.2289124,1118.63964598
S009,B,0.285,30,rated_payload_limited,2.86,1.68634349503,2.31641401773,2.31641401773,30,5705.303447,5705.303447,165.5289124,63.22891235,63.22891235,165.5289124,293.2289124,928.462864417
S009,C,0.285,80,rated_payload_limited,5.72,3.57145366019,5.66961266921,5.66961266921,80,5705.303447,5705.303447,165.5289124,63.22891235,63.22891235,165.5289124,293.2289124,966.589168542
S010,A,0.285,25,rated_payload_limited,3.2175,1.82629300362,2.0707297629,2.0707297629,25,4784.674506,4784.674506,307.9365356,84.03653564,84.03653564,307.9365356,435.6365356,1084.89266991
S010,B,0.285,30,rated_payload_limited,2.86,1.46344502735,2.01104041223,2.01104041223,30,4784.674506,4784.674506,307.9365356,84.03653564,84.03653564,307.9365356,435.6365356,925.403519709
S010,C,0.285,80,rated_payload_limited,5.72,3.04807696181,4.85885692633,4.85885692633,80,4784.674506,4784.674506,307.9365356,84.03653564,84.03653564,307.9365356,435.6365356,990.732364916
S011,A,0.285,25,rated_payload_limited,3.2175,1.07737291221,1.21959611273,1.21959611273,25,2808.106412,2808.106412,167.6617554,83.26175537,83.26175537,167.6617554,295.3617554,652.028309898
S011,B,0.285,30,rated_payload_limited,2.86,0.864023964183,1.1839226027,1.1839226027,30,2808.106412,2808.106412,167.6617554,83.26175537,83.26175537,167.6617554,295.3617554,558.424762831
S011,C,0.285,80,rated_payload_limited,5.72,1.79442515305,2.85321027055,2.85321027055,80,2808.106412,2808.106412,167.6617554,83.26175537,83.26175537,167.6617554,295.3617554,600.24534796
S012,A,0.285,25,rated_payload_limited,3.2175,2.77180546523,3.13142055533,3.13142055533,25,7391.140163,7391.140163,285.6009949,133.5009949,133.5009949,285.6009949,413.3009949,1539.19815302
S012,B,0.285,27.1218170298,energy_limited,2.86,2.21482112408,3.039145538,2.86,30,7391.140163,7391.140163,285.6009949,133.5009949,133.5009949,285.6009949,413.3009949,1292.82681425
S012,C,0.285,54.8551626388,energy_limited,5.72,4.65923038872,7.39890429565,5.72,80,7391.140163,7391.140163,285.6009949,133.5009949,133.5009949,285.6009949,413.3009949,1362.67714589
S013,A,0.285,25,rated_payload_limited,3.2175,1.83030762726,2.07421509617,2.07421509617,25,4849.536855,4849.536855,271.4818237,47.48182373,47.48182373,271.4818237,399.1818237,1042.16281728
S013,B,0.285,30,rated_payload_limited,2.86,1.46402243521,2.0144296422,2.0144296422,30,4849.536855,4849.536855,271.4818237,47.48182373,47.48182373,271.4818237,399.1818237,880.511588782
S013,C,0.285,80,rated_payload_limited,5.72,3.06868405411,4.89171403136,4.89171403136,80,4849.536855,4849.536855,271.4818237,47.48182373,47.48182373,271.4818237,399.1818237,933.672196687
S014,A,0.285,25,rated_payload_limited,3.2175,2.13779691217,2.42558723052,2.42558723052,25,5419.5363,5419.5363,464.2473877,240.9473877,240.9473877,464.2473877,591.9473877,1420.39888529
S014,B,0.285,30,rated_payload_limited,2.86,1.72186251244,2.35522053783,2.35522053783,30,5419.5363,5419.5363,464.2473877,240.9473877,240.9473877,464.2473877,591.9473877,1239.74767529
S014,C,0.285,80,rated_payload_limited,5.72,3.52159630022,5.60758666095,5.60758666095,80,5419.5363,5419.5363,464.2473877,240.9473877,240.9473877,464.2473877,591.9473877,1357.28013786
S015,A,0.285,25,rated_payload_limited,3.2175,2.30689938866,2.61934426755,2.61934426755,25,6009.764892,6009.764892,444.0992554,97.29925537,97.29925537,444.0992554,571.7992554,1398.65305656
S015,B,0.285,30,rated_payload_limited,2.86,1.85021799472,2.5445279265,2.5445279265,30,6009.764892,6009.764892,444.0992554,97.29925537,97.29925537,444.0992554,571.7992554,1198.32756016
S015,C,0.285,74.7803415552,energy_limited,5.72,3.84149604983,6.13326501752,5.72,80,6009.764892,6009.764892,444.0992554,97.29925537,97.29925537,444.0992554,571.7992554,1288.56064529
S001,A,0.29,25,rated_payload_limited,3.195,1.16153051602,1.31271024158,1.31271024158,25,3054.023608,3054.023608,145.3566101,89.05661011,89.05661011,145.3566101,273.0566101,680.906962821
S001,B,0.29,30,rated_payload_limited,2.84,0.930225761055,1.27394097204,1.27394097204,30,3054.023608,3054.023608,145.3566101,89.05661011,89.05661011,145.3566101,273.0566101,579.106175887
S001,C,0.29,80,rated_payload_limited,5.68,1.94139247193,3.08170436114,3.08170436114,80,3054.023608,3054.023608,145.3566101,89.05661011,89.05661011,145.3566101,273.0566101,618.175045922
S002,A,0.29,25,rated_payload_limited,3.195,2.73984663737,3.09050972759,3.09050972759,25,7411.533814,7411.533814,181.2542542,89.45425415,89.45425415,181.2542542,308.9542542,1433.77520846
S002,B,0.29,27.4758792731,energy_limited,2.84,2.18415452088,2.99882031183,2.84,30,7411.533814,7411.533814,181.2542542,89.45425415,89.45425415,181.2542542,308.9542542,1186.72408132
S002,C,0.29,54.9936982812,energy_limited,5.68,4.6325359292,7.34794754861,5.68,80,7411.533814,7411.533814,181.2542542,89.45425415,89.45425415,181.2542542,308.9542542,1231.84216605
S003,A,0.29,25,rated_payload_limited,3.195,2.7890857722,3.15701804891,3.15701804891,25,7263.826968,7263.826968,434.1041382,223.3041382,223.3041382,434.1041382,561.8041382,1692.73723069
S003,B,0.29,26.2335383999,energy_limited,2.84,2.23705090717,3.06459015809,2.84,30,7263.826968,7263.826968,434.1041382,223.3041382,223.3041382,434.1041382,561.8041382,1450.60966509
S003,C,0.29,53.8941772283,energy_limited,5.68,4.64390670284,7.38282653444,5.68,80,7263.826968,7263.826968,434.1041382,223.3041382,223.3041382,434.1041382,561.8041382,1560.17771116
S004,A,0.29,22.1670563424,energy_limited,3.195,2.89394171155,3.26669153411,3.195,25,7714.681646,7714.681646,270.5391663,169.9391663,169.9391663,270.5391663,398.2391663,1608.79771824
S004,B,0.29,24.3395656669,energy_limited,2.84,2.31251848078,3.16979849246,2.84,30,7714.681646,7714.681646,270.5391663,169.9391663,169.9391663,270.5391663,398.2391663,1351.64166337
S004,C,0.29,47.244237651,energy_limited,5.68,4.86398606465,7.71524423837,5.68,80,7714.681646,7714.681646,270.5391663,169.9391663,169.9391663,270.5391663,398.2391663,1425.05471881
S005,A,0.29,25,rated_payload_limited,3.195,1.98844309239,2.24486501136,2.24486501136,25,5280.593369,5280.593369,198.7108887,131.4108887,131.4108887,198.7108887,326.4108887,1122.18819826
S005,B,0.29,30,rated_payload_limited,2.84,1.58992547929,2.1782576011,2.1782576011,30,5280.593369,5280.593369,198.7108887,131.4108887,131.4108887,198.7108887,326.4108887,946.168419293
S005,C,0.29,80,rated_payload_limited,5.68,3.33690049967,5.29264281489,5.29264281489,80,5280.593369,5280.593369,198.7108887,131.4108887,131.4108887,198.7108887,326.4108887,1001.18871553
S006,A,0.29,25,rated_payload_limited,3.195,1.22375461487,1.38968260036,1.38968260036,25,3186.198852,3186.198852,238.3978394,51.29783936,51.29783936,238.3978394,366.0978394,743.476639757
S006,B,0.29,30,rated_payload_limited,2.84,0.981585340998,1.35002263401,1.35002263401,30,3186.198852,3186.198852,238.3978394,51.29783936,51.29783936,238.3978394,366.0978394,637.270011357
S006,C,0.29,80,rated_payload_limited,5.68,2.0373511789,3.25327178824,3.25327178824,80,3186.198852,3186.198852,238.3978394,51.29783936,51.29783936,238.3978394,366.0978394,685.552624484
S007,A,0.29,25,rated_payload_limited,3.195,1.77756344482,2.01797249109,2.01797249109,25,4534.717375,4534.717375,384.273175,163.473175,163.473175,384.273175,511.973175,1157.46688583
S007,B,0.29,30,rated_payload_limited,2.84,1.43033692627,1.95981561942,1.95981561942,30,4534.717375,4534.717375,384.273175,163.473175,163.473175,384.273175,511.973175,1006.30964
S007,C,0.29,80,rated_payload_limited,5.68,2.93545326153,4.67961017039,4.67961017039,80,4534.717375,4534.717375,384.273175,163.473175,163.473175,384.273175,511.973175,1097.60069833
S008,A,0.29,16.7429393639,energy_limited,3.195,3.00043718224,3.38719045973,3.195,25,8079.110449,8079.110449,245.2093323,102.0093323,102.0093323,245.2093323,372.9093323,1601.14542887
S008,B,0.29,22.0213570333,energy_limited,2.84,2.39370630456,3.28715724997,2.84,30,8079.110449,8079.110449,245.2093323,102.0093323,102.0093323,245.2093323,372.9093323,1331.84174724
S008,C,0.29,39.812916421,energy_limited,5.68,5.06358632917,8.03799840697,5.68,80,8079.110449,8079.110449,245.2093323,102.0093323,102.0093323,245.2093323,372.9093323,1389.71152467
S009,A,0.29,25,rated_payload_limited,3.195,2.11449348264,2.38688881319,2.38688881319,25,5705.303447,5705.303447,165.5289124,63.22891235,63.22891235,165.5289124,293.2289124,1118.63964598
S009,B,0.29,30,rated_payload_limited,2.84,1.68634349503,2.31641401773,2.31641401773,30,5705.303447,5705.303447,165.5289124,63.22891235,63.22891235,165.5289124,293.2289124,928.462864417
S009,C,0.29,80,rated_payload_limited,5.68,3.57145366019,5.66961266921,5.66961266921,80,5705.303447,5705.303447,165.5289124,63.22891235,63.22891235,165.5289124,293.2289124,966.589168542
S010,A,0.29,25,rated_payload_limited,3.195,1.82629300362,2.0707297629,2.0707297629,25,4784.674506,4784.674506,307.9365356,84.03653564,84.03653564,307.9365356,435.6365356,1084.89266991
S010,B,0.29,30,rated_payload_limited,2.84,1.46344502735,2.01104041223,2.01104041223,30,4784.674506,4784.674506,307.9365356,84.03653564,84.03653564,307.9365356,435.6365356,925.403519709
S010,C,0.29,80,rated_payload_limited,5.68,3.04807696181,4.85885692633,4.85885692633,80,4784.674506,4784.674506,307.9365356,84.03653564,84.03653564,307.9365356,435.6365356,990.732364916
S011,A,0.29,25,rated_payload_limited,3.195,1.07737291221,1.21959611273,1.21959611273,25,2808.106412,2808.106412,167.6617554,83.26175537,83.26175537,167.6617554,295.3617554,652.028309898
S011,B,0.29,30,rated_payload_limited,2.84,0.864023964183,1.1839226027,1.1839226027,30,2808.106412,2808.106412,167.6617554,83.26175537,83.26175537,167.6617554,295.3617554,558.424762831
S011,C,0.29,80,rated_payload_limited,5.68,1.79442515305,2.85321027055,2.85321027055,80,2808.106412,2808.106412,167.6617554,83.26175537,83.26175537,167.6617554,295.3617554,600.24534796
S012,A,0.29,25,rated_payload_limited,3.195,2.77180546523,3.13142055533,3.13142055533,25,7391.140163,7391.140163,285.6009949,133.5009949,133.5009949,285.6009949,413.3009949,1539.19815302
S012,B,0.29,26.7527817332,energy_limited,2.84,2.21482112408,3.039145538,2.84,30,7391.140163,7391.140163,285.6009949,133.5009949,133.5009949,285.6009949,413.3009949,1292.82681425
S012,C,0.29,53.8521221723,energy_limited,5.68,4.65923038872,7.39890429565,5.68,80,7391.140163,7391.140163,285.6009949,133.5009949,133.5009949,285.6009949,413.3009949,1362.67714589
S013,A,0.29,25,rated_payload_limited,3.195,1.83030762726,2.07421509617,2.07421509617,25,4849.536855,4849.536855,271.4818237,47.48182373,47.48182373,271.4818237,399.1818237,1042.16281728
S013,B,0.29,30,rated_payload_limited,2.84,1.46402243521,2.0144296422,2.0144296422,30,4849.536855,4849.536855,271.4818237,47.48182373,47.48182373,271.4818237,399.1818237,880.511588782
S013,C,0.29,80,rated_payload_limited,5.68,3.06868405411,4.89171403136,4.89171403136,80,4849.536855,4849.536855,271.4818237,47.48182373,47.48182373,271.4818237,399.1818237,933.672196687
S014,A,0.29,25,rated_payload_limited,3.195,2.13779691217,2.42558723052,2.42558723052,25,5419.5363,5419.5363,464.2473877,240.9473877,240.9473877,464.2473877,591.9473877,1420.39888529
S014,B,0.29,30,rated_payload_limited,2.84,1.72186251244,2.35522053783,2.35522053783,30,5419.5363,5419.5363,464.2473877,240.9473877,240.9473877,464.2473877,591.9473877,1239.74767529
S014,C,0.29,80,rated_payload_limited,5.68,3.52159630022,5.60758666095,5.60758666095,80,5419.5363,5419.5363,464.2473877,240.9473877,240.9473877,464.2473877,591.9473877,1357.28013786
S015,A,0.29,25,rated_payload_limited,3.195,2.30689938866,2.61934426755,2.61934426755,25,6009.764892,6009.764892,444.0992554,97.29925537,97.29925537,444.0992554,571.7992554,1398.65305656
S015,B,0.29,30,rated_payload_limited,2.84,1.85021799472,2.5445279265,2.5445279265,30,6009.764892,6009.764892,444.0992554,97.29925537,97.29925537,444.0992554,571.7992554,1198.32756016
S015,C,0.29,74.2031102966,energy_limited,5.68,3.84149604983,6.13326501752,5.68,80,6009.764892,6009.764892,444.0992554,97.29925537,97.29925537,444.0992554,571.7992554,1288.56064529
S001,A,0.295,25,rated_payload_limited,3.1725,1.16153051602,1.31271024158,1.31271024158,25,3054.023608,3054.023608,145.3566101,89.05661011,89.05661011,145.3566101,273.0566101,680.906962821
S001,B,0.295,30,rated_payload_limited,2.82,0.930225761055,1.27394097204,1.27394097204,30,3054.023608,3054.023608,145.3566101,89.05661011,89.05661011,145.3566101,273.0566101,579.106175887
S001,C,0.295,80,rated_payload_limited,5.64,1.94139247193,3.08170436114,3.08170436114,80,3054.023608,3054.023608,145.3566101,89.05661011,89.05661011,145.3566101,273.0566101,618.175045922
S002,A,0.295,25,rated_payload_limited,3.1725,2.73984663737,3.09050972759,3.09050972759,25,7411.533814,7411.533814,181.2542542,89.45425415,89.45425415,181.2542542,308.9542542,1433.77520846
S002,B,0.295,27.1158749375,energy_limited,2.82,2.18415452088,2.99882031183,2.82,30,7411.533814,7411.533814,181.2542542,89.45425415,89.45425415,181.2542542,308.9542542,1186.72408132
S002,C,0.295,53.9878588302,energy_limited,5.64,4.6325359292,7.34794754861,5.64,80,7411.533814,7411.533814,181.2542542,89.45425415,89.45425415,181.2542542,308.9542542,1231.84216605
S003,A,0.295,25,rated_payload_limited,3.1725,2.7890857722,3.15701804891,3.15701804891,25,7263.826968,7263.826968,434.1041382,223.3041382,223.3041382,434.1041382,561.8041382,1692.73723069
S003,B,0.295,25.8346859873,energy_limited,2.82,2.23705090717,3.06459015809,2.82,30,7263.826968,7263.826968,434.1041382,223.3041382,223.3041382,434.1041382,561.8041382,1450.60966509
S003,C,0.295,52.856997085,energy_limited,5.64,4.64390670284,7.38282653444,5.64,80,7263.826968,7263.826968,434.1041382,223.3041382,223.3041382,434.1041382,561.8041382,1560.17771116
S004,A,0.295,21.1929253065,energy_limited,3.1725,2.89394171155,3.26669153411,3.1725,25,7714.681646,7714.681646,270.5391663,169.9391663,169.9391663,270.5391663,398.2391663,1608.79771824
S004,B,0.295,23.8987251697,energy_limited,2.82,2.31251848078,3.16979849246,2.82,30,7714.681646,7714.681646,270.5391663,169.9391663,169.9391663,270.5391663,398.2391663,1351.64166337
S004,C,0.295,46.0200058561,energy_limited,5.64,4.86398606465,7.71524423837,5.64,80,7714.681646,7714.681646,270.5391663,169.9391663,169.9391663,270.5391663,398.2391663,1425.05471881
S005,A,0.295,25,rated_payload_limited,3.1725,1.98844309239,2.24486501136,2.24486501136,25,5280.593369,5280.593369,198.7108887,131.4108887,131.4108887,198.7108887,326.4108887,1122.18819826
S005,B,0.295,30,rated_payload_limited,2.82,1.58992547929,2.1782576011,2.1782576011,30,5280.593369,5280.593369,198.7108887,131.4108887,131.4108887,198.7108887,326.4108887,946.168419293
S005,C,0.295,80,rated_payload_limited,5.64,3.33690049967,5.29264281489,5.29264281489,80,5280.593369,5280.593369,198.7108887,131.4108887,131.4108887,198.7108887,326.4108887,1001.18871553
S006,A,0.295,25,rated_payload_limited,3.1725,1.22375461487,1.38968260036,1.38968260036,25,3186.198852,3186.198852,238.3978394,51.29783936,51.29783936,238.3978394,366.0978394,743.476639757
S006,B,0.295,30,rated_payload_limited,2.82,0.981585340998,1.35002263401,1.35002263401,30,3186.198852,3186.198852,238.3978394,51.29783936,51.29783936,238.3978394,366.0978394,637.270011357
S006,C,0.295,80,rated_payload_limited,5.64,2.0373511789,3.25327178824,3.25327178824,80,3186.198852,3186.198852,238.3978394,51.29783936,51.29783936,238.3978394,366.0978394,685.552624484
S007,A,0.295,25,rated_payload_limited,3.1725,1.77756344482,2.01797249109,2.01797249109,25,4534.717375,4534.717375,384.273175,163.473175,163.473175,384.273175,511.973175,1157.46688583
S007,B,0.295,30,rated_payload_limited,2.82,1.43033692627,1.95981561942,1.95981561942,30,4534.717375,4534.717375,384.273175,163.473175,163.473175,384.273175,511.973175,1006.30964
S007,C,0.295,80,rated_payload_limited,5.64,2.93545326153,4.67961017039,4.67961017039,80,4534.717375,4534.717375,384.273175,163.473175,163.473175,384.273175,511.973175,1097.60069833
S008,A,0.295,15.5185742899,energy_limited,3.1725,3.00043718224,3.38719045973,3.1725,25,8079.110449,8079.110449,245.2093323,102.0093323,102.0093323,245.2093323,372.9093323,1601.14542887
S008,B,0.295,21.5204087313,energy_limited,2.82,2.39370630456,3.28715724997,2.82,30,8079.110449,8079.110449,245.2093323,102.0093323,102.0093323,245.2093323,372.9093323,1331.84174724
S008,C,0.295,38.3457709816,energy_limited,5.64,5.06358632917,8.03799840697,5.64,80,8079.110449,8079.110449,245.2093323,102.0093323,102.0093323,245.2093323,372.9093323,1389.71152467
S009,A,0.295,25,rated_payload_limited,3.1725,2.11449348264,2.38688881319,2.38688881319,25,5705.303447,5705.303447,165.5289124,63.22891235,63.22891235,165.5289124,293.2289124,1118.63964598
S009,B,0.295,30,rated_payload_limited,2.82,1.68634349503,2.31641401773,2.31641401773,30,5705.303447,5705.303447,165.5289124,63.22891235,63.22891235,165.5289124,293.2289124,928.462864417
S009,C,0.295,79.6436231767,energy_limited,5.64,3.57145366019,5.66961266921,5.64,80,5705.303447,5705.303447,165.5289124,63.22891235,63.22891235,165.5289124,293.2289124,966.589168542
S010,A,0.295,25,rated_payload_limited,3.1725,1.82629300362,2.0707297629,2.0707297629,25,4784.674506,4784.674506,307.9365356,84.03653564,84.03653564,307.9365356,435.6365356,1084.89266991
S010,B,0.295,30,rated_payload_limited,2.82,1.46344502735,2.01104041223,2.01104041223,30,4784.674506,4784.674506,307.9365356,84.03653564,84.03653564,307.9365356,435.6365356,925.403519709
S010,C,0.295,80,rated_payload_limited,5.64,3.04807696181,4.85885692633,4.85885692633,80,4784.674506,4784.674506,307.9365356,84.03653564,84.03653564,307.9365356,435.6365356,990.732364916
S011,A,0.295,25,rated_payload_limited,3.1725,1.07737291221,1.21959611273,1.21959611273,25,2808.106412,2808.106412,167.6617554,83.26175537,83.26175537,167.6617554,295.3617554,652.028309898
S011,B,0.295,30,rated_payload_limited,2.82,0.864023964183,1.1839226027,1.1839226027,30,2808.106412,2808.106412,167.6617554,83.26175537,83.26175537,167.6617554,295.3617554,558.424762831
S011,C,0.295,80,rated_payload_limited,5.64,1.79442515305,2.85321027055,2.85321027055,80,2808.106412,2808.106412,167.6617554,83.26175537,83.26175537,167.6617554,295.3617554,600.24534796
S012,A,0.295,25,rated_payload_limited,3.1725,2.77180546523,3.13142055533,3.13142055533,25,7391.140163,7391.140163,285.6009949,133.5009949,133.5009949,285.6009949,413.3009949,1539.19815302
S012,B,0.295,26.3724682876,energy_limited,2.82,2.21482112408,3.039145538,2.82,30,7391.140163,7391.140163,285.6009949,133.5009949,133.5009949,285.6009949,413.3009949,1292.82681425
S012,C,0.295,52.8158617554,energy_limited,5.64,4.65923038872,7.39890429565,5.64,80,7391.140163,7391.140163,285.6009949,133.5009949,133.5009949,285.6009949,413.3009949,1362.67714589
S013,A,0.295,25,rated_payload_limited,3.1725,1.83030762726,2.07421509617,2.07421509617,25,4849.536855,4849.536855,271.4818237,47.48182373,47.48182373,271.4818237,399.1818237,1042.16281728
S013,B,0.295,30,rated_payload_limited,2.82,1.46402243521,2.0144296422,2.0144296422,30,4849.536855,4849.536855,271.4818237,47.48182373,47.48182373,271.4818237,399.1818237,880.511588782
S013,C,0.295,80,rated_payload_limited,5.64,3.06868405411,4.89171403136,4.89171403136,80,4849.536855,4849.536855,271.4818237,47.48182373,47.48182373,271.4818237,399.1818237,933.672196687
S014,A,0.295,25,rated_payload_limited,3.1725,2.13779691217,2.42558723052,2.42558723052,25,5419.5363,5419.5363,464.2473877,240.9473877,240.9473877,464.2473877,591.9473877,1420.39888529
S014,B,0.295,30,rated_payload_limited,2.82,1.72186251244,2.35522053783,2.35522053783,30,5419.5363,5419.5363,464.2473877,240.9473877,240.9473877,464.2473877,591.9473877,1239.74767529
S014,C,0.295,80,rated_payload_limited,5.64,3.52159630022,5.60758666095,5.60758666095,80,5419.5363,5419.5363,464.2473877,240.9473877,240.9473877,464.2473877,591.9473877,1357.28013786
S015,A,0.295,25,rated_payload_limited,3.1725,2.30689938866,2.61934426755,2.61934426755,25,6009.764892,6009.764892,444.0992554,97.29925537,97.29925537,444.0992554,571.7992554,1398.65305656
S015,B,0.295,30,rated_payload_limited,2.82,1.85021799472,2.5445279265,2.5445279265,30,6009.764892,6009.764892,444.0992554,97.29925537,97.29925537,444.0992554,571.7992554,1198.32756016
S015,C,0.295,73.6111435944,energy_limited,5.64,3.84149604983,6.13326501752,5.64,80,6009.764892,6009.764892,444.0992554,97.29925537,97.29925537,444.0992554,571.7992554,1288.56064529
S001,A,0.3,25,rated_payload_limited,3.15,1.16153051602,1.31271024158,1.31271024158,25,3054.023608,3054.023608,145.3566101,89.05661011,89.05661011,145.3566101,273.0566101,680.906962821
S001,B,0.3,30,rated_payload_limited,2.8,0.930225761055,1.27394097204,1.27394097204,30,3054.023608,3054.023608,145.3566101,89.05661011,89.05661011,145.3566101,273.0566101,579.106175887
S001,C,0.3,80,rated_payload_limited,5.6,1.94139247193,3.08170436114,3.08170436114,80,3054.023608,3054.023608,145.3566101,89.05661011,89.05661011,145.3566101,273.0566101,618.175045922
S002,A,0.3,25,rated_payload_limited,3.15,2.73984663737,3.09050972759,3.09050972759,25,7411.533814,7411.533814,181.2542542,89.45425415,89.45425415,181.2542542,308.9542542,1433.77520846
S002,B,0.3,26.7449335456,energy_limited,2.8,2.18415452088,2.99882031183,2.8,30,7411.533814,7411.533814,181.2542542,89.45425415,89.45425415,181.2542542,308.9542542,1186.72408132
S002,C,0.3,52.9482082405,energy_limited,5.6,4.6325359292,7.34794754861,5.6,80,7411.533814,7411.533814,181.2542542,89.45425415,89.45425415,181.2542542,308.9542542,1231.84216605
S003,A,0.3,24.7300039699,energy_limited,3.15,2.7890857722,3.15701804891,3.15,25,7263.826968,7263.826968,434.1041382,223.3041382,223.3041382,434.1041382,561.8041382,1692.73723069
S003,B,0.3,25.4231644048,energy_limited,2.8,2.23705090717,3.06459015809,2.8,30,7263.826968,7263.826968,434.1041382,223.3041382,223.3041382,434.1041382,561.8041382,1450.60966509
S003,C,0.3,51.785197226,energy_limited,5.6,4.64390670284,7.38282653444,5.6,80,7263.826968,7263.826968,434.1041382,223.3041382,223.3041382,434.1041382,561.8041382,1560.17771116
S004,A,0.3,20.1714931783,energy_limited,3.15,2.89394171155,3.26669153411,3.15,25,7714.681646,7714.681646,270.5391663,169.9391663,169.9391663,270.5391663,398.2391663,1608.79771824
S004,B,0.3,23.4429770321,energy_limited,2.8,2.31251848078,3.16979849246,2.8,30,7714.681646,7714.681646,270.5391663,169.9391663,169.9391663,270.5391663,398.2391663,1351.64166337
S004,C,0.3,44.7492582804,energy_limited,5.6,4.86398606465,7.71524423837,5.6,80,7714.681646,7714.681646,270.5391663,169.9391663,169.9391663,270.5391663,398.2391663,1425.05471881
S005,A,0.3,25,rated_payload_limited,3.15,1.98844309239,2.24486501136,2.24486501136,25,5280.593369,5280.593369,198.7108887,131.4108887,131.4108887,198.7108887,326.4108887,1122.18819826
S005,B,0.3,30,rated_payload_limited,2.8,1.58992547929,2.1782576011,2.1782576011,30,5280.593369,5280.593369,198.7108887,131.4108887,131.4108887,198.7108887,326.4108887,946.168419293
S005,C,0.3,80,rated_payload_limited,5.6,3.33690049967,5.29264281489,5.29264281489,80,5280.593369,5280.593369,198.7108887,131.4108887,131.4108887,198.7108887,326.4108887,1001.18871553
S006,A,0.3,25,rated_payload_limited,3.15,1.22375461487,1.38968260036,1.38968260036,25,3186.198852,3186.198852,238.3978394,51.29783936,51.29783936,238.3978394,366.0978394,743.476639757
S006,B,0.3,30,rated_payload_limited,2.8,0.981585340998,1.35002263401,1.35002263401,30,3186.198852,3186.198852,238.3978394,51.29783936,51.29783936,238.3978394,366.0978394,637.270011357
S006,C,0.3,80,rated_payload_limited,5.6,2.0373511789,3.25327178824,3.25327178824,80,3186.198852,3186.198852,238.3978394,51.29783936,51.29783936,238.3978394,366.0978394,685.552624484
S007,A,0.3,25,rated_payload_limited,3.15,1.77756344482,2.01797249109,2.01797249109,25,4534.717375,4534.717375,384.273175,163.473175,163.473175,384.273175,511.973175,1157.46688583
S007,B,0.3,30,rated_payload_limited,2.8,1.43033692627,1.95981561942,1.95981561942,30,4534.717375,4534.717375,384.273175,163.473175,163.473175,384.273175,511.973175,1006.30964
S007,C,0.3,80,rated_payload_limited,5.6,2.93545326153,4.67961017039,4.67961017039,80,4534.717375,4534.717375,384.273175,163.473175,163.473175,384.273175,511.973175,1097.60069833
S008,A,0.3,14.2135523612,energy_limited,3.15,3.00043718224,3.38719045973,3.15,25,8079.110449,8079.110449,245.2093323,102.0093323,102.0093323,245.2093323,372.9093323,1601.14542887
S008,B,0.3,21.0010920275,energy_limited,2.8,2.39370630456,3.28715724997,2.8,30,8079.110449,8079.110449,245.2093323,102.0093323,102.0093323,245.2093323,372.9093323,1331.84174724
S008,C,0.3,36.8133742029,energy_limited,5.6,5.06358632917,8.03799840697,5.6,80,8079.110449,8079.110449,245.2093323,102.0093323,102.0093323,245.2093323,372.9093323,1389.71152467
S009,A,0.3,25,rated_payload_limited,3.15,2.11449348264,2.38688881319,2.38688881319,25,5705.303447,5705.303447,165.5289124,63.22891235,63.22891235,165.5289124,293.2289124,1118.63964598
S009,B,0.3,30,rated_payload_limited,2.8,1.68634349503,2.31641401773,2.31641401773,30,5705.303447,5705.303447,165.5289124,63.22891235,63.22891235,165.5289124,293.2289124,928.462864417
S009,C,0.3,79.1521053246,energy_limited,5.6,3.57145366019,5.66961266921,5.6,80,5705.303447,5705.303447,165.5289124,63.22891235,63.22891235,165.5289124,293.2289124,966.589168542
S010,A,0.3,25,rated_payload_limited,3.15,1.82629300362,2.0707297629,2.0707297629,25,4784.674506,4784.674506,307.9365356,84.03653564,84.03653564,307.9365356,435.6365356,1084.89266991
S010,B,0.3,30,rated_payload_limited,2.8,1.46344502735,2.01104041223,2.01104041223,30,4784.674506,4784.674506,307.9365356,84.03653564,84.03653564,307.9365356,435.6365356,925.403519709
S010,C,0.3,80,rated_payload_limited,5.6,3.04807696181,4.85885692633,4.85885692633,80,4784.674506,4784.674506,307.9365356,84.03653564,84.03653564,307.9365356,435.6365356,990.732364916
S011,A,0.3,25,rated_payload_limited,3.15,1.07737291221,1.21959611273,1.21959611273,25,2808.106412,2808.106412,167.6617554,83.26175537,83.26175537,167.6617554,295.3617554,652.028309898
S011,B,0.3,30,rated_payload_limited,2.8,0.864023964183,1.1839226027,1.1839226027,30,2808.106412,2808.106412,167.6617554,83.26175537,83.26175537,167.6617554,295.3617554,558.424762831
S011,C,0.3,80,rated_payload_limited,5.6,1.79442515305,2.85321027055,2.85321027055,80,2808.106412,2808.106412,167.6617554,83.26175537,83.26175537,167.6617554,295.3617554,600.24534796
S012,A,0.3,25,rated_payload_limited,3.15,2.77180546523,3.13142055533,3.13142055533,25,7391.140163,7391.140163,285.6009949,133.5009949,133.5009949,285.6009949,413.3009949,1539.19815302
S012,B,0.3,25.9803132047,energy_limited,2.8,2.21482112408,3.039145538,2.8,30,7391.140163,7391.140163,285.6009949,133.5009949,133.5009949,285.6009949,413.3009949,1292.82681425
S012,C,0.3,51.7445041623,energy_limited,5.6,4.65923038872,7.39890429565,5.6,80,7391.140163,7391.140163,285.6009949,133.5009949,133.5009949,285.6009949,413.3009949,1362.67714589
S013,A,0.3,25,rated_payload_limited,3.15,1.83030762726,2.07421509617,2.07421509617,25,4849.536855,4849.536855,271.4818237,47.48182373,47.48182373,271.4818237,399.1818237,1042.16281728
S013,B,0.3,30,rated_payload_limited,2.8,1.46402243521,2.0144296422,2.0144296422,30,4849.536855,4849.536855,271.4818237,47.48182373,47.48182373,271.4818237,399.1818237,880.511588782
S013,C,0.3,80,rated_payload_limited,5.6,3.06868405411,4.89171403136,4.89171403136,80,4849.536855,4849.536855,271.4818237,47.48182373,47.48182373,271.4818237,399.1818237,933.672196687
S014,A,0.3,25,rated_payload_limited,3.15,2.13779691217,2.42558723052,2.42558723052,25,5419.5363,5419.5363,464.2473877,240.9473877,240.9473877,464.2473877,591.9473877,1420.39888529
S014,B,0.3,30,rated_payload_limited,2.8,1.72186251244,2.35522053783,2.35522053783,30,5419.5363,5419.5363,464.2473877,240.9473877,240.9473877,464.2473877,591.9473877,1239.74767529
S014,C,0.3,79.9058794738,energy_limited,5.6,3.52159630022,5.60758666095,5.6,80,5419.5363,5419.5363,464.2473877,240.9473877,240.9473877,464.2473877,591.9473877,1357.28013786
S015,A,0.3,25,rated_payload_limited,3.15,2.30689938866,2.61934426755,2.61934426755,25,6009.764892,6009.764892,444.0992554,97.29925537,97.29925537,444.0992554,571.7992554,1398.65305656
S015,B,0.3,30,rated_payload_limited,2.8,1.85021799472,2.5445279265,2.5445279265,30,6009.764892,6009.764892,444.0992554,97.29925537,97.29925537,444.0992554,571.7992554,1198.32756016
S015,C,0.3,73.0038609971,energy_limited,5.6,3.84149604983,6.13326501752,5.6,80,6009.764892,6009.764892,444.0992554,97.29925537,97.29925537,444.0992554,571.7992554,1288.56064529
S001,A,0.305,25,rated_payload_limited,3.1275,1.16153051602,1.31271024158,1.31271024158,25,3054.023608,3054.023608,145.3566101,89.05661011,89.05661011,145.3566101,273.0566101,680.906962821
S001,B,0.305,30,rated_payload_limited,2.78,0.930225761055,1.27394097204,1.27394097204,30,3054.023608,3054.023608,145.3566101,89.05661011,89.05661011,145.3566101,273.0566101,579.106175887
S001,C,0.305,80,rated_payload_limited,5.56,1.94139247193,3.08170436114,3.08170436114,80,3054.023608,3054.023608,145.3566101,89.05661011,89.05661011,145.3566101,273.0566101,618.175045922
S002,A,0.305,25,rated_payload_limited,3.1275,2.73984663737,3.09050972759,3.09050972759,25,7411.533814,7411.533814,181.2542542,89.45425415,89.45425415,181.2542542,308.9542542,1433.77520846
S002,B,0.305,26.3625103443,energy_limited,2.78,2.18415452088,2.99882031183,2.78,30,7411.533814,7411.533814,181.2542542,89.45425415,89.45425415,181.2542542,308.9542542,1186.72408132
S002,C,0.305,51.8727916091,energy_limited,5.56,4.6325359292,7.34794754861,5.56,80,7411.533814,7411.533814,181.2542542,89.45425415,89.45425415,181.2542542,308.9542542,1231.84216605
S003,A,0.305,23.8407021319,energy_limited,3.1275,2.7890857722,3.15701804891,3.1275,25,7263.826968,7263.826968,434.1041382,223.3041382,223.3041382,434.1041382,561.8041382,1692.73723069
S003,B,0.305,24.9983155626,energy_limited,2.78,2.23705090717,3.06459015809,2.78,30,7263.826968,7263.826968,434.1041382,223.3041382,223.3041382,434.1041382,561.8041382,1450.60966509
S003,C,0.305,50.6768176452,energy_limited,5.56,4.64390670284,7.38282653444,5.56,80,7263.826968,7263.826968,434.1041382,223.3041382,223.3041382,434.1041382,561.8041382,1560.17771116
S004,A,0.305,19.0978114735,energy_limited,3.1275,2.89394171155,3.26669153411,3.1275,25,7714.681646,7714.681646,270.5391663,169.9391663,169.9391663,270.5391663,398.2391663,1608.79771824
S004,B,0.305,22.971462815,energy_limited,2.78,2.31251848078,3.16979849246,2.78,30,7714.681646,7714.681646,270.5391663,169.9391663,169.9391663,270.5391663,398.2391663,1351.64166337
S004,C,0.305,43.4287501432,energy_limited,5.56,4.86398606465,7.71524423837,5.56,80,7714.681646,7714.681646,270.5391663,169.9391663,169.9391663,270.5391663,398.2391663,1425.05471881
S005,A,0.305,25,rated_payload_limited,3.1275,1.98844309239,2.24486501136,2.24486501136,25,5280.593369,5280.593369,198.7108887,131.4108887,131.4108887,198.7108887,326.4108887,1122.18819826
S005,B,0.305,30,rated_payload_limited,2.78,1.58992547929,2.1782576011,2.1782576011,30,5280.593369,5280.593369,198.7108887,131.4108887,131.4108887,198.7108887,326.4108887,946.168419293
S005,C,0.305,80,rated_payload_limited,5.56,3.33690049967,5.29264281489,5.29264281489,80,5280.593369,5280.593369,198.7108887,131.4108887,131.4108887,198.7108887,326.4108887,1001.18871553
S006,A,0.305,25,rated_payload_limited,3.1275,1.22375461487,1.38968260036,1.38968260036,25,3186.198852,3186.198852,238.3978394,51.29783936,51.29783936,238.3978394,366.0978394,743.476639757
S006,B,0.305,30,rated_payload_limited,2.78,0.981585340998,1.35002263401,1.35002263401,30,3186.198852,3186.198852,238.3978394,51.29783936,51.29783936,238.3978394,366.0978394,637.270011357
S006,C,0.305,80,rated_payload_limited,5.56,2.0373511789,3.25327178824,3.25327178824,80,3186.198852,3186.198852,238.3978394,51.29783936,51.29783936,238.3978394,366.0978394,685.552624484
S007,A,0.305,25,rated_payload_limited,3.1275,1.77756344482,2.01797249109,2.01797249109,25,4534.717375,4534.717375,384.273175,163.473175,163.473175,384.273175,511.973175,1157.46688583
S007,B,0.305,30,rated_payload_limited,2.78,1.43033692627,1.95981561942,1.95981561942,30,4534.717375,4534.717375,384.273175,163.473175,163.473175,384.273175,511.973175,1006.30964
S007,C,0.305,80,rated_payload_limited,5.56,2.93545326153,4.67961017039,4.67961017039,80,4534.717375,4534.717375,384.273175,163.473175,163.473175,384.273175,511.973175,1097.60069833
S008,A,0.305,12.8134987147,energy_limited,3.1275,3.00043718224,3.38719045973,3.1275,25,8079.110449,8079.110449,245.2093323,102.0093323,102.0093323,245.2093323,372.9093323,1601.14542887
S008,B,0.305,20.4622047001,energy_limited,2.78,2.39370630456,3.28715724997,2.78,30,8079.110449,8079.110449,245.2093323,102.0093323,102.0093323,245.2093323,372.9093323,1331.84174724
S008,C,0.305,35.2098028681,energy_limited,5.56,5.06358632917,8.03799840697,5.56,80,8079.110449,8079.110449,245.2093323,102.0093323,102.0093323,245.2093323,372.9093323,1389.71152467
S009,A,0.305,25,rated_payload_limited,3.1275,2.11449348264,2.38688881319,2.38688881319,25,5705.303447,5705.303447,165.5289124,63.22891235,63.22891235,165.5289124,293.2289124,1118.63964598
S009,B,0.305,30,rated_payload_limited,2.78,1.68634349503,2.31641401773,2.31641401773,30,5705.303447,5705.303447,165.5289124,63.22891235,63.22891235,165.5289124,293.2289124,928.462864417
S009,C,0.305,78.6485430735,energy_limited,5.56,3.57145366019,5.66961266921,5.56,80,5705.303447,5705.303447,165.5289124,63.22891235,63.22891235,165.5289124,293.2289124,966.589168542
S010,A,0.305,25,rated_payload_limited,3.1275,1.82629300362,2.0707297629,2.0707297629,25,4784.674506,4784.674506,307.9365356,84.03653564,84.03653564,307.9365356,435.6365356,1084.89266991
S010,B,0.305,30,rated_payload_limited,2.78,1.46344502735,2.01104041223,2.01104041223,30,4784.674506,4784.674506,307.9365356,84.03653564,84.03653564,307.9365356,435.6365356,925.403519709
S010,C,0.305,80,rated_payload_limited,5.56,3.04807696181,4.85885692633,4.85885692633,80,4784.674506,4784.674506,307.9365356,84.03653564,84.03653564,307.9365356,435.6365356,990.732364916
S011,A,0.305,25,rated_payload_limited,3.1275,1.07737291221,1.21959611273,1.21959611273,25,2808.106412,2808.106412,167.6617554,83.26175537,83.26175537,167.6617554,295.3617554,652.028309898
S011,B,0.305,30,rated_payload_limited,2.78,0.864023964183,1.1839226027,1.1839226027,30,2808.106412,2808.106412,167.6617554,83.26175537,83.26175537,167.6617554,295.3617554,558.424762831
S011,C,0.305,80,rated_payload_limited,5.56,1.79442515305,2.85321027055,2.85321027055,80,2808.106412,2808.106412,167.6617554,83.26175537,83.26175537,167.6617554,295.3617554,600.24534796
S012,A,0.305,24.8488118128,energy_limited,3.1275,2.77180546523,3.13142055533,3.1275,25,7391.140163,7391.140163,285.6009949,133.5009949,133.5009949,285.6009949,413.3009949,1539.19815302
S012,B,0.305,25.5757109738,energy_limited,2.78,2.21482112408,3.039145538,2.78,30,7391.140163,7391.140163,285.6009949,133.5009949,133.5009949,285.6009949,413.3009949,1292.82681425
S012,C,0.305,50.6360050276,energy_limited,5.56,4.65923038872,7.39890429565,5.56,80,7391.140163,7391.140163,285.6009949,133.5009949,133.5009949,285.6009949,413.3009949,1362.67714589
S013,A,0.305,25,rated_payload_limited,3.1275,1.83030762726,2.07421509617,2.07421509617,25,4849.536855,4849.536855,271.4818237,47.48182373,47.48182373,271.4818237,399.1818237,1042.16281728
S013,B,0.305,30,rated_payload_limited,2.78,1.46402243521,2.0144296422,2.0144296422,30,4849.536855,4849.536855,271.4818237,47.48182373,47.48182373,271.4818237,399.1818237,880.511588782
S013,C,0.305,80,rated_payload_limited,5.56,3.06868405411,4.89171403136,4.89171403136,80,4849.536855,4849.536855,271.4818237,47.48182373,47.48182373,271.4818237,399.1818237,933.672196687
S014,A,0.305,25,rated_payload_limited,3.1275,2.13779691217,2.42558723052,2.42558723052,25,5419.5363,5419.5363,464.2473877,240.9473877,240.9473877,464.2473877,591.9473877,1420.39888529
S014,B,0.305,30,rated_payload_limited,2.78,1.72186251244,2.35522053783,2.35522053783,30,5419.5363,5419.5363,464.2473877,240.9473877,240.9473877,464.2473877,591.9473877,1239.74767529
S014,C,0.305,79.4023838858,energy_limited,5.56,3.52159630022,5.60758666095,5.56,80,5419.5363,5419.5363,464.2473877,240.9473877,240.9473877,464.2473877,591.9473877,1357.28013786
S015,A,0.305,25,rated_payload_limited,3.1275,2.30689938866,2.61934426755,2.61934426755,25,6009.764892,6009.764892,444.0992554,97.29925537,97.29925537,444.0992554,571.7992554,1398.65305656
S015,B,0.305,30,rated_payload_limited,2.78,1.85021799472,2.5445279265,2.5445279265,30,6009.764892,6009.764892,444.0992554,97.29925537,97.29925537,444.0992554,571.7992554,1198.32756016
S015,C,0.305,72.380650309,energy_limited,5.56,3.84149604983,6.13326501752,5.56,80,6009.764892,6009.764892,444.0992554,97.29925537,97.29925537,444.0992554,571.7992554,1288.56064529
S001,A,0.31,25,rated_payload_limited,3.105,1.16153051602,1.31271024158,1.31271024158,25,3054.023608,3054.023608,145.3566101,89.05661011,89.05661011,145.3566101,273.0566101,680.906962821
S001,B,0.31,30,rated_payload_limited,2.76,0.930225761055,1.27394097204,1.27394097204,30,3054.023608,3054.023608,145.3566101,89.05661011,89.05661011,145.3566101,273.0566101,579.106175887
S001,C,0.31,80,rated_payload_limited,5.52,1.94139247193,3.08170436114,3.08170436114,80,3054.023608,3054.023608,145.3566101,89.05661011,89.05661011,145.3566101,273.0566101,618.175045922
S002,A,0.31,25,rated_payload_limited,3.105,2.73984663737,3.09050972759,3.09050972759,25,7411.533814,7411.533814,181.2542542,89.45425415,89.45425415,181.2542542,308.9542542,1433.77520846
S002,B,0.31,25.9680201047,energy_limited,2.76,2.18415452088,2.99882031183,2.76,30,7411.533814,7411.533814,181.2542542,89.45425415,89.45425415,181.2542542,308.9542542,1186.72408132
S002,C,0.31,50.7594753452,energy_limited,5.52,4.6325359292,7.34794754861,5.52,80,7411.533814,7411.533814,181.2542542,89.45425415,89.45425415,181.2542542,308.9542542,1231.84216605
S003,A,0.31,22.9130519702,energy_limited,3.105,2.7890857722,3.15701804891,3.105,25,7263.826968,7263.826968,434.1041382,223.3041382,223.3041382,434.1041382,561.8041382,1692.73723069
S003,B,0.31,24.5594299513,energy_limited,2.76,2.23705090717,3.06459015809,2.76,30,7263.826968,7263.826968,434.1041382,223.3041382,223.3041382,434.1041382,561.8041382,1450.60966509
S003,C,0.31,49.529722996,energy_limited,5.52,4.64390670284,7.38282653444,5.52,80,7263.826968,7263.826968,434.1041382,223.3041382,223.3041382,434.1041382,561.8041382,1560.17771116
S004,A,0.31,17.9659240435,energy_limited,3.105,2.89394171155,3.26669153411,3.105,25,7714.681646,7714.681646,270.5391663,169.9391663,169.9391663,270.5391663,398.2391663,1608.79771824
S004,B,0.31,22.4832465471,energy_limited,2.76,2.31251848078,3.16979849246,2.76,30,7714.681646,7714.681646,270.5391663,169.9391663,169.9391663,270.5391663,398.2391663,1351.64166337
S004,C,0.31,42.0548511724,energy_limited,5.52,4.86398606465,7.71524423837,5.52,80,7714.681646,7714.681646,270.5391663,169.9391663,169.9391663,270.5391663,398.2391663,1425.05471881
S005,A,0.31,25,rated_payload_limited,3.105,1.98844309239,2.24486501136,2.24486501136,25,5280.593369,5280.593369,198.7108887,131.4108887,131.4108887,198.7108887,326.4108887,1122.18819826
S005,B,0.31,30,rated_payload_limited,2.76,1.58992547929,2.1782576011,2.1782576011,30,5280.593369,5280.593369,198.7108887,131.4108887,131.4108887,198.7108887,326.4108887,946.168419293
S005,C,0.31,80,rated_payload_limited,5.52,3.33690049967,5.29264281489,5.29264281489,80,5280.593369,5280.593369,198.7108887,131.4108887,131.4108887,198.7108887,326.4108887,1001.18871553
S006,A,0.31,25,rated_payload_limited,3.105,1.22375461487,1.38968260036,1.38968260036,25,3186.198852,3186.198852,238.3978394,51.29783936,51.29783936,238.3978394,366.0978394,743.476639757
S006,B,0.31,30,rated_payload_limited,2.76,0.981585340998,1.35002263401,1.35002263401,30,3186.198852,3186.198852,238.3978394,51.29783936,51.29783936,238.3978394,366.0978394,637.270011357
S006,C,0.31,80,rated_payload_limited,5.52,2.0373511789,3.25327178824,3.25327178824,80,3186.198852,3186.198852,238.3978394,51.29783936,51.29783936,238.3978394,366.0978394,685.552624484
S007,A,0.31,25,rated_payload_limited,3.105,1.77756344482,2.01797249109,2.01797249109,25,4534.717375,4534.717375,384.273175,163.473175,163.473175,384.273175,511.973175,1157.46688583
S007,B,0.31,30,rated_payload_limited,2.76,1.43033692627,1.95981561942,1.95981561942,30,4534.717375,4534.717375,384.273175,163.473175,163.473175,384.273175,511.973175,1006.30964
S007,C,0.31,80,rated_payload_limited,5.52,2.93545326153,4.67961017039,4.67961017039,80,4534.717375,4534.717375,384.273175,163.473175,163.473175,384.273175,511.973175,1097.60069833
S008,A,0.31,11.2983227774,energy_limited,3.105,3.00043718224,3.38719045973,3.105,25,8079.110449,8079.110449,245.2093323,102.0093323,102.0093323,245.2093323,372.9093323,1601.14542887
S008,B,0.31,19.9024147043,energy_limited,2.76,2.39370630456,3.28715724997,2.76,30,8079.110449,8079.110449,245.2093323,102.0093323,102.0093323,245.2093323,372.9093323,1331.84174724
S008,C,0.31,33.5281323002,energy_limited,5.52,5.06358632917,8.03799840697,5.52,80,8079.110449,8079.110449,245.2093323,102.0093323,102.0093323,245.2093323,372.9093323,1389.71152467
S009,A,0.31,25,rated_payload_limited,3.105,2.11449348264,2.38688881319,2.38688881319,25,5705.303447,5705.303447,165.5289124,63.22891235,63.22891235,165.5289124,293.2289124,1118.63964598
S009,B,0.31,30,rated_payload_limited,2.76,1.68634349503,2.31641401773,2.31641401773,30,5705.303447,5705.303447,165.5289124,63.22891235,63.22891235,165.5289124,293.2289124,928.462864417
S009,C,0.31,78.1324787145,energy_limited,5.52,3.57145366019,5.66961266921,5.52,80,5705.303447,5705.303447,165.5289124,63.22891235,63.22891235,165.5289124,293.2289124,966.589168542
S010,A,0.31,25,rated_payload_limited,3.105,1.82629300362,2.0707297629,2.0707297629,25,4784.674506,4784.674506,307.9365356,84.03653564,84.03653564,307.9365356,435.6365356,1084.89266991
S010,B,0.31,30,rated_payload_limited,2.76,1.46344502735,2.01104041223,2.01104041223,30,4784.674506,4784.674506,307.9365356,84.03653564,84.03653564,307.9365356,435.6365356,925.403519709
S010,C,0.31,80,rated_payload_limited,5.52,3.04807696181,4.85885692633,4.85885692633,80,4784.674506,4784.674506,307.9365356,84.03653564,84.03653564,307.9365356,435.6365356,990.732364916
S011,A,0.31,25,rated_payload_limited,3.105,1.07737291221,1.21959611273,1.21959611273,25,2808.106412,2808.106412,167.6617554,83.26175537,83.26175537,167.6617554,295.3617554,652.028309898
S011,B,0.31,30,rated_payload_limited,2.76,0.864023964183,1.1839226027,1.1839226027,30,2808.106412,2808.106412,167.6617554,83.26175537,83.26175537,167.6617554,295.3617554,558.424762831
S011,C,0.31,80,rated_payload_limited,5.52,1.79442515305,2.85321027055,2.85321027055,80,2808.106412,2808.106412,167.6617554,83.26175537,83.26175537,167.6617554,295.3617554,600.24534796
S012,A,0.31,23.9593604089,energy_limited,3.105,2.77180546523,3.13142055533,3.105,25,7391.140163,7391.140163,285.6009949,133.5009949,133.5009949,285.6009949,413.3009949,1539.19815302
S012,B,0.31,25.1580095971,energy_limited,2.76,2.21482112408,3.039145538,2.76,30,7391.140163,7391.140163,285.6009949,133.5009949,133.5009949,285.6009949,413.3009949,1292.82681425
S012,C,0.31,49.4881305873,energy_limited,5.52,4.65923038872,7.39890429565,5.52,80,7391.140163,7391.140163,285.6009949,133.5009949,133.5009949,285.6009949,413.3009949,1362.67714589
S013,A,0.31,25,rated_payload_limited,3.105,1.83030762726,2.07421509617,2.07421509617,25,4849.536855,4849.536855,271.4818237,47.48182373,47.48182373,271.4818237,399.1818237,1042.16281728
S013,B,0.31,30,rated_payload_limited,2.76,1.46402243521,2.0144296422,2.0144296422,30,4849.536855,4849.536855,271.4818237,47.48182373,47.48182373,271.4818237,399.1818237,880.511588782
S013,C,0.31,80,rated_payload_limited,5.52,3.06868405411,4.89171403136,4.89171403136,80,4849.536855,4849.536855,271.4818237,47.48182373,47.48182373,271.4818237,399.1818237,933.672196687
S014,A,0.31,25,rated_payload_limited,3.105,2.13779691217,2.42558723052,2.42558723052,25,5419.5363,5419.5363,464.2473877,240.9473877,240.9473877,464.2473877,591.9473877,1420.39888529
S014,B,0.31,30,rated_payload_limited,2.76,1.72186251244,2.35522053783,2.35522053783,30,5419.5363,5419.5363,464.2473877,240.9473877,240.9473877,464.2473877,591.9473877,1239.74767529
S014,C,0.31,78.8863604775,energy_limited,5.52,3.52159630022,5.60758666095,5.52,80,5419.5363,5419.5363,464.2473877,240.9473877,240.9473877,464.2473877,591.9473877,1357.28013786
S015,A,0.31,25,rated_payload_limited,3.105,2.30689938866,2.61934426755,2.61934426755,25,6009.764892,6009.764892,444.0992554,97.29925537,97.29925537,444.0992554,571.7992554,1398.65305656
S015,B,0.31,30,rated_payload_limited,2.76,1.85021799472,2.5445279265,2.5445279265,30,6009.764892,6009.764892,444.0992554,97.29925537,97.29925537,444.0992554,571.7992554,1198.32756016
S015,C,0.31,71.7408652982,energy_limited,5.52,3.84149604983,6.13326501752,5.52,80,6009.764892,6009.764892,444.0992554,97.29925537,97.29925537,444.0992554,571.7992554,1288.56064529
S001,A,0.315,25,rated_payload_limited,3.0825,1.16153051602,1.31271024158,1.31271024158,25,3054.023608,3054.023608,145.3566101,89.05661011,89.05661011,145.3566101,273.0566101,680.906962821
S001,B,0.315,30,rated_payload_limited,2.74,0.930225761055,1.27394097204,1.27394097204,30,3054.023608,3054.023608,145.3566101,89.05661011,89.05661011,145.3566101,273.0566101,579.106175887
S001,C,0.315,80,rated_payload_limited,5.48,1.94139247193,3.08170436114,3.08170436114,80,3054.023608,3054.023608,145.3566101,89.05661011,89.05661011,145.3566101,273.0566101,618.175045922
S002,A,0.315,24.6859474684,energy_limited,3.0825,2.73984663737,3.09050972759,3.0825,25,7411.533814,7411.533814,181.2542542,89.45425415,89.45425415,181.2542542,308.9542542,1433.77520846
S002,B,0.315,25.5608328542,energy_limited,2.74,2.18415452088,2.99882031183,2.74,30,7411.533814,7411.533814,181.2542542,89.45425415,89.45425415,181.2542542,308.9542542,1186.72408132
S002,C,0.315,49.6059227762,energy_limited,5.48,4.6325359292,7.34794754861,5.48,80,7411.533814,7411.533814,181.2542542,89.45425415,89.45425415,181.2542542,308.9542542,1231.84216605
S003,A,0.315,21.943806109,energy_limited,3.0825,2.7890857722,3.15701804891,3.0825,25,7263.826968,7263.826968,434.1041382,223.3041382,223.3041382,434.1041382,561.8041382,1692.73723069
S003,B,0.315,24.1057408383,energy_limited,2.74,2.23705090717,3.06459015809,2.74,30,7263.826968,7263.826968,434.1041382,223.3041382,223.3041382,434.1041382,561.8041382,1450.60966509
S003,C,0.315,48.3415789059,energy_limited,5.48,4.64390670284,7.38282653444,5.48,80,7263.826968,7263.826968,434.1041382,223.3041382,223.3041382,434.1041382,561.8041382,1560.17771116
S004,A,0.315,16.768521865,energy_limited,3.0825,2.89394171155,3.26669153411,3.0825,25,7714.681646,7714.681646,270.5391663,169.9391663,169.9391663,270.5391663,398.2391663,1608.79771824
S004,B,0.315,21.9773043017,energy_limited,2.74,2.31251848078,3.16979849246,2.74,30,7714.681646,7714.681646,270.5391663,169.9391663,169.9391663,270.5391663,398.2391663,1351.64166337
S004,C,0.315,40.6234734708,energy_limited,5.48,4.86398606465,7.71524423837,5.48,80,7714.681646,7714.681646,270.5391663,169.9391663,169.9391663,270.5391663,398.2391663,1425.05471881
S005,A,0.315,25,rated_payload_limited,3.0825,1.98844309239,2.24486501136,2.24486501136,25,5280.593369,5280.593369,198.7108887,131.4108887,131.4108887,198.7108887,326.4108887,1122.18819826
S005,B,0.315,30,rated_payload_limited,2.74,1.58992547929,2.1782576011,2.1782576011,30,5280.593369,5280.593369,198.7108887,131.4108887,131.4108887,198.7108887,326.4108887,946.168419293
S005,C,0.315,80,rated_payload_limited,5.48,3.33690049967,5.29264281489,5.29264281489,80,5280.593369,5280.593369,198.7108887,131.4108887,131.4108887,198.7108887,326.4108887,1001.18871553
S006,A,0.315,25,rated_payload_limited,3.0825,1.22375461487,1.38968260036,1.38968260036,25,3186.198852,3186.198852,238.3978394,51.29783936,51.29783936,238.3978394,366.0978394,743.476639757
S006,B,0.315,30,rated_payload_limited,2.74,0.981585340998,1.35002263401,1.35002263401,30,3186.198852,3186.198852,238.3978394,51.29783936,51.29783936,238.3978394,366.0978394,637.270011357
S006,C,0.315,80,rated_payload_limited,5.48,2.0373511789,3.25327178824,3.25327178824,80,3186.198852,3186.198852,238.3978394,51.29783936,51.29783936,238.3978394,366.0978394,685.552624484
S007,A,0.315,25,rated_payload_limited,3.0825,1.77756344482,2.01797249109,2.01797249109,25,4534.717375,4534.717375,384.273175,163.473175,163.473175,384.273175,511.973175,1157.46688583
S007,B,0.315,30,rated_payload_limited,2.74,1.43033692627,1.95981561942,1.95981561942,30,4534.717375,4534.717375,384.273175,163.473175,163.473175,384.273175,511.973175,1006.30964
S007,C,0.315,80,rated_payload_limited,5.48,2.93545326153,4.67961017039,4.67961017039,80,4534.717375,4534.717375,384.273175,163.473175,163.473175,384.273175,511.973175,1097.60069833
S008,A,0.315,9.63802720903,energy_limited,3.0825,3.00043718224,3.38719045973,3.0825,25,8079.110449,8079.110449,245.2093323,102.0093323,102.0093323,245.2093323,372.9093323,1601.14542887
S008,B,0.315,19.3202385503,energy_limited,2.74,2.39370630456,3.28715724997,2.74,30,8079.110449,8079.110449,245.2093323,102.0093323,102.0093323,245.2093323,372.9093323,1331.84174724
S008,C,0.315,31.7601578569,energy_limited,5.48,5.06358632917,8.03799840697,5.48,80,8079.110449,8079.110449,245.2093323,102.0093323,102.0093323,245.2093323,372.9093323,1389.71152467
S009,A,0.315,25,rated_payload_limited,3.0825,2.11449348264,2.38688881319,2.38688881319,25,5705.303447,5705.303447,165.5289124,63.22891235,63.22891235,165.5289124,293.2289124,1118.63964598
S009,B,0.315,30,rated_payload_limited,2.74,1.68634349503,2.31641401773,2.31641401773,30,5705.303447,5705.303447,165.5289124,63.22891235,63.22891235,165.5289124,293.2289124,928.462864417
S009,C,0.315,77.6034303935,energy_limited,5.48,3.57145366019,5.66961266921,5.48,80,5705.303447,5705.303447,165.5289124,63.22891235,63.22891235,165.5289124,293.2289124,966.589168542
S010,A,0.315,25,rated_payload_limited,3.0825,1.82629300362,2.0707297629,2.0707297629,25,4784.674506,4784.674506,307.9365356,84.03653564,84.03653564,307.9365356,435.6365356,1084.89266991
S010,B,0.315,30,rated_payload_limited,2.74,1.46344502735,2.01104041223,2.01104041223,30,4784.674506,4784.674506,307.9365356,84.03653564,84.03653564,307.9365356,435.6365356,925.403519709
S010,C,0.315,80,rated_payload_limited,5.48,3.04807696181,4.85885692633,4.85885692633,80,4784.674506,4784.674506,307.9365356,84.03653564,84.03653564,307.9365356,435.6365356,990.732364916
S011,A,0.315,25,rated_payload_limited,3.0825,1.07737291221,1.21959611273,1.21959611273,25,2808.106412,2808.106412,167.6617554,83.26175537,83.26175537,167.6617554,295.3617554,652.028309898
S011,B,0.315,30,rated_payload_limited,2.74,0.864023964183,1.1839226027,1.1839226027,30,2808.106412,2808.106412,167.6617554,83.26175537,83.26175537,167.6617554,295.3617554,558.424762831
S011,C,0.315,80,rated_payload_limited,5.48,1.79442515305,2.85321027055,2.85321027055,80,2808.106412,2808.106412,167.6617554,83.26175537,83.26175537,167.6617554,295.3617554,600.24534796
S012,A,0.315,23.0305611991,energy_limited,3.0825,2.77180546523,3.13142055533,3.0825,25,7391.140163,7391.140163,285.6009949,133.5009949,133.5009949,285.6009949,413.3009949,1539.19815302
S012,B,0.315,24.7265054738,energy_limited,2.74,2.21482112408,3.039145538,2.74,30,7391.140163,7391.140163,285.6009949,133.5009949,133.5009949,285.6009949,413.3009949,1292.82681425
S012,C,0.315,48.2984312367,energy_limited,5.48,4.65923038872,7.39890429565,5.48,80,7391.140163,7391.140163,285.6009949,133.5009949,133.5009949,285.6009949,413.3009949,1362.67714589
S013,A,0.315,25,rated_payload_limited,3.0825,1.83030762726,2.07421509617,2.07421509617,25,4849.536855,4849.536855,271.4818237,47.48182373,47.48182373,271.4818237,399.1818237,1042.16281728
S013,B,0.315,30,rated_payload_limited,2.74,1.46402243521,2.0144296422,2.0144296422,30,4849.536855,4849.536855,271.4818237,47.48182373,47.48182373,271.4818237,399.1818237,880.511588782
S013,C,0.315,80,rated_payload_limited,5.48,3.06868405411,4.89171403136,4.89171403136,80,4849.536855,4849.536855,271.4818237,47.48182373,47.48182373,271.4818237,399.1818237,933.672196687
S014,A,0.315,25,rated_payload_limited,3.0825,2.13779691217,2.42558723052,2.42558723052,25,5419.5363,5419.5363,464.2473877,240.9473877,240.9473877,464.2473877,591.9473877,1420.39888529
S014,B,0.315,30,rated_payload_limited,2.74,1.72186251244,2.35522053783,2.35522053783,30,5419.5363,5419.5363,464.2473877,240.9473877,240.9473877,464.2473877,591.9473877,1239.74767529
S014,C,0.315,78.3573332692,energy_limited,5.48,3.52159630022,5.60758666095,5.48,80,5419.5363,5419.5363,464.2473877,240.9473877,240.9473877,464.2473877,591.9473877,1357.28013786
S015,A,0.315,25,rated_payload_limited,3.0825,2.30689938866,2.61934426755,2.61934426755,25,6009.764892,6009.764892,444.0992554,97.29925537,97.29925537,444.0992554,571.7992554,1398.65305656
S015,B,0.315,30,rated_payload_limited,2.74,1.85021799472,2.5445279265,2.5445279265,30,6009.764892,6009.764892,444.0992554,97.29925537,97.29925537,444.0992554,571.7992554,1198.32756016
S015,C,0.315,71.0838231923,energy_limited,5.48,3.84149604983,6.13326501752,5.48,80,6009.764892,6009.764892,444.0992554,97.29925537,97.29925537,444.0992554,571.7992554,1288.56064529
S001,A,0.32,25,rated_payload_limited,3.06,1.16153051602,1.31271024158,1.31271024158,25,3054.023608,3054.023608,145.3566101,89.05661011,89.05661011,145.3566101,273.0566101,680.906962821
S001,B,0.32,30,rated_payload_limited,2.72,0.930225761055,1.27394097204,1.27394097204,30,3054.023608,3054.023608,145.3566101,89.05661011,89.05661011,145.3566101,273.0566101,579.106175887
S001,C,0.32,80,rated_payload_limited,5.44,1.94139247193,3.08170436114,3.08170436114,80,3054.023608,3054.023608,145.3566101,89.05661011,89.05661011,145.3566101,273.0566101,618.175045922
S002,A,0.32,23.777249046,energy_limited,3.06,2.73984663737,3.09050972759,3.06,25,7411.533814,7411.533814,181.2542542,89.45425415,89.45425415,181.2542542,308.9542542,1433.77520846
S002,B,0.32,25.1402689952,energy_limited,2.72,2.18415452088,2.99882031183,2.72,30,7411.533814,7411.533814,181.2542542,89.45425415,89.45425415,181.2542542,308.9542542,1186.72408132
S002,C,0.32,48.4095650696,energy_limited,5.44,4.6325359292,7.34794754861,5.44,80,7411.533814,7411.533814,181.2542542,89.45425415,89.45425415,181.2542542,308.9542542,1231.84216605
S003,A,0.32,20.929210214,energy_limited,3.06,2.7890857722,3.15701804891,3.06,25,7263.826968,7263.826968,434.1041382,223.3041382,223.3041382,434.1041382,561.8041382,1692.73723069
S003,B,0.32,23.6364175547,energy_limited,2.72,2.23705090717,3.06459015809,2.72,30,7263.826968,7263.826968,434.1041382,223.3041382,223.3041382,434.1041382,561.8041382,1450.60966509
S003,C,0.32,47.1098237349,energy_limited,5.44,4.64390670284,7.38282653444,5.44,80,7263.826968,7263.826968,434.1041382,223.3041382,223.3041382,434.1041382,561.8041382,1560.17771116
S004,A,0.32,15.4964198612,energy_limited,3.06,2.89394171155,3.26669153411,3.06,25,7714.681646,7714.681646,270.5391663,169.9391663,169.9391663,270.5391663,398.2391663,1608.79771824
S004,B,0.32,21.452511799,energy_limited,2.72,2.31251848078,3.16979849246,2.72,30,7714.681646,7714.681646,270.5391663,169.9391663,169.9391663,270.5391663,398.2391663,1351.64166337
S004,C,0.32,39.1299798894,energy_limited,5.44,4.86398606465,7.71524423837,5.44,80,7714.681646,7714.681646,270.5391663,169.9391663,169.9391663,270.5391663,398.2391663,1425.05471881
S005,A,0.32,25,rated_payload_limited,3.06,1.98844309239,2.24486501136,2.24486501136,25,5280.593369,5280.593369,198.7108887,131.4108887,131.4108887,198.7108887,326.4108887,1122.18819826
S005,B,0.32,30,rated_payload_limited,2.72,1.58992547929,2.1782576011,2.1782576011,30,5280.593369,5280.593369,198.7108887,131.4108887,131.4108887,198.7108887,326.4108887,946.168419293
S005,C,0.32,80,rated_payload_limited,5.44,3.33690049967,5.29264281489,5.29264281489,80,5280.593369,5280.593369,198.7108887,131.4108887,131.4108887,198.7108887,326.4108887,1001.18871553
S006,A,0.32,25,rated_payload_limited,3.06,1.22375461487,1.38968260036,1.38968260036,25,3186.198852,3186.198852,238.3978394,51.29783936,51.29783936,238.3978394,366.0978394,743.476639757
S006,B,0.32,30,rated_payload_limited,2.72,0.981585340998,1.35002263401,1.35002263401,30,3186.198852,3186.198852,238.3978394,51.29783936,51.29783936,238.3978394,366.0978394,637.270011357
S006,C,0.32,80,rated_payload_limited,5.44,2.0373511789,3.25327178824,3.25327178824,80,3186.198852,3186.198852,238.3978394,51.29783936,51.29783936,238.3978394,366.0978394,685.552624484
S007,A,0.32,25,rated_payload_limited,3.06,1.77756344482,2.01797249109,2.01797249109,25,4534.717375,4534.717375,384.273175,163.473175,163.473175,384.273175,511.973175,1157.46688583
S007,B,0.32,30,rated_payload_limited,2.72,1.43033692627,1.95981561942,1.95981561942,30,4534.717375,4534.717375,384.273175,163.473175,163.473175,384.273175,511.973175,1006.30964
S007,C,0.32,80,rated_payload_limited,5.44,2.93545326153,4.67961017039,4.67961017039,80,4534.717375,4534.717375,384.273175,163.473175,163.473175,384.273175,511.973175,1097.60069833
S008,A,0.32,7.7832114125,energy_limited,3.06,3.00043718224,3.38719045973,3.06,25,8079.110449,8079.110449,245.2093323,102.0093323,102.0093323,245.2093323,372.9093323,1601.14542887
S008,B,0.32,18.7140145295,energy_limited,2.72,2.39370630456,3.28715724997,2.72,30,8079.110449,8079.110449,245.2093323,102.0093323,102.0093323,245.2093323,372.9093323,1331.84174724
S008,C,0.32,29.8960020257,energy_limited,5.44,5.06358632917,8.03799840697,5.44,80,8079.110449,8079.110449,245.2093323,102.0093323,102.0093323,245.2093323,372.9093323,1389.71152467
S009,A,0.32,25,rated_payload_limited,3.06,2.11449348264,2.38688881319,2.38688881319,25,5705.303447,5705.303447,165.5289124,63.22891235,63.22891235,165.5289124,293.2289124,1118.63964598
S009,B,0.32,30,rated_payload_limited,2.72,1.68634349503,2.31641401773,2.31641401773,30,5705.303447,5705.303447,165.5289124,63.22891235,63.22891235,165.5289124,293.2289124,928.462864417
S009,C,0.32,77.0608904409,energy_limited,5.44,3.57145366019,5.66961266921,5.44,80,5705.303447,5705.303447,165.5289124,63.22891235,63.22891235,165.5289124,293.2289124,966.589168542
S010,A,0.32,25,rated_payload_limited,3.06,1.82629300362,2.0707297629,2.0707297629,25,4784.674506,4784.674506,307.9365356,84.03653564,84.03653564,307.9365356,435.6365356,1084.89266991
S010,B,0.32,30,rated_payload_limited,2.72,1.46344502735,2.01104041223,2.01104041223,30,4784.674506,4784.674506,307.9365356,84.03653564,84.03653564,307.9365356,435.6365356,925.403519709
S010,C,0.32,80,rated_payload_limited,5.44,3.04807696181,4.85885692633,4.85885692633,80,4784.674506,4784.674506,307.9365356,84.03653564,84.03653564,307.9365356,435.6365356,990.732364916
S011,A,0.32,25,rated_payload_limited,3.06,1.07737291221,1.21959611273,1.21959611273,25,2808.106412,2808.106412,167.6617554,83.26175537,83.26175537,167.6617554,295.3617554,652.028309898
S011,B,0.32,30,rated_payload_limited,2.72,0.864023964183,1.1839226027,1.1839226027,30,2808.106412,2808.106412,167.6617554,83.26175537,83.26175537,167.6617554,295.3617554,558.424762831
S011,C,0.32,80,rated_payload_limited,5.44,1.79442515305,2.85321027055,2.85321027055,80,2808.106412,2808.106412,167.6617554,83.26175537,83.26175537,167.6617554,295.3617554,600.24534796
S012,A,0.32,22.0589492416,energy_limited,3.06,2.77180546523,3.13142055533,3.06,25,7391.140163,7391.140163,285.6009949,133.5009949,133.5009949,285.6009949,413.3009949,1539.19815302
S012,B,0.32,24.2804375105,energy_limited,2.72,2.21482112408,3.039145538,2.72,30,7391.140163,7391.140163,285.6009949,133.5009949,133.5009949,285.6009949,413.3009949,1292.82681425
S012,C,0.32,47.0642098582,energy_limited,5.44,4.65923038872,7.39890429565,5.44,80,7391.140163,7391.140163,285.6009949,133.5009949,133.5009949,285.6009949,413.3009949,1362.67714589
S013,A,0.32,25,rated_payload_limited,3.06,1.83030762726,2.07421509617,2.07421509617,25,4849.536855,4849.536855,271.4818237,47.48182373,47.48182373,271.4818237,399.1818237,1042.16281728
S013,B,0.32,30,rated_payload_limited,2.72,1.46402243521,2.0144296422,2.0144296422,30,4849.536855,4849.536855,271.4818237,47.48182373,47.48182373,271.4818237,399.1818237,880.511588782
S013,C,0.32,80,rated_payload_limited,5.44,3.06868405411,4.89171403136,4.89171403136,80,4849.536855,4849.536855,271.4818237,47.48182373,47.48182373,271.4818237,399.1818237,933.672196687
S014,A,0.32,25,rated_payload_limited,3.06,2.13779691217,2.42558723052,2.42558723052,25,5419.5363,5419.5363,464.2473877,240.9473877,240.9473877,464.2473877,591.9473877,1420.39888529
S014,B,0.32,30,rated_payload_limited,2.72,1.72186251244,2.35522053783,2.35522053783,30,5419.5363,5419.5363,464.2473877,240.9473877,240.9473877,464.2473877,591.9473877,1239.74767529
S014,C,0.32,77.8148015487,energy_limited,5.44,3.52159630022,5.60758666095,5.44,80,5419.5363,5419.5363,464.2473877,240.9473877,240.9473877,464.2473877,591.9473877,1357.28013786
S015,A,0.32,25,rated_payload_limited,3.06,2.30689938866,2.61934426755,2.61934426755,25,6009.764892,6009.764892,444.0992554,97.29925537,97.29925537,444.0992554,571.7992554,1398.65305656
S015,B,0.32,30,rated_payload_limited,2.72,1.85021799472,2.5445279265,2.5445279265,30,6009.764892,6009.764892,444.0992554,97.29925537,97.29925537,444.0992554,571.7992554,1198.32756016
S015,C,0.32,70.4088019362,energy_limited,5.44,3.84149604983,6.13326501752,5.44,80,6009.764892,6009.764892,444.0992554,97.29925537,97.29925537,444.0992554,571.7992554,1288.56064529
S001,A,0.325,25,rated_payload_limited,3.0375,1.16153051602,1.31271024158,1.31271024158,25,3054.023608,3054.023608,145.3566101,89.05661011,89.05661011,145.3566101,273.0566101,680.906962821
S001,B,0.325,30,rated_payload_limited,2.7,0.930225761055,1.27394097204,1.27394097204,30,3054.023608,3054.023608,145.3566101,89.05661011,89.05661011,145.3566101,273.0566101,579.106175887
S001,C,0.325,80,rated_payload_limited,5.4,1.94139247193,3.08170436114,3.08170436114,80,3054.023608,3054.023608,145.3566101,89.05661011,89.05661011,145.3566101,273.0566101,618.175045922
S002,A,0.325,22.8267746526,energy_limited,3.0375,2.73984663737,3.09050972759,3.0375,25,7411.533814,7411.533814,181.2542542,89.45425415,89.45425415,181.2542542,308.9542542,1433.77520846
S002,B,0.325,24.7055936942,energy_limited,2.7,2.18415452088,2.99882031183,2.7,30,7411.533814,7411.533814,181.2542542,89.45425415,89.45425415,181.2542542,308.9542542,1186.72408132
S002,C,0.325,47.1675662737,energy_limited,5.4,4.6325359292,7.34794754861,5.4,80,7411.533814,7411.533814,181.2542542,89.45425415,89.45425415,181.2542542,308.9542542,1231.84216605
S003,A,0.325,19.8648720209,energy_limited,3.0375,2.7890857722,3.15701804891,3.0375,25,7263.826968,7263.826968,434.1041382,223.3041382,223.3041382,434.1041382,561.8041382,1692.73723069
S003,B,0.325,23.1505576825,energy_limited,2.7,2.23705090717,3.06459015809,2.7,30,7263.826968,7263.826968,434.1041382,223.3041382,223.3041382,434.1041382,561.8041382,1450.60966509
S003,C,0.325,45.8316346029,energy_limited,5.4,4.64390670284,7.38282653444,5.4,80,7263.826968,7263.826968,434.1041382,223.3041382,223.3041382,434.1041382,561.8041382,1560.17771116
S004,A,0.325,14.1377252798,energy_limited,3.0375,2.89394171155,3.26669153411,3.0375,25,7714.681646,7714.681646,270.5391663,169.9391663,169.9391663,270.5391663,398.2391663,1608.79771824
S004,B,0.325,20.9076295411,energy_limited,2.7,2.31251848078,3.16979849246,2.7,30,7714.681646,7714.681646,270.5391663,169.9391663,169.9391663,270.5391663,398.2391663,1351.64166337
S004,C,0.325,37.5690658025,energy_limited,5.4,4.86398606465,7.71524423837,5.4,80,7714.681646,7714.681646,270.5391663,169.9391663,169.9391663,270.5391663,398.2391663,1425.05471881
S005,A,0.325,25,rated_payload_limited,3.0375,1.98844309239,2.24486501136,2.24486501136,25,5280.593369,5280.593369,198.7108887,131.4108887,131.4108887,198.7108887,326.4108887,1122.18819826
S005,B,0.325,30,rated_payload_limited,2.7,1.58992547929,2.1782576011,2.1782576011,30,5280.593369,5280.593369,198.7108887,131.4108887,131.4108887,198.7108887,326.4108887,946.168419293
S005,C,0.325,80,rated_payload_limited,5.4,3.33690049967,5.29264281489,5.29264281489,80,5280.593369,5280.593369,198.7108887,131.4108887,131.4108887,198.7108887,326.4108887,1001.18871553
S006,A,0.325,25,rated_payload_limited,3.0375,1.22375461487,1.38968260036,1.38968260036,25,3186.198852,3186.198852,238.3978394,51.29783936,51.29783936,238.3978394,366.0978394,743.476639757
S006,B,0.325,30,rated_payload_limited,2.7,0.981585340998,1.35002263401,1.35002263401,30,3186.198852,3186.198852,238.3978394,51.29783936,51.29783936,238.3978394,366.0978394,637.270011357
S006,C,0.325,80,rated_payload_limited,5.4,2.0373511789,3.25327178824,3.25327178824,80,3186.198852,3186.198852,238.3978394,51.29783936,51.29783936,238.3978394,366.0978394,685.552624484
S007,A,0.325,25,rated_payload_limited,3.0375,1.77756344482,2.01797249109,2.01797249109,25,4534.717375,4534.717375,384.273175,163.473175,163.473175,384.273175,511.973175,1157.46688583
S007,B,0.325,30,rated_payload_limited,2.7,1.43033692627,1.95981561942,1.95981561942,30,4534.717375,4534.717375,384.273175,163.473175,163.473175,384.273175,511.973175,1006.30964
S007,C,0.325,80,rated_payload_limited,5.4,2.93545326153,4.67961017039,4.67961017039,80,4534.717375,4534.717375,384.273175,163.473175,163.473175,384.273175,511.973175,1097.60069833
S008,A,0.325,5.63815658802,energy_limited,3.0375,3.00043718224,3.38719045973,3.0375,25,8079.110449,8079.110449,245.2093323,102.0093323,102.0093323,245.2093323,372.9093323,1601.14542887
S008,B,0.325,18.0818691411,energy_limited,2.7,2.39370630456,3.28715724997,2.7,30,8079.110449,8079.110449,245.2093323,102.0093323,102.0093323,245.2093323,372.9093323,1331.84174724
S008,C,0.325,27.9235419857,energy_limited,5.4,5.06358632917,8.03799840697,5.4,80,8079.110449,8079.110449,245.2093323,102.0093323,102.0093323,245.2093323,372.9093323,1389.71152467
S009,A,0.325,25,rated_payload_limited,3.0375,2.11449348264,2.38688881319,2.38688881319,25,5705.303447,5705.303447,165.5289124,63.22891235,63.22891235,165.5289124,293.2289124,1118.63964598
S009,B,0.325,30,rated_payload_limited,2.7,1.68634349503,2.31641401773,2.31641401773,30,5705.303447,5705.303447,165.5289124,63.22891235,63.22891235,165.5289124,293.2289124,928.462864417
S009,C,0.325,76.5043235551,energy_limited,5.4,3.57145366019,5.66961266921,5.4,80,5705.303447,5705.303447,165.5289124,63.22891235,63.22891235,165.5289124,293.2289124,966.589168542
S010,A,0.325,25,rated_payload_limited,3.0375,1.82629300362,2.0707297629,2.0707297629,25,4784.674506,4784.674506,307.9365356,84.03653564,84.03653564,307.9365356,435.6365356,1084.89266991
S010,B,0.325,30,rated_payload_limited,2.7,1.46344502735,2.01104041223,2.01104041223,30,4784.674506,4784.674506,307.9365356,84.03653564,84.03653564,307.9365356,435.6365356,925.403519709
S010,C,0.325,80,rated_payload_limited,5.4,3.04807696181,4.85885692633,4.85885692633,80,4784.674506,4784.674506,307.9365356,84.03653564,84.03653564,307.9365356,435.6365356,990.732364916
S011,A,0.325,25,rated_payload_limited,3.0375,1.07737291221,1.21959611273,1.21959611273,25,2808.106412,2808.106412,167.6617554,83.26175537,83.26175537,167.6617554,295.3617554,652.028309898
S011,B,0.325,30,rated_payload_limited,2.7,0.864023964183,1.1839226027,1.1839226027,30,2808.106412,2808.106412,167.6617554,83.26175537,83.26175537,167.6617554,295.3617554,558.424762831
S011,C,0.325,80,rated_payload_limited,5.4,1.79442515305,2.85321027055,2.85321027055,80,2808.106412,2808.106412,167.6617554,83.26175537,83.26175537,167.6617554,295.3617554,600.24534796
S012,A,0.325,21.0404983768,energy_limited,3.0375,2.77180546523,3.13142055533,3.0375,25,7391.140163,7391.140163,285.6009949,133.5009949,133.5009949,285.6009949,413.3009949,1539.19815302
S012,B,0.325,23.8189803027,energy_limited,2.7,2.21482112408,3.039145538,2.7,30,7391.140163,7391.140163,285.6009949,133.5009949,133.5009949,285.6009949,413.3009949,1292.82681425
S012,C,0.325,45.7824835375,energy_limited,5.4,4.65923038872,7.39890429565,5.4,80,7391.140163,7391.140163,285.6009949,133.5009949,133.5009949,285.6009949,413.3009949,1362.67714589
S013,A,0.325,25,rated_payload_limited,3.0375,1.83030762726,2.07421509617,2.07421509617,25,4849.536855,4849.536855,271.4818237,47.48182373,47.48182373,271.4818237,399.1818237,1042.16281728
S013,B,0.325,30,rated_payload_limited,2.7,1.46402243521,2.0144296422,2.0144296422,30,4849.536855,4849.536855,271.4818237,47.48182373,47.48182373,271.4818237,399.1818237,880.511588782
S013,C,0.325,80,rated_payload_limited,5.4,3.06868405411,4.89171403136,4.89171403136,80,4849.536855,4849.536855,271.4818237,47.48182373,47.48182373,271.4818237,399.1818237,933.672196687
S014,A,0.325,25,rated_payload_limited,3.0375,2.13779691217,2.42558723052,2.42558723052,25,5419.5363,5419.5363,464.2473877,240.9473877,240.9473877,464.2473877,591.9473877,1420.39888529
S014,B,0.325,30,rated_payload_limited,2.7,1.72186251244,2.35522053783,2.35522053783,30,5419.5363,5419.5363,464.2473877,240.9473877,240.9473877,464.2473877,591.9473877,1239.74767529
S014,C,0.325,77.2582382088,energy_limited,5.4,3.52159630022,5.60758666095,5.4,80,5419.5363,5419.5363,464.2473877,240.9473877,240.9473877,464.2473877,591.9473877,1357.28013786
S015,A,0.325,25,rated_payload_limited,3.0375,2.30689938866,2.61934426755,2.61934426755,25,6009.764892,6009.764892,444.0992554,97.29925537,97.29925537,444.0992554,571.7992554,1398.65305656
S015,B,0.325,30,rated_payload_limited,2.7,1.85021799472,2.5445279265,2.5445279265,30,6009.764892,6009.764892,444.0992554,97.29925537,97.29925537,444.0992554,571.7992554,1198.32756016
S015,C,0.325,69.7150371844,energy_limited,5.4,3.84149604983,6.13326501752,5.4,80,6009.764892,6009.764892,444.0992554,97.29925537,97.29925537,444.0992554,571.7992554,1288.56064529
S001,A,0.33,25,rated_payload_limited,3.015,1.16153051602,1.31271024158,1.31271024158,25,3054.023608,3054.023608,145.3566101,89.05661011,89.05661011,145.3566101,273.0566101,680.906962821
S001,B,0.33,30,rated_payload_limited,2.68,0.930225761055,1.27394097204,1.27394097204,30,3054.023608,3054.023608,145.3566101,89.05661011,89.05661011,145.3566101,273.0566101,579.106175887
S001,C,0.33,80,rated_payload_limited,5.36,1.94139247193,3.08170436114,3.08170436114,80,3054.023608,3054.023608,145.3566101,89.05661011,89.05661011,145.3566101,273.0566101,618.175045922
S002,A,0.33,21.8306382017,energy_limited,3.015,2.73984663737,3.09050972759,3.015,25,7411.533814,7411.533814,181.2542542,89.45425415,89.45425415,181.2542542,308.9542542,1433.77520846
S002,B,0.33,24.2560104009,energy_limited,2.68,2.18415452088,2.99882031183,2.68,30,7411.533814,7411.533814,181.2542542,89.45425415,89.45425415,181.2542542,308.9542542,1186.72408132
S002,C,0.33,45.8767808938,energy_limited,5.36,4.6325359292,7.34794754861,5.36,80,7411.533814,7411.533814,181.2542542,89.45425415,89.45425415,181.2542542,308.9542542,1231.84216605
S003,A,0.33,18.7455802572,energy_limited,3.015,2.7890857722,3.15701804891,3.015,25,7263.826968,7263.826968,434.1041382,223.3041382,223.3041382,434.1041382,561.8041382,1692.73723069
S003,B,0.33,22.6471779037,energy_limited,2.68,2.23705090717,3.06459015809,2.68,30,7263.826968,7263.826968,434.1041382,223.3041382,223.3041382,434.1041382,561.8041382,1450.60966509
S003,C,0.33,44.5038861269,energy_limited,5.36,4.64390670284,7.38282653444,5.36,80,7263.826968,7263.826968,434.1041382,223.3041382,223.3041382,434.1041382,561.8041382,1560.17771116
S004,A,0.33,12.6764339991,energy_limited,3.015,2.89394171155,3.26669153411,3.015,25,7714.681646,7714.681646,270.5391663,169.9391663,169.9391663,270.5391663,398.2391663,1608.79771824
S004,B,0.33,20.3412848194,energy_limited,2.68,2.31251848078,3.16979849246,2.68,30,7714.681646,7714.681646,270.5391663,169.9391663,169.9391663,270.5391663,398.2391663,1351.64166337
S004,C,0.33,35.9346038272,energy_limited,5.36,4.86398606465,7.71524423837,5.36,80,7714.681646,7714.681646,270.5391663,169.9391663,169.9391663,270.5391663,398.2391663,1425.05471881
S005,A,0.33,25,rated_payload_limited,3.015,1.98844309239,2.24486501136,2.24486501136,25,5280.593369,5280.593369,198.7108887,131.4108887,131.4108887,198.7108887,326.4108887,1122.18819826
S005,B,0.33,30,rated_payload_limited,2.68,1.58992547929,2.1782576011,2.1782576011,30,5280.593369,5280.593369,198.7108887,131.4108887,131.4108887,198.7108887,326.4108887,946.168419293
S005,C,0.33,80,rated_payload_limited,5.36,3.33690049967,5.29264281489,5.29264281489,80,5280.593369,5280.593369,198.7108887,131.4108887,131.4108887,198.7108887,326.4108887,1001.18871553
S006,A,0.33,25,rated_payload_limited,3.015,1.22375461487,1.38968260036,1.38968260036,25,3186.198852,3186.198852,238.3978394,51.29783936,51.29783936,238.3978394,366.0978394,743.476639757
S006,B,0.33,30,rated_payload_limited,2.68,0.981585340998,1.35002263401,1.35002263401,30,3186.198852,3186.198852,238.3978394,51.29783936,51.29783936,238.3978394,366.0978394,637.270011357
S006,C,0.33,80,rated_payload_limited,5.36,2.0373511789,3.25327178824,3.25327178824,80,3186.198852,3186.198852,238.3978394,51.29783936,51.29783936,238.3978394,366.0978394,685.552624484
S007,A,0.33,25,rated_payload_limited,3.015,1.77756344482,2.01797249109,2.01797249109,25,4534.717375,4534.717375,384.273175,163.473175,163.473175,384.273175,511.973175,1157.46688583
S007,B,0.33,30,rated_payload_limited,2.68,1.43033692627,1.95981561942,1.95981561942,30,4534.717375,4534.717375,384.273175,163.473175,163.473175,384.273175,511.973175,1006.30964
S007,C,0.33,80,rated_payload_limited,5.36,2.93545326153,4.67961017039,4.67961017039,80,4534.717375,4534.717375,384.273175,163.473175,163.473175,384.273175,511.973175,1097.60069833
S008,A,0.33,2.94149435683,energy_limited,3.015,3.00043718224,3.38719045973,3.015,25,8079.110449,8079.110449,245.2093323,102.0093323,102.0093323,245.2093323,372.9093323,1601.14542887
S008,B,0.33,17.4216743958,energy_limited,2.68,2.39370630456,3.28715724997,2.68,30,8079.110449,8079.110449,245.2093323,102.0093323,102.0093323,245.2093323,372.9093323,1331.84174724
S008,C,0.33,25.8275426895,energy_limited,5.36,5.06358632917,8.03799840697,5.36,80,8079.110449,8079.110449,245.2093323,102.0093323,102.0093323,245.2093323,372.9093323,1389.71152467
S009,A,0.33,25,rated_payload_limited,3.015,2.11449348264,2.38688881319,2.38688881319,25,5705.303447,5705.303447,165.5289124,63.22891235,63.22891235,165.5289124,293.2289124,1118.63964598
S009,B,0.33,30,rated_payload_limited,2.68,1.68634349503,2.31641401773,2.31641401773,30,5705.303447,5705.303447,165.5289124,63.22891235,63.22891235,165.5289124,293.2289124,928.462864417
S009,C,0.33,75.9331648241,energy_limited,5.36,3.57145366019,5.66961266921,5.36,80,5705.303447,5705.303447,165.5289124,63.22891235,63.22891235,165.5289124,293.2289124,966.589168542
S010,A,0.33,25,rated_payload_limited,3.015,1.82629300362,2.0707297629,2.0707297629,25,4784.674506,4784.674506,307.9365356,84.03653564,84.03653564,307.9365356,435.6365356,1084.89266991
S010,B,0.33,30,rated_payload_limited,2.68,1.46344502735,2.01104041223,2.01104041223,30,4784.674506,4784.674506,307.9365356,84.03653564,84.03653564,307.9365356,435.6365356,925.403519709
S010,C,0.33,80,rated_payload_limited,5.36,3.04807696181,4.85885692633,4.85885692633,80,4784.674506,4784.674506,307.9365356,84.03653564,84.03653564,307.9365356,435.6365356,990.732364916
S011,A,0.33,25,rated_payload_limited,3.015,1.07737291221,1.21959611273,1.21959611273,25,2808.106412,2808.106412,167.6617554,83.26175537,83.26175537,167.6617554,295.3617554,652.028309898
S011,B,0.33,30,rated_payload_limited,2.68,0.864023964183,1.1839226027,1.1839226027,30,2808.106412,2808.106412,167.6617554,83.26175537,83.26175537,167.6617554,295.3617554,558.424762831
S011,C,0.33,80,rated_payload_limited,5.36,1.79442515305,2.85321027055,2.85321027055,80,2808.106412,2808.106412,167.6617554,83.26175537,83.26175537,167.6617554,295.3617554,600.24534796
S012,A,0.33,19.9704718543,energy_limited,3.015,2.77180546523,3.13142055533,3.015,25,7391.140163,7391.140163,285.6009949,133.5009949,133.5009949,285.6009949,413.3009949,1539.19815302
S012,B,0.33,23.3412361933,energy_limited,2.68,2.21482112408,3.039145538,2.68,30,7391.140163,7391.140163,285.6009949,133.5009949,133.5009949,285.6009949,413.3009949,1292.82681425
S012,C,0.33,44.4499368247,energy_limited,5.36,4.65923038872,7.39890429565,5.36,80,7391.140163,7391.140163,285.6009949,133.5009949,133.5009949,285.6009949,413.3009949,1362.67714589
S013,A,0.33,25,rated_payload_limited,3.015,1.83030762726,2.07421509617,2.07421509617,25,4849.536855,4849.536855,271.4818237,47.48182373,47.48182373,271.4818237,399.1818237,1042.16281728
S013,B,0.33,30,rated_payload_limited,2.68,1.46402243521,2.0144296422,2.0144296422,30,4849.536855,4849.536855,271.4818237,47.48182373,47.48182373,271.4818237,399.1818237,880.511588782
S013,C,0.33,80,rated_payload_limited,5.36,3.06868405411,4.89171403136,4.89171403136,80,4849.536855,4849.536855,271.4818237,47.48182373,47.48182373,271.4818237,399.1818237,933.672196687
S014,A,0.33,25,rated_payload_limited,3.015,2.13779691217,2.42558723052,2.42558723052,25,5419.5363,5419.5363,464.2473877,240.9473877,240.9473877,464.2473877,591.9473877,1420.39888529
S014,B,0.33,30,rated_payload_limited,2.68,1.72186251244,2.35522053783,2.35522053783,30,5419.5363,5419.5363,464.2473877,240.9473877,240.9473877,464.2473877,591.9473877,1239.74767529
S014,C,0.33,76.6870879424,energy_limited,5.36,3.52159630022,5.60758666095,5.36,80,5419.5363,5419.5363,464.2473877,240.9473877,240.9473877,464.2473877,591.9473877,1357.28013786
S015,A,0.33,25,rated_payload_limited,3.015,2.30689938866,2.61934426755,2.61934426755,25,6009.764892,6009.764892,444.0992554,97.29925537,97.29925537,444.0992554,571.7992554,1398.65305656
S015,B,0.33,30,rated_payload_limited,2.68,1.85021799472,2.5445279265,2.5445279265,30,6009.764892,6009.764892,444.0992554,97.29925537,97.29925537,444.0992554,571.7992554,1198.32756016
S015,C,0.33,69.0017189941,energy_limited,5.36,3.84149604983,6.13326501752,5.36,80,6009.764892,6009.764892,444.0992554,97.29925537,97.29925537,444.0992554,571.7992554,1288.56064529
S001,A,0.335,25,rated_payload_limited,2.9925,1.16153051602,1.31271024158,1.31271024158,25,3054.023608,3054.023608,145.3566101,89.05661011,89.05661011,145.3566101,273.0566101,680.906962821
S001,B,0.335,30,rated_payload_limited,2.66,0.930225761055,1.27394097204,1.27394097204,30,3054.023608,3054.023608,145.3566101,89.05661011,89.05661011,145.3566101,273.0566101,579.106175887
S001,C,0.335,80,rated_payload_limited,5.32,1.94139247193,3.08170436114,3.08170436114,80,3054.023608,3054.023608,145.3566101,89.05661011,89.05661011,145.3566101,273.0566101,618.175045922
S002,A,0.335,20.7842852887,energy_limited,2.9925,2.73984663737,3.09050972759,2.9925,25,7411.533814,7411.533814,181.2542542,89.45425415,89.45425415,181.2542542,308.9542542,1433.77520846
S002,B,0.335,23.7906533167,energy_limited,2.66,2.18415452088,2.99882031183,2.66,30,7411.533814,7411.533814,181.2542542,89.45425415,89.45425415,181.2542542,308.9542542,1186.72408132
S002,C,0.335,44.5337018746,energy_limited,5.32,4.6325359292,7.34794754861,5.32,80,7411.533814,7411.533814,181.2542542,89.45425415,89.45425415,181.2542542,308.9542542,1231.84216605
S003,A,0.335,17.5650469848,energy_limited,2.9925,2.7890857722,3.15701804891,2.9925,25,7263.826968,7263.826968,434.1041382,223.3041382,223.3041382,434.1041382,561.8041382,1692.73723069
S003,B,0.335,22.125203203,energy_limited,2.66,2.23705090717,3.06459015809,2.66,30,7263.826968,7263.826968,434.1041382,223.3041382,223.3041382,434.1041382,561.8041382,1450.60966509
S003,C,0.335,43.1230997673,energy_limited,5.32,4.64390670284,7.38282653444,5.32,80,7263.826968,7263.826968,434.1041382,223.3041382,223.3041382,434.1041382,561.8041382,1560.17771116
S004,A,0.335,11.089868481,energy_limited,2.9925,2.89394171155,3.26669153411,2.9925,25,7714.681646,7714.681646,270.5391663,169.9391663,169.9391663,270.5391663,398.2391663,1608.79771824
S004,B,0.335,19.7519497183,energy_limited,2.66,2.31251848078,3.16979849246,2.66,30,7714.681646,7714.681646,270.5391663,169.9391663,169.9391663,270.5391663,398.2391663,1351.64166337
S004,C,0.335,34.2194356962,energy_limited,5.32,4.86398606465,7.71524423837,5.32,80,7714.681646,7714.681646,270.5391663,169.9391663,169.9391663,270.5391663,398.2391663,1425.05471881
S005,A,0.335,25,rated_payload_limited,2.9925,1.98844309239,2.24486501136,2.24486501136,25,5280.593369,5280.593369,198.7108887,131.4108887,131.4108887,198.7108887,326.4108887,1122.18819826
S005,B,0.335,30,rated_payload_limited,2.66,1.58992547929,2.1782576011,2.1782576011,30,5280.593369,5280.593369,198.7108887,131.4108887,131.4108887,198.7108887,326.4108887,946.168419293
S005,C,0.335,80,rated_payload_limited,5.32,3.33690049967,5.29264281489,5.29264281489,80,5280.593369,5280.593369,198.7108887,131.4108887,131.4108887,198.7108887,326.4108887,1001.18871553
S006,A,0.335,25,rated_payload_limited,2.9925,1.22375461487,1.38968260036,1.38968260036,25,3186.198852,3186.198852,238.3978394,51.29783936,51.29783936,238.3978394,366.0978394,743.476639757
S006,B,0.335,30,rated_payload_limited,2.66,0.981585340998,1.35002263401,1.35002263401,30,3186.198852,3186.198852,238.3978394,51.29783936,51.29783936,238.3978394,366.0978394,637.270011357
S006,C,0.335,80,rated_payload_limited,5.32,2.0373511789,3.25327178824,3.25327178824,80,3186.198852,3186.198852,238.3978394,51.29783936,51.29783936,238.3978394,366.0978394,685.552624484
S007,A,0.335,25,rated_payload_limited,2.9925,1.77756344482,2.01797249109,2.01797249109,25,4534.717375,4534.717375,384.273175,163.473175,163.473175,384.273175,511.973175,1157.46688583
S007,B,0.335,30,rated_payload_limited,2.66,1.43033692627,1.95981561942,1.95981561942,30,4534.717375,4534.717375,384.273175,163.473175,163.473175,384.273175,511.973175,1006.30964
S007,C,0.335,80,rated_payload_limited,5.32,2.93545326153,4.67961017039,4.67961017039,80,4534.717375,4534.717375,384.273175,163.473175,163.473175,384.273175,511.973175,1097.60069833
S008,A,0.335,,empty_roundtrip_infeasible,2.9925,3.00043718224,3.38719045973,,25,8079.110449,8079.110449,245.2093323,102.0093323,102.0093323,245.2093323,372.9093323,1601.14542887
S008,B,0.335,16.7309926503,energy_limited,2.66,2.39370630456,3.28715724997,2.66,30,8079.110449,8079.110449,245.2093323,102.0093323,102.0093323,245.2093323,372.9093323,1331.84174724
S008,C,0.335,23.5882801614,energy_limited,5.32,5.06358632917,8.03799840697,5.32,80,8079.110449,8079.110449,245.2093323,102.0093323,102.0093323,245.2093323,372.9093323,1389.71152467
S009,A,0.335,25,rated_payload_limited,2.9925,2.11449348264,2.38688881319,2.38688881319,25,5705.303447,5705.303447,165.5289124,63.22891235,63.22891235,165.5289124,293.2289124,1118.63964598
S009,B,0.335,30,rated_payload_limited,2.66,1.68634349503,2.31641401773,2.31641401773,30,5705.303447,5705.303447,165.5289124,63.22891235,63.22891235,165.5289124,293.2289124,928.462864417
S009,C,0.335,75.3468175663,energy_limited,5.32,3.57145366019,5.66961266921,5.32,80,5705.303447,5705.303447,165.5289124,63.22891235,63.22891235,165.5289124,293.2289124,966.589168542
S010,A,0.335,25,rated_payload_limited,2.9925,1.82629300362,2.0707297629,2.0707297629,25,4784.674506,4784.674506,307.9365356,84.03653564,84.03653564,307.9365356,435.6365356,1084.89266991
S010,B,0.335,30,rated_payload_limited,2.66,1.46344502735,2.01104041223,2.01104041223,30,4784.674506,4784.674506,307.9365356,84.03653564,84.03653564,307.9365356,435.6365356,925.403519709
S010,C,0.335,80,rated_payload_limited,5.32,3.04807696181,4.85885692633,4.85885692633,80,4784.674506,4784.674506,307.9365356,84.03653564,84.03653564,307.9365356,435.6365356,990.732364916
S011,A,0.335,25,rated_payload_limited,2.9925,1.07737291221,1.21959611273,1.21959611273,25,2808.106412,2808.106412,167.6617554,83.26175537,83.26175537,167.6617554,295.3617554,652.028309898
S011,B,0.335,30,rated_payload_limited,2.66,0.864023964183,1.1839226027,1.1839226027,30,2808.106412,2808.106412,167.6617554,83.26175537,83.26175537,167.6617554,295.3617554,558.424762831
S011,C,0.335,80,rated_payload_limited,5.32,1.79442515305,2.85321027055,2.85321027055,80,2808.106412,2808.106412,167.6617554,83.26175537,83.26175537,167.6617554,295.3617554,600.24534796
S012,A,0.335,18.843214223,energy_limited,2.9925,2.77180546523,3.13142055533,2.9925,25,7391.140163,7391.140163,285.6009949,133.5009949,133.5009949,285.6009949,413.3009949,1539.19815302
S012,B,0.335,22.8462259647,energy_limited,2.66,2.21482112408,3.039145538,2.66,30,7391.140163,7391.140163,285.6009949,133.5009949,133.5009949,285.6009949,413.3009949,1292.82681425
S012,C,0.335,43.062864036,energy_limited,5.32,4.65923038872,7.39890429565,5.32,80,7391.140163,7391.140163,285.6009949,133.5009949,133.5009949,285.6009949,413.3009949,1362.67714589
S013,A,0.335,25,rated_payload_limited,2.9925,1.83030762726,2.07421509617,2.07421509617,25,4849.536855,4849.536855,271.4818237,47.48182373,47.48182373,271.4818237,399.1818237,1042.16281728
S013,B,0.335,30,rated_payload_limited,2.66,1.46402243521,2.0144296422,2.0144296422,30,4849.536855,4849.536855,271.4818237,47.48182373,47.48182373,271.4818237,399.1818237,880.511588782
S013,C,0.335,80,rated_payload_limited,5.32,3.06868405411,4.89171403136,4.89171403136,80,4849.536855,4849.536855,271.4818237,47.48182373,47.48182373,271.4818237,399.1818237,933.672196687
S014,A,0.335,25,rated_payload_limited,2.9925,2.13779691217,2.42558723052,2.42558723052,25,5419.5363,5419.5363,464.2473877,240.9473877,240.9473877,464.2473877,591.9473877,1420.39888529
S014,B,0.335,30,rated_payload_limited,2.66,1.72186251244,2.35522053783,2.35522053783,30,5419.5363,5419.5363,464.2473877,240.9473877,240.9473877,464.2473877,591.9473877,1239.74767529
S014,C,0.335,76.1007652844,energy_limited,5.32,3.52159630022,5.60758666095,5.32,80,5419.5363,5419.5363,464.2473877,240.9473877,240.9473877,464.2473877,591.9473877,1357.28013786
S015,A,0.335,25,rated_payload_limited,2.9925,2.30689938866,2.61934426755,2.61934426755,25,6009.764892,6009.764892,444.0992554,97.29925537,97.29925537,444.0992554,571.7992554,1398.65305656
S015,B,0.335,30,rated_payload_limited,2.66,1.85021799472,2.5445279265,2.5445279265,30,6009.764892,6009.764892,444.0992554,97.29925537,97.29925537,444.0992554,571.7992554,1198.32756016
S015,C,0.335,68.2679881817,energy_limited,5.32,3.84149604983,6.13326501752,5.32,80,6009.764892,6009.764892,444.0992554,97.29925537,97.29925537,444.0992554,571.7992554,1288.56064529
S001,A,0.34,25,rated_payload_limited,2.97,1.16153051602,1.31271024158,1.31271024158,25,3054.023608,3054.023608,145.3566101,89.05661011,89.05661011,145.3566101,273.0566101,680.906962821
S001,B,0.34,30,rated_payload_limited,2.64,0.930225761055,1.27394097204,1.27394097204,30,3054.023608,3054.023608,145.3566101,89.05661011,89.05661011,145.3566101,273.0566101,579.106175887
S001,C,0.34,80,rated_payload_limited,5.28,1.94139247193,3.08170436114,3.08170436114,80,3054.023608,3054.023608,145.3566101,89.05661011,89.05661011,145.3566101,273.0566101,618.175045922
S002,A,0.34,19.682304392,energy_limited,2.97,2.73984663737,3.09050972759,2.97,25,7411.533814,7411.533814,181.2542542,89.45425415,89.45425415,181.2542542,308.9542542,1433.77520846
S002,B,0.34,23.308578591,energy_limited,2.64,2.18415452088,2.99882031183,2.64,30,7411.533814,7411.533814,181.2542542,89.45425415,89.45425415,181.2542542,308.9542542,1186.72408132
S002,C,0.34,43.1343960869,energy_limited,5.28,4.6325359292,7.34794754861,5.28,80,7411.533814,7411.533814,181.2542542,89.45425415,89.45425415,181.2542542,308.9542542,1231.84216605
S003,A,0.34,16.3155282481,energy_limited,2.97,2.7890857722,3.15701804891,2.97,25,7263.826968,7263.826968,434.1041382,223.3041382,223.3041382,434.1041382,561.8041382,1692.73723069
S003,B,0.34,21.5834540323,energy_limited,2.64,2.23705090717,3.06459015809,2.64,30,7263.826968,7263.826968,434.1041382,223.3041382,223.3041382,434.1041382,561.8041382,1450.60966509
S003,C,0.34,41.6853809037,energy_limited,5.28,4.64390670284,7.38282653444,5.28,80,7263.826968,7263.826968,434.1041382,223.3041382,223.3041382,434.1041382,561.8041382,1560.17771116
S004,A,0.34,9.343474228,energy_limited,2.97,2.89394171155,3.26669153411,2.97,25,7714.681646,7714.681646,270.5391663,169.9391663,169.9391663,270.5391663,398.2391663,1608.79771824
S004,B,0.34,19.1379139201,energy_limited,2.64,2.31251848078,3.16979849246,2.64,30,7714.681646,7714.681646,270.5391663,169.9391663,169.9391663,270.5391663,398.2391663,1351.64166337
S004,C,0.34,32.4150866926,energy_limited,5.28,4.86398606465,7.71524423837,5.28,80,7714.681646,7714.681646,270.5391663,169.9391663,169.9391663,270.5391663,398.2391663,1425.05471881
S005,A,0.34,25,rated_payload_limited,2.97,1.98844309239,2.24486501136,2.24486501136,25,5280.593369,5280.593369,198.7108887,131.4108887,131.4108887,198.7108887,326.4108887,1122.18819826
S005,B,0.34,30,rated_payload_limited,2.64,1.58992547929,2.1782576011,2.1782576011,30,5280.593369,5280.593369,198.7108887,131.4108887,131.4108887,198.7108887,326.4108887,946.168419293
S005,C,0.34,79.8367561653,energy_limited,5.28,3.33690049967,5.29264281489,5.28,80,5280.593369,5280.593369,198.7108887,131.4108887,131.4108887,198.7108887,326.4108887,1001.18871553
S006,A,0.34,25,rated_payload_limited,2.97,1.22375461487,1.38968260036,1.38968260036,25,3186.198852,3186.198852,238.3978394,51.29783936,51.29783936,238.3978394,366.0978394,743.476639757
S006,B,0.34,30,rated_payload_limited,2.64,0.981585340998,1.35002263401,1.35002263401,30,3186.198852,3186.198852,238.3978394,51.29783936,51.29783936,238.3978394,366.0978394,637.270011357
S006,C,0.34,80,rated_payload_limited,5.28,2.0373511789,3.25327178824,3.25327178824,80,3186.198852,3186.198852,238.3978394,51.29783936,51.29783936,238.3978394,366.0978394,685.552624484
S007,A,0.34,25,rated_payload_limited,2.97,1.77756344482,2.01797249109,2.01797249109,25,4534.717375,4534.717375,384.273175,163.473175,163.473175,384.273175,511.973175,1157.46688583
S007,B,0.34,30,rated_payload_limited,2.64,1.43033692627,1.95981561942,1.95981561942,30,4534.717375,4534.717375,384.273175,163.473175,163.473175,384.273175,511.973175,1006.30964
S007,C,0.34,80,rated_payload_limited,5.28,2.93545326153,4.67961017039,4.67961017039,80,4534.717375,4534.717375,384.273175,163.473175,163.473175,384.273175,511.973175,1097.60069833
S008,A,0.34,,empty_roundtrip_infeasible,2.97,3.00043718224,3.38719045973,,25,8079.110449,8079.110449,245.2093323,102.0093323,102.0093323,245.2093323,372.9093323,1601.14542887
S008,B,0.34,16.0070040393,energy_limited,2.64,2.39370630456,3.28715724997,2.64,30,8079.110449,8079.110449,245.2093323,102.0093323,102.0093323,245.2093323,372.9093323,1331.84174724
S008,C,0.34,21.1792206942,energy_limited,5.28,5.06358632917,8.03799840697,5.28,80,8079.110449,8079.110449,245.2093323,102.0093323,102.0093323,245.2093323,372.9093323,1389.71152467
S009,A,0.34,25,rated_payload_limited,2.97,2.11449348264,2.38688881319,2.38688881319,25,5705.303447,5705.303447,165.5289124,63.22891235,63.22891235,165.5289124,293.2289124,1118.63964598
S009,B,0.34,30,rated_payload_limited,2.64,1.68634349503,2.31641401773,2.31641401773,30,5705.303447,5705.303447,165.5289124,63.22891235,63.22891235,165.5289124,293.2289124,928.462864417
S009,C,0.34,74.7446509711,energy_limited,5.28,3.57145366019,5.66961266921,5.28,80,5705.303447,5705.303447,165.5289124,63.22891235,63.22891235,165.5289124,293.2289124,966.589168542
S010,A,0.34,25,rated_payload_limited,2.97,1.82629300362,2.0707297629,2.0707297629,25,4784.674506,4784.674506,307.9365356,84.03653564,84.03653564,307.9365356,435.6365356,1084.89266991
S010,B,0.34,30,rated_payload_limited,2.64,1.46344502735,2.01104041223,2.01104041223,30,4784.674506,4784.674506,307.9365356,84.03653564,84.03653564,307.9365356,435.6365356,925.403519709
S010,C,0.34,80,rated_payload_limited,5.28,3.04807696181,4.85885692633,4.85885692633,80,4784.674506,4784.674506,307.9365356,84.03653564,84.03653564,307.9365356,435.6365356,990.732364916
S011,A,0.34,25,rated_payload_limited,2.97,1.07737291221,1.21959611273,1.21959611273,25,2808.106412,2808.106412,167.6617554,83.26175537,83.26175537,167.6617554,295.3617554,652.028309898
S011,B,0.34,30,rated_payload_limited,2.64,0.864023964183,1.1839226027,1.1839226027,30,2808.106412,2808.106412,167.6617554,83.26175537,83.26175537,167.6617554,295.3617554,558.424762831
S011,C,0.34,80,rated_payload_limited,5.28,1.79442515305,2.85321027055,2.85321027055,80,2808.106412,2808.106412,167.6617554,83.26175537,83.26175537,167.6617554,295.3617554,600.24534796
S012,A,0.34,17.6518525493,energy_limited,2.97,2.77180546523,3.13142055533,2.97,25,7391.140163,7391.140163,285.6009949,133.5009949,133.5009949,285.6009949,413.3009949,1539.19815302
S012,B,0.34,22.3328778511,energy_limited,2.64,2.21482112408,3.039145538,2.64,30,7391.140163,7391.140163,285.6009949,133.5009949,133.5009949,285.6009949,413.3009949,1292.82681425
S012,C,0.34,41.6170971461,energy_limited,5.28,4.65923038872,7.39890429565,5.28,80,7391.140163,7391.140163,285.6009949,133.5009949,133.5009949,285.6009949,413.3009949,1362.67714589
S013,A,0.34,25,rated_payload_limited,2.97,1.83030762726,2.07421509617,2.07421509617,25,4849.536855,4849.536855,271.4818237,47.48182373,47.48182373,271.4818237,399.1818237,1042.16281728
S013,B,0.34,30,rated_payload_limited,2.64,1.46402243521,2.0144296422,2.0144296422,30,4849.536855,4849.536855,271.4818237,47.48182373,47.48182373,271.4818237,399.1818237,880.511588782
S013,C,0.34,80,rated_payload_limited,5.28,3.06868405411,4.89171403136,4.89171403136,80,4849.536855,4849.536855,271.4818237,47.48182373,47.48182373,271.4818237,399.1818237,933.672196687
S014,A,0.34,25,rated_payload_limited,2.97,2.13779691217,2.42558723052,2.42558723052,25,5419.5363,5419.5363,464.2473877,240.9473877,240.9473877,464.2473877,591.9473877,1420.39888529
S014,B,0.34,30,rated_payload_limited,2.64,1.72186251244,2.35522053783,2.35522053783,30,5419.5363,5419.5363,464.2473877,240.9473877,240.9473877,464.2473877,591.9473877,1239.74767529
S014,C,0.34,75.4986524804,energy_limited,5.28,3.52159630022,5.60758666095,5.28,80,5419.5363,5419.5363,464.2473877,240.9473877,240.9473877,464.2473877,591.9473877,1357.28013786
S015,A,0.34,25,rated_payload_limited,2.97,2.30689938866,2.61934426755,2.61934426755,25,6009.764892,6009.764892,444.0992554,97.29925537,97.29925537,444.0992554,571.7992554,1398.65305656
S015,B,0.34,30,rated_payload_limited,2.64,1.85021799472,2.5445279265,2.5445279265,30,6009.764892,6009.764892,444.0992554,97.29925537,97.29925537,444.0992554,571.7992554,1198.32756016
S015,C,0.34,67.5129322997,energy_limited,5.28,3.84149604983,6.13326501752,5.28,80,6009.764892,6009.764892,444.0992554,97.29925537,97.29925537,444.0992554,571.7992554,1288.56064529
S001,A,0.345,25,rated_payload_limited,2.9475,1.16153051602,1.31271024158,1.31271024158,25,3054.023608,3054.023608,145.3566101,89.05661011,89.05661011,145.3566101,273.0566101,680.906962821
S001,B,0.345,30,rated_payload_limited,2.62,0.930225761055,1.27394097204,1.27394097204,30,3054.023608,3054.023608,145.3566101,89.05661011,89.05661011,145.3566101,273.0566101,579.106175887
S001,C,0.345,80,rated_payload_limited,5.24,1.94139247193,3.08170436114,3.08170436114,80,3054.023608,3054.023608,145.3566101,89.05661011,89.05661011,145.3566101,273.0566101,618.175045922
S002,A,0.345,18.5181591347,energy_limited,2.9475,2.73984663737,3.09050972759,2.9475,25,7411.533814,7411.533814,181.2542542,89.45425415,89.45425415,181.2542542,308.9542542,1433.77520846
S002,B,0.345,22.8087539589,energy_limited,2.62,2.18415452088,2.99882031183,2.62,30,7411.533814,7411.533814,181.2542542,89.45425415,89.45425415,181.2542542,308.9542542,1186.72408132
S002,C,0.345,41.6744232885,energy_limited,5.24,4.6325359292,7.34794754861,5.24,80,7411.533814,7411.533814,181.2542542,89.45425415,89.45425415,181.2542542,308.9542542,1231.84216605
S003,A,0.345,14.9872420257,energy_limited,2.9475,2.7890857722,3.15701804891,2.9475,25,7263.826968,7263.826968,434.1041382,223.3041382,223.3041382,434.1041382,561.8041382,1692.73723069
S003,B,0.345,21.0206309179,energy_limited,2.62,2.23705090717,3.06459015809,2.62,30,7263.826968,7263.826968,434.1041382,223.3041382,223.3041382,434.1041382,561.8041382,1450.60966509
S003,C,0.345,40.1863396346,energy_limited,5.24,4.64390670284,7.38282653444,5.24,80,7263.826968,7263.826968,434.1041382,223.3041382,223.3041382,434.1041382,561.8041382,1560.17771116
S004,A,0.345,7.37845856022,energy_limited,2.9475,2.89394171155,3.26669153411,2.9475,25,7714.681646,7714.681646,270.5391663,169.9391663,169.9391663,270.5391663,398.2391663,1608.79771824
S004,B,0.345,18.4972506588,energy_limited,2.62,2.31251848078,3.16979849246,2.62,30,7714.681646,7714.681646,270.5391663,169.9391663,169.9391663,270.5391663,398.2391663,1351.64166337
S004,C,0.345,30.5113629976,energy_limited,5.24,4.86398606465,7.71524423837,5.24,80,7714.681646,7714.681646,270.5391663,169.9391663,169.9391663,270.5391663,398.2391663,1425.05471881
S005,A,0.345,25,rated_payload_limited,2.9475,1.98844309239,2.24486501136,2.24486501136,25,5280.593369,5280.593369,198.7108887,131.4108887,131.4108887,198.7108887,326.4108887,1122.18819826
S005,B,0.345,30,rated_payload_limited,2.62,1.58992547929,2.1782576011,2.1782576011,30,5280.593369,5280.593369,198.7108887,131.4108887,131.4108887,198.7108887,326.4108887,946.168419293
S005,C,0.345,79.3114693258,energy_limited,5.24,3.33690049967,5.29264281489,5.24,80,5280.593369,5280.593369,198.7108887,131.4108887,131.4108887,198.7108887,326.4108887,1001.18871553
S006,A,0.345,25,rated_payload_limited,2.9475,1.22375461487,1.38968260036,1.38968260036,25,3186.198852,3186.198852,238.3978394,51.29783936,51.29783936,238.3978394,366.0978394,743.476639757
S006,B,0.345,30,rated_payload_limited,2.62,0.981585340998,1.35002263401,1.35002263401,30,3186.198852,3186.198852,238.3978394,51.29783936,51.29783936,238.3978394,366.0978394,637.270011357
S006,C,0.345,80,rated_payload_limited,5.24,2.0373511789,3.25327178824,3.25327178824,80,3186.198852,3186.198852,238.3978394,51.29783936,51.29783936,238.3978394,366.0978394,685.552624484
S007,A,0.345,25,rated_payload_limited,2.9475,1.77756344482,2.01797249109,2.01797249109,25,4534.717375,4534.717375,384.273175,163.473175,163.473175,384.273175,511.973175,1157.46688583
S007,B,0.345,30,rated_payload_limited,2.62,1.43033692627,1.95981561942,1.95981561942,30,4534.717375,4534.717375,384.273175,163.473175,163.473175,384.273175,511.973175,1006.30964
S007,C,0.345,80,rated_payload_limited,5.24,2.93545326153,4.67961017039,4.67961017039,80,4534.717375,4534.717375,384.273175,163.473175,163.473175,384.273175,511.973175,1097.60069833
S008,A,0.345,,empty_roundtrip_infeasible,2.9475,3.00043718224,3.38719045973,,25,8079.110449,8079.110449,245.2093323,102.0093323,102.0093323,245.2093323,372.9093323,1601.14542887
S008,B,0.345,15.2464090305,energy_limited,2.62,2.39370630456,3.28715724997,2.62,30,8079.110449,8079.110449,245.2093323,102.0093323,102.0093323,245.2093323,372.9093323,1331.84174724
S008,C,0.345,18.562792272,energy_limited,5.24,5.06358632917,8.03799840697,5.24,80,8079.110449,8079.110449,245.2093323,102.0093323,102.0093323,245.2093323,372.9093323,1389.71152467
S009,A,0.345,25,rated_payload_limited,2.9475,2.11449348264,2.38688881319,2.38688881319,25,5705.303447,5705.303447,165.5289124,63.22891235,63.22891235,165.5289124,293.2289124,1118.63964598
S009,B,0.345,30,rated_payload_limited,2.62,1.68634349503,2.31641401773,2.31641401773,30,5705.303447,5705.303447,165.5289124,63.22891235,63.22891235,165.5289124,293.2289124,928.462864417
S009,C,0.345,74.1259975151,energy_limited,5.24,3.57145366019,5.66961266921,5.24,80,5705.303447,5705.303447,165.5289124,63.22891235,63.22891235,165.5289124,293.2289124,966.589168542
S010,A,0.345,25,rated_payload_limited,2.9475,1.82629300362,2.0707297629,2.0707297629,25,4784.674506,4784.674506,307.9365356,84.03653564,84.03653564,307.9365356,435.6365356,1084.89266991
S010,B,0.345,30,rated_payload_limited,2.62,1.46344502735,2.01104041223,2.01104041223,30,4784.674506,4784.674506,307.9365356,84.03653564,84.03653564,307.9365356,435.6365356,925.403519709
S010,C,0.345,80,rated_payload_limited,5.24,3.04807696181,4.85885692633,4.85885692633,80,4784.674506,4784.674506,307.9365356,84.03653564,84.03653564,307.9365356,435.6365356,990.732364916
S011,A,0.345,25,rated_payload_limited,2.9475,1.07737291221,1.21959611273,1.21959611273,25,2808.106412,2808.106412,167.6617554,83.26175537,83.26175537,167.6617554,295.3617554,652.028309898
S011,B,0.345,30,rated_payload_limited,2.62,0.864023964183,1.1839226027,1.1839226027,30,2808.106412,2808.106412,167.6617554,83.26175537,83.26175537,167.6617554,295.3617554,558.424762831
S011,C,0.345,80,rated_payload_limited,5.24,1.79442515305,2.85321027055,2.85321027055,80,2808.106412,2808.106412,167.6617554,83.26175537,83.26175537,167.6617554,295.3617554,600.24534796
S012,A,0.345,16.3878518084,energy_limited,2.9475,2.77180546523,3.13142055533,2.9475,25,7391.140163,7391.140163,285.6009949,133.5009949,133.5009949,285.6009949,413.3009949,1539.19815302
S012,B,0.345,21.8000144691,energy_limited,2.62,2.21482112408,3.039145538,2.62,30,7391.140163,7391.140163,285.6009949,133.5009949,133.5009949,285.6009949,413.3009949,1292.82681425
S012,C,0.345,40.1079144247,energy_limited,5.24,4.65923038872,7.39890429565,5.24,80,7391.140163,7391.140163,285.6009949,133.5009949,133.5009949,285.6009949,413.3009949,1362.67714589
S013,A,0.345,25,rated_payload_limited,2.9475,1.83030762726,2.07421509617,2.07421509617,25,4849.536855,4849.536855,271.4818237,47.48182373,47.48182373,271.4818237,399.1818237,1042.16281728
S013,B,0.345,30,rated_payload_limited,2.62,1.46402243521,2.0144296422,2.0144296422,30,4849.536855,4849.536855,271.4818237,47.48182373,47.48182373,271.4818237,399.1818237,880.511588782
S013,C,0.345,80,rated_payload_limited,5.24,3.06868405411,4.89171403136,4.89171403136,80,4849.536855,4849.536855,271.4818237,47.48182373,47.48182373,271.4818237,399.1818237,933.672196687
S014,A,0.345,25,rated_payload_limited,2.9475,2.13779691217,2.42558723052,2.42558723052,25,5419.5363,5419.5363,464.2473877,240.9473877,240.9473877,464.2473877,591.9473877,1420.39888529
S014,B,0.345,30,rated_payload_limited,2.62,1.72186251244,2.35522053783,2.35522053783,30,5419.5363,5419.5363,464.2473877,240.9473877,240.9473877,464.2473877,591.9473877,1239.74767529
S014,C,0.345,74.8800971658,energy_limited,5.24,3.52159630022,5.60758666095,5.24,80,5419.5363,5419.5363,464.2473877,240.9473877,240.9473877,464.2473877,591.9473877,1357.28013786
S015,A,0.345,25,rated_payload_limited,2.9475,2.30689938866,2.61934426755,2.61934426755,25,6009.764892,6009.764892,444.0992554,97.29925537,97.29925537,444.0992554,571.7992554,1398.65305656
S015,B,0.345,30,rated_payload_limited,2.62,1.85021799472,2.5445279265,2.5445279265,30,6009.764892,6009.764892,444.0992554,97.29925537,97.29925537,444.0992554,571.7992554,1198.32756016
S015,C,0.345,66.7355811815,energy_limited,5.24,3.84149604983,6.13326501752,5.24,80,6009.764892,6009.764892,444.0992554,97.29925537,97.29925537,444.0992554,571.7992554,1288.56064529
S001,A,0.35,25,rated_payload_limited,2.925,1.16153051602,1.31271024158,1.31271024158,25,3054.023608,3054.023608,145.3566101,89.05661011,89.05661011,145.3566101,273.0566101,680.906962821
S001,B,0.35,30,rated_payload_limited,2.6,0.930225761055,1.27394097204,1.27394097204,30,3054.023608,3054.023608,145.3566101,89.05661011,89.05661011,145.3566101,273.0566101,579.106175887
S001,C,0.35,80,rated_payload_limited,5.2,1.94139247193,3.08170436114,3.08170436114,80,3054.023608,3054.023608,145.3566101,89.05661011,89.05661011,145.3566101,273.0566101,618.175045922
S002,A,0.35,17.2837957354,energy_limited,2.925,2.73984663737,3.09050972759,2.925,25,7411.533814,7411.533814,181.2542542,89.45425415,89.45425415,181.2542542,308.9542542,1433.77520846
S002,B,0.35,22.2900464573,energy_limited,2.6,2.18415452088,2.99882031183,2.6,30,7411.533814,7411.533814,181.2542542,89.45425415,89.45425415,181.2542542,308.9542542,1186.72408132
S002,C,0.35,40.1487328645,energy_limited,5.2,4.6325359292,7.34794754861,5.2,80,7411.533814,7411.533814,181.2542542,89.45425415,89.45425415,181.2542542,308.9542542,1231.84216605
S003,A,0.35,13.5674284801,energy_limited,2.925,2.7890857722,3.15701804891,2.925,25,7263.826968,7263.826968,434.1041382,223.3041382,223.3041382,434.1041382,561.8041382,1692.73723069
S003,B,0.35,20.4352958292,energy_limited,2.6,2.23705090717,3.06459015809,2.6,30,7263.826968,7263.826968,434.1041382,223.3041382,223.3041382,434.1041382,561.8041382,1450.60966509
S003,C,0.35,38.6209896033,energy_limited,5.2,4.64390670284,7.38282653444,5.2,80,7263.826968,7263.826968,434.1041382,223.3041382,223.3041382,434.1041382,561.8041382,1560.17771116
S004,A,0.35,5.07370254871,energy_limited,2.925,2.89394171155,3.26669153411,2.925,25,7714.681646,7714.681646,270.5391663,169.9391663,169.9391663,270.5391663,398.2391663,1608.79771824
S004,B,0.35,17.8277734993,energy_limited,2.6,2.31251848078,3.16979849246,2.6,30,7714.681646,7714.681646,270.5391663,169.9391663,169.9391663,270.5391663,398.2391663,1351.64166337
S004,C,0.35,28.4957653328,energy_limited,5.2,4.86398606465,7.71524423837,5.2,80,7714.681646,7714.681646,270.5391663,169.9391663,169.9391663,270.5391663,398.2391663,1425.05471881
S005,A,0.35,25,rated_payload_limited,2.925,1.98844309239,2.24486501136,2.24486501136,25,5280.593369,5280.593369,198.7108887,131.4108887,131.4108887,198.7108887,326.4108887,1122.18819826
S005,B,0.35,30,rated_payload_limited,2.6,1.58992547929,2.1782576011,2.1782576011,30,5280.593369,5280.593369,198.7108887,131.4108887,131.4108887,198.7108887,326.4108887,946.168419293
S005,C,0.35,78.772383806,energy_limited,5.2,3.33690049967,5.29264281489,5.2,80,5280.593369,5280.593369,198.7108887,131.4108887,131.4108887,198.7108887,326.4108887,1001.18871553
S006,A,0.35,25,rated_payload_limited,2.925,1.22375461487,1.38968260036,1.38968260036,25,3186.198852,3186.198852,238.3978394,51.29783936,51.29783936,238.3978394,366.0978394,743.476639757
S006,B,0.35,30,rated_payload_limited,2.6,0.981585340998,1.35002263401,1.35002263401,30,3186.198852,3186.198852,238.3978394,51.29783936,51.29783936,238.3978394,366.0978394,637.270011357
S006,C,0.35,80,rated_payload_limited,5.2,2.0373511789,3.25327178824,3.25327178824,80,3186.198852,3186.198852,238.3978394,51.29783936,51.29783936,238.3978394,366.0978394,685.552624484
S007,A,0.35,25,rated_payload_limited,2.925,1.77756344482,2.01797249109,2.01797249109,25,4534.717375,4534.717375,384.273175,163.473175,163.473175,384.273175,511.973175,1157.46688583
S007,B,0.35,30,rated_payload_limited,2.6,1.43033692627,1.95981561942,1.95981561942,30,4534.717375,4534.717375,384.273175,163.473175,163.473175,384.273175,511.973175,1006.30964
S007,C,0.35,80,rated_payload_limited,5.2,2.93545326153,4.67961017039,4.67961017039,80,4534.717375,4534.717375,384.273175,163.473175,163.473175,384.273175,511.973175,1097.60069833
S008,A,0.35,,empty_roundtrip_infeasible,2.925,3.00043718224,3.38719045973,,25,8079.110449,8079.110449,245.2093323,102.0093323,102.0093323,245.2093323,372.9093323,1601.14542887
S008,B,0.35,14.4452944363,energy_limited,2.6,2.39370630456,3.28715724997,2.6,30,8079.110449,8079.110449,245.2093323,102.0093323,102.0093323,245.2093323,372.9093323,1331.84174724
S008,C,0.35,15.681818211,energy_limited,5.2,5.06358632917,8.03799840697,5.2,80,8079.110449,8079.110449,245.2093323,102.0093323,102.0093323,245.2093323,372.9093323,1389.71152467
S009,A,0.35,25,rated_payload_limited,2.925,2.11449348264,2.38688881319,2.38688881319,25,5705.303447,5705.303447,165.5289124,63.22891235,63.22891235,165.5289124,293.2289124,1118.63964598
S009,B,0.35,30,rated_payload_limited,2.6,1.68634349503,2.31641401773,2.31641401773,30,5705.303447,5705.303447,165.5289124,63.22891235,63.22891235,165.5289124,293.2289124,928.462864417
S009,C,0.35,73.4901501285,energy_limited,5.2,3.57145366019,5.66961266921,5.2,80,5705.303447,5705.303447,165.5289124,63.22891235,63.22891235,165.5289124,293.2289124,966.589168542
S010,A,0.35,25,rated_payload_limited,2.925,1.82629300362,2.0707297629,2.0707297629,25,4784.674506,4784.674506,307.9365356,84.03653564,84.03653564,307.9365356,435.6365356,1084.89266991
S010,B,0.35,30,rated_payload_limited,2.6,1.46344502735,2.01104041223,2.01104041223,30,4784.674506,4784.674506,307.9365356,84.03653564,84.03653564,307.9365356,435.6365356,925.403519709
S010,C,0.35,80,rated_payload_limited,5.2,3.04807696181,4.85885692633,4.85885692633,80,4784.674506,4784.674506,307.9365356,84.03653564,84.03653564,307.9365356,435.6365356,990.732364916
S011,A,0.35,25,rated_payload_limited,2.925,1.07737291221,1.21959611273,1.21959611273,25,2808.106412,2808.106412,167.6617554,83.26175537,83.26175537,167.6617554,295.3617554,652.028309898
S011,B,0.35,30,rated_payload_limited,2.6,0.864023964183,1.1839226027,1.1839226027,30,2808.106412,2808.106412,167.6617554,83.26175537,83.26175537,167.6617554,295.3617554,558.424762831
S011,C,0.35,80,rated_payload_limited,5.2,1.79442515305,2.85321027055,2.85321027055,80,2808.106412,2808.106412,167.6617554,83.26175537,83.26175537,167.6617554,295.3617554,600.24534796
S012,A,0.35,15.0403238257,energy_limited,2.925,2.77180546523,3.13142055533,2.925,25,7391.140163,7391.140163,285.6009949,133.5009949,133.5009949,285.6009949,413.3009949,1539.19815302
S012,B,0.35,21.2463371397,energy_limited,2.6,2.21482112408,3.039145538,2.6,30,7391.140163,7391.140163,285.6009949,133.5009949,133.5009949,285.6009949,413.3009949,1292.82681425
S012,C,0.35,38.5299228716,energy_limited,5.2,4.65923038872,7.39890429565,5.2,80,7391.140163,7391.140163,285.6009949,133.5009949,133.5009949,285.6009949,413.3009949,1362.67714589
S013,A,0.35,25,rated_payload_limited,2.925,1.83030762726,2.07421509617,2.07421509617,25,4849.536855,4849.536855,271.4818237,47.48182373,47.48182373,271.4818237,399.1818237,1042.16281728
S013,B,0.35,30,rated_payload_limited,2.6,1.46402243521,2.0144296422,2.0144296422,30,4849.536855,4849.536855,271.4818237,47.48182373,47.48182373,271.4818237,399.1818237,880.511588782
S013,C,0.35,80,rated_payload_limited,5.2,3.06868405411,4.89171403136,4.89171403136,80,4849.536855,4849.536855,271.4818237,47.48182373,47.48182373,271.4818237,399.1818237,933.672196687
S014,A,0.35,25,rated_payload_limited,2.925,2.13779691217,2.42558723052,2.42558723052,25,5419.5363,5419.5363,464.2473877,240.9473877,240.9473877,464.2473877,591.9473877,1420.39888529
S014,B,0.35,30,rated_payload_limited,2.6,1.72186251244,2.35522053783,2.35522053783,30,5419.5363,5419.5363,464.2473877,240.9473877,240.9473877,464.2473877,591.9473877,1239.74767529
S014,C,0.35,74.2444098335,energy_limited,5.2,3.52159630022,5.60758666095,5.2,80,5419.5363,5419.5363,464.2473877,240.9473877,240.9473877,464.2473877,591.9473877,1357.28013786
S015,A,0.35,25,rated_payload_limited,2.925,2.30689938866,2.61934426755,2.61934426755,25,6009.764892,6009.764892,444.0992554,97.29925537,97.29925537,444.0992554,571.7992554,1398.65305656
S015,B,0.35,30,rated_payload_limited,2.6,1.85021799472,2.5445279265,2.5445279265,30,6009.764892,6009.764892,444.0992554,97.29925537,97.29925537,444.0992554,571.7992554,1198.32756016
S015,C,0.35,65.9349019961,energy_limited,5.2,3.84149604983,6.13326501752,5.2,80,6009.764892,6009.764892,444.0992554,97.29925537,97.29925537,444.0992554,571.7992554,1288.56064529
S001,A,0.355,25,rated_payload_limited,2.9025,1.16153051602,1.31271024158,1.31271024158,25,3054.023608,3054.023608,145.3566101,89.05661011,89.05661011,145.3566101,273.0566101,680.906962821
S001,B,0.355,30,rated_payload_limited,2.58,0.930225761055,1.27394097204,1.27394097204,30,3054.023608,3054.023608,145.3566101,89.05661011,89.05661011,145.3566101,273.0566101,579.106175887
S001,C,0.355,80,rated_payload_limited,5.16,1.94139247193,3.08170436114,3.08170436114,80,3054.023608,3054.023608,145.3566101,89.05661011,89.05661011,145.3566101,273.0566101,618.175045922
S002,A,0.355,15.9690438613,energy_limited,2.9025,2.73984663737,3.09050972759,2.9025,25,7411.533814,7411.533814,181.2542542,89.45425415,89.45425415,181.2542542,308.9542542,1433.77520846
S002,B,0.355,21.7512077441,energy_limited,2.58,2.18415452088,2.99882031183,2.58,30,7411.533814,7411.533814,181.2542542,89.45425415,89.45425415,181.2542542,308.9542542,1186.72408132
S002,C,0.355,38.5515301153,energy_limited,5.16,4.6325359292,7.34794754861,5.16,80,7411.533814,7411.533814,181.2542542,89.45425415,89.45425415,181.2542542,308.9542542,1231.84216605
S003,A,0.355,12.0387311269,energy_limited,2.9025,2.7890857722,3.15701804891,2.9025,25,7263.826968,7263.826968,434.1041382,223.3041382,223.3041382,434.1041382,561.8041382,1692.73723069
S003,B,0.355,19.8258493915,energy_limited,2.58,2.23705090717,3.06459015809,2.58,30,7263.826968,7263.826968,434.1041382,223.3041382,223.3041382,434.1041382,561.8041382,1450.60966509
S003,C,0.355,36.9836165871,energy_limited,5.16,4.64390670284,7.38282653444,5.16,80,7263.826968,7263.826968,434.1041382,223.3041382,223.3041382,434.1041382,561.8041382,1560.17771116
S004,A,0.355,2.03418784541,energy_limited,2.9025,2.89394171155,3.26669153411,2.9025,25,7714.681646,7714.681646,270.5391663,169.9391663,169.9391663,270.5391663,398.2391663,1608.79771824
S004,B,0.355,17.1269805977,energy_limited,2.58,2.31251848078,3.16979849246,2.58,30,7714.681646,7714.681646,270.5391663,169.9391663,169.9391663,270.5391663,398.2391663,1351.64166337
S004,C,0.355,26.3526013353,energy_limited,5.16,4.86398606465,7.71524423837,5.16,80,7714.681646,7714.681646,270.5391663,169.9391663,169.9391663,270.5391663,398.2391663,1425.05471881
S005,A,0.355,25,rated_payload_limited,2.9025,1.98844309239,2.24486501136,2.24486501136,25,5280.593369,5280.593369,198.7108887,131.4108887,131.4108887,198.7108887,326.4108887,1122.18819826
S005,B,0.355,30,rated_payload_limited,2.58,1.58992547929,2.1782576011,2.1782576011,30,5280.593369,5280.593369,198.7108887,131.4108887,131.4108887,198.7108887,326.4108887,946.168419293
S005,C,0.355,78.2189383796,energy_limited,5.16,3.33690049967,5.29264281489,5.16,80,5280.593369,5280.593369,198.7108887,131.4108887,131.4108887,198.7108887,326.4108887,1001.18871553
S006,A,0.355,25,rated_payload_limited,2.9025,1.22375461487,1.38968260036,1.38968260036,25,3186.198852,3186.198852,238.3978394,51.29783936,51.29783936,238.3978394,366.0978394,743.476639757
S006,B,0.355,30,rated_payload_limited,2.58,0.981585340998,1.35002263401,1.35002263401,30,3186.198852,3186.198852,238.3978394,51.29783936,51.29783936,238.3978394,366.0978394,637.270011357
S006,C,0.355,80,rated_payload_limited,5.16,2.0373511789,3.25327178824,3.25327178824,80,3186.198852,3186.198852,238.3978394,51.29783936,51.29783936,238.3978394,366.0978394,685.552624484
S007,A,0.355,25,rated_payload_limited,2.9025,1.77756344482,2.01797249109,2.01797249109,25,4534.717375,4534.717375,384.273175,163.473175,163.473175,384.273175,511.973175,1157.46688583
S007,B,0.355,30,rated_payload_limited,2.58,1.43033692627,1.95981561942,1.95981561942,30,4534.717375,4534.717375,384.273175,163.473175,163.473175,384.273175,511.973175,1006.30964
S007,C,0.355,80,rated_payload_limited,5.16,2.93545326153,4.67961017039,4.67961017039,80,4534.717375,4534.717375,384.273175,163.473175,163.473175,384.273175,511.973175,1097.60069833
S008,A,0.355,,empty_roundtrip_infeasible,2.9025,3.00043718224,3.38719045973,,25,8079.110449,8079.110449,245.2093323,102.0093323,102.0093323,245.2093323,372.9093323,1601.14542887
S008,B,0.355,13.598943995,energy_limited,2.58,2.39370630456,3.28715724997,2.58,30,8079.110449,8079.110449,245.2093323,102.0093323,102.0093323,245.2093323,372.9093323,1331.84174724
S008,C,0.355,12.439250743,energy_limited,5.16,5.06358632917,8.03799840697,5.16,80,8079.110449,8079.110449,245.2093323,102.0093323,102.0093323,245.2093323,372.9093323,1389.71152467
S009,A,0.355,25,rated_payload_limited,2.9025,2.11449348264,2.38688881319,2.38688881319,25,5705.303447,5705.303447,165.5289124,63.22891235,63.22891235,165.5289124,293.2289124,1118.63964598
S009,B,0.355,30,rated_payload_limited,2.58,1.68634349503,2.31641401773,2.31641401773,30,5705.303447,5705.303447,165.5289124,63.22891235,63.22891235,165.5289124,293.2289124,928.462864417
S009,C,0.355,72.8363590796,energy_limited,5.16,3.57145366019,5.66961266921,5.16,80,5705.303447,5705.303447,165.5289124,63.22891235,63.22891235,165.5289124,293.2289124,966.589168542
S010,A,0.355,25,rated_payload_limited,2.9025,1.82629300362,2.0707297629,2.0707297629,25,4784.674506,4784.674506,307.9365356,84.03653564,84.03653564,307.9365356,435.6365356,1084.89266991
S010,B,0.355,30,rated_payload_limited,2.58,1.46344502735,2.01104041223,2.01104041223,30,4784.674506,4784.674506,307.9365356,84.03653564,84.03653564,307.9365356,435.6365356,925.403519709
S010,C,0.355,80,rated_payload_limited,5.16,3.04807696181,4.85885692633,4.85885692633,80,4784.674506,4784.674506,307.9365356,84.03653564,84.03653564,307.9365356,435.6365356,990.732364916
S011,A,0.355,25,rated_payload_limited,2.9025,1.07737291221,1.21959611273,1.21959611273,25,2808.106412,2808.106412,167.6617554,83.26175537,83.26175537,167.6617554,295.3617554,652.028309898
S011,B,0.355,30,rated_payload_limited,2.58,0.864023964183,1.1839226027,1.1839226027,30,2808.106412,2808.106412,167.6617554,83.26175537,83.26175537,167.6617554,295.3617554,558.424762831
S011,C,0.355,80,rated_payload_limited,5.16,1.79442515305,2.85321027055,2.85321027055,80,2808.106412,2808.106412,167.6617554,83.26175537,83.26175537,167.6617554,295.3617554,600.24534796
S012,A,0.355,13.5948933732,energy_limited,2.9025,2.77180546523,3.13142055533,2.9025,25,7391.140163,7391.140163,285.6009949,133.5009949,133.5009949,285.6009949,413.3009949,1539.19815302
S012,B,0.355,20.6704069074,energy_limited,2.58,2.21482112408,3.039145538,2.58,30,7391.140163,7391.140163,285.6009949,133.5009949,133.5009949,285.6009949,413.3009949,1292.82681425
S012,C,0.355,36.8769042671,energy_limited,5.16,4.65923038872,7.39890429565,5.16,80,7391.140163,7391.140163,285.6009949,133.5009949,133.5009949,285.6009949,413.3009949,1362.67714589
S013,A,0.355,25,rated_payload_limited,2.9025,1.83030762726,2.07421509617,2.07421509617,25,4849.536855,4849.536855,271.4818237,47.48182373,47.48182373,271.4818237,399.1818237,1042.16281728
S013,B,0.355,30,rated_payload_limited,2.58,1.46402243521,2.0144296422,2.0144296422,30,4849.536855,4849.536855,271.4818237,47.48182373,47.48182373,271.4818237,399.1818237,880.511588782
S013,C,0.355,80,rated_payload_limited,5.16,3.06868405411,4.89171403136,4.89171403136,80,4849.536855,4849.536855,271.4818237,47.48182373,47.48182373,271.4818237,399.1818237,933.672196687
S014,A,0.355,25,rated_payload_limited,2.9025,2.13779691217,2.42558723052,2.42558723052,25,5419.5363,5419.5363,464.2473877,240.9473877,240.9473877,464.2473877,591.9473877,1420.39888529
S014,B,0.355,30,rated_payload_limited,2.58,1.72186251244,2.35522053783,2.35522053783,30,5419.5363,5419.5363,464.2473877,240.9473877,240.9473877,464.2473877,591.9473877,1239.74767529
S014,C,0.355,73.5908610655,energy_limited,5.16,3.52159630022,5.60758666095,5.16,80,5419.5363,5419.5363,464.2473877,240.9473877,240.9473877,464.2473877,591.9473877,1357.28013786
S015,A,0.355,25,rated_payload_limited,2.9025,2.30689938866,2.61934426755,2.61934426755,25,6009.764892,6009.764892,444.0992554,97.29925537,97.29925537,444.0992554,571.7992554,1398.65305656
S015,B,0.355,30,rated_payload_limited,2.58,1.85021799472,2.5445279265,2.5445279265,30,6009.764892,6009.764892,444.0992554,97.29925537,97.29925537,444.0992554,571.7992554,1198.32756016
S015,C,0.355,65.1097937431,energy_limited,5.16,3.84149604983,6.13326501752,5.16,80,6009.764892,6009.764892,444.0992554,97.29925537,97.29925537,444.0992554,571.7992554,1288.56064529
S001,A,0.36,25,rated_payload_limited,2.88,1.16153051602,1.31271024158,1.31271024158,25,3054.023608,3054.023608,145.3566101,89.05661011,89.05661011,145.3566101,273.0566101,680.906962821
S001,B,0.36,30,rated_payload_limited,2.56,0.930225761055,1.27394097204,1.27394097204,30,3054.023608,3054.023608,145.3566101,89.05661011,89.05661011,145.3566101,273.0566101,579.106175887
S001,C,0.36,80,rated_payload_limited,5.12,1.94139247193,3.08170436114,3.08170436114,80,3054.023608,3054.023608,145.3566101,89.05661011,89.05661011,145.3566101,273.0566101,618.175045922
S002,A,0.36,14.5606557456,energy_limited,2.88,2.73984663737,3.09050972759,2.88,25,7411.533814,7411.533814,181.2542542,89.45425415,89.45425415,181.2542542,308.9542542,1433.77520846
S002,B,0.36,21.1908563995,energy_limited,2.56,2.18415452088,2.99882031183,2.56,30,7411.533814,7411.533814,181.2542542,89.45425415,89.45425415,181.2542542,308.9542542,1186.72408132
S002,C,0.36,36.8760999222,energy_limited,5.12,4.6325359292,7.34794754861,5.12,80,7411.533814,7411.533814,181.2542542,89.45425415,89.45425415,181.2542542,308.9542542,1231.84216605
S003,A,0.36,10.3761592483,energy_limited,2.88,2.7890857722,3.15701804891,2.88,25,7263.826968,7263.826968,434.1041382,223.3041382,223.3041382,434.1041382,561.8041382,1692.73723069
S003,B,0.36,19.1905026942,energy_limited,2.56,2.23705090717,3.06459015809,2.56,30,7263.826968,7263.826968,434.1041382,223.3041382,223.3041382,434.1041382,561.8041382,1450.60966509
S003,C,0.36,35.2676045484,energy_limited,5.12,4.64390670284,7.38282653444,5.12,80,7263.826968,7263.826968,434.1041382,223.3041382,223.3041382,434.1041382,561.8041382,1560.17771116
S004,A,0.36,,empty_roundtrip_infeasible,2.88,2.89394171155,3.26669153411,,25,7714.681646,7714.681646,270.5391663,169.9391663,169.9391663,270.5391663,398.2391663,1608.79771824
S004,B,0.36,16.3919815261,energy_limited,2.56,2.31251848078,3.16979849246,2.56,30,7714.681646,7714.681646,270.5391663,169.9391663,169.9391663,270.5391663,398.2391663,1351.64166337
S004,C,0.36,24.0615764681,energy_limited,5.12,4.86398606465,7.71524423837,5.12,80,7714.681646,7714.681646,270.5391663,169.9391663,169.9391663,270.5391663,398.2391663,1425.05471881
S005,A,0.36,25,rated_payload_limited,2.88,1.98844309239,2.24486501136,2.24486501136,25,5280.593369,5280.593369,198.7108887,131.4108887,131.4108887,198.7108887,326.4108887,1122.18819826
S005,B,0.36,30,rated_payload_limited,2.56,1.58992547929,2.1782576011,2.1782576011,30,5280.593369,5280.593369,198.7108887,131.4108887,131.4108887,198.7108887,326.4108887,946.168419293
S005,C,0.36,77.6505401777,energy_limited,5.12,3.33690049967,5.29264281489,5.12,80,5280.593369,5280.593369,198.7108887,131.4108887,131.4108887,198.7108887,326.4108887,1001.18871553
S006,A,0.36,25,rated_payload_limited,2.88,1.22375461487,1.38968260036,1.38968260036,25,3186.198852,3186.198852,238.3978394,51.29783936,51.29783936,238.3978394,366.0978394,743.476639757
S006,B,0.36,30,rated_payload_limited,2.56,0.981585340998,1.35002263401,1.35002263401,30,3186.198852,3186.198852,238.3978394,51.29783936,51.29783936,238.3978394,366.0978394,637.270011357
S006,C,0.36,80,rated_payload_limited,5.12,2.0373511789,3.25327178824,3.25327178824,80,3186.198852,3186.198852,238.3978394,51.29783936,51.29783936,238.3978394,366.0978394,685.552624484
S007,A,0.36,25,rated_payload_limited,2.88,1.77756344482,2.01797249109,2.01797249109,25,4534.717375,4534.717375,384.273175,163.473175,163.473175,384.273175,511.973175,1157.46688583
S007,B,0.36,30,rated_payload_limited,2.56,1.43033692627,1.95981561942,1.95981561942,30,4534.717375,4534.717375,384.273175,163.473175,163.473175,384.273175,511.973175,1006.30964
S007,C,0.36,80,rated_payload_limited,5.12,2.93545326153,4.67961017039,4.67961017039,80,4534.717375,4534.717375,384.273175,163.473175,163.473175,384.273175,511.973175,1097.60069833
S008,A,0.36,,empty_roundtrip_infeasible,2.88,3.00043718224,3.38719045973,,25,8079.110449,8079.110449,245.2093323,102.0093323,102.0093323,245.2093323,372.9093323,1601.14542887
S008,B,0.36,12.701561661,energy_limited,2.56,2.39370630456,3.28715724997,2.56,30,8079.110449,8079.110449,245.2093323,102.0093323,102.0093323,245.2093323,372.9093323,1331.84174724
S008,C,0.36,8.63621178368,energy_limited,5.12,5.06358632917,8.03799840697,5.12,80,8079.110449,8079.110449,245.2093323,102.0093323,102.0093323,245.2093323,372.9093323,1389.71152467
S009,A,0.36,25,rated_payload_limited,2.88,2.11449348264,2.38688881319,2.38688881319,25,5705.303447,5705.303447,165.5289124,63.22891235,63.22891235,165.5289124,293.2289124,1118.63964598
S009,B,0.36,30,rated_payload_limited,2.56,1.68634349503,2.31641401773,2.31641401773,30,5705.303447,5705.303447,165.5289124,63.22891235,63.22891235,165.5289124,293.2289124,928.462864417
S009,C,0.36,72.1638285449,energy_limited,5.12,3.57145366019,5.66961266921,5.12,80,5705.303447,5705.303447,165.5289124,63.22891235,63.22891235,165.5289124,293.2289124,966.589168542
S010,A,0.36,25,rated_payload_limited,2.88,1.82629300362,2.0707297629,2.0707297629,25,4784.674506,4784.674506,307.9365356,84.03653564,84.03653564,307.9365356,435.6365356,1084.89266991
S010,B,0.36,30,rated_payload_limited,2.56,1.46344502735,2.01104041223,2.01104041223,30,4784.674506,4784.674506,307.9365356,84.03653564,84.03653564,307.9365356,435.6365356,925.403519709
S010,C,0.36,80,rated_payload_limited,5.12,3.04807696181,4.85885692633,4.85885692633,80,4784.674506,4784.674506,307.9365356,84.03653564,84.03653564,307.9365356,435.6365356,990.732364916
S011,A,0.36,25,rated_payload_limited,2.88,1.07737291221,1.21959611273,1.21959611273,25,2808.106412,2808.106412,167.6617554,83.26175537,83.26175537,167.6617554,295.3617554,652.028309898
S011,B,0.36,30,rated_payload_limited,2.56,0.864023964183,1.1839226027,1.1839226027,30,2808.106412,2808.106412,167.6617554,83.26175537,83.26175537,167.6617554,295.3617554,558.424762831
S011,C,0.36,80,rated_payload_limited,5.12,1.79442515305,2.85321027055,2.85321027055,80,2808.106412,2808.106412,167.6617554,83.26175537,83.26175537,167.6617554,295.3617554,600.24534796
S012,A,0.36,12.031703841,energy_limited,2.88,2.77180546523,3.13142055533,2.88,25,7391.140163,7391.140163,285.6009949,133.5009949,133.5009949,285.6009949,413.3009949,1539.19815302
S012,B,0.36,20.0706213237,energy_limited,2.56,2.21482112408,3.039145538,2.56,30,7391.140163,7391.140163,285.6009949,133.5009949,133.5009949,285.6009949,413.3009949,1292.82681425
S012,C,0.36,35.1416095111,energy_limited,5.12,4.65923038872,7.39890429565,5.12,80,7391.140163,7391.140163,285.6009949,133.5009949,133.5009949,285.6009949,413.3009949,1362.67714589
S013,A,0.36,25,rated_payload_limited,2.88,1.83030762726,2.07421509617,2.07421509617,25,4849.536855,4849.536855,271.4818237,47.48182373,47.48182373,271.4818237,399.1818237,1042.16281728
S013,B,0.36,30,rated_payload_limited,2.56,1.46402243521,2.0144296422,2.0144296422,30,4849.536855,4849.536855,271.4818237,47.48182373,47.48182373,271.4818237,399.1818237,880.511588782
S013,C,0.36,80,rated_payload_limited,5.12,3.06868405411,4.89171403136,4.89171403136,80,4849.536855,4849.536855,271.4818237,47.48182373,47.48182373,271.4818237,399.1818237,933.672196687
S014,A,0.36,25,rated_payload_limited,2.88,2.13779691217,2.42558723052,2.42558723052,25,5419.5363,5419.5363,464.2473877,240.9473877,240.9473877,464.2473877,591.9473877,1420.39888529
S014,B,0.36,30,rated_payload_limited,2.56,1.72186251244,2.35522053783,2.35522053783,30,5419.5363,5419.5363,464.2473877,240.9473877,240.9473877,464.2473877,591.9473877,1239.74767529
S014,C,0.36,72.9186785022,energy_limited,5.12,3.52159630022,5.60758666095,5.12,80,5419.5363,5419.5363,464.2473877,240.9473877,240.9473877,464.2473877,591.9473877,1357.28013786
S015,A,0.36,25,rated_payload_limited,2.88,2.30689938866,2.61934426755,2.61934426755,25,6009.764892,6009.764892,444.0992554,97.29925537,97.29925537,444.0992554,571.7992554,1398.65305656
S015,B,0.36,30,rated_payload_limited,2.56,1.85021799472,2.5445279265,2.5445279265,30,6009.764892,6009.764892,444.0992554,97.29925537,97.29925537,444.0992554,571.7992554,1198.32756016
S015,C,0.36,64.2590811048,energy_limited,5.12,3.84149604983,6.13326501752,5.12,80,6009.764892,6009.764892,444.0992554,97.29925537,97.29925537,444.0992554,571.7992554,1288.56064529
S001,A,0.365,25,rated_payload_limited,2.8575,1.16153051602,1.31271024158,1.31271024158,25,3054.023608,3054.023608,145.3566101,89.05661011,89.05661011,145.3566101,273.0566101,680.906962821
S001,B,0.365,30,rated_payload_limited,2.54,0.930225761055,1.27394097204,1.27394097204,30,3054.023608,3054.023608,145.3566101,89.05661011,89.05661011,145.3566101,273.0566101,579.106175887
S001,C,0.365,80,rated_payload_limited,5.08,1.94139247193,3.08170436114,3.08170436114,80,3054.023608,3054.023608,145.3566101,89.05661011,89.05661011,145.3566101,273.0566101,618.175045922
S002,A,0.365,13.0406655701,energy_limited,2.8575,2.73984663737,3.09050972759,2.8575,25,7411.533814,7411.533814,181.2542542,89.45425415,89.45425415,181.2542542,308.9542542,1433.77520846
S002,B,0.365,20.6074563815,energy_limited,2.54,2.18415452088,2.99882031183,2.54,30,7411.533814,7411.533814,181.2542542,89.45425415,89.45425415,181.2542542,308.9542542,1186.72408132
S002,C,0.365,35.1145692794,energy_limited,5.08,4.6325359292,7.34794754861,5.08,80,7411.533814,7411.533814,181.2542542,89.45425415,89.45425415,181.2542542,308.9542542,1231.84216605
S003,A,0.365,8.54066734271,energy_limited,2.8575,2.7890857722,3.15701804891,2.8575,25,7263.826968,7263.826968,434.1041382,223.3041382,223.3041382,434.1041382,561.8041382,1692.73723069
S003,B,0.365,18.5272419625,energy_limited,2.54,2.23705090717,3.06459015809,2.54,30,7263.826968,7263.826968,434.1041382,223.3041382,223.3041382,434.1041382,561.8041382,1450.60966509
S003,C,0.365,33.4652003289,energy_limited,5.08,4.64390670284,7.38282653444,5.08,80,7263.826968,7263.826968,434.1041382,223.3041382,223.3041382,434.1041382,561.8041382,1560.17771116
S004,A,0.365,,empty_roundtrip_infeasible,2.8575,2.89394171155,3.26669153411,,25,7714.681646,7714.681646,270.5391663,169.9391663,169.9391663,270.5391663,398.2391663,1608.79771824
S004,B,0.365,15.6193992258,energy_limited,2.54,2.31251848078,3.16979849246,2.54,30,7714.681646,7714.681646,270.5391663,169.9391663,169.9391663,270.5391663,398.2391663,1351.64166337
S004,C,0.365,21.5954192459,energy_limited,5.08,4.86398606465,7.71524423837,5.08,80,7714.681646,7714.681646,270.5391663,169.9391663,169.9391663,270.5391663,398.2391663,1425.05471881
S005,A,0.365,25,rated_payload_limited,2.8575,1.98844309239,2.24486501136,2.24486501136,25,5280.593369,5280.593369,198.7108887,131.4108887,131.4108887,198.7108887,326.4108887,1122.18819826
S005,B,0.365,30,rated_payload_limited,2.54,1.58992547929,2.1782576011,2.1782576011,30,5280.593369,5280.593369,198.7108887,131.4108887,131.4108887,198.7108887,326.4108887,946.168419293
S005,C,0.365,77.0665623524,energy_limited,5.08,3.33690049967,5.29264281489,5.08,80,5280.593369,5280.593369,198.7108887,131.4108887,131.4108887,198.7108887,326.4108887,1001.18871553
S006,A,0.365,25,rated_payload_limited,2.8575,1.22375461487,1.38968260036,1.38968260036,25,3186.198852,3186.198852,238.3978394,51.29783936,51.29783936,238.3978394,366.0978394,743.476639757
S006,B,0.365,30,rated_payload_limited,2.54,0.981585340998,1.35002263401,1.35002263401,30,3186.198852,3186.198852,238.3978394,51.29783936,51.29783936,238.3978394,366.0978394,637.270011357
S006,C,0.365,80,rated_payload_limited,5.08,2.0373511789,3.25327178824,3.25327178824,80,3186.198852,3186.198852,238.3978394,51.29783936,51.29783936,238.3978394,366.0978394,685.552624484
S007,A,0.365,25,rated_payload_limited,2.8575,1.77756344482,2.01797249109,2.01797249109,25,4534.717375,4534.717375,384.273175,163.473175,163.473175,384.273175,511.973175,1157.46688583
S007,B,0.365,30,rated_payload_limited,2.54,1.43033692627,1.95981561942,1.95981561942,30,4534.717375,4534.717375,384.273175,163.473175,163.473175,384.273175,511.973175,1006.30964
S007,C,0.365,80,rated_payload_limited,5.08,2.93545326153,4.67961017039,4.67961017039,80,4534.717375,4534.717375,384.273175,163.473175,163.473175,384.273175,511.973175,1097.60069833
S008,A,0.365,,empty_roundtrip_infeasible,2.8575,3.00043718224,3.38719045973,,25,8079.110449,8079.110449,245.2093323,102.0093323,102.0093323,245.2093323,372.9093323,1601.14542887
S008,B,0.365,11.7458510846,energy_limited,2.54,2.39370630456,3.28715724997,2.54,30,8079.110449,8079.110449,245.2093323,102.0093323,102.0093323,245.2093323,372.9093323,1331.84174724
S008,C,0.365,3.63640091193,energy_limited,5.08,5.06358632917,8.03799840697,5.08,80,8079.110449,8079.110449,245.2093323,102.0093323,102.0093323,245.2093323,372.9093323,1389.71152467
S009,A,0.365,25,rated_payload_limited,2.8575,2.11449348264,2.38688881319,2.38688881319,25,5705.303447,5705.303447,165.5289124,63.22891235,63.22891235,165.5289124,293.2289124,1118.63964598
S009,B,0.365,30,rated_payload_limited,2.54,1.68634349503,2.31641401773,2.31641401773,30,5705.303447,5705.303447,165.5289124,63.22891235,63.22891235,165.5289124,293.2289124,928.462864417
S009,C,0.365,71.4717128224,energy_limited,5.08,3.57145366019,5.66961266921,5.08,80,5705.303447,5705.303447,165.5289124,63.22891235,63.22891235,165.5289124,293.2289124,966.589168542
S010,A,0.365,25,rated_payload_limited,2.8575,1.82629300362,2.0707297629,2.0707297629,25,4784.674506,4784.674506,307.9365356,84.03653564,84.03653564,307.9365356,435.6365356,1084.89266991
S010,B,0.365,30,rated_payload_limited,2.54,1.46344502735,2.01104041223,2.01104041223,30,4784.674506,4784.674506,307.9365356,84.03653564,84.03653564,307.9365356,435.6365356,925.403519709
S010,C,0.365,80,rated_payload_limited,5.08,3.04807696181,4.85885692633,4.85885692633,80,4784.674506,4784.674506,307.9365356,84.03653564,84.03653564,307.9365356,435.6365356,990.732364916
S011,A,0.365,25,rated_payload_limited,2.8575,1.07737291221,1.21959611273,1.21959611273,25,2808.106412,2808.106412,167.6617554,83.26175537,83.26175537,167.6617554,295.3617554,652.028309898
S011,B,0.365,30,rated_payload_limited,2.54,0.864023964183,1.1839226027,1.1839226027,30,2808.106412,2808.106412,167.6617554,83.26175537,83.26175537,167.6617554,295.3617554,558.424762831
S011,C,0.365,80,rated_payload_limited,5.08,1.79442515305,2.85321027055,2.85321027055,80,2808.106412,2808.106412,167.6617554,83.26175537,83.26175537,167.6617554,295.3617554,600.24534796
S012,A,0.365,10.3215687445,energy_limited,2.8575,2.77180546523,3.13142055533,2.8575,25,7391.140163,7391.140163,285.6009949,133.5009949,133.5009949,285.6009949,413.3009949,1539.19815302
S012,B,0.365,19.4451857258,energy_limited,2.54,2.21482112408,3.039145538,2.54,30,7391.140163,7391.140163,285.6009949,133.5009949,133.5009949,285.6009949,413.3009949,1292.82681425
S012,C,0.365,33.315477491,energy_limited,5.08,4.65923038872,7.39890429565,5.08,80,7391.140163,7391.140163,285.6009949,133.5009949,133.5009949,285.6009949,413.3009949,1362.67714589
S013,A,0.365,25,rated_payload_limited,2.8575,1.83030762726,2.07421509617,2.07421509617,25,4849.536855,4849.536855,271.4818237,47.48182373,47.48182373,271.4818237,399.1818237,1042.16281728
S013,B,0.365,30,rated_payload_limited,2.54,1.46402243521,2.0144296422,2.0144296422,30,4849.536855,4849.536855,271.4818237,47.48182373,47.48182373,271.4818237,399.1818237,880.511588782
S013,C,0.365,80,rated_payload_limited,5.08,3.06868405411,4.89171403136,4.89171403136,80,4849.536855,4849.536855,271.4818237,47.48182373,47.48182373,271.4818237,399.1818237,933.672196687
S014,A,0.365,25,rated_payload_limited,2.8575,2.13779691217,2.42558723052,2.42558723052,25,5419.5363,5419.5363,464.2473877,240.9473877,240.9473877,464.2473877,591.9473877,1420.39888529
S014,B,0.365,30,rated_payload_limited,2.54,1.72186251244,2.35522053783,2.35522053783,30,5419.5363,5419.5363,464.2473877,240.9473877,240.9473877,464.2473877,591.9473877,1239.74767529
S014,C,0.365,72.2270435174,energy_limited,5.08,3.52159630022,5.60758666095,5.08,80,5419.5363,5419.5363,464.2473877,240.9473877,240.9473877,464.2473877,591.9473877,1357.28013786
S015,A,0.365,25,rated_payload_limited,2.8575,2.30689938866,2.61934426755,2.61934426755,25,6009.764892,6009.764892,444.0992554,97.29925537,97.29925537,444.0992554,571.7992554,1398.65305656
S015,B,0.365,29.9216895732,energy_limited,2.54,1.85021799472,2.5445279265,2.54,30,6009.764892,6009.764892,444.0992554,97.29925537,97.29925537,444.0992554,571.7992554,1198.32756016
S015,C,0.365,63.3815075592,energy_limited,5.08,3.84149604983,6.13326501752,5.08,80,6009.764892,6009.764892,444.0992554,97.29925537,97.29925537,444.0992554,571.7992554,1288.56064529
S001,A,0.37,25,rated_payload_limited,2.835,1.16153051602,1.31271024158,1.31271024158,25,3054.023608,3054.023608,145.3566101,89.05661011,89.05661011,145.3566101,273.0566101,680.906962821
S001,B,0.37,30,rated_payload_limited,2.52,0.930225761055,1.27394097204,1.27394097204,30,3054.023608,3054.023608,145.3566101,89.05661011,89.05661011,145.3566101,273.0566101,579.106175887
S001,C,0.37,80,rated_payload_limited,5.04,1.94139247193,3.08170436114,3.08170436114,80,3054.023608,3054.023608,145.3566101,89.05661011,89.05661011,145.3566101,273.0566101,618.175045922
S002,A,0.37,11.3833485133,energy_limited,2.835,2.73984663737,3.09050972759,2.835,25,7411.533814,7411.533814,181.2542542,89.45425415,89.45425415,181.2542542,308.9542542,1433.77520846
S002,B,0.37,19.9992905174,energy_limited,2.52,2.18415452088,2.99882031183,2.52,30,7411.533814,7411.533814,181.2542542,89.45425415,89.45425415,181.2542542,308.9542542,1186.72408132
S002,C,0.37,33.2575796657,energy_limited,5.04,4.6325359292,7.34794754861,5.04,80,7411.533814,7411.533814,181.2542542,89.45425415,89.45425415,181.2542542,308.9542542,1231.84216605
S003,A,0.37,6.46290318917,energy_limited,2.835,2.7890857722,3.15701804891,2.835,25,7263.826968,7263.826968,434.1041382,223.3041382,223.3041382,434.1041382,561.8041382,1692.73723069
S003,B,0.37,17.833783647,energy_limited,2.52,2.23705090717,3.06459015809,2.52,30,7263.826968,7263.826968,434.1041382,223.3041382,223.3041382,434.1041382,561.8041382,1450.60966509
S003,C,0.37,31.5671872421,energy_limited,5.04,4.64390670284,7.38282653444,5.04,80,7263.826968,7263.826968,434.1041382,223.3041382,223.3041382,434.1041382,561.8041382,1560.17771116
S004,A,0.37,,empty_roundtrip_infeasible,2.835,2.89394171155,3.26669153411,,25,7714.681646,7714.681646,270.5391663,169.9391663,169.9391663,270.5391663,398.2391663,1608.79771824
S004,B,0.37,14.8052355116,energy_limited,2.52,2.31251848078,3.16979849246,2.52,30,7714.681646,7714.681646,270.5391663,169.9391663,169.9391663,270.5391663,398.2391663,1351.64166337
S004,C,0.37,18.9155549219,energy_limited,5.04,4.86398606465,7.71524423837,5.04,80,7714.681646,7714.681646,270.5391663,169.9391663,169.9391663,270.5391663,398.2391663,1425.05471881
S005,A,0.37,25,rated_payload_limited,2.835,1.98844309239,2.24486501136,2.24486501136,25,5280.593369,5280.593369,198.7108887,131.4108887,131.4108887,198.7108887,326.4108887,1122.18819826
S005,B,0.37,30,rated_payload_limited,2.52,1.58992547929,2.1782576011,2.1782576011,30,5280.593369,5280.593369,198.7108887,131.4108887,131.4108887,198.7108887,326.4108887,946.168419293
S005,C,0.37,76.4663415209,energy_limited,5.04,3.33690049967,5.29264281489,5.04,80,5280.593369,5280.593369,198.7108887,131.4108887,131.4108887,198.7108887,326.4108887,1001.18871553
S006,A,0.37,25,rated_payload_limited,2.835,1.22375461487,1.38968260036,1.38968260036,25,3186.198852,3186.198852,238.3978394,51.29783936,51.29783936,238.3978394,366.0978394,743.476639757
S006,B,0.37,30,rated_payload_limited,2.52,0.981585340998,1.35002263401,1.35002263401,30,3186.198852,3186.198852,238.3978394,51.29783936,51.29783936,238.3978394,366.0978394,637.270011357
S006,C,0.37,80,rated_payload_limited,5.04,2.0373511789,3.25327178824,3.25327178824,80,3186.198852,3186.198852,238.3978394,51.29783936,51.29783936,238.3978394,366.0978394,685.552624484
S007,A,0.37,25,rated_payload_limited,2.835,1.77756344482,2.01797249109,2.01797249109,25,4534.717375,4534.717375,384.273175,163.473175,163.473175,384.273175,511.973175,1157.46688583
S007,B,0.37,30,rated_payload_limited,2.52,1.43033692627,1.95981561942,1.95981561942,30,4534.717375,4534.717375,384.273175,163.473175,163.473175,384.273175,511.973175,1006.30964
S007,C,0.37,80,rated_payload_limited,5.04,2.93545326153,4.67961017039,4.67961017039,80,4534.717375,4534.717375,384.273175,163.473175,163.473175,384.273175,511.973175,1097.60069833
S008,A,0.37,,empty_roundtrip_infeasible,2.835,3.00043718224,3.38719045973,,25,8079.110449,8079.110449,245.2093323,102.0093323,102.0093323,245.2093323,372.9093323,1601.14542887
S008,B,0.37,10.7223447479,energy_limited,2.52,2.39370630456,3.28715724997,2.52,30,8079.110449,8079.110449,245.2093323,102.0093323,102.0093323,245.2093323,372.9093323,1331.84174724
S008,C,0.37,,empty_roundtrip_infeasible,5.04,5.06358632917,8.03799840697,,80,8079.110449,8079.110449,245.2093323,102.0093323,102.0093323,245.2093323,372.9093323,1389.71152467
S009,A,0.37,25,rated_payload_limited,2.835,2.11449348264,2.38688881319,2.38688881319,25,5705.303447,5705.303447,165.5289124,63.22891235,63.22891235,165.5289124,293.2289124,1118.63964598
S009,B,0.37,30,rated_payload_limited,2.52,1.68634349503,2.31641401773,2.31641401773,30,5705.303447,5705.303447,165.5289124,63.22891235,63.22891235,165.5289124,293.2289124,928.462864417
S009,C,0.37,70.7591121423,energy_limited,5.04,3.57145366019,5.66961266921,5.04,80,5705.303447,5705.303447,165.5289124,63.22891235,63.22891235,165.5289124,293.2289124,966.589168542
S010,A,0.37,25,rated_payload_limited,2.835,1.82629300362,2.0707297629,2.0707297629,25,4784.674506,4784.674506,307.9365356,84.03653564,84.03653564,307.9365356,435.6365356,1084.89266991
S010,B,0.37,30,rated_payload_limited,2.52,1.46344502735,2.01104041223,2.01104041223,30,4784.674506,4784.674506,307.9365356,84.03653564,84.03653564,307.9365356,435.6365356,925.403519709
S010,C,0.37,80,rated_payload_limited,5.04,3.04807696181,4.85885692633,4.85885692633,80,4784.674506,4784.674506,307.9365356,84.03653564,84.03653564,307.9365356,435.6365356,990.732364916
S011,A,0.37,25,rated_payload_limited,2.835,1.07737291221,1.21959611273,1.21959611273,25,2808.106412,2808.106412,167.6617554,83.26175537,83.26175537,167.6617554,295.3617554,652.028309898
S011,B,0.37,30,rated_payload_limited,2.52,0.864023964183,1.1839226027,1.1839226027,30,2808.106412,2808.106412,167.6617554,83.26175537,83.26175537,167.6617554,295.3617554,558.424762831
S011,C,0.37,80,rated_payload_limited,5.04,1.79442515305,2.85321027055,2.85321027055,80,2808.106412,2808.106412,167.6617554,83.26175537,83.26175537,167.6617554,295.3617554,600.24534796
S012,A,0.37,8.4175027413,energy_limited,2.835,2.77180546523,3.13142055533,2.835,25,7391.140163,7391.140163,285.6009949,133.5009949,133.5009949,285.6009949,413.3009949,1539.19815302
S012,B,0.37,18.7920772555,energy_limited,2.52,2.21482112408,3.039145538,2.52,30,7391.140163,7391.140163,285.6009949,133.5009949,133.5009949,285.6009949,413.3009949,1292.82681425
S012,C,0.37,31.3882403509,energy_limited,5.04,4.65923038872,7.39890429565,5.04,80,7391.140163,7391.140163,285.6009949,133.5009949,133.5009949,285.6009949,413.3009949,1362.67714589
S013,A,0.37,25,rated_payload_limited,2.835,1.83030762726,2.07421509617,2.07421509617,25,4849.536855,4849.536855,271.4818237,47.48182373,47.48182373,271.4818237,399.1818237,1042.16281728
S013,B,0.37,30,rated_payload_limited,2.52,1.46402243521,2.0144296422,2.0144296422,30,4849.536855,4849.536855,271.4818237,47.48182373,47.48182373,271.4818237,399.1818237,880.511588782
S013,C,0.37,80,rated_payload_limited,5.04,3.06868405411,4.89171403136,4.89171403136,80,4849.536855,4849.536855,271.4818237,47.48182373,47.48182373,271.4818237,399.1818237,933.672196687
S014,A,0.37,25,rated_payload_limited,2.835,2.13779691217,2.42558723052,2.42558723052,25,5419.5363,5419.5363,464.2473877,240.9473877,240.9473877,464.2473877,591.9473877,1420.39888529
S014,B,0.37,30,rated_payload_limited,2.52,1.72186251244,2.35522053783,2.35522053783,30,5419.5363,5419.5363,464.2473877,240.9473877,240.9473877,464.2473877,591.9473877,1239.74767529
S014,C,0.37,71.5150875625,energy_limited,5.04,3.52159630022,5.60758666095,5.04,80,5419.5363,5419.5363,464.2473877,240.9473877,240.9473877,464.2473877,591.9473877,1357.28013786
S015,A,0.37,25,rated_payload_limited,2.835,2.30689938866,2.61934426755,2.61934426755,25,6009.764892,6009.764892,444.0992554,97.29925537,97.29925537,444.0992554,571.7992554,1398.65305656
S015,B,0.37,29.5691529995,energy_limited,2.52,1.85021799472,2.5445279265,2.52,30,6009.764892,6009.764892,444.0992554,97.29925537,97.29925537,444.0992554,571.7992554,1198.32756016
S015,C,0.37,62.4757276374,energy_limited,5.04,3.84149604983,6.13326501752,5.04,80,6009.764892,6009.764892,444.0992554,97.29925537,97.29925537,444.0992554,571.7992554,1288.56064529
S001,A,0.375,25,rated_payload_limited,2.8125,1.16153051602,1.31271024158,1.31271024158,25,3054.023608,3054.023608,145.3566101,89.05661011,89.05661011,145.3566101,273.0566101,680.906962821
S001,B,0.375,30,rated_payload_limited,2.5,0.930225761055,1.27394097204,1.27394097204,30,3054.023608,3054.023608,145.3566101,89.05661011,89.05661011,145.3566101,273.0566101,579.106175887
S001,C,0.375,80,rated_payload_limited,5,1.94139247193,3.08170436114,3.08170436114,80,3054.023608,3054.023608,145.3566101,89.05661011,89.05661011,145.3566101,273.0566101,618.175045922
S002,A,0.375,9.54890855227,energy_limited,2.8125,2.73984663737,3.09050972759,2.8125,25,7411.533814,7411.533814,181.2542542,89.45425415,89.45425415,181.2542542,308.9542542,1433.77520846
S002,B,0.375,19.364427498,energy_limited,2.5,2.18415452088,2.99882031183,2.5,30,7411.533814,7411.533814,181.2542542,89.45425415,89.45425415,181.2542542,308.9542542,1186.72408132
S002,C,0.375,31.2938220329,energy_limited,5,4.6325359292,7.34794754861,5,80,7411.533814,7411.533814,181.2542542,89.45425415,89.45425415,181.2542542,308.9542542,1231.84216605
S003,A,0.375,3.98659835698,energy_limited,2.8125,2.7890857722,3.15701804891,2.8125,25,7263.826968,7263.826968,434.1041382,223.3041382,223.3041382,434.1041382,561.8041382,1692.73723069
S003,B,0.375,17.1075163999,energy_limited,2.5,2.23705090717,3.06459015809,2.5,30,7263.826968,7263.826968,434.1041382,223.3041382,223.3041382,434.1041382,561.8041382,1450.60966509
S003,C,0.375,29.5624187519,energy_limited,5,4.64390670284,7.38282653444,5,80,7263.826968,7263.826968,434.1041382,223.3041382,223.3041382,434.1041382,561.8041382,1560.17771116
S004,A,0.375,,empty_roundtrip_infeasible,2.8125,2.89394171155,3.26669153411,,25,7714.681646,7714.681646,270.5391663,169.9391663,169.9391663,270.5391663,398.2391663,1608.79771824
S004,B,0.375,13.9446814403,energy_limited,2.5,2.31251848078,3.16979849246,2.5,30,7714.681646,7714.681646,270.5391663,169.9391663,169.9391663,270.5391663,398.2391663,1351.64166337
S004,C,0.375,15.9633406624,energy_limited,5,4.86398606465,7.71524423837,5,80,7714.681646,7714.681646,270.5391663,169.9391663,169.9391663,270.5391663,398.2391663,1425.05471881
S005,A,0.375,25,rated_payload_limited,2.8125,1.98844309239,2.24486501136,2.24486501136,25,5280.593369,5280.593369,198.7108887,131.4108887,131.4108887,198.7108887,326.4108887,1122.18819826
S005,B,0.375,30,rated_payload_limited,2.5,1.58992547929,2.1782576011,2.1782576011,30,5280.593369,5280.593369,198.7108887,131.4108887,131.4108887,198.7108887,326.4108887,946.168419293
S005,C,0.375,75.849174966,energy_limited,5,3.33690049967,5.29264281489,5,80,5280.593369,5280.593369,198.7108887,131.4108887,131.4108887,198.7108887,326.4108887,1001.18871553
S006,A,0.375,25,rated_payload_limited,2.8125,1.22375461487,1.38968260036,1.38968260036,25,3186.198852,3186.198852,238.3978394,51.29783936,51.29783936,238.3978394,366.0978394,743.476639757
S006,B,0.375,30,rated_payload_limited,2.5,0.981585340998,1.35002263401,1.35002263401,30,3186.198852,3186.198852,238.3978394,51.29783936,51.29783936,238.3978394,366.0978394,637.270011357
S006,C,0.375,80,rated_payload_limited,5,2.0373511789,3.25327178824,3.25327178824,80,3186.198852,3186.198852,238.3978394,51.29783936,51.29783936,238.3978394,366.0978394,685.552624484
S007,A,0.375,25,rated_payload_limited,2.8125,1.77756344482,2.01797249109,2.01797249109,25,4534.717375,4534.717375,384.273175,163.473175,163.473175,384.273175,511.973175,1157.46688583
S007,B,0.375,30,rated_payload_limited,2.5,1.43033692627,1.95981561942,1.95981561942,30,4534.717375,4534.717375,384.273175,163.473175,163.473175,384.273175,511.973175,1006.30964
S007,C,0.375,80,rated_payload_limited,5,2.93545326153,4.67961017039,4.67961017039,80,4534.717375,4534.717375,384.273175,163.473175,163.473175,384.273175,511.973175,1097.60069833
S008,A,0.375,,empty_roundtrip_infeasible,2.8125,3.00043718224,3.38719045973,,25,8079.110449,8079.110449,245.2093323,102.0093323,102.0093323,245.2093323,372.9093323,1601.14542887
S008,B,0.375,9.6182661088,energy_limited,2.5,2.39370630456,3.28715724997,2.5,30,8079.110449,8079.110449,245.2093323,102.0093323,102.0093323,245.2093323,372.9093323,1331.84174724
S008,C,0.375,,empty_roundtrip_infeasible,5,5.06358632917,8.03799840697,,80,8079.110449,8079.110449,245.2093323,102.0093323,102.0093323,245.2093323,372.9093323,1389.71152467
S009,A,0.375,25,rated_payload_limited,2.8125,2.11449348264,2.38688881319,2.38688881319,25,5705.303447,5705.303447,165.5289124,63.22891235,63.22891235,165.5289124,293.2289124,1118.63964598
S009,B,0.375,30,rated_payload_limited,2.5,1.68634349503,2.31641401773,2.31641401773,30,5705.303447,5705.303447,165.5289124,63.22891235,63.22891235,165.5289124,293.2289124,928.462864417
S009,C,0.375,70.0250680217,energy_limited,5,3.57145366019,5.66961266921,5,80,5705.303447,5705.303447,165.5289124,63.22891235,63.22891235,165.5289124,293.2289124,966.589168542
S010,A,0.375,25,rated_payload_limited,2.8125,1.82629300362,2.0707297629,2.0707297629,25,4784.674506,4784.674506,307.9365356,84.03653564,84.03653564,307.9365356,435.6365356,1084.89266991
S010,B,0.375,30,rated_payload_limited,2.5,1.46344502735,2.01104041223,2.01104041223,30,4784.674506,4784.674506,307.9365356,84.03653564,84.03653564,307.9365356,435.6365356,925.403519709
S010,C,0.375,80,rated_payload_limited,5,3.04807696181,4.85885692633,4.85885692633,80,4784.674506,4784.674506,307.9365356,84.03653564,84.03653564,307.9365356,435.6365356,990.732364916
S011,A,0.375,25,rated_payload_limited,2.8125,1.07737291221,1.21959611273,1.21959611273,25,2808.106412,2808.106412,167.6617554,83.26175537,83.26175537,167.6617554,295.3617554,652.028309898
S011,B,0.375,30,rated_payload_limited,2.5,0.864023964183,1.1839226027,1.1839226027,30,2808.106412,2808.106412,167.6617554,83.26175537,83.26175537,167.6617554,295.3617554,558.424762831
S011,C,0.375,80,rated_payload_limited,5,1.79442515305,2.85321027055,2.85321027055,80,2808.106412,2808.106412,167.6617554,83.26175537,83.26175537,167.6617554,295.3617554,600.24534796
S012,A,0.375,6.23185263913,energy_limited,2.8125,2.77180546523,3.13142055533,2.8125,25,7391.140163,7391.140163,285.6009949,133.5009949,133.5009949,285.6009949,413.3009949,1539.19815302
S012,B,0.375,18.108999139,energy_limited,2.5,2.21482112408,3.039145538,2.5,30,7391.140163,7391.140163,285.6009949,133.5009949,133.5009949,285.6009949,413.3009949,1292.82681425
S012,C,0.375,29.3473514699,energy_limited,5,4.65923038872,7.39890429565,5,80,7391.140163,7391.140163,285.6009949,133.5009949,133.5009949,285.6009949,413.3009949,1362.67714589
S013,A,0.375,25,rated_payload_limited,2.8125,1.83030762726,2.07421509617,2.07421509617,25,4849.536855,4849.536855,271.4818237,47.48182373,47.48182373,271.4818237,399.1818237,1042.16281728
S013,B,0.375,30,rated_payload_limited,2.5,1.46402243521,2.0144296422,2.0144296422,30,4849.536855,4849.536855,271.4818237,47.48182373,47.48182373,271.4818237,399.1818237,880.511588782
S013,C,0.375,80,rated_payload_limited,5,3.06868405411,4.89171403136,4.89171403136,80,4849.536855,4849.536855,271.4818237,47.48182373,47.48182373,271.4818237,399.1818237,933.672196687
S014,A,0.375,25,rated_payload_limited,2.8125,2.13779691217,2.42558723052,2.42558723052,25,5419.5363,5419.5363,464.2473877,240.9473877,240.9473877,464.2473877,591.9473877,1420.39888529
S014,B,0.375,30,rated_payload_limited,2.5,1.72186251244,2.35522053783,2.35522053783,30,5419.5363,5419.5363,464.2473877,240.9473877,240.9473877,464.2473877,591.9473877,1239.74767529
S014,C,0.375,70.7818881404,energy_limited,5,3.52159630022,5.60758666095,5,80,5419.5363,5419.5363,464.2473877,240.9473877,240.9473877,464.2473877,591.9473877,1357.28013786
S015,A,0.375,25,rated_payload_limited,2.8125,2.30689938866,2.61934426755,2.61934426755,25,6009.764892,6009.764892,444.0992554,97.29925537,97.29925537,444.0992554,571.7992554,1398.65305656
S015,B,0.375,29.2053986059,energy_limited,2.5,1.85021799472,2.5445279265,2.5,30,6009.764892,6009.764892,444.0992554,97.29925537,97.29925537,444.0992554,571.7992554,1198.32756016
S015,C,0.375,61.5402981876,energy_limited,5,3.84149604983,6.13326501752,5,80,6009.764892,6009.764892,444.0992554,97.29925537,97.29925537,444.0992554,571.7992554,1288.56064529
S001,A,0.38,25,rated_payload_limited,2.79,1.16153051602,1.31271024158,1.31271024158,25,3054.023608,3054.023608,145.3566101,89.05661011,89.05661011,145.3566101,273.0566101,680.906962821
S001,B,0.38,30,rated_payload_limited,2.48,0.930225761055,1.27394097204,1.27394097204,30,3054.023608,3054.023608,145.3566101,89.05661011,89.05661011,145.3566101,273.0566101,579.106175887
S001,C,0.38,80,rated_payload_limited,4.96,1.94139247193,3.08170436114,3.08170436114,80,3054.023608,3054.023608,145.3566101,89.05661011,89.05661011,145.3566101,273.0566101,618.175045922
S002,A,0.38,7.46797106334,energy_limited,2.79,2.73984663737,3.09050972759,2.79,25,7411.533814,7411.533814,181.2542542,89.45425415,89.45425415,181.2542542,308.9542542,1433.77520846
S002,B,0.38,18.700680231,energy_limited,2.48,2.18415452088,2.99882031183,2.48,30,7411.533814,7411.533814,181.2542542,89.45425415,89.45425415,181.2542542,308.9542542,1186.72408132
S002,C,0.38,29.2093542429,energy_limited,4.96,4.6325359292,7.34794754861,4.96,80,7411.533814,7411.533814,181.2542542,89.45425415,89.45425415,181.2542542,308.9542542,1231.84216605
S003,A,0.38,0.322880921674,energy_limited,2.79,2.7890857722,3.15701804891,2.79,25,7263.826968,7263.826968,434.1041382,223.3041382,223.3041382,434.1041382,561.8041382,1692.73723069
S003,B,0.38,16.3454247209,energy_limited,2.48,2.23705090717,3.06459015809,2.48,30,7263.826968,7263.826968,434.1041382,223.3041382,223.3041382,434.1041382,561.8041382,1450.60966509
S003,C,0.38,27.4371284835,energy_limited,4.96,4.64390670284,7.38282653444,4.96,80,7263.826968,7263.826968,434.1041382,223.3041382,223.3041382,434.1041382,561.8041382,1560.17771116
S004,A,0.38,,empty_roundtrip_infeasible,2.79,2.89394171155,3.26669153411,,25,7714.681646,7714.681646,270.5391663,169.9391663,169.9391663,270.5391663,398.2391663,1608.79771824
S004,B,0.38,13.0318411158,energy_limited,2.48,2.31251848078,3.16979849246,2.48,30,7714.681646,7714.681646,270.5391663,169.9391663,169.9391663,270.5391663,398.2391663,1351.64166337
S004,C,0.38,12.6393209411,energy_limited,4.96,4.86398606465,7.71524423837,4.96,80,7714.681646,7714.681646,270.5391663,169.9391663,169.9391663,270.5391663,398.2391663,1425.05471881
S005,A,0.38,25,rated_payload_limited,2.79,1.98844309239,2.24486501136,2.24486501136,25,5280.593369,5280.593369,198.7108887,131.4108887,131.4108887,198.7108887,326.4108887,1122.18819826
S005,B,0.38,30,rated_payload_limited,2.48,1.58992547929,2.1782576011,2.1782576011,30,5280.593369,5280.593369,198.7108887,131.4108887,131.4108887,198.7108887,326.4108887,946.168419293
S005,C,0.38,75.2143175633,energy_limited,4.96,3.33690049967,5.29264281489,4.96,80,5280.593369,5280.593369,198.7108887,131.4108887,131.4108887,198.7108887,326.4108887,1001.18871553
S006,A,0.38,25,rated_payload_limited,2.79,1.22375461487,1.38968260036,1.38968260036,25,3186.198852,3186.198852,238.3978394,51.29783936,51.29783936,238.3978394,366.0978394,743.476639757
S006,B,0.38,30,rated_payload_limited,2.48,0.981585340998,1.35002263401,1.35002263401,30,3186.198852,3186.198852,238.3978394,51.29783936,51.29783936,238.3978394,366.0978394,637.270011357
S006,C,0.38,80,rated_payload_limited,4.96,2.0373511789,3.25327178824,3.25327178824,80,3186.198852,3186.198852,238.3978394,51.29783936,51.29783936,238.3978394,366.0978394,685.552624484
S007,A,0.38,25,rated_payload_limited,2.79,1.77756344482,2.01797249109,2.01797249109,25,4534.717375,4534.717375,384.273175,163.473175,163.473175,384.273175,511.973175,1157.46688583
S007,B,0.38,30,rated_payload_limited,2.48,1.43033692627,1.95981561942,1.95981561942,30,4534.717375,4534.717375,384.273175,163.473175,163.473175,384.273175,511.973175,1006.30964
S007,C,0.38,80,rated_payload_limited,4.96,2.93545326153,4.67961017039,4.67961017039,80,4534.717375,4534.717375,384.273175,163.473175,163.473175,384.273175,511.973175,1097.60069833
S008,A,0.38,,empty_roundtrip_infeasible,2.79,3.00043718224,3.38719045973,,25,8079.110449,8079.110449,245.2093323,102.0093323,102.0093323,245.2093323,372.9093323,1601.14542887
S008,B,0.38,8.41543887614,energy_limited,2.48,2.39370630456,3.28715724997,2.48,30,8079.110449,8079.110449,245.2093323,102.0093323,102.0093323,245.2093323,372.9093323,1331.84174724
S008,C,0.38,,empty_roundtrip_infeasible,4.96,5.06358632917,8.03799840697,,80,8079.110449,8079.110449,245.2093323,102.0093323,102.0093323,245.2093323,372.9093323,1389.71152467
S009,A,0.38,25,rated_payload_limited,2.79,2.11449348264,2.38688881319,2.38688881319,25,5705.303447,5705.303447,165.5289124,63.22891235,63.22891235,165.5289124,293.2289124,1118.63964598
S009,B,0.38,30,rated_payload_limited,2.48,1.68634349503,2.31641401773,2.31641401773,30,5705.303447,5705.303447,165.5289124,63.22891235,63.22891235,165.5289124,293.2289124,928.462864417
S009,C,0.38,69.2685580994,energy_limited,4.96,3.57145366019,5.66961266921,4.96,80,5705.303447,5705.303447,165.5289124,63.22891235,63.22891235,165.5289124,293.2289124,966.589168542
S010,A,0.38,25,rated_payload_limited,2.79,1.82629300362,2.0707297629,2.0707297629,25,4784.674506,4784.674506,307.9365356,84.03653564,84.03653564,307.9365356,435.6365356,1084.89266991
S010,B,0.38,30,rated_payload_limited,2.48,1.46344502735,2.01104041223,2.01104041223,30,4784.674506,4784.674506,307.9365356,84.03653564,84.03653564,307.9365356,435.6365356,925.403519709
S010,C,0.38,80,rated_payload_limited,4.96,3.04807696181,4.85885692633,4.85885692633,80,4784.674506,4784.674506,307.9365356,84.03653564,84.03653564,307.9365356,435.6365356,990.732364916
S011,A,0.38,25,rated_payload_limited,2.79,1.07737291221,1.21959611273,1.21959611273,25,2808.106412,2808.106412,167.6617554,83.26175537,83.26175537,167.6617554,295.3617554,652.028309898
S011,B,0.38,30,rated_payload_limited,2.48,0.864023964183,1.1839226027,1.1839226027,30,2808.106412,2808.106412,167.6617554,83.26175537,83.26175537,167.6617554,295.3617554,558.424762831
S011,C,0.38,80,rated_payload_limited,4.96,1.79442515305,2.85321027055,2.85321027055,80,2808.106412,2808.106412,167.6617554,83.26175537,83.26175537,167.6617554,295.3617554,600.24534796
S012,A,0.38,3.54538275656,energy_limited,2.79,2.77180546523,3.13142055533,2.79,25,7391.140163,7391.140163,285.6009949,133.5009949,133.5009949,285.6009949,413.3009949,1539.19815302
S012,B,0.38,17.3933216585,energy_limited,2.48,2.21482112408,3.039145538,2.48,30,7391.140163,7391.140163,285.6009949,133.5009949,133.5009949,285.6009949,413.3009949,1292.82681425
S012,C,0.38,27.1771245101,energy_limited,4.96,4.65923038872,7.39890429565,4.96,80,7391.140163,7391.140163,285.6009949,133.5009949,133.5009949,285.6009949,413.3009949,1362.67714589
S013,A,0.38,25,rated_payload_limited,2.79,1.83030762726,2.07421509617,2.07421509617,25,4849.536855,4849.536855,271.4818237,47.48182373,47.48182373,271.4818237,399.1818237,1042.16281728
S013,B,0.38,30,rated_payload_limited,2.48,1.46402243521,2.0144296422,2.0144296422,30,4849.536855,4849.536855,271.4818237,47.48182373,47.48182373,271.4818237,399.1818237,880.511588782
S013,C,0.38,80,rated_payload_limited,4.96,3.06868405411,4.89171403136,4.89171403136,80,4849.536855,4849.536855,271.4818237,47.48182373,47.48182373,271.4818237,399.1818237,933.672196687
S014,A,0.38,25,rated_payload_limited,2.79,2.13779691217,2.42558723052,2.42558723052,25,5419.5363,5419.5363,464.2473877,240.9473877,240.9473877,464.2473877,591.9473877,1420.39888529
S014,B,0.38,30,rated_payload_limited,2.48,1.72186251244,2.35522053783,2.35522053783,30,5419.5363,5419.5363,464.2473877,240.9473877,240.9473877,464.2473877,591.9473877,1239.74767529
S014,C,0.38,70.0264643591,energy_limited,4.96,3.52159630022,5.60758666095,4.96,80,5419.5363,5419.5363,464.2473877,240.9473877,240.9473877,464.2473877,591.9473877,1357.28013786
S015,A,0.38,25,rated_payload_limited,2.79,2.30689938866,2.61934426755,2.61934426755,25,6009.764892,6009.764892,444.0992554,97.29925537,97.29925537,444.0992554,571.7992554,1398.65305656
S015,B,0.38,28.8298648637,energy_limited,2.48,1.85021799472,2.5445279265,2.48,30,6009.764892,6009.764892,444.0992554,97.29925537,97.29925537,444.0992554,571.7992554,1198.32756016
S015,C,0.38,60.5736684769,energy_limited,4.96,3.84149604983,6.13326501752,4.96,80,6009.764892,6009.764892,444.0992554,97.29925537,97.29925537,444.0992554,571.7992554,1288.56064529
S001,A,0.385,25,rated_payload_limited,2.7675,1.16153051602,1.31271024158,1.31271024158,25,3054.023608,3054.023608,145.3566101,89.05661011,89.05661011,145.3566101,273.0566101,680.906962821
S001,B,0.385,30,rated_payload_limited,2.46,0.930225761055,1.27394097204,1.27394097204,30,3054.023608,3054.023608,145.3566101,89.05661011,89.05661011,145.3566101,273.0566101,579.106175887
S001,C,0.385,80,rated_payload_limited,4.92,1.94139247193,3.08170436114,3.08170436114,80,3054.023608,3054.023608,145.3566101,89.05661011,89.05661011,145.3566101,273.0566101,618.175045922
S002,A,0.385,4.99076941055,energy_limited,2.7675,2.73984663737,3.09050972759,2.7675,25,7411.533814,7411.533814,181.2542542,89.45425415,89.45425415,181.2542542,308.9542542,1433.77520846
S002,B,0.385,18.005552503,energy_limited,2.46,2.18415452088,2.99882031183,2.46,30,7411.533814,7411.533814,181.2542542,89.45425415,89.45425415,181.2542542,308.9542542,1186.72408132
S002,C,0.385,26.9865576919,energy_limited,4.92,4.6325359292,7.34794754861,4.92,80,7411.533814,7411.533814,181.2542542,89.45425415,89.45425415,181.2542542,308.9542542,1231.84216605
S003,A,0.385,,empty_roundtrip_infeasible,2.7675,2.7890857722,3.15701804891,,25,7263.826968,7263.826968,434.1041382,223.3041382,223.3041382,434.1041382,561.8041382,1692.73723069
S003,B,0.385,15.543986347,energy_limited,2.46,2.23705090717,3.06459015809,2.46,30,7263.826968,7263.826968,434.1041382,223.3041382,223.3041382,434.1041382,561.8041382,1450.60966509
S003,C,0.385,25.1738649612,energy_limited,4.92,4.64390670284,7.38282653444,4.92,80,7263.826968,7263.826968,434.1041382,223.3041382,223.3041382,434.1041382,561.8041382,1560.17771116
S004,A,0.385,,empty_roundtrip_infeasible,2.7675,2.89394171155,3.26669153411,,25,7714.681646,7714.681646,270.5391663,169.9391663,169.9391663,270.5391663,398.2391663,1608.79771824
S004,B,0.385,12.0593133989,energy_limited,2.46,2.31251848078,3.16979849246,2.46,30,7714.681646,7714.681646,270.5391663,169.9391663,169.9391663,270.5391663,398.2391663,1351.64166337
S004,C,0.385,8.73972304423,energy_limited,4.92,4.86398606465,7.71524423837,4.92,80,7714.681646,7714.681646,270.5391663,169.9391663,169.9391663,270.5391663,398.2391663,1425.05471881
S005,A,0.385,25,rated_payload_limited,2.7675,1.98844309239,2.24486501136,2.24486501136,25,5280.593369,5280.593369,198.7108887,131.4108887,131.4108887,198.7108887,326.4108887,1122.18819826
S005,B,0.385,30,rated_payload_limited,2.46,1.58992547929,2.1782576011,2.1782576011,30,5280.593369,5280.593369,198.7108887,131.4108887,131.4108887,198.7108887,326.4108887,946.168419293
S005,C,0.385,74.5609784025,energy_limited,4.92,3.33690049967,5.29264281489,4.92,80,5280.593369,5280.593369,198.7108887,131.4108887,131.4108887,198.7108887,326.4108887,1001.18871553
S006,A,0.385,25,rated_payload_limited,2.7675,1.22375461487,1.38968260036,1.38968260036,25,3186.198852,3186.198852,238.3978394,51.29783936,51.29783936,238.3978394,366.0978394,743.476639757
S006,B,0.385,30,rated_payload_limited,2.46,0.981585340998,1.35002263401,1.35002263401,30,3186.198852,3186.198852,238.3978394,51.29783936,51.29783936,238.3978394,366.0978394,637.270011357
S006,C,0.385,80,rated_payload_limited,4.92,2.0373511789,3.25327178824,3.25327178824,80,3186.198852,3186.198852,238.3978394,51.29783936,51.29783936,238.3978394,366.0978394,685.552624484
S007,A,0.385,25,rated_payload_limited,2.7675,1.77756344482,2.01797249109,2.01797249109,25,4534.717375,4534.717375,384.273175,163.473175,163.473175,384.273175,511.973175,1157.46688583
S007,B,0.385,30,rated_payload_limited,2.46,1.43033692627,1.95981561942,1.95981561942,30,4534.717375,4534.717375,384.273175,163.473175,163.473175,384.273175,511.973175,1006.30964
S007,C,0.385,80,rated_payload_limited,4.92,2.93545326153,4.67961017039,4.67961017039,80,4534.717375,4534.717375,384.273175,163.473175,163.473175,384.273175,511.973175,1097.60069833
S008,A,0.385,,empty_roundtrip_infeasible,2.7675,3.00043718224,3.38719045973,,25,8079.110449,8079.110449,245.2093323,102.0093323,102.0093323,245.2093323,372.9093323,1601.14542887
S008,B,0.385,7.08599985774,energy_limited,2.46,2.39370630456,3.28715724997,2.46,30,8079.110449,8079.110449,245.2093323,102.0093323,102.0093323,245.2093323,372.9093323,1331.84174724
S008,C,0.385,,empty_roundtrip_infeasible,4.92,5.06358632917,8.03799840697,,80,8079.110449,8079.110449,245.2093323,102.0093323,102.0093323,245.2093323,372.9093323,1389.71152467
S009,A,0.385,25,rated_payload_limited,2.7675,2.11449348264,2.38688881319,2.38688881319,25,5705.303447,5705.303447,165.5289124,63.22891235,63.22891235,165.5289124,293.2289124,1118.63964598
S009,B,0.385,30,rated_payload_limited,2.46,1.68634349503,2.31641401773,2.31641401773,30,5705.303447,5705.303447,165.5289124,63.22891235,63.22891235,165.5289124,293.2289124,928.462864417
S009,C,0.385,68.4884903773,energy_limited,4.92,3.57145366019,5.66961266921,4.92,80,5705.303447,5705.303447,165.5289124,63.22891235,63.22891235,165.5289124,293.2289124,966.589168542
S010,A,0.385,25,rated_payload_limited,2.7675,1.82629300362,2.0707297629,2.0707297629,25,4784.674506,4784.674506,307.9365356,84.03653564,84.03653564,307.9365356,435.6365356,1084.89266991
S010,B,0.385,30,rated_payload_limited,2.46,1.46344502735,2.01104041223,2.01104041223,30,4784.674506,4784.674506,307.9365356,84.03653564,84.03653564,307.9365356,435.6365356,925.403519709
S010,C,0.385,80,rated_payload_limited,4.92,3.04807696181,4.85885692633,4.85885692633,80,4784.674506,4784.674506,307.9365356,84.03653564,84.03653564,307.9365356,435.6365356,990.732364916
S011,A,0.385,25,rated_payload_limited,2.7675,1.07737291221,1.21959611273,1.21959611273,25,2808.106412,2808.106412,167.6617554,83.26175537,83.26175537,167.6617554,295.3617554,652.028309898
S011,B,0.385,30,rated_payload_limited,2.46,0.864023964183,1.1839226027,1.1839226027,30,2808.106412,2808.106412,167.6617554,83.26175537,83.26175537,167.6617554,295.3617554,558.424762831
S011,C,0.385,80,rated_payload_limited,4.92,1.79442515305,2.85321027055,2.85321027055,80,2808.106412,2808.106412,167.6617554,83.26175537,83.26175537,167.6617554,295.3617554,600.24534796
S012,A,0.385,,empty_roundtrip_infeasible,2.7675,2.77180546523,3.13142055533,,25,7391.140163,7391.140163,285.6009949,133.5009949,133.5009949,285.6009949,413.3009949,1539.19815302
S012,B,0.385,16.642004551,energy_limited,2.46,2.21482112408,3.039145538,2.46,30,7391.140163,7391.140163,285.6009949,133.5009949,133.5009949,285.6009949,413.3009949,1292.82681425
S012,C,0.385,24.8573761579,energy_limited,4.92,4.65923038872,7.39890429565,4.92,80,7391.140163,7391.140163,285.6009949,133.5009949,133.5009949,285.6009949,413.3009949,1362.67714589
S013,A,0.385,25,rated_payload_limited,2.7675,1.83030762726,2.07421509617,2.07421509617,25,4849.536855,4849.536855,271.4818237,47.48182373,47.48182373,271.4818237,399.1818237,1042.16281728
S013,B,0.385,30,rated_payload_limited,2.46,1.46402243521,2.0144296422,2.0144296422,30,4849.536855,4849.536855,271.4818237,47.48182373,47.48182373,271.4818237,399.1818237,880.511588782
S013,C,0.385,80,rated_payload_limited,4.92,3.06868405411,4.89171403136,4.89171403136,80,4849.536855,4849.536855,271.4818237,47.48182373,47.48182373,271.4818237,399.1818237,933.672196687
S014,A,0.385,25,rated_payload_limited,2.7675,2.13779691217,2.42558723052,2.42558723052,25,5419.5363,5419.5363,464.2473877,240.9473877,240.9473877,464.2473877,591.9473877,1420.39888529
S014,B,0.385,30,rated_payload_limited,2.46,1.72186251244,2.35522053783,2.35522053783,30,5419.5363,5419.5363,464.2473877,240.9473877,240.9473877,464.2473877,591.9473877,1239.74767529
S014,C,0.385,69.2477720105,energy_limited,4.92,3.52159630022,5.60758666095,4.92,80,5419.5363,5419.5363,464.2473877,240.9473877,240.9473877,464.2473877,591.9473877,1357.28013786
S015,A,0.385,25,rated_payload_limited,2.7675,2.30689938866,2.61934426755,2.61934426755,25,6009.764892,6009.764892,444.0992554,97.29925537,97.29925537,444.0992554,571.7992554,1398.65305656
S015,B,0.385,28.4419500974,energy_limited,2.46,1.85021799472,2.5445279265,2.46,30,6009.764892,6009.764892,444.0992554,97.29925537,97.29925537,444.0992554,571.7992554,1198.32756016
S015,C,0.385,59.5741689292,energy_limited,4.92,3.84149604983,6.13326501752,4.92,80,6009.764892,6009.764892,444.0992554,97.29925537,97.29925537,444.0992554,571.7992554,1288.56064529
S001,A,0.39,25,rated_payload_limited,2.745,1.16153051602,1.31271024158,1.31271024158,25,3054.023608,3054.023608,145.3566101,89.05661011,89.05661011,145.3566101,273.0566101,680.906962821
S001,B,0.39,30,rated_payload_limited,2.44,0.930225761055,1.27394097204,1.27394097204,30,3054.023608,3054.023608,145.3566101,89.05661011,89.05661011,145.3566101,273.0566101,579.106175887
S001,C,0.39,80,rated_payload_limited,4.88,1.94139247193,3.08170436114,3.08170436114,80,3054.023608,3054.023608,145.3566101,89.05661011,89.05661011,145.3566101,273.0566101,618.175045922
S002,A,0.39,1.54117709392,energy_limited,2.745,2.73984663737,3.09050972759,2.745,25,7411.533814,7411.533814,181.2542542,89.45425415,89.45425415,181.2542542,308.9542542,1433.77520846
S002,B,0.39,17.2761695001,energy_limited,2.44,2.18415452088,2.99882031183,2.44,30,7411.533814,7411.533814,181.2542542,89.45425415,89.45425415,181.2542542,308.9542542,1186.72408132
S002,C,0.39,24.6024605942,energy_limited,4.88,4.6325359292,7.34794754861,4.88,80,7411.533814,7411.533814,181.2542542,89.45425415,89.45425415,181.2542542,308.9542542,1231.84216605
S003,A,0.39,,empty_roundtrip_infeasible,2.745,2.7890857722,3.15701804891,,25,7263.826968,7263.826968,434.1041382,223.3041382,223.3041382,434.1041382,561.8041382,1692.73723069
S003,B,0.39,14.6990309683,energy_limited,2.44,2.23705090717,3.06459015809,2.44,30,7263.826968,7263.826968,434.1041382,223.3041382,223.3041382,434.1041382,561.8041382,1450.60966509
S003,C,0.39,22.7497579847,energy_limited,4.88,4.64390670284,7.38282653444,4.88,80,7263.826968,7263.826968,434.1041382,223.3041382,223.3041382,434.1041382,561.8041382,1560.17771116
S004,A,0.39,,empty_roundtrip_infeasible,2.745,2.89394171155,3.26669153411,,25,7714.681646,7714.681646,270.5391663,169.9391663,169.9391663,270.5391663,398.2391663,1608.79771824
S004,B,0.39,11.017527331,energy_limited,2.44,2.31251848078,3.16979849246,2.44,30,7714.681646,7714.681646,270.5391663,169.9391663,169.9391663,270.5391663,398.2391663,1351.64166337
S004,C,0.39,3.61049664685,energy_limited,4.88,4.86398606465,7.71524423837,4.88,80,7714.681646,7714.681646,270.5391663,169.9391663,169.9391663,270.5391663,398.2391663,1425.05471881
S005,A,0.39,25,rated_payload_limited,2.745,1.98844309239,2.24486501136,2.24486501136,25,5280.593369,5280.593369,198.7108887,131.4108887,131.4108887,198.7108887,326.4108887,1122.18819826
S005,B,0.39,30,rated_payload_limited,2.44,1.58992547929,2.1782576011,2.1782576011,30,5280.593369,5280.593369,198.7108887,131.4108887,131.4108887,198.7108887,326.4108887,946.168419293
S005,C,0.39,73.8883170642,energy_limited,4.88,3.33690049967,5.29264281489,4.88,80,5280.593369,5280.593369,198.7108887,131.4108887,131.4108887,198.7108887,326.4108887,1001.18871553
S006,A,0.39,25,rated_payload_limited,2.745,1.22375461487,1.38968260036,1.38968260036,25,3186.198852,3186.198852,238.3978394,51.29783936,51.29783936,238.3978394,366.0978394,743.476639757
S006,B,0.39,30,rated_payload_limited,2.44,0.981585340998,1.35002263401,1.35002263401,30,3186.198852,3186.198852,238.3978394,51.29783936,51.29783936,238.3978394,366.0978394,637.270011357
S006,C,0.39,80,rated_payload_limited,4.88,2.0373511789,3.25327178824,3.25327178824,80,3186.198852,3186.198852,238.3978394,51.29783936,51.29783936,238.3978394,366.0978394,685.552624484
S007,A,0.39,25,rated_payload_limited,2.745,1.77756344482,2.01797249109,2.01797249109,25,4534.717375,4534.717375,384.273175,163.473175,163.473175,384.273175,511.973175,1157.46688583
S007,B,0.39,30,rated_payload_limited,2.44,1.43033692627,1.95981561942,1.95981561942,30,4534.717375,4534.717375,384.273175,163.473175,163.473175,384.273175,511.973175,1006.30964
S007,C,0.39,80,rated_payload_limited,4.88,2.93545326153,4.67961017039,4.67961017039,80,4534.717375,4534.717375,384.273175,163.473175,163.473175,384.273175,511.973175,1097.60069833
S008,A,0.39,,empty_roundtrip_infeasible,2.745,3.00043718224,3.38719045973,,25,8079.110449,8079.110449,245.2093323,102.0093323,102.0093323,245.2093323,372.9093323,1601.14542887
S008,B,0.39,5.58206206189,energy_limited,2.44,2.39370630456,3.28715724997,2.44,30,8079.110449,8079.110449,245.2093323,102.0093323,102.0093323,245.2093323,372.9093323,1331.84174724
S008,C,0.39,,empty_roundtrip_infeasible,4.88,5.06358632917,8.03799840697,,80,8079.110449,8079.110449,245.2093323,102.0093323,102.0093323,245.2093323,372.9093323,1389.71152467
S009,A,0.39,25,rated_payload_limited,2.745,2.11449348264,2.38688881319,2.38688881319,25,5705.303447,5705.303447,165.5289124,63.22891235,63.22891235,165.5289124,293.2289124,1118.63964598
S009,B,0.39,30,rated_payload_limited,2.44,1.68634349503,2.31641401773,2.31641401773,30,5705.303447,5705.303447,165.5289124,63.22891235,63.22891235,165.5289124,293.2289124,928.462864417
S009,C,0.39,67.683696782,energy_limited,4.88,3.57145366019,5.66961266921,4.88,80,5705.303447,5705.303447,165.5289124,63.22891235,63.22891235,165.5289124,293.2289124,966.589168542
S010,A,0.39,25,rated_payload_limited,2.745,1.82629300362,2.0707297629,2.0707297629,25,4784.674506,4784.674506,307.9365356,84.03653564,84.03653564,307.9365356,435.6365356,1084.89266991
S010,B,0.39,30,rated_payload_limited,2.44,1.46344502735,2.01104041223,2.01104041223,30,4784.674506,4784.674506,307.9365356,84.03653564,84.03653564,307.9365356,435.6365356,925.403519709
S010,C,0.39,80,rated_payload_limited,4.88,3.04807696181,4.85885692633,4.85885692633,80,4784.674506,4784.674506,307.9365356,84.03653564,84.03653564,307.9365356,435.6365356,990.732364916
S011,A,0.39,25,rated_payload_limited,2.745,1.07737291221,1.21959611273,1.21959611273,25,2808.106412,2808.106412,167.6617554,83.26175537,83.26175537,167.6617554,295.3617554,652.028309898
S011,B,0.39,30,rated_payload_limited,2.44,0.864023964183,1.1839226027,1.1839226027,30,2808.106412,2808.106412,167.6617554,83.26175537,83.26175537,167.6617554,295.3617554,558.424762831
S011,C,0.39,80,rated_payload_limited,4.88,1.79442515305,2.85321027055,2.85321027055,80,2808.106412,2808.106412,167.6617554,83.26175537,83.26175537,167.6617554,295.3617554,600.24534796
S012,A,0.39,,empty_roundtrip_infeasible,2.745,2.77180546523,3.13142055533,,25,7391.140163,7391.140163,285.6009949,133.5009949,133.5009949,285.6009949,413.3009949,1539.19815302
S012,B,0.39,15.8514928521,energy_limited,2.44,2.21482112408,3.039145538,2.44,30,7391.140163,7391.140163,285.6009949,133.5009949,133.5009949,285.6009949,413.3009949,1292.82681425
S012,C,0.39,22.3611585063,energy_limited,4.88,4.65923038872,7.39890429565,4.88,80,7391.140163,7391.140163,285.6009949,133.5009949,133.5009949,285.6009949,413.3009949,1362.67714589
S013,A,0.39,25,rated_payload_limited,2.745,1.83030762726,2.07421509617,2.07421509617,25,4849.536855,4849.536855,271.4818237,47.48182373,47.48182373,271.4818237,399.1818237,1042.16281728
S013,B,0.39,30,rated_payload_limited,2.44,1.46402243521,2.0144296422,2.0144296422,30,4849.536855,4849.536855,271.4818237,47.48182373,47.48182373,271.4818237,399.1818237,880.511588782
S013,C,0.39,79.8360776891,energy_limited,4.88,3.06868405411,4.89171403136,4.88,80,4849.536855,4849.536855,271.4818237,47.48182373,47.48182373,271.4818237,399.1818237,933.672196687
S014,A,0.39,25,rated_payload_limited,2.745,2.13779691217,2.42558723052,2.42558723052,25,5419.5363,5419.5363,464.2473877,240.9473877,240.9473877,464.2473877,591.9473877,1420.39888529
S014,B,0.39,30,rated_payload_limited,2.44,1.72186251244,2.35522053783,2.35522053783,30,5419.5363,5419.5363,464.2473877,240.9473877,240.9473877,464.2473877,591.9473877,1239.74767529
S014,C,0.39,68.4446981109,energy_limited,4.88,3.52159630022,5.60758666095,4.88,80,5419.5363,5419.5363,464.2473877,240.9473877,240.9473877,464.2473877,591.9473877,1357.28013786
S015,A,0.39,25,rated_payload_limited,2.745,2.30689938866,2.61934426755,2.61934426755,25,6009.764892,6009.764892,444.0992554,97.29925537,97.29925537,444.0992554,571.7992554,1398.65305656
S015,B,0.39,28.0410085549,energy_limited,2.44,1.85021799472,2.5445279265,2.44,30,6009.764892,6009.764892,444.0992554,97.29925537,97.29925537,444.0992554,571.7992554,1198.32756016
S015,C,0.39,58.5399982503,energy_limited,4.88,3.84149604983,6.13326501752,4.88,80,6009.764892,6009.764892,444.0992554,97.29925537,97.29925537,444.0992554,571.7992554,1288.56064529
S001,A,0.395,25,rated_payload_limited,2.7225,1.16153051602,1.31271024158,1.31271024158,25,3054.023608,3054.023608,145.3566101,89.05661011,89.05661011,145.3566101,273.0566101,680.906962821
S001,B,0.395,30,rated_payload_limited,2.42,0.930225761055,1.27394097204,1.27394097204,30,3054.023608,3054.023608,145.3566101,89.05661011,89.05661011,145.3566101,273.0566101,579.106175887
S001,C,0.395,80,rated_payload_limited,4.84,1.94139247193,3.08170436114,3.08170436114,80,3054.023608,3054.023608,145.3566101,89.05661011,89.05661011,145.3566101,273.0566101,618.175045922
S002,A,0.395,,empty_roundtrip_infeasible,2.7225,2.73984663737,3.09050972759,,25,7411.533814,7411.533814,181.2542542,89.45425415,89.45425415,181.2542542,308.9542542,1433.77520846
S002,B,0.395,16.5091855455,energy_limited,2.42,2.18415452088,2.99882031183,2.42,30,7411.533814,7411.533814,181.2542542,89.45425415,89.45425415,181.2542542,308.9542542,1186.72408132
S002,C,0.395,22.0258672327,energy_limited,4.84,4.6325359292,7.34794754861,4.84,80,7411.533814,7411.533814,181.2542542,89.45425415,89.45425415,181.2542542,308.9542542,1231.84216605
S003,A,0.395,,empty_roundtrip_infeasible,2.7225,2.7890857722,3.15701804891,,25,7263.826968,7263.826968,434.1041382,223.3041382,223.3041382,434.1041382,561.8041382,1692.73723069
S003,B,0.395,13.8055400879,energy_limited,2.42,2.23705090717,3.06459015809,2.42,30,7263.826968,7263.826968,434.1041382,223.3041382,223.3041382,434.1041382,561.8041382,1450.60966509
S003,C,0.395,20.1335009763,energy_limited,4.84,4.64390670284,7.38282653444,4.84,80,7263.826968,7263.826968,434.1041382,223.3041382,223.3041382,434.1041382,561.8041382,1560.17771116
S004,A,0.395,,empty_roundtrip_infeasible,2.7225,2.89394171155,3.26669153411,,25,7714.681646,7714.681646,270.5391663,169.9391663,169.9391663,270.5391663,398.2391663,1608.79771824
S004,B,0.395,9.89362060209,energy_limited,2.42,2.31251848078,3.16979849246,2.42,30,7714.681646,7714.681646,270.5391663,169.9391663,169.9391663,270.5391663,398.2391663,1351.64166337
S004,C,0.395,,empty_roundtrip_infeasible,4.84,4.86398606465,7.71524423837,,80,7714.681646,7714.681646,270.5391663,169.9391663,169.9391663,270.5391663,398.2391663,1425.05471881
S005,A,0.395,25,rated_payload_limited,2.7225,1.98844309239,2.24486501136,2.24486501136,25,5280.593369,5280.593369,198.7108887,131.4108887,131.4108887,198.7108887,326.4108887,1122.18819826
S005,B,0.395,30,rated_payload_limited,2.42,1.58992547929,2.1782576011,2.1782576011,30,5280.593369,5280.593369,198.7108887,131.4108887,131.4108887,198.7108887,326.4108887,946.168419293
S005,C,0.395,73.1954395087,energy_limited,4.84,3.33690049967,5.29264281489,4.84,80,5280.593369,5280.593369,198.7108887,131.4108887,131.4108887,198.7108887,326.4108887,1001.18871553
S006,A,0.395,25,rated_payload_limited,2.7225,1.22375461487,1.38968260036,1.38968260036,25,3186.198852,3186.198852,238.3978394,51.29783936,51.29783936,238.3978394,366.0978394,743.476639757
S006,B,0.395,30,rated_payload_limited,2.42,0.981585340998,1.35002263401,1.35002263401,30,3186.198852,3186.198852,238.3978394,51.29783936,51.29783936,238.3978394,366.0978394,637.270011357
S006,C,0.395,80,rated_payload_limited,4.84,2.0373511789,3.25327178824,3.25327178824,80,3186.198852,3186.198852,238.3978394,51.29783936,51.29783936,238.3978394,366.0978394,685.552624484
S007,A,0.395,25,rated_payload_limited,2.7225,1.77756344482,2.01797249109,2.01797249109,25,4534.717375,4534.717375,384.273175,163.473175,163.473175,384.273175,511.973175,1157.46688583
S007,B,0.395,30,rated_payload_limited,2.42,1.43033692627,1.95981561942,1.95981561942,30,4534.717375,4534.717375,384.273175,163.473175,163.473175,384.273175,511.973175,1006.30964
S007,C,0.395,80,rated_payload_limited,4.84,2.93545326153,4.67961017039,4.67961017039,80,4534.717375,4534.717375,384.273175,163.473175,163.473175,384.273175,511.973175,1097.60069833
S008,A,0.395,,empty_roundtrip_infeasible,2.7225,3.00043718224,3.38719045973,,25,8079.110449,8079.110449,245.2093323,102.0093323,102.0093323,245.2093323,372.9093323,1601.14542887
S008,B,0.395,3.80299181484,energy_limited,2.42,2.39370630456,3.28715724997,2.42,30,8079.110449,8079.110449,245.2093323,102.0093323,102.0093323,245.2093323,372.9093323,1331.84174724
S008,C,0.395,,empty_roundtrip_infeasible,4.84,5.06358632917,8.03799840697,,80,8079.110449,8079.110449,245.2093323,102.0093323,102.0093323,245.2093323,372.9093323,1389.71152467
S009,A,0.395,25,rated_payload_limited,2.7225,2.11449348264,2.38688881319,2.38688881319,25,5705.303447,5705.303447,165.5289124,63.22891235,63.22891235,165.5289124,293.2289124,1118.63964598
S009,B,0.395,30,rated_payload_limited,2.42,1.68634349503,2.31641401773,2.31641401773,30,5705.303447,5705.303447,165.5289124,63.22891235,63.22891235,165.5289124,293.2289124,928.462864417
S009,C,0.395,66.8529259431,energy_limited,4.84,3.57145366019,5.66961266921,4.84,80,5705.303447,5705.303447,165.5289124,63.22891235,63.22891235,165.5289124,293.2289124,966.589168542
S010,A,0.395,25,rated_payload_limited,2.7225,1.82629300362,2.0707297629,2.0707297629,25,4784.674506,4784.674506,307.9365356,84.03653564,84.03653564,307.9365356,435.6365356,1084.89266991
S010,B,0.395,30,rated_payload_limited,2.42,1.46344502735,2.01104041223,2.01104041223,30,4784.674506,4784.674506,307.9365356,84.03653564,84.03653564,307.9365356,435.6365356,925.403519709
S010,C,0.395,79.732441799,energy_limited,4.84,3.04807696181,4.85885692633,4.84,80,4784.674506,4784.674506,307.9365356,84.03653564,84.03653564,307.9365356,435.6365356,990.732364916
S011,A,0.395,25,rated_payload_limited,2.7225,1.07737291221,1.21959611273,1.21959611273,25,2808.106412,2808.106412,167.6617554,83.26175537,83.26175537,167.6617554,295.3617554,652.028309898
S011,B,0.395,30,rated_payload_limited,2.42,0.864023964183,1.1839226027,1.1839226027,30,2808.106412,2808.106412,167.6617554,83.26175537,83.26175537,167.6617554,295.3617554,558.424762831
S011,C,0.395,80,rated_payload_limited,4.84,1.79442515305,2.85321027055,2.85321027055,80,2808.106412,2808.106412,167.6617554,83.26175537,83.26175537,167.6617554,295.3617554,600.24534796
S012,A,0.395,,empty_roundtrip_infeasible,2.7225,2.77180546523,3.13142055533,,25,7391.140163,7391.140163,285.6009949,133.5009949,133.5009949,285.6009949,413.3009949,1539.19815302
S012,B,0.395,15.0175737142,energy_limited,2.42,2.21482112408,3.039145538,2.42,30,7391.140163,7391.140163,285.6009949,133.5009949,133.5009949,285.6009949,413.3009949,1292.82681425
S012,C,0.395,19.6506744394,energy_limited,4.84,4.65923038872,7.39890429565,4.84,80,7391.140163,7391.140163,285.6009949,133.5009949,133.5009949,285.6009949,413.3009949,1362.67714589
S013,A,0.395,25,rated_payload_limited,2.7225,1.83030762726,2.07421509617,2.07421509617,25,4849.536855,4849.536855,271.4818237,47.48182373,47.48182373,271.4818237,399.1818237,1042.16281728
S013,B,0.395,30,rated_payload_limited,2.42,1.46402243521,2.0144296422,2.0144296422,30,4849.536855,4849.536855,271.4818237,47.48182373,47.48182373,271.4818237,399.1818237,880.511588782
S013,C,0.395,79.2662066517,energy_limited,4.84,3.06868405411,4.89171403136,4.84,80,4849.536855,4849.536855,271.4818237,47.48182373,47.48182373,271.4818237,399.1818237,933.672196687
S014,A,0.395,25,rated_payload_limited,2.7225,2.13779691217,2.42558723052,2.42558723052,25,5419.5363,5419.5363,464.2473877,240.9473877,240.9473877,464.2473877,591.9473877,1420.39888529
S014,B,0.395,30,rated_payload_limited,2.42,1.72186251244,2.35522053783,2.35522053783,30,5419.5363,5419.5363,464.2473877,240.9473877,240.9473877,464.2473877,591.9473877,1239.74767529
S014,C,0.395,67.6160548246,energy_limited,4.84,3.52159630022,5.60758666095,4.84,80,5419.5363,5419.5363,464.2473877,240.9473877,240.9473877,464.2473877,591.9473877,1357.28013786
S015,A,0.395,25,rated_payload_limited,2.7225,2.30689938866,2.61934426755,2.61934426755,25,6009.764892,6009.764892,444.0992554,97.29925537,97.29925537,444.0992554,571.7992554,1398.65305656
S015,B,0.395,27.6263459634,energy_limited,2.42,1.85021799472,2.5445279265,2.42,30,6009.764892,6009.764892,444.0992554,97.29925537,97.29925537,444.0992554,571.7992554,1198.32756016
S015,C,0.395,57.4692086344,energy_limited,4.84,3.84149604983,6.13326501752,4.84,80,6009.764892,6009.764892,444.0992554,97.29925537,97.29925537,444.0992554,571.7992554,1288.56064529
S001,A,0.4,25,rated_payload_limited,2.7,1.16153051602,1.31271024158,1.31271024158,25,3054.023608,3054.023608,145.3566101,89.05661011,89.05661011,145.3566101,273.0566101,680.906962821
S001,B,0.4,30,rated_payload_limited,2.4,0.930225761055,1.27394097204,1.27394097204,30,3054.023608,3054.023608,145.3566101,89.05661011,89.05661011,145.3566101,273.0566101,579.106175887
S001,C,0.4,80,rated_payload_limited,4.8,1.94139247193,3.08170436114,3.08170436114,80,3054.023608,3054.023608,145.3566101,89.05661011,89.05661011,145.3566101,273.0566101,618.175045922
S002,A,0.4,,empty_roundtrip_infeasible,2.7,2.73984663737,3.09050972759,,25,7411.533814,7411.533814,181.2542542,89.45425415,89.45425415,181.2542542,308.9542542,1433.77520846
S002,B,0.4,15.7006588364,energy_limited,2.4,2.18415452088,2.99882031183,2.4,30,7411.533814,7411.533814,181.2542542,89.45425415,89.45425415,181.2542542,308.9542542,1186.72408132
S002,C,0.4,19.2120163218,energy_limited,4.8,4.6325359292,7.34794754861,4.8,80,7411.533814,7411.533814,181.2542542,89.45425415,89.45425415,181.2542542,308.9542542,1231.84216605
S003,A,0.4,,empty_roundtrip_infeasible,2.7,2.7890857722,3.15701804891,,25,7263.826968,7263.826968,434.1041382,223.3041382,223.3041382,434.1041382,561.8041382,1692.73723069
S003,B,0.4,12.8573538006,energy_limited,2.4,2.23705090717,3.06459015809,2.4,30,7263.826968,7263.826968,434.1041382,223.3041382,223.3041382,434.1041382,561.8041382,1450.60966509
S003,C,0.4,17.2796073342,energy_limited,4.8,4.64390670284,7.38282653444,4.8,80,7263.826968,7263.826968,434.1041382,223.3041382,223.3041382,434.1041382,561.8041382,1560.17771116
S004,A,0.4,,empty_roundtrip_infeasible,2.7,2.89394171155,3.26669153411,,25,7714.681646,7714.681646,270.5391663,169.9391663,169.9391663,270.5391663,398.2391663,1608.79771824
S004,B,0.4,8.6693921055,energy_limited,2.4,2.31251848078,3.16979849246,2.4,30,7714.681646,7714.681646,270.5391663,169.9391663,169.9391663,270.5391663,398.2391663,1351.64166337
S004,C,0.4,,empty_roundtrip_infeasible,4.8,4.86398606465,7.71524423837,,80,7714.681646,7714.681646,270.5391663,169.9391663,169.9391663,270.5391663,398.2391663,1425.05471881
S005,A,0.4,25,rated_payload_limited,2.7,1.98844309239,2.24486501136,2.24486501136,25,5280.593369,5280.593369,198.7108887,131.4108887,131.4108887,198.7108887,326.4108887,1122.18819826
S005,B,0.4,30,rated_payload_limited,2.4,1.58992547929,2.1782576011,2.1782576011,30,5280.593369,5280.593369,198.7108887,131.4108887,131.4108887,198.7108887,326.4108887,946.168419293
S005,C,0.4,72.4813935262,energy_limited,4.8,3.33690049967,5.29264281489,4.8,80,5280.593369,5280.593369,198.7108887,131.4108887,131.4108887,198.7108887,326.4108887,1001.18871553
S006,A,0.4,25,rated_payload_limited,2.7,1.22375461487,1.38968260036,1.38968260036,25,3186.198852,3186.198852,238.3978394,51.29783936,51.29783936,238.3978394,366.0978394,743.476639757
S006,B,0.4,30,rated_payload_limited,2.4,0.981585340998,1.35002263401,1.35002263401,30,3186.198852,3186.198852,238.3978394,51.29783936,51.29783936,238.3978394,366.0978394,637.270011357
S006,C,0.4,80,rated_payload_limited,4.8,2.0373511789,3.25327178824,3.25327178824,80,3186.198852,3186.198852,238.3978394,51.29783936,51.29783936,238.3978394,366.0978394,685.552624484
S007,A,0.4,25,rated_payload_limited,2.7,1.77756344482,2.01797249109,2.01797249109,25,4534.717375,4534.717375,384.273175,163.473175,163.473175,384.273175,511.973175,1157.46688583
S007,B,0.4,30,rated_payload_limited,2.4,1.43033692627,1.95981561942,1.95981561942,30,4534.717375,4534.717375,384.273175,163.473175,163.473175,384.273175,511.973175,1006.30964
S007,C,0.4,80,rated_payload_limited,4.8,2.93545326153,4.67961017039,4.67961017039,80,4534.717375,4534.717375,384.273175,163.473175,163.473175,384.273175,511.973175,1097.60069833
S008,A,0.4,,empty_roundtrip_infeasible,2.7,3.00043718224,3.38719045973,,25,8079.110449,8079.110449,245.2093323,102.0093323,102.0093323,245.2093323,372.9093323,1601.14542887
S008,B,0.4,1.39789340885,energy_limited,2.4,2.39370630456,3.28715724997,2.4,30,8079.110449,8079.110449,245.2093323,102.0093323,102.0093323,245.2093323,372.9093323,1331.84174724
S008,C,0.4,,empty_roundtrip_infeasible,4.8,5.06358632917,8.03799840697,,80,8079.110449,8079.110449,245.2093323,102.0093323,102.0093323,245.2093323,372.9093323,1389.71152467
S009,A,0.4,25,rated_payload_limited,2.7,2.11449348264,2.38688881319,2.38688881319,25,5705.303447,5705.303447,165.5289124,63.22891235,63.22891235,165.5289124,293.2289124,1118.63964598
S009,B,0.4,30,rated_payload_limited,2.4,1.68634349503,2.31641401773,2.31641401773,30,5705.303447,5705.303447,165.5289124,63.22891235,63.22891235,165.5289124,293.2289124,928.462864417
S009,C,0.4,65.994835067,energy_limited,4.8,3.57145366019,5.66961266921,4.8,80,5705.303447,5705.303447,165.5289124,63.22891235,63.22891235,165.5289124,293.2289124,966.589168542
S010,A,0.4,25,rated_payload_limited,2.7,1.82629300362,2.0707297629,2.0707297629,25,4784.674506,4784.674506,307.9365356,84.03653564,84.03653564,307.9365356,435.6365356,1084.89266991
S010,B,0.4,30,rated_payload_limited,2.4,1.46344502735,2.01104041223,2.01104041223,30,4784.674506,4784.674506,307.9365356,84.03653564,84.03653564,307.9365356,435.6365356,925.403519709
S010,C,0.4,79.1530646646,energy_limited,4.8,3.04807696181,4.85885692633,4.8,80,4784.674506,4784.674506,307.9365356,84.03653564,84.03653564,307.9365356,435.6365356,990.732364916
S011,A,0.4,25,rated_payload_limited,2.7,1.07737291221,1.21959611273,1.21959611273,25,2808.106412,2808.106412,167.6617554,83.26175537,83.26175537,167.6617554,295.3617554,652.028309898
S011,B,0.4,30,rated_payload_limited,2.4,0.864023964183,1.1839226027,1.1839226027,30,2808.106412,2808.106412,167.6617554,83.26175537,83.26175537,167.6617554,295.3617554,558.424762831
S011,C,0.4,80,rated_payload_limited,4.8,1.79442515305,2.85321027055,2.85321027055,80,2808.106412,2808.106412,167.6617554,83.26175537,83.26175537,167.6617554,295.3617554,600.24534796
S012,A,0.4,,empty_roundtrip_infeasible,2.7,2.77180546523,3.13142055533,,25,7391.140163,7391.140163,285.6009949,133.5009949,133.5009949,285.6009949,413.3009949,1539.19815302
S012,B,0.4,14.13517399,energy_limited,2.4,2.21482112408,3.039145538,2.4,30,7391.140163,7391.140163,285.6009949,133.5009949,133.5009949,285.6009949,413.3009949,1292.82681425
S012,C,0.4,16.6691304335,energy_limited,4.8,4.65923038872,7.39890429565,4.8,80,7391.140163,7391.140163,285.6009949,133.5009949,133.5009949,285.6009949,413.3009949,1362.67714589
S013,A,0.4,25,rated_payload_limited,2.7,1.83030762726,2.07421509617,2.07421509617,25,4849.536855,4849.536855,271.4818237,47.48182373,47.48182373,271.4818237,399.1818237,1042.16281728
S013,B,0.4,30,rated_payload_limited,2.4,1.46402243521,2.0144296422,2.0144296422,30,4849.536855,4849.536855,271.4818237,47.48182373,47.48182373,271.4818237,399.1818237,880.511588782
S013,C,0.4,78.6801576929,energy_limited,4.8,3.06868405411,4.89171403136,4.8,80,4849.536855,4849.536855,271.4818237,47.48182373,47.48182373,271.4818237,399.1818237,933.672196687
S014,A,0.4,25,rated_payload_limited,2.7,2.13779691217,2.42558723052,2.42558723052,25,5419.5363,5419.5363,464.2473877,240.9473877,240.9473877,464.2473877,591.9473877,1420.39888529
S014,B,0.4,30,rated_payload_limited,2.4,1.72186251244,2.35522053783,2.35522053783,30,5419.5363,5419.5363,464.2473877,240.9473877,240.9473877,464.2473877,591.9473877,1239.74767529
S014,C,0.4,66.7605726848,energy_limited,4.8,3.52159630022,5.60758666095,4.8,80,5419.5363,5419.5363,464.2473877,240.9473877,240.9473877,464.2473877,591.9473877,1357.28013786
S015,A,0.4,25,rated_payload_limited,2.7,2.30689938866,2.61934426755,2.61934426755,25,6009.764892,6009.764892,444.0992554,97.29925537,97.29925537,444.0992554,571.7992554,1398.65305656
S015,B,0.4,27.1972144839,energy_limited,2.4,1.85021799472,2.5445279265,2.4,30,6009.764892,6009.764892,444.0992554,97.29925537,97.29925537,444.0992554,571.7992554,1198.32756016
S015,C,0.4,56.359688673,energy_limited,4.8,3.84149604983,6.13326501752,4.8,80,6009.764892,6009.764892,444.0992554,97.29925537,97.29925537,444.0992554,571.7992554,1288.56064529
S001,A,0.405,25,rated_payload_limited,2.6775,1.16153051602,1.31271024158,1.31271024158,25,3054.023608,3054.023608,145.3566101,89.05661011,89.05661011,145.3566101,273.0566101,680.906962821
S001,B,0.405,30,rated_payload_limited,2.38,0.930225761055,1.27394097204,1.27394097204,30,3054.023608,3054.023608,145.3566101,89.05661011,89.05661011,145.3566101,273.0566101,579.106175887
S001,C,0.405,80,rated_payload_limited,4.76,1.94139247193,3.08170436114,3.08170436114,80,3054.023608,3054.023608,145.3566101,89.05661011,89.05661011,145.3566101,273.0566101,618.175045922
S002,A,0.405,,empty_roundtrip_infeasible,2.6775,2.73984663737,3.09050972759,,25,7411.533814,7411.533814,181.2542542,89.45425415,89.45425415,181.2542542,308.9542542,1433.77520846
S002,B,0.405,14.8458769411,energy_limited,2.38,2.18415452088,2.99882031183,2.38,30,7411.533814,7411.533814,181.2542542,89.45425415,89.45425415,181.2542542,308.9542542,1186.72408132
S002,C,0.405,16.0914301917,energy_limited,4.76,4.6325359292,7.34794754861,4.76,80,7411.533814,7411.533814,181.2542542,89.45425415,89.45425415,181.2542542,308.9542542,1231.84216605
S003,A,0.405,,empty_roundtrip_infeasible,2.6775,2.7890857722,3.15701804891,,25,7263.826968,7263.826968,434.1041382,223.3041382,223.3041382,434.1041382,561.8041382,1692.73723069
S003,B,0.405,11.8467233928,energy_limited,2.38,2.23705090717,3.06459015809,2.38,30,7263.826968,7263.826968,434.1041382,223.3041382,223.3041382,434.1041382,561.8041382,1450.60966509
S003,C,0.405,14.1160154831,energy_limited,4.76,4.64390670284,7.38282653444,4.76,80,7263.826968,7263.826968,434.1041382,223.3041382,223.3041382,434.1041382,561.8041382,1560.17771116
S004,A,0.405,,empty_roundtrip_infeasible,2.6775,2.89394171155,3.26669153411,,25,7714.681646,7714.681646,270.5391663,169.9391663,169.9391663,270.5391663,398.2391663,1608.79771824
S004,B,0.405,7.31714046572,energy_limited,2.38,2.31251848078,3.16979849246,2.38,30,7714.681646,7714.681646,270.5391663,169.9391663,169.9391663,270.5391663,398.2391663,1351.64166337
S004,C,0.405,,empty_roundtrip_infeasible,4.76,4.86398606465,7.71524423837,,80,7714.681646,7714.681646,270.5391663,169.9391663,169.9391663,270.5391663,398.2391663,1425.05471881
S005,A,0.405,25,rated_payload_limited,2.6775,1.98844309239,2.24486501136,2.24486501136,25,5280.593369,5280.593369,198.7108887,131.4108887,131.4108887,198.7108887,326.4108887,1122.18819826
S005,B,0.405,30,rated_payload_limited,2.38,1.58992547929,2.1782576011,2.1782576011,30,5280.593369,5280.593369,198.7108887,131.4108887,131.4108887,198.7108887,326.4108887,946.168419293
S005,C,0.405,71.7451636886,energy_limited,4.76,3.33690049967,5.29264281489,4.76,80,5280.593369,5280.593369,198.7108887,131.4108887,131.4108887,198.7108887,326.4108887,1001.18871553
S006,A,0.405,25,rated_payload_limited,2.6775,1.22375461487,1.38968260036,1.38968260036,25,3186.198852,3186.198852,238.3978394,51.29783936,51.29783936,238.3978394,366.0978394,743.476639757
S006,B,0.405,30,rated_payload_limited,2.38,0.981585340998,1.35002263401,1.35002263401,30,3186.198852,3186.198852,238.3978394,51.29783936,51.29783936,238.3978394,366.0978394,637.270011357
S006,C,0.405,80,rated_payload_limited,4.76,2.0373511789,3.25327178824,3.25327178824,80,3186.198852,3186.198852,238.3978394,51.29783936,51.29783936,238.3978394,366.0978394,685.552624484
S007,A,0.405,25,rated_payload_limited,2.6775,1.77756344482,2.01797249109,2.01797249109,25,4534.717375,4534.717375,384.273175,163.473175,163.473175,384.273175,511.973175,1157.46688583
S007,B,0.405,30,rated_payload_limited,2.38,1.43033692627,1.95981561942,1.95981561942,30,4534.717375,4534.717375,384.273175,163.473175,163.473175,384.273175,511.973175,1006.30964
S007,C,0.405,80,rated_payload_limited,4.76,2.93545326153,4.67961017039,4.67961017039,80,4534.717375,4534.717375,384.273175,163.473175,163.473175,384.273175,511.973175,1097.60069833
S008,A,0.405,,empty_roundtrip_infeasible,2.6775,3.00043718224,3.38719045973,,25,8079.110449,8079.110449,245.2093323,102.0093323,102.0093323,245.2093323,372.9093323,1601.14542887
S008,B,0.405,,empty_roundtrip_infeasible,2.38,2.39370630456,3.28715724997,,30,8079.110449,8079.110449,245.2093323,102.0093323,102.0093323,245.2093323,372.9093323,1331.84174724
S008,C,0.405,,empty_roundtrip_infeasible,4.76,5.06358632917,8.03799840697,,80,8079.110449,8079.110449,245.2093323,102.0093323,102.0093323,245.2093323,372.9093323,1389.71152467
S009,A,0.405,25,rated_payload_limited,2.6775,2.11449348264,2.38688881319,2.38688881319,25,5705.303447,5705.303447,165.5289124,63.22891235,63.22891235,165.5289124,293.2289124,1118.63964598
S009,B,0.405,30,rated_payload_limited,2.38,1.68634349503,2.31641401773,2.31641401773,30,5705.303447,5705.303447,165.5289124,63.22891235,63.22891235,165.5289124,293.2289124,928.462864417
S009,C,0.405,65.1079807609,energy_limited,4.76,3.57145366019,5.66961266921,4.76,80,5705.303447,5705.303447,165.5289124,63.22891235,63.22891235,165.5289124,293.2289124,966.589168542
S010,A,0.405,25,rated_payload_limited,2.6775,1.82629300362,2.0707297629,2.0707297629,25,4784.674506,4784.674506,307.9365356,84.03653564,84.03653564,307.9365356,435.6365356,1084.89266991
S010,B,0.405,30,rated_payload_limited,2.38,1.46344502735,2.01104041223,2.01104041223,30,4784.674506,4784.674506,307.9365356,84.03653564,84.03653564,307.9365356,435.6365356,925.403519709
S010,C,0.405,78.5570409256,energy_limited,4.76,3.04807696181,4.85885692633,4.76,80,4784.674506,4784.674506,307.9365356,84.03653564,84.03653564,307.9365356,435.6365356,990.732364916
S011,A,0.405,25,rated_payload_limited,2.6775,1.07737291221,1.21959611273,1.21959611273,25,2808.106412,2808.106412,167.6617554,83.26175537,83.26175537,167.6617554,295.3617554,652.028309898
S011,B,0.405,30,rated_payload_limited,2.38,0.864023964183,1.1839226027,1.1839226027,30,2808.106412,2808.106412,167.6617554,83.26175537,83.26175537,167.6617554,295.3617554,558.424762831
S011,C,0.405,80,rated_payload_limited,4.76,1.79442515305,2.85321027055,2.85321027055,80,2808.106412,2808.106412,167.6617554,83.26175537,83.26175537,167.6617554,295.3617554,600.24534796
S012,A,0.405,,empty_roundtrip_infeasible,2.6775,2.77180546523,3.13142055533,,25,7391.140163,7391.140163,285.6009949,133.5009949,133.5009949,285.6009949,413.3009949,1539.19815302
S012,B,0.405,13.1980644327,energy_limited,2.38,2.21482112408,3.039145538,2.38,30,7391.140163,7391.140163,285.6009949,133.5009949,133.5009949,285.6009949,413.3009949,1292.82681425
S012,C,0.405,13.3218997535,energy_limited,4.76,4.65923038872,7.39890429565,4.76,80,7391.140163,7391.140163,285.6009949,133.5009949,133.5009949,285.6009949,413.3009949,1362.67714589
S013,A,0.405,25,rated_payload_limited,2.6775,1.83030762726,2.07421509617,2.07421509617,25,4849.536855,4849.536855,271.4818237,47.48182373,47.48182373,271.4818237,399.1818237,1042.16281728
S013,B,0.405,30,rated_payload_limited,2.38,1.46402243521,2.0144296422,2.0144296422,30,4849.536855,4849.536855,271.4818237,47.48182373,47.48182373,271.4818237,399.1818237,880.511588782
S013,C,0.405,78.0772223891,energy_limited,4.76,3.06868405411,4.89171403136,4.76,80,4849.536855,4849.536855,271.4818237,47.48182373,47.48182373,271.4818237,399.1818237,933.672196687
S014,A,0.405,25,rated_payload_limited,2.6775,2.13779691217,2.42558723052,2.42558723052,25,5419.5363,5419.5363,464.2473877,240.9473877,240.9473877,464.2473877,591.9473877,1420.39888529
S014,B,0.405,30,rated_payload_limited,2.38,1.72186251244,2.35522053783,2.35522053783,30,5419.5363,5419.5363,464.2473877,240.9473877,240.9473877,464.2473877,591.9473877,1239.74767529
S014,C,0.405,65.8768930047,energy_limited,4.76,3.52159630022,5.60758666095,4.76,80,5419.5363,5419.5363,464.2473877,240.9473877,240.9473877,464.2473877,591.9473877,1357.28013786
S015,A,0.405,25,rated_payload_limited,2.6775,2.30689938866,2.61934426755,2.61934426755,25,6009.764892,6009.764892,444.0992554,97.29925537,97.29925537,444.0992554,571.7992554,1398.65305656
S015,B,0.405,26.7528069572,energy_limited,2.38,1.85021799472,2.5445279265,2.38,30,6009.764892,6009.764892,444.0992554,97.29925537,97.29925537,444.0992554,571.7992554,1198.32756016
S015,C,0.405,55.2091434899,energy_limited,4.76,3.84149604983,6.13326501752,4.76,80,6009.764892,6009.764892,444.0992554,97.29925537,97.29925537,444.0992554,571.7992554,1288.56064529
S001,A,0.41,25,rated_payload_limited,2.655,1.16153051602,1.31271024158,1.31271024158,25,3054.023608,3054.023608,145.3566101,89.05661011,89.05661011,145.3566101,273.0566101,680.906962821
S001,B,0.41,30,rated_payload_limited,2.36,0.930225761055,1.27394097204,1.27394097204,30,3054.023608,3054.023608,145.3566101,89.05661011,89.05661011,145.3566101,273.0566101,579.106175887
S001,C,0.41,80,rated_payload_limited,4.72,1.94139247193,3.08170436114,3.08170436114,80,3054.023608,3054.023608,145.3566101,89.05661011,89.05661011,145.3566101,273.0566101,618.175045922
S002,A,0.41,,empty_roundtrip_infeasible,2.655,2.73984663737,3.09050972759,,25,7411.533814,7411.533814,181.2542542,89.45425415,89.45425415,181.2542542,308.9542542,1433.77520846
S002,B,0.41,13.9391062249,energy_limited,2.36,2.18415452088,2.99882031183,2.36,30,7411.533814,7411.533814,181.2542542,89.45425415,89.45425415,181.2542542,308.9542542,1186.72408132
S002,C,0.41,12.5422705535,energy_limited,4.72,4.6325359292,7.34794754861,4.72,80,7411.533814,7411.533814,181.2542542,89.45425415,89.45425415,181.2542542,308.9542542,1231.84216605
S003,A,0.41,,empty_roundtrip_infeasible,2.655,2.7890857722,3.15701804891,,25,7263.826968,7263.826968,434.1041382,223.3041382,223.3041382,434.1041382,561.8041382,1692.73723069
S003,B,0.41,10.7635936673,energy_limited,2.36,2.23705090717,3.06459015809,2.36,30,7263.826968,7263.826968,434.1041382,223.3041382,223.3041382,434.1041382,561.8041382,1450.60966509
S003,C,0.41,10.5116424424,energy_limited,4.72,4.64390670284,7.38282653444,4.72,80,7263.826968,7263.826968,434.1041382,223.3041382,223.3041382,434.1041382,561.8041382,1560.17771116
S004,A,0.41,,empty_roundtrip_infeasible,2.655,2.89394171155,3.26669153411,,25,7714.681646,7714.681646,270.5391663,169.9391663,169.9391663,270.5391663,398.2391663,1608.79771824
S004,B,0.41,5.78976226312,energy_limited,2.36,2.31251848078,3.16979849246,2.36,30,7714.681646,7714.681646,270.5391663,169.9391663,169.9391663,270.5391663,398.2391663,1351.64166337
S004,C,0.41,,empty_roundtrip_infeasible,4.72,4.86398606465,7.71524423837,,80,7714.681646,7714.681646,270.5391663,169.9391663,169.9391663,270.5391663,398.2391663,1425.05471881
S005,A,0.41,25,rated_payload_limited,2.655,1.98844309239,2.24486501136,2.24486501136,25,5280.593369,5280.593369,198.7108887,131.4108887,131.4108887,198.7108887,326.4108887,1122.18819826
S005,B,0.41,30,rated_payload_limited,2.36,1.58992547929,2.1782576011,2.1782576011,30,5280.593369,5280.593369,198.7108887,131.4108887,131.4108887,198.7108887,326.4108887,946.168419293
S005,C,0.41,70.9856657358,energy_limited,4.72,3.33690049967,5.29264281489,4.72,80,5280.593369,5280.593369,198.7108887,131.4108887,131.4108887,198.7108887,326.4108887,1001.18871553
S006,A,0.41,25,rated_payload_limited,2.655,1.22375461487,1.38968260036,1.38968260036,25,3186.198852,3186.198852,238.3978394,51.29783936,51.29783936,238.3978394,366.0978394,743.476639757
S006,B,0.41,30,rated_payload_limited,2.36,0.981585340998,1.35002263401,1.35002263401,30,3186.198852,3186.198852,238.3978394,51.29783936,51.29783936,238.3978394,366.0978394,637.270011357
S006,C,0.41,80,rated_payload_limited,4.72,2.0373511789,3.25327178824,3.25327178824,80,3186.198852,3186.198852,238.3978394,51.29783936,51.29783936,238.3978394,366.0978394,685.552624484
S007,A,0.41,25,rated_payload_limited,2.655,1.77756344482,2.01797249109,2.01797249109,25,4534.717375,4534.717375,384.273175,163.473175,163.473175,384.273175,511.973175,1157.46688583
S007,B,0.41,30,rated_payload_limited,2.36,1.43033692627,1.95981561942,1.95981561942,30,4534.717375,4534.717375,384.273175,163.473175,163.473175,384.273175,511.973175,1006.30964
S007,C,0.41,80,rated_payload_limited,4.72,2.93545326153,4.67961017039,4.67961017039,80,4534.717375,4534.717375,384.273175,163.473175,163.473175,384.273175,511.973175,1097.60069833
S008,A,0.41,,empty_roundtrip_infeasible,2.655,3.00043718224,3.38719045973,,25,8079.110449,8079.110449,245.2093323,102.0093323,102.0093323,245.2093323,372.9093323,1601.14542887
S008,B,0.41,,empty_roundtrip_infeasible,2.36,2.39370630456,3.28715724997,,30,8079.110449,8079.110449,245.2093323,102.0093323,102.0093323,245.2093323,372.9093323,1331.84174724
S008,C,0.41,,empty_roundtrip_infeasible,4.72,5.06358632917,8.03799840697,,80,8079.110449,8079.110449,245.2093323,102.0093323,102.0093323,245.2093323,372.9093323,1389.71152467
S009,A,0.41,25,rated_payload_limited,2.655,2.11449348264,2.38688881319,2.38688881319,25,5705.303447,5705.303447,165.5289124,63.22891235,63.22891235,165.5289124,293.2289124,1118.63964598
S009,B,0.41,30,rated_payload_limited,2.36,1.68634349503,2.31641401773,2.31641401773,30,5705.303447,5705.303447,165.5289124,63.22891235,63.22891235,165.5289124,293.2289124,928.462864417
S009,C,0.41,64.1908086311,energy_limited,4.72,3.57145366019,5.66961266921,4.72,80,5705.303447,5705.303447,165.5289124,63.22891235,63.22891235,165.5289124,293.2289124,966.589168542
S010,A,0.41,25,rated_payload_limited,2.655,1.82629300362,2.0707297629,2.0707297629,25,4784.674506,4784.674506,307.9365356,84.03653564,84.03653564,307.9365356,435.6365356,1084.89266991
S010,B,0.41,30,rated_payload_limited,2.36,1.46344502735,2.01104041223,2.01104041223,30,4784.674506,4784.674506,307.9365356,84.03653564,84.03653564,307.9365356,435.6365356,925.403519709
S010,C,0.41,77.9436342758,energy_limited,4.72,3.04807696181,4.85885692633,4.72,80,4784.674506,4784.674506,307.9365356,84.03653564,84.03653564,307.9365356,435.6365356,990.732364916
S011,A,0.41,25,rated_payload_limited,2.655,1.07737291221,1.21959611273,1.21959611273,25,2808.106412,2808.106412,167.6617554,83.26175537,83.26175537,167.6617554,295.3617554,652.028309898
S011,B,0.41,30,rated_payload_limited,2.36,0.864023964183,1.1839226027,1.1839226027,30,2808.106412,2808.106412,167.6617554,83.26175537,83.26175537,167.6617554,295.3617554,558.424762831
S011,C,0.41,80,rated_payload_limited,4.72,1.79442515305,2.85321027055,2.85321027055,80,2808.106412,2808.106412,167.6617554,83.26175537,83.26175537,167.6617554,295.3617554,600.24534796
S012,A,0.41,,empty_roundtrip_infeasible,2.655,2.77180546523,3.13142055533,,25,7391.140163,7391.140163,285.6009949,133.5009949,133.5009949,285.6009949,413.3009949,1539.19815302
S012,B,0.41,12.1984098198,energy_limited,2.36,2.21482112408,3.039145538,2.36,30,7391.140163,7391.140163,285.6009949,133.5009949,133.5009949,285.6009949,413.3009949,1292.82681425
S012,C,0.41,9.42118022807,energy_limited,4.72,4.65923038872,7.39890429565,4.72,80,7391.140163,7391.140163,285.6009949,133.5009949,133.5009949,285.6009949,413.3009949,1362.67714589
S013,A,0.41,25,rated_payload_limited,2.655,1.83030762726,2.07421509617,2.07421509617,25,4849.536855,4849.536855,271.4818237,47.48182373,47.48182373,271.4818237,399.1818237,1042.16281728
S013,B,0.41,30,rated_payload_limited,2.36,1.46402243521,2.0144296422,2.0144296422,30,4849.536855,4849.536855,271.4818237,47.48182373,47.48182373,271.4818237,399.1818237,880.511588782
S013,C,0.41,77.4566494566,energy_limited,4.72,3.06868405411,4.89171403136,4.72,80,4849.536855,4849.536855,271.4818237,47.48182373,47.48182373,271.4818237,399.1818237,933.672196687
S014,A,0.41,25,rated_payload_limited,2.655,2.13779691217,2.42558723052,2.42558723052,25,5419.5363,5419.5363,464.2473877,240.9473877,240.9473877,464.2473877,591.9473877,1420.39888529
S014,B,0.41,30,rated_payload_limited,2.36,1.72186251244,2.35522053783,2.35522053783,30,5419.5363,5419.5363,464.2473877,240.9473877,240.9473877,464.2473877,591.9473877,1239.74767529
S014,C,0.41,64.9635593534,energy_limited,4.72,3.52159630022,5.60758666095,4.72,80,5419.5363,5419.5363,464.2473877,240.9473877,240.9473877,464.2473877,591.9473877,1357.28013786
S015,A,0.41,25,rated_payload_limited,2.655,2.30689938866,2.61934426755,2.61934426755,25,6009.764892,6009.764892,444.0992554,97.29925537,97.29925537,444.0992554,571.7992554,1398.65305656
S015,B,0.41,26.292250311,energy_limited,2.36,1.85021799472,2.5445279265,2.36,30,6009.764892,6009.764892,444.0992554,97.29925537,97.29925537,444.0992554,571.7992554,1198.32756016
S015,C,0.41,54.0150715019,energy_limited,4.72,3.84149604983,6.13326501752,4.72,80,6009.764892,6009.764892,444.0992554,97.29925537,97.29925537,444.0992554,571.7992554,1288.56064529
S001,A,0.415,25,rated_payload_limited,2.6325,1.16153051602,1.31271024158,1.31271024158,25,3054.023608,3054.023608,145.3566101,89.05661011,89.05661011,145.3566101,273.0566101,680.906962821
S001,B,0.415,30,rated_payload_limited,2.34,0.930225761055,1.27394097204,1.27394097204,30,3054.023608,3054.023608,145.3566101,89.05661011,89.05661011,145.3566101,273.0566101,579.106175887
S001,C,0.415,80,rated_payload_limited,4.68,1.94139247193,3.08170436114,3.08170436114,80,3054.023608,3054.023608,145.3566101,89.05661011,89.05661011,145.3566101,273.0566101,618.175045922
S002,A,0.415,,empty_roundtrip_infeasible,2.6325,2.73984663737,3.09050972759,,25,7411.533814,7411.533814,181.2542542,89.45425415,89.45425415,181.2542542,308.9542542,1433.77520846
S002,B,0.415,12.9732187852,energy_limited,2.34,2.18415452088,2.99882031183,2.34,30,7411.533814,7411.533814,181.2542542,89.45425415,89.45425415,181.2542542,308.9542542,1186.72408132
S002,C,0.415,8.29816409116,energy_limited,4.68,4.6325359292,7.34794754861,4.68,80,7411.533814,7411.533814,181.2542542,89.45425415,89.45425415,181.2542542,308.9542542,1231.84216605
S003,A,0.415,,empty_roundtrip_infeasible,2.6325,2.7890857722,3.15701804891,,25,7263.826968,7263.826968,434.1041382,223.3041382,223.3041382,434.1041382,561.8041382,1692.73723069
S003,B,0.415,9.59437640051,energy_limited,2.34,2.23705090717,3.06459015809,2.34,30,7263.826968,7263.826968,434.1041382,223.3041382,223.3041382,434.1041382,561.8041382,1450.60966509
S003,C,0.415,6.15535565292,energy_limited,4.68,4.64390670284,7.38282653444,4.68,80,7263.826968,7263.826968,434.1041382,223.3041382,223.3041382,434.1041382,561.8041382,1560.17771116
S004,A,0.415,,empty_roundtrip_infeasible,2.6325,2.89394171155,3.26669153411,,25,7714.681646,7714.681646,270.5391663,169.9391663,169.9391663,270.5391663,398.2391663,1608.79771824
S004,B,0.415,3.99013798619,energy_limited,2.34,2.31251848078,3.16979849246,2.34,30,7714.681646,7714.681646,270.5391663,169.9391663,169.9391663,270.5391663,398.2391663,1351.64166337
S004,C,0.415,,empty_roundtrip_infeasible,4.68,4.86398606465,7.71524423837,,80,7714.681646,7714.681646,270.5391663,169.9391663,169.9391663,270.5391663,398.2391663,1425.05471881
S005,A,0.415,25,rated_payload_limited,2.6325,1.98844309239,2.24486501136,2.24486501136,25,5280.593369,5280.593369,198.7108887,131.4108887,131.4108887,198.7108887,326.4108887,1122.18819826
S005,B,0.415,30,rated_payload_limited,2.34,1.58992547929,2.1782576011,2.1782576011,30,5280.593369,5280.593369,198.7108887,131.4108887,131.4108887,198.7108887,326.4108887,946.168419293
S005,C,0.415,70.2017403142,energy_limited,4.68,3.33690049967,5.29264281489,4.68,80,5280.593369,5280.593369,198.7108887,131.4108887,131.4108887,198.7108887,326.4108887,1001.18871553
S006,A,0.415,25,rated_payload_limited,2.6325,1.22375461487,1.38968260036,1.38968260036,25,3186.198852,3186.198852,238.3978394,51.29783936,51.29783936,238.3978394,366.0978394,743.476639757
S006,B,0.415,30,rated_payload_limited,2.34,0.981585340998,1.35002263401,1.35002263401,30,3186.198852,3186.198852,238.3978394,51.29783936,51.29783936,238.3978394,366.0978394,637.270011357
S006,C,0.415,80,rated_payload_limited,4.68,2.0373511789,3.25327178824,3.25327178824,80,3186.198852,3186.198852,238.3978394,51.29783936,51.29783936,238.3978394,366.0978394,685.552624484
S007,A,0.415,25,rated_payload_limited,2.6325,1.77756344482,2.01797249109,2.01797249109,25,4534.717375,4534.717375,384.273175,163.473175,163.473175,384.273175,511.973175,1157.46688583
S007,B,0.415,30,rated_payload_limited,2.34,1.43033692627,1.95981561942,1.95981561942,30,4534.717375,4534.717375,384.273175,163.473175,163.473175,384.273175,511.973175,1006.30964
S007,C,0.415,80,rated_payload_limited,4.68,2.93545326153,4.67961017039,4.67961017039,80,4534.717375,4534.717375,384.273175,163.473175,163.473175,384.273175,511.973175,1097.60069833
S008,A,0.415,,empty_roundtrip_infeasible,2.6325,3.00043718224,3.38719045973,,25,8079.110449,8079.110449,245.2093323,102.0093323,102.0093323,245.2093323,372.9093323,1601.14542887
S008,B,0.415,,empty_roundtrip_infeasible,2.34,2.39370630456,3.28715724997,,30,8079.110449,8079.110449,245.2093323,102.0093323,102.0093323,245.2093323,372.9093323,1331.84174724
S008,C,0.415,,empty_roundtrip_infeasible,4.68,5.06358632917,8.03799840697,,80,8079.110449,8079.110449,245.2093323,102.0093323,102.0093323,245.2093323,372.9093323,1389.71152467
S009,A,0.415,25,rated_payload_limited,2.6325,2.11449348264,2.38688881319,2.38688881319,25,5705.303447,5705.303447,165.5289124,63.22891235,63.22891235,165.5289124,293.2289124,1118.63964598
S009,B,0.415,30,rated_payload_limited,2.34,1.68634349503,2.31641401773,2.31641401773,30,5705.303447,5705.303447,165.5289124,63.22891235,63.22891235,165.5289124,293.2289124,928.462864417
S009,C,0.415,63.241641445,energy_limited,4.68,3.57145366019,5.66961266921,4.68,80,5705.303447,5705.303447,165.5289124,63.22891235,63.22891235,165.5289124,293.2289124,966.589168542
S010,A,0.415,25,rated_payload_limited,2.6325,1.82629300362,2.0707297629,2.0707297629,25,4784.674506,4784.674506,307.9365356,84.03653564,84.03653564,307.9365356,435.6365356,1084.89266991
S010,B,0.415,30,rated_payload_limited,2.34,1.46344502735,2.01104041223,2.01104041223,30,4784.674506,4784.674506,307.9365356,84.03653564,84.03653564,307.9365356,435.6365356,925.403519709
S010,C,0.415,77.312063492,energy_limited,4.68,3.04807696181,4.85885692633,4.68,80,4784.674506,4784.674506,307.9365356,84.03653564,84.03653564,307.9365356,435.6365356,990.732364916
S011,A,0.415,25,rated_payload_limited,2.6325,1.07737291221,1.21959611273,1.21959611273,25,2808.106412,2808.106412,167.6617554,83.26175537,83.26175537,167.6617554,295.3617554,652.028309898
S011,B,0.415,30,rated_payload_limited,2.34,0.864023964183,1.1839226027,1.1839226027,30,2808.106412,2808.106412,167.6617554,83.26175537,83.26175537,167.6617554,295.3617554,558.424762831
S011,C,0.415,80,rated_payload_limited,4.68,1.79442515305,2.85321027055,2.85321027055,80,2808.106412,2808.106412,167.6617554,83.26175537,83.26175537,167.6617554,295.3617554,600.24534796
S012,A,0.415,,empty_roundtrip_infeasible,2.6325,2.77180546523,3.13142055533,,25,7391.140163,7391.140163,285.6009949,133.5009949,133.5009949,285.6009949,413.3009949,1539.19815302
S012,B,0.415,11.1260502978,energy_limited,2.34,2.21482112408,3.039145538,2.34,30,7391.140163,7391.140163,285.6009949,133.5009949,133.5009949,285.6009949,413.3009949,1292.82681425
S012,C,0.415,4.41671982084,energy_limited,4.68,4.65923038872,7.39890429565,4.68,80,7391.140163,7391.140163,285.6009949,133.5009949,133.5009949,285.6009949,413.3009949,1362.67714589
S013,A,0.415,25,rated_payload_limited,2.6325,1.83030762726,2.07421509617,2.07421509617,25,4849.536855,4849.536855,271.4818237,47.48182373,47.48182373,271.4818237,399.1818237,1042.16281728
S013,B,0.415,30,rated_payload_limited,2.34,1.46402243521,2.0144296422,2.0144296422,30,4849.536855,4849.536855,271.4818237,47.48182373,47.48182373,271.4818237,399.1818237,880.511588782
S013,C,0.415,76.8176413623,energy_limited,4.68,3.06868405411,4.89171403136,4.68,80,4849.536855,4849.536855,271.4818237,47.48182373,47.48182373,271.4818237,399.1818237,933.672196687
S014,A,0.415,25,rated_payload_limited,2.6325,2.13779691217,2.42558723052,2.42558723052,25,5419.5363,5419.5363,464.2473877,240.9473877,240.9473877,464.2473877,591.9473877,1420.39888529
S014,B,0.415,29.7066774468,energy_limited,2.34,1.72186251244,2.35522053783,2.34,30,5419.5363,5419.5363,464.2473877,240.9473877,240.9473877,464.2473877,591.9473877,1239.74767529
S014,C,0.415,64.0190079482,energy_limited,4.68,3.52159630022,5.60758666095,4.68,80,5419.5363,5419.5363,464.2473877,240.9473877,240.9473877,464.2473877,591.9473877,1357.28013786
S015,A,0.415,25,rated_payload_limited,2.6325,2.30689938866,2.61934426755,2.61934426755,25,6009.764892,6009.764892,444.0992554,97.29925537,97.29925537,444.0992554,571.7992554,1398.65305656
S015,B,0.415,25.8145979664,energy_limited,2.34,1.85021799472,2.5445279265,2.34,30,6009.764892,6009.764892,444.0992554,97.29925537,97.29925537,444.0992554,571.7992554,1198.32756016
S015,C,0.415,52.7747370366,energy_limited,4.68,3.84149604983,6.13326501752,4.68,80,6009.764892,6009.764892,444.0992554,97.29925537,97.29925537,444.0992554,571.7992554,1288.56064529
S001,A,0.42,25,rated_payload_limited,2.61,1.16153051602,1.31271024158,1.31271024158,25,3054.023608,3054.023608,145.3566101,89.05661011,89.05661011,145.3566101,273.0566101,680.906962821
S001,B,0.42,30,rated_payload_limited,2.32,0.930225761055,1.27394097204,1.27394097204,30,3054.023608,3054.023608,145.3566101,89.05661011,89.05661011,145.3566101,273.0566101,579.106175887
S001,C,0.42,80,rated_payload_limited,4.64,1.94139247193,3.08170436114,3.08170436114,80,3054.023608,3054.023608,145.3566101,89.05661011,89.05661011,145.3566101,273.0566101,618.175045922
S002,A,0.42,,empty_roundtrip_infeasible,2.61,2.73984663737,3.09050972759,,25,7411.533814,7411.533814,181.2542542,89.45425415,89.45425415,181.2542542,308.9542542,1433.77520846
S002,B,0.42,11.9391120297,energy_limited,2.32,2.18415452088,2.99882031183,2.32,30,7411.533814,7411.533814,181.2542542,89.45425415,89.45425415,181.2542542,308.9542542,1186.72408132
S002,C,0.42,2.27501189376,energy_limited,4.64,4.6325359292,7.34794754861,4.64,80,7411.533814,7411.533814,181.2542542,89.45425415,89.45425415,181.2542542,308.9542542,1231.84216605
S003,A,0.42,,empty_roundtrip_infeasible,2.61,2.7890857722,3.15701804891,,25,7263.826968,7263.826968,434.1041382,223.3041382,223.3041382,434.1041382,561.8041382,1692.73723069
S003,B,0.42,8.3196721518,energy_limited,2.32,2.23705090717,3.06459015809,2.32,30,7263.826968,7263.826968,434.1041382,223.3041382,223.3041382,434.1041382,561.8041382,1450.60966509
S003,C,0.42,,empty_roundtrip_infeasible,4.64,4.64390670284,7.38282653444,,80,7263.826968,7263.826968,434.1041382,223.3041382,223.3041382,434.1041382,561.8041382,1560.17771116
S004,A,0.42,,empty_roundtrip_infeasible,2.61,2.89394171155,3.26669153411,,25,7714.681646,7714.681646,270.5391663,169.9391663,169.9391663,270.5391663,398.2391663,1608.79771824
S004,B,0.42,1.59929250431,energy_limited,2.32,2.31251848078,3.16979849246,2.32,30,7714.681646,7714.681646,270.5391663,169.9391663,169.9391663,270.5391663,398.2391663,1351.64166337
S004,C,0.42,,empty_roundtrip_infeasible,4.64,4.86398606465,7.71524423837,,80,7714.681646,7714.681646,270.5391663,169.9391663,169.9391663,270.5391663,398.2391663,1425.05471881
S005,A,0.42,25,rated_payload_limited,2.61,1.98844309239,2.24486501136,2.24486501136,25,5280.593369,5280.593369,198.7108887,131.4108887,131.4108887,198.7108887,326.4108887,1122.18819826
S005,B,0.42,30,rated_payload_limited,2.32,1.58992547929,2.1782576011,2.1782576011,30,5280.593369,5280.593369,198.7108887,131.4108887,131.4108887,198.7108887,326.4108887,946.168419293
S005,C,0.42,69.3921459746,energy_limited,4.64,3.33690049967,5.29264281489,4.64,80,5280.593369,5280.593369,198.7108887,131.4108887,131.4108887,198.7108887,326.4108887,1001.18871553
S006,A,0.42,25,rated_payload_limited,2.61,1.22375461487,1.38968260036,1.38968260036,25,3186.198852,3186.198852,238.3978394,51.29783936,51.29783936,238.3978394,366.0978394,743.476639757
S006,B,0.42,30,rated_payload_limited,2.32,0.981585340998,1.35002263401,1.35002263401,30,3186.198852,3186.198852,238.3978394,51.29783936,51.29783936,238.3978394,366.0978394,637.270011357
S006,C,0.42,80,rated_payload_limited,4.64,2.0373511789,3.25327178824,3.25327178824,80,3186.198852,3186.198852,238.3978394,51.29783936,51.29783936,238.3978394,366.0978394,685.552624484
S007,A,0.42,25,rated_payload_limited,2.61,1.77756344482,2.01797249109,2.01797249109,25,4534.717375,4534.717375,384.273175,163.473175,163.473175,384.273175,511.973175,1157.46688583
S007,B,0.42,30,rated_payload_limited,2.32,1.43033692627,1.95981561942,1.95981561942,30,4534.717375,4534.717375,384.273175,163.473175,163.473175,384.273175,511.973175,1006.30964
S007,C,0.42,79.4053968559,energy_limited,4.64,2.93545326153,4.67961017039,4.64,80,4534.717375,4534.717375,384.273175,163.473175,163.473175,384.273175,511.973175,1097.60069833
S008,A,0.42,,empty_roundtrip_infeasible,2.61,3.00043718224,3.38719045973,,25,8079.110449,8079.110449,245.2093323,102.0093323,102.0093323,245.2093323,372.9093323,1601.14542887
S008,B,0.42,,empty_roundtrip_infeasible,2.32,2.39370630456,3.28715724997,,30,8079.110449,8079.110449,245.2093323,102.0093323,102.0093323,245.2093323,372.9093323,1331.84174724
S008,C,0.42,,empty_roundtrip_infeasible,4.64,5.06358632917,8.03799840697,,80,8079.110449,8079.110449,245.2093323,102.0093323,102.0093323,245.2093323,372.9093323,1389.71152467
S009,A,0.42,25,rated_payload_limited,2.61,2.11449348264,2.38688881319,2.38688881319,25,5705.303447,5705.303447,165.5289124,63.22891235,63.22891235,165.5289124,293.2289124,1118.63964598
S009,B,0.42,30,rated_payload_limited,2.32,1.68634349503,2.31641401773,2.31641401773,30,5705.303447,5705.303447,165.5289124,63.22891235,63.22891235,165.5289124,293.2289124,928.462864417
S009,C,0.42,62.258665599,energy_limited,4.64,3.57145366019,5.66961266921,4.64,80,5705.303447,5705.303447,165.5289124,63.22891235,63.22891235,165.5289124,293.2289124,966.589168542
S010,A,0.42,25,rated_payload_limited,2.61,1.82629300362,2.0707297629,2.0707297629,25,4784.674506,4784.674506,307.9365356,84.03653564,84.03653564,307.9365356,435.6365356,1084.89266991
S010,B,0.42,30,rated_payload_limited,2.32,1.46344502735,2.01104041223,2.01104041223,30,4784.674506,4784.674506,307.9365356,84.03653564,84.03653564,307.9365356,435.6365356,925.403519709
S010,C,0.42,76.6614988576,energy_limited,4.64,3.04807696181,4.85885692633,4.64,80,4784.674506,4784.674506,307.9365356,84.03653564,84.03653564,307.9365356,435.6365356,990.732364916
S011,A,0.42,25,rated_payload_limited,2.61,1.07737291221,1.21959611273,1.21959611273,25,2808.106412,2808.106412,167.6617554,83.26175537,83.26175537,167.6617554,295.3617554,652.028309898
S011,B,0.42,30,rated_payload_limited,2.32,0.864023964183,1.1839226027,1.1839226027,30,2808.106412,2808.106412,167.6617554,83.26175537,83.26175537,167.6617554,295.3617554,558.424762831
S011,C,0.42,80,rated_payload_limited,4.64,1.79442515305,2.85321027055,2.85321027055,80,2808.106412,2808.106412,167.6617554,83.26175537,83.26175537,167.6617554,295.3617554,600.24534796
S012,A,0.42,,empty_roundtrip_infeasible,2.61,2.77180546523,3.13142055533,,25,7391.140163,7391.140163,285.6009949,133.5009949,133.5009949,285.6009949,413.3009949,1539.19815302
S012,B,0.42,9.96727987604,energy_limited,2.32,2.21482112408,3.039145538,2.32,30,7391.140163,7391.140163,285.6009949,133.5009949,133.5009949,285.6009949,413.3009949,1292.82681425
S012,C,0.42,,empty_roundtrip_infeasible,4.64,4.65923038872,7.39890429565,,80,7391.140163,7391.140163,285.6009949,133.5009949,133.5009949,285.6009949,413.3009949,1362.67714589
S013,A,0.42,25,rated_payload_limited,2.61,1.83030762726,2.07421509617,2.07421509617,25,4849.536855,4849.536855,271.4818237,47.48182373,47.48182373,271.4818237,399.1818237,1042.16281728
S013,B,0.42,30,rated_payload_limited,2.32,1.46402243521,2.0144296422,2.0144296422,30,4849.536855,4849.536855,271.4818237,47.48182373,47.48182373,271.4818237,399.1818237,880.511588782
S013,C,0.42,76.1593505959,energy_limited,4.64,3.06868405411,4.89171403136,4.64,80,4849.536855,4849.536855,271.4818237,47.48182373,47.48182373,271.4818237,399.1818237,933.672196687
S014,A,0.42,25,rated_payload_limited,2.61,2.13779691217,2.42558723052,2.42558723052,25,5419.5363,5419.5363,464.2473877,240.9473877,240.9473877,464.2473877,591.9473877,1420.39888529
S014,B,0.42,29.3094441173,energy_limited,2.32,1.72186251244,2.35522053783,2.32,30,5419.5363,5419.5363,464.2473877,240.9473877,240.9473877,464.2473877,591.9473877,1239.74767529
S014,C,0.42,63.0415567832,energy_limited,4.64,3.52159630022,5.60758666095,4.64,80,5419.5363,5419.5363,464.2473877,240.9473877,240.9473877,464.2473877,591.9473877,1357.28013786
S015,A,0.42,24.5703191241,energy_limited,2.61,2.30689938866,2.61934426755,2.61,25,6009.764892,6009.764892,444.0992554,97.29925537,97.29925537,444.0992554,571.7992554,1398.65305656
S015,B,0.42,25.3188210432,energy_limited,2.32,1.85021799472,2.5445279265,2.32,30,6009.764892,6009.764892,444.0992554,97.29925537,97.29925537,444.0992554,571.7992554,1198.32756016
S015,C,0.42,51.4851378156,energy_limited,4.64,3.84149604983,6.13326501752,4.64,80,6009.764892,6009.764892,444.0992554,97.29925537,97.29925537,444.0992554,571.7992554,1288.56064529
S001,A,0.425,25,rated_payload_limited,2.5875,1.16153051602,1.31271024158,1.31271024158,25,3054.023608,3054.023608,145.3566101,89.05661011,89.05661011,145.3566101,273.0566101,680.906962821
S001,B,0.425,30,rated_payload_limited,2.3,0.930225761055,1.27394097204,1.27394097204,30,3054.023608,3054.023608,145.3566101,89.05661011,89.05661011,145.3566101,273.0566101,579.106175887
S001,C,0.425,80,rated_payload_limited,4.6,1.94139247193,3.08170436114,3.08170436114,80,3054.023608,3054.023608,145.3566101,89.05661011,89.05661011,145.3566101,273.0566101,618.175045922
S002,A,0.425,,empty_roundtrip_infeasible,2.5875,2.73984663737,3.09050972759,,25,7411.533814,7411.533814,181.2542542,89.45425415,89.45425415,181.2542542,308.9542542,1433.77520846
S002,B,0.425,10.8247547771,energy_limited,2.3,2.18415452088,2.99882031183,2.3,30,7411.533814,7411.533814,181.2542542,89.45425415,89.45425415,181.2542542,308.9542542,1186.72408132
S002,C,0.425,,empty_roundtrip_infeasible,4.6,4.6325359292,7.34794754861,,80,7411.533814,7411.533814,181.2542542,89.45425415,89.45425415,181.2542542,308.9542542,1231.84216605
S003,A,0.425,,empty_roundtrip_infeasible,2.5875,2.7890857722,3.15701804891,,25,7263.826968,7263.826968,434.1041382,223.3041382,223.3041382,434.1041382,561.8041382,1692.73723069
S003,B,0.425,6.90952243003,energy_limited,2.3,2.23705090717,3.06459015809,2.3,30,7263.826968,7263.826968,434.1041382,223.3041382,223.3041382,434.1041382,561.8041382,1450.60966509
S003,C,0.425,,empty_roundtrip_infeasible,4.6,4.64390670284,7.38282653444,,80,7263.826968,7263.826968,434.1041382,223.3041382,223.3041382,434.1041382,561.8041382,1560.17771116
S004,A,0.425,,empty_roundtrip_infeasible,2.5875,2.89394171155,3.26669153411,,25,7714.681646,7714.681646,270.5391663,169.9391663,169.9391663,270.5391663,398.2391663,1608.79771824
S004,B,0.425,,empty_roundtrip_infeasible,2.3,2.31251848078,3.16979849246,,30,7714.681646,7714.681646,270.5391663,169.9391663,169.9391663,270.5391663,398.2391663,1351.64166337
S004,C,0.425,,empty_roundtrip_infeasible,4.6,4.86398606465,7.71524423837,,80,7714.681646,7714.681646,270.5391663,169.9391663,169.9391663,270.5391663,398.2391663,1425.05471881
S005,A,0.425,25,rated_payload_limited,2.5875,1.98844309239,2.24486501136,2.24486501136,25,5280.593369,5280.593369,198.7108887,131.4108887,131.4108887,198.7108887,326.4108887,1122.18819826
S005,B,0.425,30,rated_payload_limited,2.3,1.58992547929,2.1782576011,2.1782576011,30,5280.593369,5280.593369,198.7108887,131.4108887,131.4108887,198.7108887,326.4108887,946.168419293
S005,C,0.425,68.5555513173,energy_limited,4.6,3.33690049967,5.29264281489,4.6,80,5280.593369,5280.593369,198.7108887,131.4108887,131.4108887,198.7108887,326.4108887,1001.18871553
S006,A,0.425,25,rated_payload_limited,2.5875,1.22375461487,1.38968260036,1.38968260036,25,3186.198852,3186.198852,238.3978394,51.29783936,51.29783936,238.3978394,366.0978394,743.476639757
S006,B,0.425,30,rated_payload_limited,2.3,0.981585340998,1.35002263401,1.35002263401,30,3186.198852,3186.198852,238.3978394,51.29783936,51.29783936,238.3978394,366.0978394,637.270011357
S006,C,0.425,80,rated_payload_limited,4.6,2.0373511789,3.25327178824,3.25327178824,80,3186.198852,3186.198852,238.3978394,51.29783936,51.29783936,238.3978394,366.0978394,685.552624484
S007,A,0.425,25,rated_payload_limited,2.5875,1.77756344482,2.01797249109,2.01797249109,25,4534.717375,4534.717375,384.273175,163.473175,163.473175,384.273175,511.973175,1157.46688583
S007,B,0.425,30,rated_payload_limited,2.3,1.43033692627,1.95981561942,1.95981561942,30,4534.717375,4534.717375,384.273175,163.473175,163.473175,384.273175,511.973175,1006.30964
S007,C,0.425,78.7871226868,energy_limited,4.6,2.93545326153,4.67961017039,4.6,80,4534.717375,4534.717375,384.273175,163.473175,163.473175,384.273175,511.973175,1097.60069833
S008,A,0.425,,empty_roundtrip_infeasible,2.5875,3.00043718224,3.38719045973,,25,8079.110449,8079.110449,245.2093323,102.0093323,102.0093323,245.2093323,372.9093323,1601.14542887
S008,B,0.425,,empty_roundtrip_infeasible,2.3,2.39370630456,3.28715724997,,30,8079.110449,8079.110449,245.2093323,102.0093323,102.0093323,245.2093323,372.9093323,1331.84174724
S008,C,0.425,,empty_roundtrip_infeasible,4.6,5.06358632917,8.03799840697,,80,8079.110449,8079.110449,245.2093323,102.0093323,102.0093323,245.2093323,372.9093323,1389.71152467
S009,A,0.425,25,rated_payload_limited,2.5875,2.11449348264,2.38688881319,2.38688881319,25,5705.303447,5705.303447,165.5289124,63.22891235,63.22891235,165.5289124,293.2289124,1118.63964598
S009,B,0.425,29.6924452974,energy_limited,2.3,1.68634349503,2.31641401773,2.3,30,5705.303447,5705.303447,165.5289124,63.22891235,63.22891235,165.5289124,293.2289124,928.462864417
S009,C,0.425,61.239915578,energy_limited,4.6,3.57145366019,5.66961266921,4.6,80,5705.303447,5705.303447,165.5289124,63.22891235,63.22891235,165.5289124,293.2289124,966.589168542
S010,A,0.425,25,rated_payload_limited,2.5875,1.82629300362,2.0707297629,2.0707297629,25,4784.674506,4784.674506,307.9365356,84.03653564,84.03653564,307.9365356,435.6365356,1084.89266991
S010,B,0.425,30,rated_payload_limited,2.3,1.46344502735,2.01104041223,2.01104041223,30,4784.674506,4784.674506,307.9365356,84.03653564,84.03653564,307.9365356,435.6365356,925.403519709
S010,C,0.425,75.9910582261,energy_limited,4.6,3.04807696181,4.85885692633,4.6,80,4784.674506,4784.674506,307.9365356,84.03653564,84.03653564,307.9365356,435.6365356,990.732364916
S011,A,0.425,25,rated_payload_limited,2.5875,1.07737291221,1.21959611273,1.21959611273,25,2808.106412,2808.106412,167.6617554,83.26175537,83.26175537,167.6617554,295.3617554,652.028309898
S011,B,0.425,30,rated_payload_limited,2.3,0.864023964183,1.1839226027,1.1839226027,30,2808.106412,2808.106412,167.6617554,83.26175537,83.26175537,167.6617554,295.3617554,558.424762831
S011,C,0.425,80,rated_payload_limited,4.6,1.79442515305,2.85321027055,2.85321027055,80,2808.106412,2808.106412,167.6617554,83.26175537,83.26175537,167.6617554,295.3617554,600.24534796
S012,A,0.425,,empty_roundtrip_infeasible,2.5875,2.77180546523,3.13142055533,,25,7391.140163,7391.140163,285.6009949,133.5009949,133.5009949,285.6009949,413.3009949,1539.19815302
S012,B,0.425,8.70259459373,energy_limited,2.3,2.21482112408,3.039145538,2.3,30,7391.140163,7391.140163,285.6009949,133.5009949,133.5009949,285.6009949,413.3009949,1292.82681425
S012,C,0.425,,empty_roundtrip_infeasible,4.6,4.65923038872,7.39890429565,,80,7391.140163,7391.140163,285.6009949,133.5009949,133.5009949,285.6009949,413.3009949,1362.67714589
S013,A,0.425,25,rated_payload_limited,2.5875,1.83030762726,2.07421509617,2.07421509617,25,4849.536855,4849.536855,271.4818237,47.48182373,47.48182373,271.4818237,399.1818237,1042.16281728
S013,B,0.425,30,rated_payload_limited,2.3,1.46402243521,2.0144296422,2.0144296422,30,4849.536855,4849.536855,271.4818237,47.48182373,47.48182373,271.4818237,399.1818237,880.511588782
S013,C,0.425,75.4808755601,energy_limited,4.6,3.06868405411,4.89171403136,4.6,80,4849.536855,4849.536855,271.4818237,47.48182373,47.48182373,271.4818237,399.1818237,933.672196687
S014,A,0.425,25,rated_payload_limited,2.5875,2.13779691217,2.42558723052,2.42558723052,25,5419.5363,5419.5363,464.2473877,240.9473877,240.9473877,464.2473877,591.9473877,1420.39888529
S014,B,0.425,28.8981332439,energy_limited,2.3,1.72186251244,2.35522053783,2.3,30,5419.5363,5419.5363,464.2473877,240.9473877,240.9473877,464.2473877,591.9473877,1239.74767529
S014,C,0.425,62.0293932748,energy_limited,4.6,3.52159630022,5.60758666095,4.6,80,5419.5363,5419.5363,464.2473877,240.9473877,240.9473877,464.2473877,591.9473877,1357.28013786
S015,A,0.425,23.4995069717,energy_limited,2.5875,2.30689938866,2.61934426755,2.5875,25,6009.764892,6009.764892,444.0992554,97.29925537,97.29925537,444.0992554,571.7992554,1398.65305656
S015,B,0.425,24.8037981113,energy_limited,2.3,1.85021799472,2.5445279265,2.3,30,6009.764892,6009.764892,444.0992554,97.29925537,97.29925537,444.0992554,571.7992554,1198.32756016
S015,C,0.425,50.1429660062,energy_limited,4.6,3.84149604983,6.13326501752,4.6,80,6009.764892,6009.764892,444.0992554,97.29925537,97.29925537,444.0992554,571.7992554,1288.56064529
S001,A,0.43,25,rated_payload_limited,2.565,1.16153051602,1.31271024158,1.31271024158,25,3054.023608,3054.023608,145.3566101,89.05661011,89.05661011,145.3566101,273.0566101,680.906962821
S001,B,0.43,30,rated_payload_limited,2.28,0.930225761055,1.27394097204,1.27394097204,30,3054.023608,3054.023608,145.3566101,89.05661011,89.05661011,145.3566101,273.0566101,579.106175887
S001,C,0.43,80,rated_payload_limited,4.56,1.94139247193,3.08170436114,3.08170436114,80,3054.023608,3054.023608,145.3566101,89.05661011,89.05661011,145.3566101,273.0566101,618.175045922
S002,A,0.43,,empty_roundtrip_infeasible,2.565,2.73984663737,3.09050972759,,25,7411.533814,7411.533814,181.2542542,89.45425415,89.45425415,181.2542542,308.9542542,1433.77520846
S002,B,0.43,9.61350536103,energy_limited,2.28,2.18415452088,2.99882031183,2.28,30,7411.533814,7411.533814,181.2542542,89.45425415,89.45425415,181.2542542,308.9542542,1186.72408132
S002,C,0.43,,empty_roundtrip_infeasible,4.56,4.6325359292,7.34794754861,,80,7411.533814,7411.533814,181.2542542,89.45425415,89.45425415,181.2542542,308.9542542,1231.84216605
S003,A,0.43,,empty_roundtrip_infeasible,2.565,2.7890857722,3.15701804891,,25,7263.826968,7263.826968,434.1041382,223.3041382,223.3041382,434.1041382,561.8041382,1692.73723069
S003,B,0.43,5.31165381813,energy_limited,2.28,2.23705090717,3.06459015809,2.28,30,7263.826968,7263.826968,434.1041382,223.3041382,223.3041382,434.1041382,561.8041382,1450.60966509
S003,C,0.43,,empty_roundtrip_infeasible,4.56,4.64390670284,7.38282653444,,80,7263.826968,7263.826968,434.1041382,223.3041382,223.3041382,434.1041382,561.8041382,1560.17771116
S004,A,0.43,,empty_roundtrip_infeasible,2.565,2.89394171155,3.26669153411,,25,7714.681646,7714.681646,270.5391663,169.9391663,169.9391663,270.5391663,398.2391663,1608.79771824
S004,B,0.43,,empty_roundtrip_infeasible,2.28,2.31251848078,3.16979849246,,30,7714.681646,7714.681646,270.5391663,169.9391663,169.9391663,270.5391663,398.2391663,1351.64166337
S004,C,0.43,,empty_roundtrip_infeasible,4.56,4.86398606465,7.71524423837,,80,7714.681646,7714.681646,270.5391663,169.9391663,169.9391663,270.5391663,398.2391663,1425.05471881
S005,A,0.43,25,rated_payload_limited,2.565,1.98844309239,2.24486501136,2.24486501136,25,5280.593369,5280.593369,198.7108887,131.4108887,131.4108887,198.7108887,326.4108887,1122.18819826
S005,B,0.43,30,rated_payload_limited,2.28,1.58992547929,2.1782576011,2.1782576011,30,5280.593369,5280.593369,198.7108887,131.4108887,131.4108887,198.7108887,326.4108887,946.168419293
S005,C,0.43,67.6905261513,energy_limited,4.56,3.33690049967,5.29264281489,4.56,80,5280.593369,5280.593369,198.7108887,131.4108887,131.4108887,198.7108887,326.4108887,1001.18871553
S006,A,0.43,25,rated_payload_limited,2.565,1.22375461487,1.38968260036,1.38968260036,25,3186.198852,3186.198852,238.3978394,51.29783936,51.29783936,238.3978394,366.0978394,743.476639757
S006,B,0.43,30,rated_payload_limited,2.28,0.981585340998,1.35002263401,1.35002263401,30,3186.198852,3186.198852,238.3978394,51.29783936,51.29783936,238.3978394,366.0978394,637.270011357
S006,C,0.43,80,rated_payload_limited,4.56,2.0373511789,3.25327178824,3.25327178824,80,3186.198852,3186.198852,238.3978394,51.29783936,51.29783936,238.3978394,366.0978394,685.552624484
S007,A,0.43,25,rated_payload_limited,2.565,1.77756344482,2.01797249109,2.01797249109,25,4534.717375,4534.717375,384.273175,163.473175,163.473175,384.273175,511.973175,1157.46688583
S007,B,0.43,30,rated_payload_limited,2.28,1.43033692627,1.95981561942,1.95981561942,30,4534.717375,4534.717375,384.273175,163.473175,163.473175,384.273175,511.973175,1006.30964
S007,C,0.43,78.1501270523,energy_limited,4.56,2.93545326153,4.67961017039,4.56,80,4534.717375,4534.717375,384.273175,163.473175,163.473175,384.273175,511.973175,1097.60069833
S008,A,0.43,,empty_roundtrip_infeasible,2.565,3.00043718224,3.38719045973,,25,8079.110449,8079.110449,245.2093323,102.0093323,102.0093323,245.2093323,372.9093323,1601.14542887
S008,B,0.43,,empty_roundtrip_infeasible,2.28,2.39370630456,3.28715724997,,30,8079.110449,8079.110449,245.2093323,102.0093323,102.0093323,245.2093323,372.9093323,1331.84174724
S008,C,0.43,,empty_roundtrip_infeasible,4.56,5.06358632917,8.03799840697,,80,8079.110449,8079.110449,245.2093323,102.0093323,102.0093323,245.2093323,372.9093323,1389.71152467
S009,A,0.43,25,rated_payload_limited,2.565,2.11449348264,2.38688881319,2.38688881319,25,5705.303447,5705.303447,165.5289124,63.22891235,63.22891235,165.5289124,293.2289124,1118.63964598
S009,B,0.43,29.3058907855,energy_limited,2.28,1.68634349503,2.31641401773,2.28,30,5705.303447,5705.303447,165.5289124,63.22891235,63.22891235,165.5289124,293.2289124,928.462864417
S009,C,0.43,60.1832560156,energy_limited,4.56,3.57145366019,5.66961266921,4.56,80,5705.303447,5705.303447,165.5289124,63.22891235,63.22891235,165.5289124,293.2289124,966.589168542
S010,A,0.43,25,rated_payload_limited,2.565,1.82629300362,2.0707297629,2.0707297629,25,4784.674506,4784.674506,307.9365356,84.03653564,84.03653564,307.9365356,435.6365356,1084.89266991
S010,B,0.43,30,rated_payload_limited,2.28,1.46344502735,2.01104041223,2.01104041223,30,4784.674506,4784.674506,307.9365356,84.03653564,84.03653564,307.9365356,435.6365356,925.403519709
S010,C,0.43,75.2998026787,energy_limited,4.56,3.04807696181,4.85885692633,4.56,80,4784.674506,4784.674506,307.9365356,84.03653564,84.03653564,307.9365356,435.6365356,990.732364916
S011,A,0.43,25,rated_payload_limited,2.565,1.07737291221,1.21959611273,1.21959611273,25,2808.106412,2808.106412,167.6617554,83.26175537,83.26175537,167.6617554,295.3617554,652.028309898
S011,B,0.43,30,rated_payload_limited,2.28,0.864023964183,1.1839226027,1.1839226027,30,2808.106412,2808.106412,167.6617554,83.26175537,83.26175537,167.6617554,295.3617554,558.424762831
S011,C,0.43,80,rated_payload_limited,4.56,1.79442515305,2.85321027055,2.85321027055,80,2808.106412,2808.106412,167.6617554,83.26175537,83.26175537,167.6617554,295.3617554,600.24534796
S012,A,0.43,,empty_roundtrip_infeasible,2.565,2.77180546523,3.13142055533,,25,7391.140163,7391.140163,285.6009949,133.5009949,133.5009949,285.6009949,413.3009949,1539.19815302
S012,B,0.43,7.30205094553,energy_limited,2.28,2.21482112408,3.039145538,2.28,30,7391.140163,7391.140163,285.6009949,133.5009949,133.5009949,285.6009949,413.3009949,1292.82681425
S012,C,0.43,,empty_roundtrip_infeasible,4.56,4.65923038872,7.39890429565,,80,7391.140163,7391.140163,285.6009949,133.5009949,133.5009949,285.6009949,413.3009949,1362.67714589
S013,A,0.43,25,rated_payload_limited,2.565,1.83030762726,2.07421509617,2.07421509617,25,4849.536855,4849.536855,271.4818237,47.48182373,47.48182373,271.4818237,399.1818237,1042.16281728
S013,B,0.43,30,rated_payload_limited,2.28,1.46402243521,2.0144296422,2.0144296422,30,4849.536855,4849.536855,271.4818237,47.48182373,47.48182373,271.4818237,399.1818237,880.511588782
S013,C,0.43,74.7812560305,energy_limited,4.56,3.06868405411,4.89171403136,4.56,80,4849.536855,4849.536855,271.4818237,47.48182373,47.48182373,271.4818237,399.1818237,933.672196687
S014,A,0.43,25,rated_payload_limited,2.565,2.13779691217,2.42558723052,2.42558723052,25,5419.5363,5419.5363,464.2473877,240.9473877,240.9473877,464.2473877,591.9473877,1420.39888529
S014,B,0.43,28.4719608805,energy_limited,2.28,1.72186251244,2.35522053783,2.28,30,5419.5363,5419.5363,464.2473877,240.9473877,240.9473877,464.2473877,591.9473877,1239.74767529
S014,C,0.43,60.9805601597,energy_limited,4.56,3.52159630022,5.60758666095,4.56,80,5419.5363,5419.5363,464.2473877,240.9473877,240.9473877,464.2473877,591.9473877,1357.28013786
S015,A,0.43,22.3736343857,energy_limited,2.565,2.30689938866,2.61934426755,2.565,25,6009.764892,6009.764892,444.0992554,97.29925537,97.29925537,444.0992554,571.7992554,1398.65305656
S015,B,0.43,24.2683031682,energy_limited,2.28,1.85021799472,2.5445279265,2.28,30,6009.764892,6009.764892,444.0992554,97.29925537,97.29925537,444.0992554,571.7992554,1198.32756016
S015,C,0.43,48.7445611247,energy_limited,4.56,3.84149604983,6.13326501752,4.56,80,6009.764892,6009.764892,444.0992554,97.29925537,97.29925537,444.0992554,571.7992554,1288.56064529
S001,A,0.435,25,rated_payload_limited,2.5425,1.16153051602,1.31271024158,1.31271024158,25,3054.023608,3054.023608,145.3566101,89.05661011,89.05661011,145.3566101,273.0566101,680.906962821
S001,B,0.435,30,rated_payload_limited,2.26,0.930225761055,1.27394097204,1.27394097204,30,3054.023608,3054.023608,145.3566101,89.05661011,89.05661011,145.3566101,273.0566101,579.106175887
S001,C,0.435,80,rated_payload_limited,4.52,1.94139247193,3.08170436114,3.08170436114,80,3054.023608,3054.023608,145.3566101,89.05661011,89.05661011,145.3566101,273.0566101,618.175045922
S002,A,0.435,,empty_roundtrip_infeasible,2.5425,2.73984663737,3.09050972759,,25,7411.533814,7411.533814,181.2542542,89.45425415,89.45425415,181.2542542,308.9542542,1433.77520846
S002,B,0.435,8.28085382231,energy_limited,2.26,2.18415452088,2.99882031183,2.26,30,7411.533814,7411.533814,181.2542542,89.45425415,89.45425415,181.2542542,308.9542542,1186.72408132
S002,C,0.435,,empty_roundtrip_infeasible,4.52,4.6325359292,7.34794754861,,80,7411.533814,7411.533814,181.2542542,89.45425415,89.45425415,181.2542542,308.9542542,1231.84216605
S003,A,0.435,,empty_roundtrip_infeasible,2.5425,2.7890857722,3.15701804891,,25,7263.826968,7263.826968,434.1041382,223.3041382,223.3041382,434.1041382,561.8041382,1692.73723069
S003,B,0.435,3.41225091642,energy_limited,2.26,2.23705090717,3.06459015809,2.26,30,7263.826968,7263.826968,434.1041382,223.3041382,223.3041382,434.1041382,561.8041382,1450.60966509
S003,C,0.435,,empty_roundtrip_infeasible,4.52,4.64390670284,7.38282653444,,80,7263.826968,7263.826968,434.1041382,223.3041382,223.3041382,434.1041382,561.8041382,1560.17771116
S004,A,0.435,,empty_roundtrip_infeasible,2.5425,2.89394171155,3.26669153411,,25,7714.681646,7714.681646,270.5391663,169.9391663,169.9391663,270.5391663,398.2391663,1608.79771824
S004,B,0.435,,empty_roundtrip_infeasible,2.26,2.31251848078,3.16979849246,,30,7714.681646,7714.681646,270.5391663,169.9391663,169.9391663,270.5391663,398.2391663,1351.64166337
S004,C,0.435,,empty_roundtrip_infeasible,4.52,4.86398606465,7.71524423837,,80,7714.681646,7714.681646,270.5391663,169.9391663,169.9391663,270.5391663,398.2391663,1425.05471881
S005,A,0.435,25,rated_payload_limited,2.5425,1.98844309239,2.24486501136,2.24486501136,25,5280.593369,5280.593369,198.7108887,131.4108887,131.4108887,198.7108887,326.4108887,1122.18819826
S005,B,0.435,30,rated_payload_limited,2.26,1.58992547929,2.1782576011,2.1782576011,30,5280.593369,5280.593369,198.7108887,131.4108887,131.4108887,198.7108887,326.4108887,946.168419293
S005,C,0.435,66.7955315099,energy_limited,4.52,3.33690049967,5.29264281489,4.52,80,5280.593369,5280.593369,198.7108887,131.4108887,131.4108887,198.7108887,326.4108887,1001.18871553
S006,A,0.435,25,rated_payload_limited,2.5425,1.22375461487,1.38968260036,1.38968260036,25,3186.198852,3186.198852,238.3978394,51.29783936,51.29783936,238.3978394,366.0978394,743.476639757
S006,B,0.435,30,rated_payload_limited,2.26,0.981585340998,1.35002263401,1.35002263401,30,3186.198852,3186.198852,238.3978394,51.29783936,51.29783936,238.3978394,366.0978394,637.270011357
S006,C,0.435,80,rated_payload_limited,4.52,2.0373511789,3.25327178824,3.25327178824,80,3186.198852,3186.198852,238.3978394,51.29783936,51.29783936,238.3978394,366.0978394,685.552624484
S007,A,0.435,25,rated_payload_limited,2.5425,1.77756344482,2.01797249109,2.01797249109,25,4534.717375,4534.717375,384.273175,163.473175,163.473175,384.273175,511.973175,1157.46688583
S007,B,0.435,30,rated_payload_limited,2.26,1.43033692627,1.95981561942,1.95981561942,30,4534.717375,4534.717375,384.273175,163.473175,163.473175,384.273175,511.973175,1006.30964
S007,C,0.435,77.4935411272,energy_limited,4.52,2.93545326153,4.67961017039,4.52,80,4534.717375,4534.717375,384.273175,163.473175,163.473175,384.273175,511.973175,1097.60069833
S008,A,0.435,,empty_roundtrip_infeasible,2.5425,3.00043718224,3.38719045973,,25,8079.110449,8079.110449,245.2093323,102.0093323,102.0093323,245.2093323,372.9093323,1601.14542887
S008,B,0.435,,empty_roundtrip_infeasible,2.26,2.39370630456,3.28715724997,,30,8079.110449,8079.110449,245.2093323,102.0093323,102.0093323,245.2093323,372.9093323,1331.84174724
S008,C,0.435,,empty_roundtrip_infeasible,4.52,5.06358632917,8.03799840697,,80,8079.110449,8079.110449,245.2093323,102.0093323,102.0093323,245.2093323,372.9093323,1389.71152467
S009,A,0.435,25,rated_payload_limited,2.5425,2.11449348264,2.38688881319,2.38688881319,25,5705.303447,5705.303447,165.5289124,63.22891235,63.22891235,165.5289124,293.2289124,1118.63964598
S009,B,0.435,28.9056885089,energy_limited,2.26,1.68634349503,2.31641401773,2.26,30,5705.303447,5705.303447,165.5289124,63.22891235,63.22891235,165.5289124,293.2289124,928.462864417
S009,C,0.435,59.086360872,energy_limited,4.52,3.57145366019,5.66961266921,4.52,80,5705.303447,5705.303447,165.5289124,63.22891235,63.22891235,165.5289124,293.2289124,966.589168542
S010,A,0.435,25,rated_payload_limited,2.5425,1.82629300362,2.0707297629,2.0707297629,25,4784.674506,4784.674506,307.9365356,84.03653564,84.03653564,307.9365356,435.6365356,1084.89266991
S010,B,0.435,30,rated_payload_limited,2.26,1.46344502735,2.01104041223,2.01104041223,30,4784.674506,4784.674506,307.9365356,84.03653564,84.03653564,307.9365356,435.6365356,925.403519709
S010,C,0.435,74.5867317254,energy_limited,4.52,3.04807696181,4.85885692633,4.52,80,4784.674506,4784.674506,307.9365356,84.03653564,84.03653564,307.9365356,435.6365356,990.732364916
S011,A,0.435,25,rated_payload_limited,2.5425,1.07737291221,1.21959611273,1.21959611273,25,2808.106412,2808.106412,167.6617554,83.26175537,83.26175537,167.6617554,295.3617554,652.028309898
S011,B,0.435,30,rated_payload_limited,2.26,0.864023964183,1.1839226027,1.1839226027,30,2808.106412,2808.106412,167.6617554,83.26175537,83.26175537,167.6617554,295.3617554,558.424762831
S011,C,0.435,80,rated_payload_limited,4.52,1.79442515305,2.85321027055,2.85321027055,80,2808.106412,2808.106412,167.6617554,83.26175537,83.26175537,167.6617554,295.3617554,600.24534796
S012,A,0.435,,empty_roundtrip_infeasible,2.5425,2.77180546523,3.13142055533,,25,7391.140163,7391.140163,285.6009949,133.5009949,133.5009949,285.6009949,413.3009949,1539.19815302
S012,B,0.435,5.71397595831,energy_limited,2.26,2.21482112408,3.039145538,2.26,30,7391.140163,7391.140163,285.6009949,133.5009949,133.5009949,285.6009949,413.3009949,1292.82681425
S012,C,0.435,,empty_roundtrip_infeasible,4.52,4.65923038872,7.39890429565,,80,7391.140163,7391.140163,285.6009949,133.5009949,133.5009949,285.6009949,413.3009949,1362.67714589
S013,A,0.435,25,rated_payload_limited,2.5425,1.83030762726,2.07421509617,2.07421509617,25,4849.536855,4849.536855,271.4818237,47.48182373,47.48182373,271.4818237,399.1818237,1042.16281728
S013,B,0.435,30,rated_payload_limited,2.26,1.46402243521,2.0144296422,2.0144296422,30,4849.536855,4849.536855,271.4818237,47.48182373,47.48182373,271.4818237,399.1818237,880.511588782
S013,C,0.435,74.05946813,energy_limited,4.52,3.06868405411,4.89171403136,4.52,80,4849.536855,4849.536855,271.4818237,47.48182373,47.48182373,271.4818237,399.1818237,933.672196687
S014,A,0.435,25,rated_payload_limited,2.5425,2.13779691217,2.42558723052,2.42558723052,25,5419.5363,5419.5363,464.2473877,240.9473877,240.9473877,464.2473877,591.9473877,1420.39888529
S014,B,0.435,28.030080644,energy_limited,2.26,1.72186251244,2.35522053783,2.26,30,5419.5363,5419.5363,464.2473877,240.9473877,240.9473877,464.2473877,591.9473877,1239.74767529
S014,C,0.435,59.8929393185,energy_limited,4.52,3.52159630022,5.60758666095,4.52,80,5419.5363,5419.5363,464.2473877,240.9473877,240.9473877,464.2473877,591.9473877,1357.28013786
S015,A,0.435,21.1870954718,energy_limited,2.5425,2.30689938866,2.61934426755,2.5425,25,6009.764892,6009.764892,444.0992554,97.29925537,97.29925537,444.0992554,571.7992554,1398.65305656
S015,B,0.435,23.7109914303,energy_limited,2.26,1.85021799472,2.5445279265,2.26,30,6009.764892,6009.764892,444.0992554,97.29925537,97.29925537,444.0992554,571.7992554,1198.32756016
S015,C,0.435,47.2858524843,energy_limited,4.52,3.84149604983,6.13326501752,4.52,80,6009.764892,6009.764892,444.0992554,97.29925537,97.29925537,444.0992554,571.7992554,1288.56064529
S001,A,0.44,25,rated_payload_limited,2.52,1.16153051602,1.31271024158,1.31271024158,25,3054.023608,3054.023608,145.3566101,89.05661011,89.05661011,145.3566101,273.0566101,680.906962821
S001,B,0.44,30,rated_payload_limited,2.24,0.930225761055,1.27394097204,1.27394097204,30,3054.023608,3054.023608,145.3566101,89.05661011,89.05661011,145.3566101,273.0566101,579.106175887
S001,C,0.44,80,rated_payload_limited,4.48,1.94139247193,3.08170436114,3.08170436114,80,3054.023608,3054.023608,145.3566101,89.05661011,89.05661011,145.3566101,273.0566101,618.175045922
S002,A,0.44,,empty_roundtrip_infeasible,2.52,2.73984663737,3.09050972759,,25,7411.533814,7411.533814,181.2542542,89.45425415,89.45425415,181.2542542,308.9542542,1433.77520846
S002,B,0.44,6.78721103958,energy_limited,2.24,2.18415452088,2.99882031183,2.24,30,7411.533814,7411.533814,181.2542542,89.45425415,89.45425415,181.2542542,308.9542542,1186.72408132
S002,C,0.44,,empty_roundtrip_infeasible,4.48,4.6325359292,7.34794754861,,80,7411.533814,7411.533814,181.2542542,89.45425415,89.45425415,181.2542542,308.9542542,1231.84216605
S003,A,0.44,,empty_roundtrip_infeasible,2.52,2.7890857722,3.15701804891,,25,7263.826968,7263.826968,434.1041382,223.3041382,223.3041382,434.1041382,561.8041382,1692.73723069
S003,B,0.44,0.741547021499,energy_limited,2.24,2.23705090717,3.06459015809,2.24,30,7263.826968,7263.826968,434.1041382,223.3041382,223.3041382,434.1041382,561.8041382,1450.60966509
S003,C,0.44,,empty_roundtrip_infeasible,4.48,4.64390670284,7.38282653444,,80,7263.826968,7263.826968,434.1041382,223.3041382,223.3041382,434.1041382,561.8041382,1560.17771116
S004,A,0.44,,empty_roundtrip_infeasible,2.52,2.89394171155,3.26669153411,,25,7714.681646,7714.681646,270.5391663,169.9391663,169.9391663,270.5391663,398.2391663,1608.79771824
S004,B,0.44,,empty_roundtrip_infeasible,2.24,2.31251848078,3.16979849246,,30,7714.681646,7714.681646,270.5391663,169.9391663,169.9391663,270.5391663,398.2391663,1351.64166337
S004,C,0.44,,empty_roundtrip_infeasible,4.48,4.86398606465,7.71524423837,,80,7714.681646,7714.681646,270.5391663,169.9391663,169.9391663,270.5391663,398.2391663,1425.05471881
S005,A,0.44,25,rated_payload_limited,2.52,1.98844309239,2.24486501136,2.24486501136,25,5280.593369,5280.593369,198.7108887,131.4108887,131.4108887,198.7108887,326.4108887,1122.18819826
S005,B,0.44,30,rated_payload_limited,2.24,1.58992547929,2.1782576011,2.1782576011,30,5280.593369,5280.593369,198.7108887,131.4108887,131.4108887,198.7108887,326.4108887,946.168419293
S005,C,0.44,65.8689083328,energy_limited,4.48,3.33690049967,5.29264281489,4.48,80,5280.593369,5280.593369,198.7108887,131.4108887,131.4108887,198.7108887,326.4108887,1001.18871553
S006,A,0.44,25,rated_payload_limited,2.52,1.22375461487,1.38968260036,1.38968260036,25,3186.198852,3186.198852,238.3978394,51.29783936,51.29783936,238.3978394,366.0978394,743.476639757
S006,B,0.44,30,rated_payload_limited,2.24,0.981585340998,1.35002263401,1.35002263401,30,3186.198852,3186.198852,238.3978394,51.29783936,51.29783936,238.3978394,366.0978394,637.270011357
S006,C,0.44,80,rated_payload_limited,4.48,2.0373511789,3.25327178824,3.25327178824,80,3186.198852,3186.198852,238.3978394,51.29783936,51.29783936,238.3978394,366.0978394,685.552624484
S007,A,0.44,25,rated_payload_limited,2.52,1.77756344482,2.01797249109,2.01797249109,25,4534.717375,4534.717375,384.273175,163.473175,163.473175,384.273175,511.973175,1157.46688583
S007,B,0.44,30,rated_payload_limited,2.24,1.43033692627,1.95981561942,1.95981561942,30,4534.717375,4534.717375,384.273175,163.473175,163.473175,384.273175,511.973175,1006.30964
S007,C,0.44,76.8164406947,energy_limited,4.48,2.93545326153,4.67961017039,4.48,80,4534.717375,4534.717375,384.273175,163.473175,163.473175,384.273175,511.973175,1097.60069833
S008,A,0.44,,empty_roundtrip_infeasible,2.52,3.00043718224,3.38719045973,,25,8079.110449,8079.110449,245.2093323,102.0093323,102.0093323,245.2093323,372.9093323,1601.14542887
S008,B,0.44,,empty_roundtrip_infeasible,2.24,2.39370630456,3.28715724997,,30,8079.110449,8079.110449,245.2093323,102.0093323,102.0093323,245.2093323,372.9093323,1331.84174724
S008,C,0.44,,empty_roundtrip_infeasible,4.48,5.06358632917,8.03799840697,,80,8079.110449,8079.110449,245.2093323,102.0093323,102.0093323,245.2093323,372.9093323,1389.71152467
S009,A,0.44,25,rated_payload_limited,2.52,2.11449348264,2.38688881319,2.38688881319,25,5705.303447,5705.303447,165.5289124,63.22891235,63.22891235,165.5289124,293.2289124,1118.63964598
S009,B,0.44,28.4910632689,energy_limited,2.24,1.68634349503,2.31641401773,2.24,30,5705.303447,5705.303447,165.5289124,63.22891235,63.22891235,165.5289124,293.2289124,928.462864417
S009,C,0.44,57.9466891203,energy_limited,4.48,3.57145366019,5.66961266921,4.48,80,5705.303447,5705.303447,165.5289124,63.22891235,63.22891235,165.5289124,293.2289124,966.589168542
S010,A,0.44,25,rated_payload_limited,2.52,1.82629300362,2.0707297629,2.0707297629,25,4784.674506,4784.674506,307.9365356,84.03653564,84.03653564,307.9365356,435.6365356,1084.89266991
S010,B,0.44,30,rated_payload_limited,2.24,1.46344502735,2.01104041223,2.01104041223,30,4784.674506,4784.674506,307.9365356,84.03653564,84.03653564,307.9365356,435.6365356,925.403519709
S010,C,0.44,73.850777987,energy_limited,4.48,3.04807696181,4.85885692633,4.48,80,4784.674506,4784.674506,307.9365356,84.03653564,84.03653564,307.9365356,435.6365356,990.732364916
S011,A,0.44,25,rated_payload_limited,2.52,1.07737291221,1.21959611273,1.21959611273,25,2808.106412,2808.106412,167.6617554,83.26175537,83.26175537,167.6617554,295.3617554,652.028309898
S011,B,0.44,30,rated_payload_limited,2.24,0.864023964183,1.1839226027,1.1839226027,30,2808.106412,2808.106412,167.6617554,83.26175537,83.26175537,167.6617554,295.3617554,558.424762831
S011,C,0.44,80,rated_payload_limited,4.48,1.79442515305,2.85321027055,2.85321027055,80,2808.106412,2808.106412,167.6617554,83.26175537,83.26175537,167.6617554,295.3617554,600.24534796
S012,A,0.44,,empty_roundtrip_infeasible,2.52,2.77180546523,3.13142055533,,25,7391.140163,7391.140163,285.6009949,133.5009949,133.5009949,285.6009949,413.3009949,1539.19815302
S012,B,0.44,3.82860051697,energy_limited,2.24,2.21482112408,3.039145538,2.24,30,7391.140163,7391.140163,285.6009949,133.5009949,133.5009949,285.6009949,413.3009949,1292.82681425
S012,C,0.44,,empty_roundtrip_infeasible,4.48,4.65923038872,7.39890429565,,80,7391.140163,7391.140163,285.6009949,133.5009949,133.5009949,285.6009949,413.3009949,1362.67714589
S013,A,0.44,25,rated_payload_limited,2.52,1.83030762726,2.07421509617,2.07421509617,25,4849.536855,4849.536855,271.4818237,47.48182373,47.48182373,271.4818237,399.1818237,1042.16281728
S013,B,0.44,30,rated_payload_limited,2.24,1.46402243521,2.0144296422,2.0144296422,30,4849.536855,4849.536855,271.4818237,47.48182373,47.48182373,271.4818237,399.1818237,880.511588782
S013,C,0.44,73.3144187509,energy_limited,4.48,3.06868405411,4.89171403136,4.48,80,4849.536855,4849.536855,271.4818237,47.48182373,47.48182373,271.4818237,399.1818237,933.672196687
S014,A,0.44,25,rated_payload_limited,2.52,2.13779691217,2.42558723052,2.42558723052,25,5419.5363,5419.5363,464.2473877,240.9473877,240.9473877,464.2473877,591.9473877,1420.39888529
S014,B,0.44,27.5715768716,energy_limited,2.24,1.72186251244,2.35522053783,2.24,30,5419.5363,5419.5363,464.2473877,240.9473877,240.9473877,464.2473877,591.9473877,1239.74767529
S014,C,0.44,58.7642331194,energy_limited,4.48,3.52159630022,5.60758666095,4.48,80,5419.5363,5419.5363,464.2473877,240.9473877,240.9473877,464.2473877,591.9473877,1357.28013786
S015,A,0.44,19.9332041135,energy_limited,2.52,2.30689938866,2.61934426755,2.52,25,6009.764892,6009.764892,444.0992554,97.29925537,97.29925537,444.0992554,571.7992554,1398.65305656
S015,B,0.44,23.1303824075,energy_limited,2.24,1.85021799472,2.5445279265,2.24,30,6009.764892,6009.764892,444.0992554,97.29925537,97.29925537,444.0992554,571.7992554,1198.32756016
S015,C,0.44,45.7622880375,energy_limited,4.48,3.84149604983,6.13326501752,4.48,80,6009.764892,6009.764892,444.0992554,97.29925537,97.29925537,444.0992554,571.7992554,1288.56064529
S001,A,0.445,25,rated_payload_limited,2.4975,1.16153051602,1.31271024158,1.31271024158,25,3054.023608,3054.023608,145.3566101,89.05661011,89.05661011,145.3566101,273.0566101,680.906962821
S001,B,0.445,30,rated_payload_limited,2.22,0.930225761055,1.27394097204,1.27394097204,30,3054.023608,3054.023608,145.3566101,89.05661011,89.05661011,145.3566101,273.0566101,579.106175887
S001,C,0.445,80,rated_payload_limited,4.44,1.94139247193,3.08170436114,3.08170436114,80,3054.023608,3054.023608,145.3566101,89.05661011,89.05661011,145.3566101,273.0566101,618.175045922
S002,A,0.445,,empty_roundtrip_infeasible,2.4975,2.73984663737,3.09050972759,,25,7411.533814,7411.533814,181.2542542,89.45425415,89.45425415,181.2542542,308.9542542,1433.77520846
S002,B,0.445,5.05824817948,energy_limited,2.22,2.18415452088,2.99882031183,2.22,30,7411.533814,7411.533814,181.2542542,89.45425415,89.45425415,181.2542542,308.9542542,1186.72408132
S002,C,0.445,,empty_roundtrip_infeasible,4.44,4.6325359292,7.34794754861,,80,7411.533814,7411.533814,181.2542542,89.45425415,89.45425415,181.2542542,308.9542542,1231.84216605
S003,A,0.445,,empty_roundtrip_infeasible,2.4975,2.7890857722,3.15701804891,,25,7263.826968,7263.826968,434.1041382,223.3041382,223.3041382,434.1041382,561.8041382,1692.73723069
S003,B,0.445,,empty_roundtrip_infeasible,2.22,2.23705090717,3.06459015809,,30,7263.826968,7263.826968,434.1041382,223.3041382,223.3041382,434.1041382,561.8041382,1450.60966509
S003,C,0.445,,empty_roundtrip_infeasible,4.44,4.64390670284,7.38282653444,,80,7263.826968,7263.826968,434.1041382,223.3041382,223.3041382,434.1041382,561.8041382,1560.17771116
S004,A,0.445,,empty_roundtrip_infeasible,2.4975,2.89394171155,3.26669153411,,25,7714.681646,7714.681646,270.5391663,169.9391663,169.9391663,270.5391663,398.2391663,1608.79771824
S004,B,0.445,,empty_roundtrip_infeasible,2.22,2.31251848078,3.16979849246,,30,7714.681646,7714.681646,270.5391663,169.9391663,169.9391663,270.5391663,398.2391663,1351.64166337
S004,C,0.445,,empty_roundtrip_infeasible,4.44,4.86398606465,7.71524423837,,80,7714.681646,7714.681646,270.5391663,169.9391663,169.9391663,270.5391663,398.2391663,1425.05471881
S005,A,0.445,25,rated_payload_limited,2.4975,1.98844309239,2.24486501136,2.24486501136,25,5280.593369,5280.593369,198.7108887,131.4108887,131.4108887,198.7108887,326.4108887,1122.18819826
S005,B,0.445,30,rated_payload_limited,2.22,1.58992547929,2.1782576011,2.1782576011,30,5280.593369,5280.593369,198.7108887,131.4108887,131.4108887,198.7108887,326.4108887,946.168419293
S005,C,0.445,64.9088645846,energy_limited,4.44,3.33690049967,5.29264281489,4.44,80,5280.593369,5280.593369,198.7108887,131.4108887,131.4108887,198.7108887,326.4108887,1001.18871553
S006,A,0.445,25,rated_payload_limited,2.4975,1.22375461487,1.38968260036,1.38968260036,25,3186.198852,3186.198852,238.3978394,51.29783936,51.29783936,238.3978394,366.0978394,743.476639757
S006,B,0.445,30,rated_payload_limited,2.22,0.981585340998,1.35002263401,1.35002263401,30,3186.198852,3186.198852,238.3978394,51.29783936,51.29783936,238.3978394,366.0978394,637.270011357
S006,C,0.445,80,rated_payload_limited,4.44,2.0373511789,3.25327178824,3.25327178824,80,3186.198852,3186.198852,238.3978394,51.29783936,51.29783936,238.3978394,366.0978394,685.552624484
S007,A,0.445,25,rated_payload_limited,2.4975,1.77756344482,2.01797249109,2.01797249109,25,4534.717375,4534.717375,384.273175,163.473175,163.473175,384.273175,511.973175,1157.46688583
S007,B,0.445,30,rated_payload_limited,2.22,1.43033692627,1.95981561942,1.95981561942,30,4534.717375,4534.717375,384.273175,163.473175,163.473175,384.273175,511.973175,1006.30964
S007,C,0.445,76.1178415498,energy_limited,4.44,2.93545326153,4.67961017039,4.44,80,4534.717375,4534.717375,384.273175,163.473175,163.473175,384.273175,511.973175,1097.60069833
S008,A,0.445,,empty_roundtrip_infeasible,2.4975,3.00043718224,3.38719045973,,25,8079.110449,8079.110449,245.2093323,102.0093323,102.0093323,245.2093323,372.9093323,1601.14542887
S008,B,0.445,,empty_roundtrip_infeasible,2.22,2.39370630456,3.28715724997,,30,8079.110449,8079.110449,245.2093323,102.0093323,102.0093323,245.2093323,372.9093323,1331.84174724
S008,C,0.445,,empty_roundtrip_infeasible,4.44,5.06358632917,8.03799840697,,80,8079.110449,8079.110449,245.2093323,102.0093323,102.0093323,245.2093323,372.9093323,1389.71152467
S009,A,0.445,25,rated_payload_limited,2.4975,2.11449348264,2.38688881319,2.38688881319,25,5705.303447,5705.303447,165.5289124,63.22891235,63.22891235,165.5289124,293.2289124,1118.63964598
S009,B,0.445,28.0611756862,energy_limited,2.22,1.68634349503,2.31641401773,2.22,30,5705.303447,5705.303447,165.5289124,63.22891235,63.22891235,165.5289124,293.2289124,928.462864417
S009,C,0.445,56.7614561691,energy_limited,4.44,3.57145366019,5.66961266921,4.44,80,5705.303447,5705.303447,165.5289124,63.22891235,63.22891235,165.5289124,293.2289124,966.589168542
S010,A,0.445,25,rated_payload_limited,2.4975,1.82629300362,2.0707297629,2.0707297629,25,4784.674506,4784.674506,307.9365356,84.03653564,84.03653564,307.9365356,435.6365356,1084.89266991
S010,B,0.445,30,rated_payload_limited,2.22,1.46344502735,2.01104041223,2.01104041223,30,4784.674506,4784.674506,307.9365356,84.03653564,84.03653564,307.9365356,435.6365356,925.403519709
S010,C,0.445,73.090801291,energy_limited,4.44,3.04807696181,4.85885692633,4.44,80,4784.674506,4784.674506,307.9365356,84.03653564,84.03653564,307.9365356,435.6365356,990.732364916
S011,A,0.445,25,rated_payload_limited,2.4975,1.07737291221,1.21959611273,1.21959611273,25,2808.106412,2808.106412,167.6617554,83.26175537,83.26175537,167.6617554,295.3617554,652.028309898
S011,B,0.445,30,rated_payload_limited,2.22,0.864023964183,1.1839226027,1.1839226027,30,2808.106412,2808.106412,167.6617554,83.26175537,83.26175537,167.6617554,295.3617554,558.424762831
S011,C,0.445,80,rated_payload_limited,4.44,1.79442515305,2.85321027055,2.85321027055,80,2808.106412,2808.106412,167.6617554,83.26175537,83.26175537,167.6617554,295.3617554,600.24534796
S012,A,0.445,,empty_roundtrip_infeasible,2.4975,2.77180546523,3.13142055533,,25,7391.140163,7391.140163,285.6009949,133.5009949,133.5009949,285.6009949,413.3009949,1539.19815302
S012,B,0.445,1.24395092623,energy_limited,2.22,2.21482112408,3.039145538,2.22,30,7391.140163,7391.140163,285.6009949,133.5009949,133.5009949,285.6009949,413.3009949,1292.82681425
S012,C,0.445,,empty_roundtrip_infeasible,4.44,4.65923038872,7.39890429565,,80,7391.140163,7391.140163,285.6009949,133.5009949,133.5009949,285.6009949,413.3009949,1362.67714589
S013,A,0.445,25,rated_payload_limited,2.4975,1.83030762726,2.07421509617,2.07421509617,25,4849.536855,4849.536855,271.4818237,47.48182373,47.48182373,271.4818237,399.1818237,1042.16281728
S013,B,0.445,30,rated_payload_limited,2.22,1.46402243521,2.0144296422,2.0144296422,30,4849.536855,4849.536855,271.4818237,47.48182373,47.48182373,271.4818237,399.1818237,880.511588782
S013,C,0.445,72.5449393502,energy_limited,4.44,3.06868405411,4.89171403136,4.44,80,4849.536855,4849.536855,271.4818237,47.48182373,47.48182373,271.4818237,399.1818237,933.672196687
S014,A,0.445,25,rated_payload_limited,2.4975,2.13779691217,2.42558723052,2.42558723052,25,5419.5363,5419.5363,464.2473877,240.9473877,240.9473877,464.2473877,591.9473877,1420.39888529
S014,B,0.445,27.0954567679,energy_limited,2.22,1.72186251244,2.35522053783,2.22,30,5419.5363,5419.5363,464.2473877,240.9473877,240.9473877,464.2473877,591.9473877,1239.74767529
S014,C,0.445,57.5919427761,energy_limited,4.44,3.52159630022,5.60758666095,4.44,80,5419.5363,5419.5363,464.2473877,240.9473877,240.9473877,464.2473877,591.9473877,1357.28013786
S015,A,0.445,18.6038388878,energy_limited,2.4975,2.30689938866,2.61934426755,2.4975,25,6009.764892,6009.764892,444.0992554,97.29925537,97.29925537,444.0992554,571.7992554,1398.65305656
S015,B,0.445,22.5248395579,energy_limited,2.22,1.85021799472,2.5445279265,2.22,30,6009.764892,6009.764892,444.0992554,97.29925537,97.29925537,444.0992554,571.7992554,1198.32756016
S015,C,0.445,44.1687452425,energy_limited,4.44,3.84149604983,6.13326501752,4.44,80,6009.764892,6009.764892,444.0992554,97.29925537,97.29925537,444.0992554,571.7992554,1288.56064529
S001,A,0.45,25,rated_payload_limited,2.475,1.16153051602,1.31271024158,1.31271024158,25,3054.023608,3054.023608,145.3566101,89.05661011,89.05661011,145.3566101,273.0566101,680.906962821
S001,B,0.45,30,rated_payload_limited,2.2,0.930225761055,1.27394097204,1.27394097204,30,3054.023608,3054.023608,145.3566101,89.05661011,89.05661011,145.3566101,273.0566101,579.106175887
S001,C,0.45,80,rated_payload_limited,4.4,1.94139247193,3.08170436114,3.08170436114,80,3054.023608,3054.023608,145.3566101,89.05661011,89.05661011,145.3566101,273.0566101,618.175045922
S002,A,0.45,,empty_roundtrip_infeasible,2.475,2.73984663737,3.09050972759,,25,7411.533814,7411.533814,181.2542542,89.45425415,89.45425415,181.2542542,308.9542542,1433.77520846
S002,B,0.45,2.90515620795,energy_limited,2.2,2.18415452088,2.99882031183,2.2,30,7411.533814,7411.533814,181.2542542,89.45425415,89.45425415,181.2542542,308.9542542,1186.72408132
S002,C,0.45,,empty_roundtrip_infeasible,4.4,4.6325359292,7.34794754861,,80,7411.533814,7411.533814,181.2542542,89.45425415,89.45425415,181.2542542,308.9542542,1231.84216605
S003,A,0.45,,empty_roundtrip_infeasible,2.475,2.7890857722,3.15701804891,,25,7263.826968,7263.826968,434.1041382,223.3041382,223.3041382,434.1041382,561.8041382,1692.73723069
S003,B,0.45,,empty_roundtrip_infeasible,2.2,2.23705090717,3.06459015809,,30,7263.826968,7263.826968,434.1041382,223.3041382,223.3041382,434.1041382,561.8041382,1450.60966509
S003,C,0.45,,empty_roundtrip_infeasible,4.4,4.64390670284,7.38282653444,,80,7263.826968,7263.826968,434.1041382,223.3041382,223.3041382,434.1041382,561.8041382,1560.17771116
S004,A,0.45,,empty_roundtrip_infeasible,2.475,2.89394171155,3.26669153411,,25,7714.681646,7714.681646,270.5391663,169.9391663,169.9391663,270.5391663,398.2391663,1608.79771824
S004,B,0.45,,empty_roundtrip_infeasible,2.2,2.31251848078,3.16979849246,,30,7714.681646,7714.681646,270.5391663,169.9391663,169.9391663,270.5391663,398.2391663,1351.64166337
S004,C,0.45,,empty_roundtrip_infeasible,4.4,4.86398606465,7.71524423837,,80,7714.681646,7714.681646,270.5391663,169.9391663,169.9391663,270.5391663,398.2391663,1425.05471881
S005,A,0.45,25,rated_payload_limited,2.475,1.98844309239,2.24486501136,2.24486501136,25,5280.593369,5280.593369,198.7108887,131.4108887,131.4108887,198.7108887,326.4108887,1122.18819826
S005,B,0.45,30,rated_payload_limited,2.2,1.58992547929,2.1782576011,2.1782576011,30,5280.593369,5280.593369,198.7108887,131.4108887,131.4108887,198.7108887,326.4108887,946.168419293
S005,C,0.45,63.9134605306,energy_limited,4.4,3.33690049967,5.29264281489,4.4,80,5280.593369,5280.593369,198.7108887,131.4108887,131.4108887,198.7108887,326.4108887,1001.18871553
S006,A,0.45,25,rated_payload_limited,2.475,1.22375461487,1.38968260036,1.38968260036,25,3186.198852,3186.198852,238.3978394,51.29783936,51.29783936,238.3978394,366.0978394,743.476639757
S006,B,0.45,30,rated_payload_limited,2.2,0.981585340998,1.35002263401,1.35002263401,30,3186.198852,3186.198852,238.3978394,51.29783936,51.29783936,238.3978394,366.0978394,637.270011357
S006,C,0.45,80,rated_payload_limited,4.4,2.0373511789,3.25327178824,3.25327178824,80,3186.198852,3186.198852,238.3978394,51.29783936,51.29783936,238.3978394,366.0978394,685.552624484
S007,A,0.45,25,rated_payload_limited,2.475,1.77756344482,2.01797249109,2.01797249109,25,4534.717375,4534.717375,384.273175,163.473175,163.473175,384.273175,511.973175,1157.46688583
S007,B,0.45,30,rated_payload_limited,2.2,1.43033692627,1.95981561942,1.95981561942,30,4534.717375,4534.717375,384.273175,163.473175,163.473175,384.273175,511.973175,1006.30964
S007,C,0.45,75.3966944201,energy_limited,4.4,2.93545326153,4.67961017039,4.4,80,4534.717375,4534.717375,384.273175,163.473175,163.473175,384.273175,511.973175,1097.60069833
S008,A,0.45,,empty_roundtrip_infeasible,2.475,3.00043718224,3.38719045973,,25,8079.110449,8079.110449,245.2093323,102.0093323,102.0093323,245.2093323,372.9093323,1601.14542887
S008,B,0.45,,empty_roundtrip_infeasible,2.2,2.39370630456,3.28715724997,,30,8079.110449,8079.110449,245.2093323,102.0093323,102.0093323,245.2093323,372.9093323,1331.84174724
S008,C,0.45,,empty_roundtrip_infeasible,4.4,5.06358632917,8.03799840697,,80,8079.110449,8079.110449,245.2093323,102.0093323,102.0093323,245.2093323,372.9093323,1389.71152467
S009,A,0.45,25,rated_payload_limited,2.475,2.11449348264,2.38688881319,2.38688881319,25,5705.303447,5705.303447,165.5289124,63.22891235,63.22891235,165.5289124,293.2289124,1118.63964598
S009,B,0.45,27.6151148207,energy_limited,2.2,1.68634349503,2.31641401773,2.2,30,5705.303447,5705.303447,165.5289124,63.22891235,63.22891235,165.5289124,293.2289124,928.462864417
S009,C,0.45,55.527600034,energy_limited,4.4,3.57145366019,5.66961266921,4.4,80,5705.303447,5705.303447,165.5289124,63.22891235,63.22891235,165.5289124,293.2289124,966.589168542
S010,A,0.45,25,rated_payload_limited,2.475,1.82629300362,2.0707297629,2.0707297629,25,4784.674506,4784.674506,307.9365356,84.03653564,84.03653564,307.9365356,435.6365356,1084.89266991
S010,B,0.45,30,rated_payload_limited,2.2,1.46344502735,2.01104041223,2.01104041223,30,4784.674506,4784.674506,307.9365356,84.03653564,84.03653564,307.9365356,435.6365356,925.403519709
S010,C,0.45,72.3055820974,energy_limited,4.4,3.04807696181,4.85885692633,4.4,80,4784.674506,4784.674506,307.9365356,84.03653564,84.03653564,307.9365356,435.6365356,990.732364916
S011,A,0.45,25,rated_payload_limited,2.475,1.07737291221,1.21959611273,1.21959611273,25,2808.106412,2808.106412,167.6617554,83.26175537,83.26175537,167.6617554,295.3617554,652.028309898
S011,B,0.45,30,rated_payload_limited,2.2,0.864023964183,1.1839226027,1.1839226027,30,2808.106412,2808.106412,167.6617554,83.26175537,83.26175537,167.6617554,295.3617554,558.424762831
S011,C,0.45,80,rated_payload_limited,4.4,1.79442515305,2.85321027055,2.85321027055,80,2808.106412,2808.106412,167.6617554,83.26175537,83.26175537,167.6617554,295.3617554,600.24534796
S012,A,0.45,,empty_roundtrip_infeasible,2.475,2.77180546523,3.13142055533,,25,7391.140163,7391.140163,285.6009949,133.5009949,133.5009949,285.6009949,413.3009949,1539.19815302
S012,B,0.45,,empty_roundtrip_infeasible,2.2,2.21482112408,3.039145538,,30,7391.140163,7391.140163,285.6009949,133.5009949,133.5009949,285.6009949,413.3009949,1292.82681425
S012,C,0.45,,empty_roundtrip_infeasible,4.4,4.65923038872,7.39890429565,,80,7391.140163,7391.140163,285.6009949,133.5009949,133.5009949,285.6009949,413.3009949,1362.67714589
S013,A,0.45,25,rated_payload_limited,2.475,1.83030762726,2.07421509617,2.07421509617,25,4849.536855,4849.536855,271.4818237,47.48182373,47.48182373,271.4818237,399.1818237,1042.16281728
S013,B,0.45,30,rated_payload_limited,2.2,1.46402243521,2.0144296422,2.0144296422,30,4849.536855,4849.536855,271.4818237,47.48182373,47.48182373,271.4818237,399.1818237,880.511588782
S013,C,0.45,71.7497790288,energy_limited,4.4,3.06868405411,4.89171403136,4.4,80,4849.536855,4849.536855,271.4818237,47.48182373,47.48182373,271.4818237,399.1818237,933.672196687
S014,A,0.45,25,rated_payload_limited,2.475,2.13779691217,2.42558723052,2.42558723052,25,5419.5363,5419.5363,464.2473877,240.9473877,240.9473877,464.2473877,591.9473877,1420.39888529
S014,B,0.45,26.6006413443,energy_limited,2.2,1.72186251244,2.35522053783,2.2,30,5419.5363,5419.5363,464.2473877,240.9473877,240.9473877,464.2473877,591.9473877,1239.74767529
S014,C,0.45,56.3733430817,energy_limited,4.4,3.52159630022,5.60758666095,4.4,80,5419.5363,5419.5363,464.2473877,240.9473877,240.9473877,464.2473877,591.9473877,1357.28013786
S015,A,0.45,17.1889100893,energy_limited,2.475,2.30689938866,2.61934426755,2.475,25,6009.764892,6009.764892,444.0992554,97.29925537,97.29925537,444.0992554,571.7992554,1398.65305656
S015,B,0.45,21.8925455925,energy_limited,2.2,1.85021799472,2.5445279265,2.2,30,6009.764892,6009.764892,444.0992554,97.29925537,97.29925537,444.0992554,571.7992554,1198.32756016
S015,C,0.45,42.4994177586,energy_limited,4.4,3.84149604983,6.13326501752,4.4,80,6009.764892,6009.764892,444.0992554,97.29925537,97.29925537,444.0992554,571.7992554,1288.56064529
S001,A,0.455,25,rated_payload_limited,2.4525,1.16153051602,1.31271024158,1.31271024158,25,3054.023608,3054.023608,145.3566101,89.05661011,89.05661011,145.3566101,273.0566101,680.906962821
S001,B,0.455,30,rated_payload_limited,2.18,0.930225761055,1.27394097204,1.27394097204,30,3054.023608,3054.023608,145.3566101,89.05661011,89.05661011,145.3566101,273.0566101,579.106175887
S001,C,0.455,80,rated_payload_limited,4.36,1.94139247193,3.08170436114,3.08170436114,80,3054.023608,3054.023608,145.3566101,89.05661011,89.05661011,145.3566101,273.0566101,618.175045922
S002,A,0.455,,empty_roundtrip_infeasible,2.4525,2.73984663737,3.09050972759,,25,7411.533814,7411.533814,181.2542542,89.45425415,89.45425415,181.2542542,308.9542542,1433.77520846
S002,B,0.455,,empty_roundtrip_infeasible,2.18,2.18415452088,2.99882031183,,30,7411.533814,7411.533814,181.2542542,89.45425415,89.45425415,181.2542542,308.9542542,1186.72408132
S002,C,0.455,,empty_roundtrip_infeasible,4.36,4.6325359292,7.34794754861,,80,7411.533814,7411.533814,181.2542542,89.45425415,89.45425415,181.2542542,308.9542542,1231.84216605
S003,A,0.455,,empty_roundtrip_infeasible,2.4525,2.7890857722,3.15701804891,,25,7263.826968,7263.826968,434.1041382,223.3041382,223.3041382,434.1041382,561.8041382,1692.73723069
S003,B,0.455,,empty_roundtrip_infeasible,2.18,2.23705090717,3.06459015809,,30,7263.826968,7263.826968,434.1041382,223.3041382,223.3041382,434.1041382,561.8041382,1450.60966509
S003,C,0.455,,empty_roundtrip_infeasible,4.36,4.64390670284,7.38282653444,,80,7263.826968,7263.826968,434.1041382,223.3041382,223.3041382,434.1041382,561.8041382,1560.17771116
S004,A,0.455,,empty_roundtrip_infeasible,2.4525,2.89394171155,3.26669153411,,25,7714.681646,7714.681646,270.5391663,169.9391663,169.9391663,270.5391663,398.2391663,1608.79771824
S004,B,0.455,,empty_roundtrip_infeasible,2.18,2.31251848078,3.16979849246,,30,7714.681646,7714.681646,270.5391663,169.9391663,169.9391663,270.5391663,398.2391663,1351.64166337
S004,C,0.455,,empty_roundtrip_infeasible,4.36,4.86398606465,7.71524423837,,80,7714.681646,7714.681646,270.5391663,169.9391663,169.9391663,270.5391663,398.2391663,1425.05471881
S005,A,0.455,25,rated_payload_limited,2.4525,1.98844309239,2.24486501136,2.24486501136,25,5280.593369,5280.593369,198.7108887,131.4108887,131.4108887,198.7108887,326.4108887,1122.18819826
S005,B,0.455,30,rated_payload_limited,2.18,1.58992547929,2.1782576011,2.1782576011,30,5280.593369,5280.593369,198.7108887,131.4108887,131.4108887,198.7108887,326.4108887,946.168419293
S005,C,0.455,62.8805918279,energy_limited,4.36,3.33690049967,5.29264281489,4.36,80,5280.593369,5280.593369,198.7108887,131.4108887,131.4108887,198.7108887,326.4108887,1001.18871553
S006,A,0.455,25,rated_payload_limited,2.4525,1.22375461487,1.38968260036,1.38968260036,25,3186.198852,3186.198852,238.3978394,51.29783936,51.29783936,238.3978394,366.0978394,743.476639757
S006,B,0.455,30,rated_payload_limited,2.18,0.981585340998,1.35002263401,1.35002263401,30,3186.198852,3186.198852,238.3978394,51.29783936,51.29783936,238.3978394,366.0978394,637.270011357
S006,C,0.455,80,rated_payload_limited,4.36,2.0373511789,3.25327178824,3.25327178824,80,3186.198852,3186.198852,238.3978394,51.29783936,51.29783936,238.3978394,366.0978394,685.552624484
S007,A,0.455,25,rated_payload_limited,2.4525,1.77756344482,2.01797249109,2.01797249109,25,4534.717375,4534.717375,384.273175,163.473175,163.473175,384.273175,511.973175,1157.46688583
S007,B,0.455,30,rated_payload_limited,2.18,1.43033692627,1.95981561942,1.95981561942,30,4534.717375,4534.717375,384.273175,163.473175,163.473175,384.273175,511.973175,1006.30964
S007,C,0.455,74.6518793413,energy_limited,4.36,2.93545326153,4.67961017039,4.36,80,4534.717375,4534.717375,384.273175,163.473175,163.473175,384.273175,511.973175,1097.60069833
S008,A,0.455,,empty_roundtrip_infeasible,2.4525,3.00043718224,3.38719045973,,25,8079.110449,8079.110449,245.2093323,102.0093323,102.0093323,245.2093323,372.9093323,1601.14542887
S008,B,0.455,,empty_roundtrip_infeasible,2.18,2.39370630456,3.28715724997,,30,8079.110449,8079.110449,245.2093323,102.0093323,102.0093323,245.2093323,372.9093323,1331.84174724
S008,C,0.455,,empty_roundtrip_infeasible,4.36,5.06358632917,8.03799840697,,80,8079.110449,8079.110449,245.2093323,102.0093323,102.0093323,245.2093323,372.9093323,1389.71152467
S009,A,0.455,25,rated_payload_limited,2.4525,2.11449348264,2.38688881319,2.38688881319,25,5705.303447,5705.303447,165.5289124,63.22891235,63.22891235,165.5289124,293.2289124,1118.63964598
S009,B,0.455,27.1518896501,energy_limited,2.18,1.68634349503,2.31641401773,2.18,30,5705.303447,5705.303447,165.5289124,63.22891235,63.22891235,165.5289124,293.2289124,928.462864417
S009,C,0.455,54.2417409759,energy_limited,4.36,3.57145366019,5.66961266921,4.36,80,5705.303447,5705.303447,165.5289124,63.22891235,63.22891235,165.5289124,293.2289124,966.589168542
S010,A,0.455,25,rated_payload_limited,2.4525,1.82629300362,2.0707297629,2.0707297629,25,4784.674506,4784.674506,307.9365356,84.03653564,84.03653564,307.9365356,435.6365356,1084.89266991
S010,B,0.455,30,rated_payload_limited,2.18,1.46344502735,2.01104041223,2.01104041223,30,4784.674506,4784.674506,307.9365356,84.03653564,84.03653564,307.9365356,435.6365356,925.403519709
S010,C,0.455,71.4938141602,energy_limited,4.36,3.04807696181,4.85885692633,4.36,80,4784.674506,4784.674506,307.9365356,84.03653564,84.03653564,307.9365356,435.6365356,990.732364916
S011,A,0.455,25,rated_payload_limited,2.4525,1.07737291221,1.21959611273,1.21959611273,25,2808.106412,2808.106412,167.6617554,83.26175537,83.26175537,167.6617554,295.3617554,652.028309898
S011,B,0.455,30,rated_payload_limited,2.18,0.864023964183,1.1839226027,1.1839226027,30,2808.106412,2808.106412,167.6617554,83.26175537,83.26175537,167.6617554,295.3617554,558.424762831
S011,C,0.455,80,rated_payload_limited,4.36,1.79442515305,2.85321027055,2.85321027055,80,2808.106412,2808.106412,167.6617554,83.26175537,83.26175537,167.6617554,295.3617554,600.24534796
S012,A,0.455,,empty_roundtrip_infeasible,2.4525,2.77180546523,3.13142055533,,25,7391.140163,7391.140163,285.6009949,133.5009949,133.5009949,285.6009949,413.3009949,1539.19815302
S012,B,0.455,,empty_roundtrip_infeasible,2.18,2.21482112408,3.039145538,,30,7391.140163,7391.140163,285.6009949,133.5009949,133.5009949,285.6009949,413.3009949,1292.82681425
S012,C,0.455,,empty_roundtrip_infeasible,4.36,4.65923038872,7.39890429565,,80,7391.140163,7391.140163,285.6009949,133.5009949,133.5009949,285.6009949,413.3009949,1362.67714589
S013,A,0.455,25,rated_payload_limited,2.4525,1.83030762726,2.07421509617,2.07421509617,25,4849.536855,4849.536855,271.4818237,47.48182373,47.48182373,271.4818237,399.1818237,1042.16281728
S013,B,0.455,30,rated_payload_limited,2.18,1.46402243521,2.0144296422,2.0144296422,30,4849.536855,4849.536855,271.4818237,47.48182373,47.48182373,271.4818237,399.1818237,880.511588782
S013,C,0.455,70.9275967892,energy_limited,4.36,3.06868405411,4.89171403136,4.36,80,4849.536855,4849.536855,271.4818237,47.48182373,47.48182373,271.4818237,399.1818237,933.672196687
S014,A,0.455,25,rated_payload_limited,2.4525,2.13779691217,2.42558723052,2.42558723052,25,5419.5363,5419.5363,464.2473877,240.9473877,240.9473877,464.2473877,591.9473877,1420.39888529
S014,B,0.455,26.0859549074,energy_limited,2.18,1.72186251244,2.35522053783,2.18,30,5419.5363,5419.5363,464.2473877,240.9473877,240.9473877,464.2473877,591.9473877,1239.74767529
S014,C,0.455,55.1054527041,energy_limited,4.36,3.52159630022,5.60758666095,4.36,80,5419.5363,5419.5363,464.2473877,240.9473877,240.9473877,464.2473877,591.9473877,1357.28013786
S015,A,0.455,15.6755216956,energy_limited,2.4525,2.30689938866,2.61934426755,2.4525,25,6009.764892,6009.764892,444.0992554,97.29925537,97.29925537,444.0992554,571.7992554,1398.65305656
S015,B,0.455,21.2314721675,energy_limited,2.18,1.85021799472,2.5445279265,2.18,30,6009.764892,6009.764892,444.0992554,97.29925537,97.29925537,444.0992554,571.7992554,1198.32756016
S015,C,0.455,40.7476690121,energy_limited,4.36,3.84149604983,6.13326501752,4.36,80,6009.764892,6009.764892,444.0992554,97.29925537,97.29925537,444.0992554,571.7992554,1288.56064529
S001,A,0.46,25,rated_payload_limited,2.43,1.16153051602,1.31271024158,1.31271024158,25,3054.023608,3054.023608,145.3566101,89.05661011,89.05661011,145.3566101,273.0566101,680.906962821
S001,B,0.46,30,rated_payload_limited,2.16,0.930225761055,1.27394097204,1.27394097204,30,3054.023608,3054.023608,145.3566101,89.05661011,89.05661011,145.3566101,273.0566101,579.106175887
S001,C,0.46,80,rated_payload_limited,4.32,1.94139247193,3.08170436114,3.08170436114,80,3054.023608,3054.023608,145.3566101,89.05661011,89.05661011,145.3566101,273.0566101,618.175045922
S002,A,0.46,,empty_roundtrip_infeasible,2.43,2.73984663737,3.09050972759,,25,7411.533814,7411.533814,181.2542542,89.45425415,89.45425415,181.2542542,308.9542542,1433.77520846
S002,B,0.46,,empty_roundtrip_infeasible,2.16,2.18415452088,2.99882031183,,30,7411.533814,7411.533814,181.2542542,89.45425415,89.45425415,181.2542542,308.9542542,1186.72408132
S002,C,0.46,,empty_roundtrip_infeasible,4.32,4.6325359292,7.34794754861,,80,7411.533814,7411.533814,181.2542542,89.45425415,89.45425415,181.2542542,308.9542542,1231.84216605
S003,A,0.46,,empty_roundtrip_infeasible,2.43,2.7890857722,3.15701804891,,25,7263.826968,7263.826968,434.1041382,223.3041382,223.3041382,434.1041382,561.8041382,1692.73723069
S003,B,0.46,,empty_roundtrip_infeasible,2.16,2.23705090717,3.06459015809,,30,7263.826968,7263.826968,434.1041382,223.3041382,223.3041382,434.1041382,561.8041382,1450.60966509
S003,C,0.46,,empty_roundtrip_infeasible,4.32,4.64390670284,7.38282653444,,80,7263.826968,7263.826968,434.1041382,223.3041382,223.3041382,434.1041382,561.8041382,1560.17771116
S004,A,0.46,,empty_roundtrip_infeasible,2.43,2.89394171155,3.26669153411,,25,7714.681646,7714.681646,270.5391663,169.9391663,169.9391663,270.5391663,398.2391663,1608.79771824
S004,B,0.46,,empty_roundtrip_infeasible,2.16,2.31251848078,3.16979849246,,30,7714.681646,7714.681646,270.5391663,169.9391663,169.9391663,270.5391663,398.2391663,1351.64166337
S004,C,0.46,,empty_roundtrip_infeasible,4.32,4.86398606465,7.71524423837,,80,7714.681646,7714.681646,270.5391663,169.9391663,169.9391663,270.5391663,398.2391663,1425.05471881
S005,A,0.46,25,rated_payload_limited,2.43,1.98844309239,2.24486501136,2.24486501136,25,5280.593369,5280.593369,198.7108887,131.4108887,131.4108887,198.7108887,326.4108887,1122.18819826
S005,B,0.46,29.6306560592,energy_limited,2.16,1.58992547929,2.1782576011,2.16,30,5280.593369,5280.593369,198.7108887,131.4108887,131.4108887,198.7108887,326.4108887,946.168419293
S005,C,0.46,61.8079700094,energy_limited,4.32,3.33690049967,5.29264281489,4.32,80,5280.593369,5280.593369,198.7108887,131.4108887,131.4108887,198.7108887,326.4108887,1001.18871553
S006,A,0.46,25,rated_payload_limited,2.43,1.22375461487,1.38968260036,1.38968260036,25,3186.198852,3186.198852,238.3978394,51.29783936,51.29783936,238.3978394,366.0978394,743.476639757
S006,B,0.46,30,rated_payload_limited,2.16,0.981585340998,1.35002263401,1.35002263401,30,3186.198852,3186.198852,238.3978394,51.29783936,51.29783936,238.3978394,366.0978394,637.270011357
S006,C,0.46,80,rated_payload_limited,4.32,2.0373511789,3.25327178824,3.25327178824,80,3186.198852,3186.198852,238.3978394,51.29783936,51.29783936,238.3978394,366.0978394,685.552624484
S007,A,0.46,25,rated_payload_limited,2.43,1.77756344482,2.01797249109,2.01797249109,25,4534.717375,4534.717375,384.273175,163.473175,163.473175,384.273175,511.973175,1157.46688583
S007,B,0.46,30,rated_payload_limited,2.16,1.43033692627,1.95981561942,1.95981561942,30,4534.717375,4534.717375,384.273175,163.473175,163.473175,384.273175,511.973175,1006.30964
S007,C,0.46,73.8821994133,energy_limited,4.32,2.93545326153,4.67961017039,4.32,80,4534.717375,4534.717375,384.273175,163.473175,163.473175,384.273175,511.973175,1097.60069833
S008,A,0.46,,empty_roundtrip_infeasible,2.43,3.00043718224,3.38719045973,,25,8079.110449,8079.110449,245.2093323,102.0093323,102.0093323,245.2093323,372.9093323,1601.14542887
S008,B,0.46,,empty_roundtrip_infeasible,2.16,2.39370630456,3.28715724997,,30,8079.110449,8079.110449,245.2093323,102.0093323,102.0093323,245.2093323,372.9093323,1331.84174724
S008,C,0.46,,empty_roundtrip_infeasible,4.32,5.06358632917,8.03799840697,,80,8079.110449,8079.110449,245.2093323,102.0093323,102.0093323,245.2093323,372.9093323,1389.71152467
S009,A,0.46,25,rated_payload_limited,2.43,2.11449348264,2.38688881319,2.38688881319,25,5705.303447,5705.303447,165.5289124,63.22891235,63.22891235,165.5289124,293.2289124,1118.63964598
S009,B,0.46,26.6704191776,energy_limited,2.16,1.68634349503,2.31641401773,2.16,30,5705.303447,5705.303447,165.5289124,63.22891235,63.22891235,165.5289124,293.2289124,928.462864417
S009,C,0.46,52.9001329284,energy_limited,4.32,3.57145366019,5.66961266921,4.32,80,5705.303447,5705.303447,165.5289124,63.22891235,63.22891235,165.5289124,293.2289124,966.589168542
S010,A,0.46,25,rated_payload_limited,2.43,1.82629300362,2.0707297629,2.0707297629,25,4784.674506,4784.674506,307.9365356,84.03653564,84.03653564,307.9365356,435.6365356,1084.89266991
S010,B,0.46,30,rated_payload_limited,2.16,1.46344502735,2.01104041223,2.01104041223,30,4784.674506,4784.674506,307.9365356,84.03653564,84.03653564,307.9365356,435.6365356,925.403519709
S010,C,0.46,70.6540963116,energy_limited,4.32,3.04807696181,4.85885692633,4.32,80,4784.674506,4784.674506,307.9365356,84.03653564,84.03653564,307.9365356,435.6365356,990.732364916
S011,A,0.46,25,rated_payload_limited,2.43,1.07737291221,1.21959611273,1.21959611273,25,2808.106412,2808.106412,167.6617554,83.26175537,83.26175537,167.6617554,295.3617554,652.028309898
S011,B,0.46,30,rated_payload_limited,2.16,0.864023964183,1.1839226027,1.1839226027,30,2808.106412,2808.106412,167.6617554,83.26175537,83.26175537,167.6617554,295.3617554,558.424762831
S011,C,0.46,80,rated_payload_limited,4.32,1.79442515305,2.85321027055,2.85321027055,80,2808.106412,2808.106412,167.6617554,83.26175537,83.26175537,167.6617554,295.3617554,600.24534796
S012,A,0.46,,empty_roundtrip_infeasible,2.43,2.77180546523,3.13142055533,,25,7391.140163,7391.140163,285.6009949,133.5009949,133.5009949,285.6009949,413.3009949,1539.19815302
S012,B,0.46,,empty_roundtrip_infeasible,2.16,2.21482112408,3.039145538,,30,7391.140163,7391.140163,285.6009949,133.5009949,133.5009949,285.6009949,413.3009949,1292.82681425
S012,C,0.46,,empty_roundtrip_infeasible,4.32,4.65923038872,7.39890429565,,80,7391.140163,7391.140163,285.6009949,133.5009949,133.5009949,285.6009949,413.3009949,1362.67714589
S013,A,0.46,25,rated_payload_limited,2.43,1.83030762726,2.07421509617,2.07421509617,25,4849.536855,4849.536855,271.4818237,47.48182373,47.48182373,271.4818237,399.1818237,1042.16281728
S013,B,0.46,30,rated_payload_limited,2.16,1.46402243521,2.0144296422,2.0144296422,30,4849.536855,4849.536855,271.4818237,47.48182373,47.48182373,271.4818237,399.1818237,880.511588782
S013,C,0.46,70.0769528508,energy_limited,4.32,3.06868405411,4.89171403136,4.32,80,4849.536855,4849.536855,271.4818237,47.48182373,47.48182373,271.4818237,399.1818237,933.672196687
S014,A,0.46,25,rated_payload_limited,2.43,2.13779691217,2.42558723052,2.42558723052,25,5419.5363,5419.5363,464.2473877,240.9473877,240.9473877,464.2473877,591.9473877,1420.39888529
S014,B,0.46,25.5501127836,energy_limited,2.16,1.72186251244,2.35522053783,2.16,30,5419.5363,5419.5363,464.2473877,240.9473877,240.9473877,464.2473877,591.9473877,1239.74767529
S014,C,0.46,53.7849989929,energy_limited,4.32,3.52159630022,5.60758666095,4.32,80,5419.5363,5419.5363,464.2473877,240.9473877,240.9473877,464.2473877,591.9473877,1357.28013786
S015,A,0.46,14.0465747036,energy_limited,2.43,2.30689938866,2.61934426755,2.43,25,6009.764892,6009.764892,444.0992554,97.29925537,97.29925537,444.0992554,571.7992554,1398.65305656
S015,B,0.46,20.5393422319,energy_limited,2.16,1.85021799472,2.5445279265,2.16,30,6009.764892,6009.764892,444.0992554,97.29925537,97.29925537,444.0992554,571.7992554,1198.32756016
S015,C,0.46,38.905839345,energy_limited,4.32,3.84149604983,6.13326501752,4.32,80,6009.764892,6009.764892,444.0992554,97.29925537,97.29925537,444.0992554,571.7992554,1288.56064529
S001,A,0.465,25,rated_payload_limited,2.4075,1.16153051602,1.31271024158,1.31271024158,25,3054.023608,3054.023608,145.3566101,89.05661011,89.05661011,145.3566101,273.0566101,680.906962821
S001,B,0.465,30,rated_payload_limited,2.14,0.930225761055,1.27394097204,1.27394097204,30,3054.023608,3054.023608,145.3566101,89.05661011,89.05661011,145.3566101,273.0566101,579.106175887
S001,C,0.465,80,rated_payload_limited,4.28,1.94139247193,3.08170436114,3.08170436114,80,3054.023608,3054.023608,145.3566101,89.05661011,89.05661011,145.3566101,273.0566101,618.175045922
S002,A,0.465,,empty_roundtrip_infeasible,2.4075,2.73984663737,3.09050972759,,25,7411.533814,7411.533814,181.2542542,89.45425415,89.45425415,181.2542542,308.9542542,1433.77520846
S002,B,0.465,,empty_roundtrip_infeasible,2.14,2.18415452088,2.99882031183,,30,7411.533814,7411.533814,181.2542542,89.45425415,89.45425415,181.2542542,308.9542542,1186.72408132
S002,C,0.465,,empty_roundtrip_infeasible,4.28,4.6325359292,7.34794754861,,80,7411.533814,7411.533814,181.2542542,89.45425415,89.45425415,181.2542542,308.9542542,1231.84216605
S003,A,0.465,,empty_roundtrip_infeasible,2.4075,2.7890857722,3.15701804891,,25,7263.826968,7263.826968,434.1041382,223.3041382,223.3041382,434.1041382,561.8041382,1692.73723069
S003,B,0.465,,empty_roundtrip_infeasible,2.14,2.23705090717,3.06459015809,,30,7263.826968,7263.826968,434.1041382,223.3041382,223.3041382,434.1041382,561.8041382,1450.60966509
S003,C,0.465,,empty_roundtrip_infeasible,4.28,4.64390670284,7.38282653444,,80,7263.826968,7263.826968,434.1041382,223.3041382,223.3041382,434.1041382,561.8041382,1560.17771116
S004,A,0.465,,empty_roundtrip_infeasible,2.4075,2.89394171155,3.26669153411,,25,7714.681646,7714.681646,270.5391663,169.9391663,169.9391663,270.5391663,398.2391663,1608.79771824
S004,B,0.465,,empty_roundtrip_infeasible,2.14,2.31251848078,3.16979849246,,30,7714.681646,7714.681646,270.5391663,169.9391663,169.9391663,270.5391663,398.2391663,1351.64166337
S004,C,0.465,,empty_roundtrip_infeasible,4.28,4.86398606465,7.71524423837,,80,7714.681646,7714.681646,270.5391663,169.9391663,169.9391663,270.5391663,398.2391663,1425.05471881
S005,A,0.465,25,rated_payload_limited,2.4075,1.98844309239,2.24486501136,2.24486501136,25,5280.593369,5280.593369,198.7108887,131.4108887,131.4108887,198.7108887,326.4108887,1122.18819826
S005,B,0.465,29.2116318127,energy_limited,2.14,1.58992547929,2.1782576011,2.14,30,5280.593369,5280.593369,198.7108887,131.4108887,131.4108887,198.7108887,326.4108887,946.168419293
S005,C,0.465,60.6930998345,energy_limited,4.28,3.33690049967,5.29264281489,4.28,80,5280.593369,5280.593369,198.7108887,131.4108887,131.4108887,198.7108887,326.4108887,1001.18871553
S006,A,0.465,25,rated_payload_limited,2.4075,1.22375461487,1.38968260036,1.38968260036,25,3186.198852,3186.198852,238.3978394,51.29783936,51.29783936,238.3978394,366.0978394,743.476639757
S006,B,0.465,30,rated_payload_limited,2.14,0.981585340998,1.35002263401,1.35002263401,30,3186.198852,3186.198852,238.3978394,51.29783936,51.29783936,238.3978394,366.0978394,637.270011357
S006,C,0.465,80,rated_payload_limited,4.28,2.0373511789,3.25327178824,3.25327178824,80,3186.198852,3186.198852,238.3978394,51.29783936,51.29783936,238.3978394,366.0978394,685.552624484
S007,A,0.465,25,rated_payload_limited,2.4075,1.77756344482,2.01797249109,2.01797249109,25,4534.717375,4534.717375,384.273175,163.473175,163.473175,384.273175,511.973175,1157.46688583
S007,B,0.465,30,rated_payload_limited,2.14,1.43033692627,1.95981561942,1.95981561942,30,4534.717375,4534.717375,384.273175,163.473175,163.473175,384.273175,511.973175,1006.30964
S007,C,0.465,73.0863738539,energy_limited,4.28,2.93545326153,4.67961017039,4.28,80,4534.717375,4534.717375,384.273175,163.473175,163.473175,384.273175,511.973175,1097.60069833
S008,A,0.465,,empty_roundtrip_infeasible,2.4075,3.00043718224,3.38719045973,,25,8079.110449,8079.110449,245.2093323,102.0093323,102.0093323,245.2093323,372.9093323,1601.14542887
S008,B,0.465,,empty_roundtrip_infeasible,2.14,2.39370630456,3.28715724997,,30,8079.110449,8079.110449,245.2093323,102.0093323,102.0093323,245.2093323,372.9093323,1331.84174724
S008,C,0.465,,empty_roundtrip_infeasible,4.28,5.06358632917,8.03799840697,,80,8079.110449,8079.110449,245.2093323,102.0093323,102.0093323,245.2093323,372.9093323,1389.71152467
S009,A,0.465,25,rated_payload_limited,2.4075,2.11449348264,2.38688881319,2.38688881319,25,5705.303447,5705.303447,165.5289124,63.22891235,63.22891235,165.5289124,293.2289124,1118.63964598
S009,B,0.465,26.1695208798,energy_limited,2.14,1.68634349503,2.31641401773,2.14,30,5705.303447,5705.303447,165.5289124,63.22891235,63.22891235,165.5289124,293.2289124,928.462864417
S009,C,0.465,51.4986044798,energy_limited,4.28,3.57145366019,5.66961266921,4.28,80,5705.303447,5705.303447,165.5289124,63.22891235,63.22891235,165.5289124,293.2289124,966.589168542
S010,A,0.465,25,rated_payload_limited,2.4075,1.82629300362,2.0707297629,2.0707297629,25,4784.674506,4784.674506,307.9365356,84.03653564,84.03653564,307.9365356,435.6365356,1084.89266991
S010,B,0.465,30,rated_payload_limited,2.14,1.46344502735,2.01104041223,2.01104041223,30,4784.674506,4784.674506,307.9365356,84.03653564,84.03653564,307.9365356,435.6365356,925.403519709
S010,C,0.465,69.7849232362,energy_limited,4.28,3.04807696181,4.85885692633,4.28,80,4784.674506,4784.674506,307.9365356,84.03653564,84.03653564,307.9365356,435.6365356,990.732364916
S011,A,0.465,25,rated_payload_limited,2.4075,1.07737291221,1.21959611273,1.21959611273,25,2808.106412,2808.106412,167.6617554,83.26175537,83.26175537,167.6617554,295.3617554,652.028309898
S011,B,0.465,30,rated_payload_limited,2.14,0.864023964183,1.1839226027,1.1839226027,30,2808.106412,2808.106412,167.6617554,83.26175537,83.26175537,167.6617554,295.3617554,558.424762831
S011,C,0.465,80,rated_payload_limited,4.28,1.79442515305,2.85321027055,2.85321027055,80,2808.106412,2808.106412,167.6617554,83.26175537,83.26175537,167.6617554,295.3617554,600.24534796
S012,A,0.465,,empty_roundtrip_infeasible,2.4075,2.77180546523,3.13142055533,,25,7391.140163,7391.140163,285.6009949,133.5009949,133.5009949,285.6009949,413.3009949,1539.19815302
S012,B,0.465,,empty_roundtrip_infeasible,2.14,2.21482112408,3.039145538,,30,7391.140163,7391.140163,285.6009949,133.5009949,133.5009949,285.6009949,413.3009949,1292.82681425
S012,C,0.465,,empty_roundtrip_infeasible,4.28,4.65923038872,7.39890429565,,80,7391.140163,7391.140163,285.6009949,133.5009949,133.5009949,285.6009949,413.3009949,1362.67714589
S013,A,0.465,25,rated_payload_limited,2.4075,1.83030762726,2.07421509617,2.07421509617,25,4849.536855,4849.536855,271.4818237,47.48182373,47.48182373,271.4818237,399.1818237,1042.16281728
S013,B,0.465,30,rated_payload_limited,2.14,1.46402243521,2.0144296422,2.0144296422,30,4849.536855,4849.536855,271.4818237,47.48182373,47.48182373,271.4818237,399.1818237,880.511588782
S013,C,0.465,69.1962988733,energy_limited,4.28,3.06868405411,4.89171403136,4.28,80,4849.536855,4849.536855,271.4818237,47.48182373,47.48182373,271.4818237,399.1818237,933.672196687
S014,A,0.465,24.0787369406,energy_limited,2.4075,2.13779691217,2.42558723052,2.4075,25,5419.5363,5419.5363,464.2473877,240.9473877,240.9473877,464.2473877,591.9473877,1420.39888529
S014,B,0.465,24.9917068886,energy_limited,2.14,1.72186251244,2.35522053783,2.14,30,5419.5363,5419.5363,464.2473877,240.9473877,240.9473877,464.2473877,591.9473877,1239.74767529
S014,C,0.465,52.4083759284,energy_limited,4.28,3.52159630022,5.60758666095,4.28,80,5419.5363,5419.5363,464.2473877,240.9473877,240.9473877,464.2473877,591.9473877,1357.28013786
S015,A,0.465,12.2782572576,energy_limited,2.4075,2.30689938866,2.61934426755,2.4075,25,6009.764892,6009.764892,444.0992554,97.29925537,97.29925537,444.0992554,571.7992554,1398.65305656
S015,B,0.465,19.8135826043,energy_limited,2.14,1.85021799472,2.5445279265,2.14,30,6009.764892,6009.764892,444.0992554,97.29925537,97.29925537,444.0992554,571.7992554,1198.32756016
S015,C,0.465,36.9649864837,energy_limited,4.28,3.84149604983,6.13326501752,4.28,80,6009.764892,6009.764892,444.0992554,97.29925537,97.29925537,444.0992554,571.7992554,1288.56064529
S001,A,0.47,25,rated_payload_limited,2.385,1.16153051602,1.31271024158,1.31271024158,25,3054.023608,3054.023608,145.3566101,89.05661011,89.05661011,145.3566101,273.0566101,680.906962821
S001,B,0.47,30,rated_payload_limited,2.12,0.930225761055,1.27394097204,1.27394097204,30,3054.023608,3054.023608,145.3566101,89.05661011,89.05661011,145.3566101,273.0566101,579.106175887
S001,C,0.47,80,rated_payload_limited,4.24,1.94139247193,3.08170436114,3.08170436114,80,3054.023608,3054.023608,145.3566101,89.05661011,89.05661011,145.3566101,273.0566101,618.175045922
S002,A,0.47,,empty_roundtrip_infeasible,2.385,2.73984663737,3.09050972759,,25,7411.533814,7411.533814,181.2542542,89.45425415,89.45425415,181.2542542,308.9542542,1433.77520846
S002,B,0.47,,empty_roundtrip_infeasible,2.12,2.18415452088,2.99882031183,,30,7411.533814,7411.533814,181.2542542,89.45425415,89.45425415,181.2542542,308.9542542,1186.72408132
S002,C,0.47,,empty_roundtrip_infeasible,4.24,4.6325359292,7.34794754861,,80,7411.533814,7411.533814,181.2542542,89.45425415,89.45425415,181.2542542,308.9542542,1231.84216605
S003,A,0.47,,empty_roundtrip_infeasible,2.385,2.7890857722,3.15701804891,,25,7263.826968,7263.826968,434.1041382,223.3041382,223.3041382,434.1041382,561.8041382,1692.73723069
S003,B,0.47,,empty_roundtrip_infeasible,2.12,2.23705090717,3.06459015809,,30,7263.826968,7263.826968,434.1041382,223.3041382,223.3041382,434.1041382,561.8041382,1450.60966509
S003,C,0.47,,empty_roundtrip_infeasible,4.24,4.64390670284,7.38282653444,,80,7263.826968,7263.826968,434.1041382,223.3041382,223.3041382,434.1041382,561.8041382,1560.17771116
S004,A,0.47,,empty_roundtrip_infeasible,2.385,2.89394171155,3.26669153411,,25,7714.681646,7714.681646,270.5391663,169.9391663,169.9391663,270.5391663,398.2391663,1608.79771824
S004,B,0.47,,empty_roundtrip_infeasible,2.12,2.31251848078,3.16979849246,,30,7714.681646,7714.681646,270.5391663,169.9391663,169.9391663,270.5391663,398.2391663,1351.64166337
S004,C,0.47,,empty_roundtrip_infeasible,4.24,4.86398606465,7.71524423837,,80,7714.681646,7714.681646,270.5391663,169.9391663,169.9391663,270.5391663,398.2391663,1425.05471881
S005,A,0.47,25,rated_payload_limited,2.385,1.98844309239,2.24486501136,2.24486501136,25,5280.593369,5280.593369,198.7108887,131.4108887,131.4108887,198.7108887,326.4108887,1122.18819826
S005,B,0.47,28.776643047,energy_limited,2.12,1.58992547929,2.1782576011,2.12,30,5280.593369,5280.593369,198.7108887,131.4108887,131.4108887,198.7108887,326.4108887,946.168419293
S005,C,0.47,59.5332528482,energy_limited,4.24,3.33690049967,5.29264281489,4.24,80,5280.593369,5280.593369,198.7108887,131.4108887,131.4108887,198.7108887,326.4108887,1001.18871553
S006,A,0.47,25,rated_payload_limited,2.385,1.22375461487,1.38968260036,1.38968260036,25,3186.198852,3186.198852,238.3978394,51.29783936,51.29783936,238.3978394,366.0978394,743.476639757
S006,B,0.47,30,rated_payload_limited,2.12,0.981585340998,1.35002263401,1.35002263401,30,3186.198852,3186.198852,238.3978394,51.29783936,51.29783936,238.3978394,366.0978394,637.270011357
S006,C,0.47,80,rated_payload_limited,4.24,2.0373511789,3.25327178824,3.25327178824,80,3186.198852,3186.198852,238.3978394,51.29783936,51.29783936,238.3978394,366.0978394,685.552624484
S007,A,0.47,25,rated_payload_limited,2.385,1.77756344482,2.01797249109,2.01797249109,25,4534.717375,4534.717375,384.273175,163.473175,163.473175,384.273175,511.973175,1157.46688583
S007,B,0.47,30,rated_payload_limited,2.12,1.43033692627,1.95981561942,1.95981561942,30,4534.717375,4534.717375,384.273175,163.473175,163.473175,384.273175,511.973175,1006.30964
S007,C,0.47,72.2630302471,energy_limited,4.24,2.93545326153,4.67961017039,4.24,80,4534.717375,4534.717375,384.273175,163.473175,163.473175,384.273175,511.973175,1097.60069833
S008,A,0.47,,empty_roundtrip_infeasible,2.385,3.00043718224,3.38719045973,,25,8079.110449,8079.110449,245.2093323,102.0093323,102.0093323,245.2093323,372.9093323,1601.14542887
S008,B,0.47,,empty_roundtrip_infeasible,2.12,2.39370630456,3.28715724997,,30,8079.110449,8079.110449,245.2093323,102.0093323,102.0093323,245.2093323,372.9093323,1331.84174724
S008,C,0.47,,empty_roundtrip_infeasible,4.24,5.06358632917,8.03799840697,,80,8079.110449,8079.110449,245.2093323,102.0093323,102.0093323,245.2093323,372.9093323,1389.71152467
S009,A,0.47,24.9047780808,energy_limited,2.385,2.11449348264,2.38688881319,2.385,25,5705.303447,5705.303447,165.5289124,63.22891235,63.22891235,165.5289124,293.2289124,1118.63964598
S009,B,0.47,25.6478971294,energy_limited,2.12,1.68634349503,2.31641401773,2.12,30,5705.303447,5705.303447,165.5289124,63.22891235,63.22891235,165.5289124,293.2289124,928.462864417
S009,C,0.47,50.0324864017,energy_limited,4.24,3.57145366019,5.66961266921,4.24,80,5705.303447,5705.303447,165.5289124,63.22891235,63.22891235,165.5289124,293.2289124,966.589168542
S010,A,0.47,25,rated_payload_limited,2.385,1.82629300362,2.0707297629,2.0707297629,25,4784.674506,4784.674506,307.9365356,84.03653564,84.03653564,307.9365356,435.6365356,1084.89266991
S010,B,0.47,30,rated_payload_limited,2.12,1.46344502735,2.01104041223,2.01104041223,30,4784.674506,4784.674506,307.9365356,84.03653564,84.03653564,307.9365356,435.6365356,925.403519709
S010,C,0.47,68.8846750758,energy_limited,4.24,3.04807696181,4.85885692633,4.24,80,4784.674506,4784.674506,307.9365356,84.03653564,84.03653564,307.9365356,435.6365356,990.732364916
S011,A,0.47,25,rated_payload_limited,2.385,1.07737291221,1.21959611273,1.21959611273,25,2808.106412,2808.106412,167.6617554,83.26175537,83.26175537,167.6617554,295.3617554,652.028309898
S011,B,0.47,30,rated_payload_limited,2.12,0.864023964183,1.1839226027,1.1839226027,30,2808.106412,2808.106412,167.6617554,83.26175537,83.26175537,167.6617554,295.3617554,558.424762831
S011,C,0.47,80,rated_payload_limited,4.24,1.79442515305,2.85321027055,2.85321027055,80,2808.106412,2808.106412,167.6617554,83.26175537,83.26175537,167.6617554,295.3617554,600.24534796
S012,A,0.47,,empty_roundtrip_infeasible,2.385,2.77180546523,3.13142055533,,25,7391.140163,7391.140163,285.6009949,133.5009949,133.5009949,285.6009949,413.3009949,1539.19815302
S012,B,0.47,,empty_roundtrip_infeasible,2.12,2.21482112408,3.039145538,,30,7391.140163,7391.140163,285.6009949,133.5009949,133.5009949,285.6009949,413.3009949,1292.82681425
S012,C,0.47,,empty_roundtrip_infeasible,4.24,4.65923038872,7.39890429565,,80,7391.140163,7391.140163,285.6009949,133.5009949,133.5009949,285.6009949,413.3009949,1362.67714589
S013,A,0.47,25,rated_payload_limited,2.385,1.83030762726,2.07421509617,2.07421509617,25,4849.536855,4849.536855,271.4818237,47.48182373,47.48182373,271.4818237,399.1818237,1042.16281728
S013,B,0.47,30,rated_payload_limited,2.12,1.46402243521,2.0144296422,2.0144296422,30,4849.536855,4849.536855,271.4818237,47.48182373,47.48182373,271.4818237,399.1818237,880.511588782
S013,C,0.47,68.2839669161,energy_limited,4.24,3.06868405411,4.89171403136,4.24,80,4849.536855,4849.536855,271.4818237,47.48182373,47.48182373,271.4818237,399.1818237,933.672196687
S014,A,0.47,22.8763844822,energy_limited,2.385,2.13779691217,2.42558723052,2.385,25,5419.5363,5419.5363,464.2473877,240.9473877,240.9473877,464.2473877,591.9473877,1420.39888529
S014,B,0.47,24.409188632,energy_limited,2.12,1.72186251244,2.35522053783,2.12,30,5419.5363,5419.5363,464.2473877,240.9473877,240.9473877,464.2473877,591.9473877,1239.74767529
S014,C,0.47,50.9715934018,energy_limited,4.24,3.52159630022,5.60758666095,4.24,80,5419.5363,5419.5363,464.2473877,240.9473877,240.9473877,464.2473877,591.9473877,1357.28013786
S015,A,0.47,10.3350491991,energy_limited,2.385,2.30689938866,2.61934426755,2.385,25,6009.764892,6009.764892,444.0992554,97.29925537,97.29925537,444.0992554,571.7992554,1398.65305656
S015,B,0.47,19.05126331,energy_limited,2.12,1.85021799472,2.5445279265,2.12,30,6009.764892,6009.764892,444.0992554,97.29925537,97.29925537,444.0992554,571.7992554,1198.32756016
S015,C,0.47,34.9145274275,energy_limited,4.24,3.84149604983,6.13326501752,4.24,80,6009.764892,6009.764892,444.0992554,97.29925537,97.29925537,444.0992554,571.7992554,1288.56064529
S001,A,0.475,25,rated_payload_limited,2.3625,1.16153051602,1.31271024158,1.31271024158,25,3054.023608,3054.023608,145.3566101,89.05661011,89.05661011,145.3566101,273.0566101,680.906962821
S001,B,0.475,30,rated_payload_limited,2.1,0.930225761055,1.27394097204,1.27394097204,30,3054.023608,3054.023608,145.3566101,89.05661011,89.05661011,145.3566101,273.0566101,579.106175887
S001,C,0.475,80,rated_payload_limited,4.2,1.94139247193,3.08170436114,3.08170436114,80,3054.023608,3054.023608,145.3566101,89.05661011,89.05661011,145.3566101,273.0566101,618.175045922
S002,A,0.475,,empty_roundtrip_infeasible,2.3625,2.73984663737,3.09050972759,,25,7411.533814,7411.533814,181.2542542,89.45425415,89.45425415,181.2542542,308.9542542,1433.77520846
S002,B,0.475,,empty_roundtrip_infeasible,2.1,2.18415452088,2.99882031183,,30,7411.533814,7411.533814,181.2542542,89.45425415,89.45425415,181.2542542,308.9542542,1186.72408132
S002,C,0.475,,empty_roundtrip_infeasible,4.2,4.6325359292,7.34794754861,,80,7411.533814,7411.533814,181.2542542,89.45425415,89.45425415,181.2542542,308.9542542,1231.84216605
S003,A,0.475,,empty_roundtrip_infeasible,2.3625,2.7890857722,3.15701804891,,25,7263.826968,7263.826968,434.1041382,223.3041382,223.3041382,434.1041382,561.8041382,1692.73723069
S003,B,0.475,,empty_roundtrip_infeasible,2.1,2.23705090717,3.06459015809,,30,7263.826968,7263.826968,434.1041382,223.3041382,223.3041382,434.1041382,561.8041382,1450.60966509
S003,C,0.475,,empty_roundtrip_infeasible,4.2,4.64390670284,7.38282653444,,80,7263.826968,7263.826968,434.1041382,223.3041382,223.3041382,434.1041382,561.8041382,1560.17771116
S004,A,0.475,,empty_roundtrip_infeasible,2.3625,2.89394171155,3.26669153411,,25,7714.681646,7714.681646,270.5391663,169.9391663,169.9391663,270.5391663,398.2391663,1608.79771824
S004,B,0.475,,empty_roundtrip_infeasible,2.1,2.31251848078,3.16979849246,,30,7714.681646,7714.681646,270.5391663,169.9391663,169.9391663,270.5391663,398.2391663,1351.64166337
S004,C,0.475,,empty_roundtrip_infeasible,4.2,4.86398606465,7.71524423837,,80,7714.681646,7714.681646,270.5391663,169.9391663,169.9391663,270.5391663,398.2391663,1425.05471881
S005,A,0.475,25,rated_payload_limited,2.3625,1.98844309239,2.24486501136,2.24486501136,25,5280.593369,5280.593369,198.7108887,131.4108887,131.4108887,198.7108887,326.4108887,1122.18819826
S005,B,0.475,28.3247122685,energy_limited,2.1,1.58992547929,2.1782576011,2.1,30,5280.593369,5280.593369,198.7108887,131.4108887,131.4108887,198.7108887,326.4108887,946.168419293
S005,C,0.475,58.3254363092,energy_limited,4.2,3.33690049967,5.29264281489,4.2,80,5280.593369,5280.593369,198.7108887,131.4108887,131.4108887,198.7108887,326.4108887,1001.18871553
S006,A,0.475,25,rated_payload_limited,2.3625,1.22375461487,1.38968260036,1.38968260036,25,3186.198852,3186.198852,238.3978394,51.29783936,51.29783936,238.3978394,366.0978394,743.476639757
S006,B,0.475,30,rated_payload_limited,2.1,0.981585340998,1.35002263401,1.35002263401,30,3186.198852,3186.198852,238.3978394,51.29783936,51.29783936,238.3978394,366.0978394,637.270011357
S006,C,0.475,80,rated_payload_limited,4.2,2.0373511789,3.25327178824,3.25327178824,80,3186.198852,3186.198852,238.3978394,51.29783936,51.29783936,238.3978394,366.0978394,685.552624484
S007,A,0.475,25,rated_payload_limited,2.3625,1.77756344482,2.01797249109,2.01797249109,25,4534.717375,4534.717375,384.273175,163.473175,163.473175,384.273175,511.973175,1157.46688583
S007,B,0.475,30,rated_payload_limited,2.1,1.43033692627,1.95981561942,1.95981561942,30,4534.717375,4534.717375,384.273175,163.473175,163.473175,384.273175,511.973175,1006.30964
S007,C,0.475,71.4106958721,energy_limited,4.2,2.93545326153,4.67961017039,4.2,80,4534.717375,4534.717375,384.273175,163.473175,163.473175,384.273175,511.973175,1097.60069833
S008,A,0.475,,empty_roundtrip_infeasible,2.3625,3.00043718224,3.38719045973,,25,8079.110449,8079.110449,245.2093323,102.0093323,102.0093323,245.2093323,372.9093323,1601.14542887
S008,B,0.475,,empty_roundtrip_infeasible,2.1,2.39370630456,3.28715724997,,30,8079.110449,8079.110449,245.2093323,102.0093323,102.0093323,245.2093323,372.9093323,1331.84174724
S008,C,0.475,,empty_roundtrip_infeasible,4.2,5.06358632917,8.03799840697,,80,8079.110449,8079.110449,245.2093323,102.0093323,102.0093323,245.2093323,372.9093323,1389.71152467
S009,A,0.475,23.7354556829,energy_limited,2.3625,2.11449348264,2.38688881319,2.3625,25,5705.303447,5705.303447,165.5289124,63.22891235,63.22891235,165.5289124,293.2289124,1118.63964598
S009,B,0.475,25.1041191243,energy_limited,2.1,1.68634349503,2.31641401773,2.1,30,5705.303447,5705.303447,165.5289124,63.22891235,63.22891235,165.5289124,293.2289124,928.462864417
S009,C,0.475,48.4965215955,energy_limited,4.2,3.57145366019,5.66961266921,4.2,80,5705.303447,5705.303447,165.5289124,63.22891235,63.22891235,165.5289124,293.2289124,966.589168542
S010,A,0.475,25,rated_payload_limited,2.3625,1.82629300362,2.0707297629,2.0707297629,25,4784.674506,4784.674506,307.9365356,84.03653564,84.03653564,307.9365356,435.6365356,1084.89266991
S010,B,0.475,30,rated_payload_limited,2.1,1.46344502735,2.01104041223,2.01104041223,30,4784.674506,4784.674506,307.9365356,84.03653564,84.03653564,307.9365356,435.6365356,925.403519709
S010,C,0.475,67.9516056771,energy_limited,4.2,3.04807696181,4.85885692633,4.2,80,4784.674506,4784.674506,307.9365356,84.03653564,84.03653564,307.9365356,435.6365356,990.732364916
S011,A,0.475,25,rated_payload_limited,2.3625,1.07737291221,1.21959611273,1.21959611273,25,2808.106412,2808.106412,167.6617554,83.26175537,83.26175537,167.6617554,295.3617554,652.028309898
S011,B,0.475,30,rated_payload_limited,2.1,0.864023964183,1.1839226027,1.1839226027,30,2808.106412,2808.106412,167.6617554,83.26175537,83.26175537,167.6617554,295.3617554,558.424762831
S011,C,0.475,80,rated_payload_limited,4.2,1.79442515305,2.85321027055,2.85321027055,80,2808.106412,2808.106412,167.6617554,83.26175537,83.26175537,167.6617554,295.3617554,600.24534796
S012,A,0.475,,empty_roundtrip_infeasible,2.3625,2.77180546523,3.13142055533,,25,7391.140163,7391.140163,285.6009949,133.5009949,133.5009949,285.6009949,413.3009949,1539.19815302
S012,B,0.475,,empty_roundtrip_infeasible,2.1,2.21482112408,3.039145538,,30,7391.140163,7391.140163,285.6009949,133.5009949,133.5009949,285.6009949,413.3009949,1292.82681425
S012,C,0.475,,empty_roundtrip_infeasible,4.2,4.65923038872,7.39890429565,,80,7391.140163,7391.140163,285.6009949,133.5009949,133.5009949,285.6009949,413.3009949,1362.67714589
S013,A,0.475,25,rated_payload_limited,2.3625,1.83030762726,2.07421509617,2.07421509617,25,4849.536855,4849.536855,271.4818237,47.48182373,47.48182373,271.4818237,399.1818237,1042.16281728
S013,B,0.475,30,rated_payload_limited,2.1,1.46402243521,2.0144296422,2.0144296422,30,4849.536855,4849.536855,271.4818237,47.48182373,47.48182373,271.4818237,399.1818237,880.511588782
S013,C,0.475,67.3381569229,energy_limited,4.2,3.06868405411,4.89171403136,4.2,80,4849.536855,4849.536855,271.4818237,47.48182373,47.48182373,271.4818237,399.1818237,933.672196687
S014,A,0.475,21.6053969533,energy_limited,2.3625,2.13779691217,2.42558723052,2.3625,25,5419.5363,5419.5363,464.2473877,240.9473877,240.9473877,464.2473877,591.9473877,1420.39888529
S014,B,0.475,23.8008484956,energy_limited,2.1,1.72186251244,2.35522053783,2.1,30,5419.5363,5419.5363,464.2473877,240.9473877,240.9473877,464.2473877,591.9473877,1239.74767529
S014,C,0.475,49.4702153971,energy_limited,4.2,3.52159630022,5.60758666095,4.2,80,5419.5363,5419.5363,464.2473877,240.9473877,240.9473877,464.2473877,591.9473877,1357.28013786
S015,A,0.475,8.15819148095,energy_limited,2.3625,2.30689938866,2.61934426755,2.3625,25,6009.764892,6009.764892,444.0992554,97.29925537,97.29925537,444.0992554,571.7992554,1398.65305656
S015,B,0.475,18.2490186087,energy_limited,2.1,1.85021799472,2.5445279265,2.1,30,6009.764892,6009.764892,444.0992554,97.29925537,97.29925537,444.0992554,571.7992554,1198.32756016
S015,C,0.475,32.741729618,energy_limited,4.2,3.84149604983,6.13326501752,4.2,80,6009.764892,6009.764892,444.0992554,97.29925537,97.29925537,444.0992554,571.7992554,1288.56064529
S001,A,0.48,25,rated_payload_limited,2.34,1.16153051602,1.31271024158,1.31271024158,25,3054.023608,3054.023608,145.3566101,89.05661011,89.05661011,145.3566101,273.0566101,680.906962821
S001,B,0.48,30,rated_payload_limited,2.08,0.930225761055,1.27394097204,1.27394097204,30,3054.023608,3054.023608,145.3566101,89.05661011,89.05661011,145.3566101,273.0566101,579.106175887
S001,C,0.48,80,rated_payload_limited,4.16,1.94139247193,3.08170436114,3.08170436114,80,3054.023608,3054.023608,145.3566101,89.05661011,89.05661011,145.3566101,273.0566101,618.175045922
S002,A,0.48,,empty_roundtrip_infeasible,2.34,2.73984663737,3.09050972759,,25,7411.533814,7411.533814,181.2542542,89.45425415,89.45425415,181.2542542,308.9542542,1433.77520846
S002,B,0.48,,empty_roundtrip_infeasible,2.08,2.18415452088,2.99882031183,,30,7411.533814,7411.533814,181.2542542,89.45425415,89.45425415,181.2542542,308.9542542,1186.72408132
S002,C,0.48,,empty_roundtrip_infeasible,4.16,4.6325359292,7.34794754861,,80,7411.533814,7411.533814,181.2542542,89.45425415,89.45425415,181.2542542,308.9542542,1231.84216605
S003,A,0.48,,empty_roundtrip_infeasible,2.34,2.7890857722,3.15701804891,,25,7263.826968,7263.826968,434.1041382,223.3041382,223.3041382,434.1041382,561.8041382,1692.73723069
S003,B,0.48,,empty_roundtrip_infeasible,2.08,2.23705090717,3.06459015809,,30,7263.826968,7263.826968,434.1041382,223.3041382,223.3041382,434.1041382,561.8041382,1450.60966509
S003,C,0.48,,empty_roundtrip_infeasible,4.16,4.64390670284,7.38282653444,,80,7263.826968,7263.826968,434.1041382,223.3041382,223.3041382,434.1041382,561.8041382,1560.17771116
S004,A,0.48,,empty_roundtrip_infeasible,2.34,2.89394171155,3.26669153411,,25,7714.681646,7714.681646,270.5391663,169.9391663,169.9391663,270.5391663,398.2391663,1608.79771824
S004,B,0.48,,empty_roundtrip_infeasible,2.08,2.31251848078,3.16979849246,,30,7714.681646,7714.681646,270.5391663,169.9391663,169.9391663,270.5391663,398.2391663,1351.64166337
S004,C,0.48,,empty_roundtrip_infeasible,4.16,4.86398606465,7.71524423837,,80,7714.681646,7714.681646,270.5391663,169.9391663,169.9391663,270.5391663,398.2391663,1425.05471881
S005,A,0.48,25,rated_payload_limited,2.34,1.98844309239,2.24486501136,2.24486501136,25,5280.593369,5280.593369,198.7108887,131.4108887,131.4108887,198.7108887,326.4108887,1122.18819826
S005,B,0.48,27.8547746946,energy_limited,2.08,1.58992547929,2.1782576011,2.08,30,5280.593369,5280.593369,198.7108887,131.4108887,131.4108887,198.7108887,326.4108887,946.168419293
S005,C,0.48,57.0663564181,energy_limited,4.16,3.33690049967,5.29264281489,4.16,80,5280.593369,5280.593369,198.7108887,131.4108887,131.4108887,198.7108887,326.4108887,1001.18871553
S006,A,0.48,25,rated_payload_limited,2.34,1.22375461487,1.38968260036,1.38968260036,25,3186.198852,3186.198852,238.3978394,51.29783936,51.29783936,238.3978394,366.0978394,743.476639757
S006,B,0.48,30,rated_payload_limited,2.08,0.981585340998,1.35002263401,1.35002263401,30,3186.198852,3186.198852,238.3978394,51.29783936,51.29783936,238.3978394,366.0978394,637.270011357
S006,C,0.48,80,rated_payload_limited,4.16,2.0373511789,3.25327178824,3.25327178824,80,3186.198852,3186.198852,238.3978394,51.29783936,51.29783936,238.3978394,366.0978394,685.552624484
S007,A,0.48,25,rated_payload_limited,2.34,1.77756344482,2.01797249109,2.01797249109,25,4534.717375,4534.717375,384.273175,163.473175,163.473175,384.273175,511.973175,1157.46688583
S007,B,0.48,30,rated_payload_limited,2.08,1.43033692627,1.95981561942,1.95981561942,30,4534.717375,4534.717375,384.273175,163.473175,163.473175,384.273175,511.973175,1006.30964
S007,C,0.48,70.5277879717,energy_limited,4.16,2.93545326153,4.67961017039,4.16,80,4534.717375,4534.717375,384.273175,163.473175,163.473175,384.273175,511.973175,1097.60069833
S008,A,0.48,,empty_roundtrip_infeasible,2.34,3.00043718224,3.38719045973,,25,8079.110449,8079.110449,245.2093323,102.0093323,102.0093323,245.2093323,372.9093323,1601.14542887
S008,B,0.48,,empty_roundtrip_infeasible,2.08,2.39370630456,3.28715724997,,30,8079.110449,8079.110449,245.2093323,102.0093323,102.0093323,245.2093323,372.9093323,1331.84174724
S008,C,0.48,,empty_roundtrip_infeasible,4.16,5.06358632917,8.03799840697,,80,8079.110449,8079.110449,245.2093323,102.0093323,102.0093323,245.2093323,372.9093323,1389.71152467
S009,A,0.48,22.4964231754,energy_limited,2.34,2.11449348264,2.38688881319,2.34,25,5705.303447,5705.303447,165.5289124,63.22891235,63.22891235,165.5289124,293.2289124,1118.63964598
S009,B,0.48,24.5366077166,energy_limited,2.08,1.68634349503,2.31641401773,2.08,30,5705.303447,5705.303447,165.5289124,63.22891235,63.22891235,165.5289124,293.2289124,928.462864417
S009,C,0.48,46.8847516974,energy_limited,4.16,3.57145366019,5.66961266921,4.16,80,5705.303447,5705.303447,165.5289124,63.22891235,63.22891235,165.5289124,293.2289124,966.589168542
S010,A,0.48,25,rated_payload_limited,2.34,1.82629300362,2.0707297629,2.0707297629,25,4784.674506,4784.674506,307.9365356,84.03653564,84.03653564,307.9365356,435.6365356,1084.89266991
S010,B,0.48,30,rated_payload_limited,2.08,1.46344502735,2.01104041223,2.01104041223,30,4784.674506,4784.674506,307.9365356,84.03653564,84.03653564,307.9365356,435.6365356,925.403519709
S010,C,0.48,66.9838292536,energy_limited,4.16,3.04807696181,4.85885692633,4.16,80,4784.674506,4784.674506,307.9365356,84.03653564,84.03653564,307.9365356,435.6365356,990.732364916
S011,A,0.48,25,rated_payload_limited,2.34,1.07737291221,1.21959611273,1.21959611273,25,2808.106412,2808.106412,167.6617554,83.26175537,83.26175537,167.6617554,295.3617554,652.028309898
S011,B,0.48,30,rated_payload_limited,2.08,0.864023964183,1.1839226027,1.1839226027,30,2808.106412,2808.106412,167.6617554,83.26175537,83.26175537,167.6617554,295.3617554,558.424762831
S011,C,0.48,80,rated_payload_limited,4.16,1.79442515305,2.85321027055,2.85321027055,80,2808.106412,2808.106412,167.6617554,83.26175537,83.26175537,167.6617554,295.3617554,600.24534796
S012,A,0.48,,empty_roundtrip_infeasible,2.34,2.77180546523,3.13142055533,,25,7391.140163,7391.140163,285.6009949,133.5009949,133.5009949,285.6009949,413.3009949,1539.19815302
S012,B,0.48,,empty_roundtrip_infeasible,2.08,2.21482112408,3.039145538,,30,7391.140163,7391.140163,285.6009949,133.5009949,133.5009949,285.6009949,413.3009949,1292.82681425
S012,C,0.48,,empty_roundtrip_infeasible,4.16,4.65923038872,7.39890429565,,80,7391.140163,7391.140163,285.6009949,133.5009949,133.5009949,285.6009949,413.3009949,1362.67714589
S013,A,0.48,25,rated_payload_limited,2.34,1.83030762726,2.07421509617,2.07421509617,25,4849.536855,4849.536855,271.4818237,47.48182373,47.48182373,271.4818237,399.1818237,1042.16281728
S013,B,0.48,30,rated_payload_limited,2.08,1.46402243521,2.0144296422,2.0144296422,30,4849.536855,4849.536855,271.4818237,47.48182373,47.48182373,271.4818237,399.1818237,880.511588782
S013,C,0.48,66.3569224778,energy_limited,4.16,3.06868405411,4.89171403136,4.16,80,4849.536855,4849.536855,271.4818237,47.48182373,47.48182373,271.4818237,399.1818237,933.672196687
S014,A,0.48,20.2579015058,energy_limited,2.34,2.13779691217,2.42558723052,2.34,25,5419.5363,5419.5363,464.2473877,240.9473877,240.9473877,464.2473877,591.9473877,1420.39888529
S014,B,0.48,23.1647914102,energy_limited,2.08,1.72186251244,2.35522053783,2.08,30,5419.5363,5419.5363,464.2473877,240.9473877,240.9473877,464.2473877,591.9473877,1239.74767529
S014,C,0.48,47.8992837645,energy_limited,4.16,3.52159630022,5.60758666095,4.16,80,5419.5363,5419.5363,464.2473877,240.9473877,240.9473877,464.2473877,591.9473877,1357.28013786
S015,A,0.48,5.63180949733,energy_limited,2.34,2.30689938866,2.61934426755,2.34,25,6009.764892,6009.764892,444.0992554,97.29925537,97.29925537,444.0992554,571.7992554,1398.65305656
S015,B,0.48,17.4029420984,energy_limited,2.08,1.85021799472,2.5445279265,2.08,30,6009.764892,6009.764892,444.0992554,97.29925537,97.29925537,444.0992554,571.7992554,1198.32756016
S015,C,0.48,30.4309623445,energy_limited,4.16,3.84149604983,6.13326501752,4.16,80,6009.764892,6009.764892,444.0992554,97.29925537,97.29925537,444.0992554,571.7992554,1288.56064529
S001,A,0.485,25,rated_payload_limited,2.3175,1.16153051602,1.31271024158,1.31271024158,25,3054.023608,3054.023608,145.3566101,89.05661011,89.05661011,145.3566101,273.0566101,680.906962821
S001,B,0.485,30,rated_payload_limited,2.06,0.930225761055,1.27394097204,1.27394097204,30,3054.023608,3054.023608,145.3566101,89.05661011,89.05661011,145.3566101,273.0566101,579.106175887
S001,C,0.485,80,rated_payload_limited,4.12,1.94139247193,3.08170436114,3.08170436114,80,3054.023608,3054.023608,145.3566101,89.05661011,89.05661011,145.3566101,273.0566101,618.175045922
S002,A,0.485,,empty_roundtrip_infeasible,2.3175,2.73984663737,3.09050972759,,25,7411.533814,7411.533814,181.2542542,89.45425415,89.45425415,181.2542542,308.9542542,1433.77520846
S002,B,0.485,,empty_roundtrip_infeasible,2.06,2.18415452088,2.99882031183,,30,7411.533814,7411.533814,181.2542542,89.45425415,89.45425415,181.2542542,308.9542542,1186.72408132
S002,C,0.485,,empty_roundtrip_infeasible,4.12,4.6325359292,7.34794754861,,80,7411.533814,7411.533814,181.2542542,89.45425415,89.45425415,181.2542542,308.9542542,1231.84216605
S003,A,0.485,,empty_roundtrip_infeasible,2.3175,2.7890857722,3.15701804891,,25,7263.826968,7263.826968,434.1041382,223.3041382,223.3041382,434.1041382,561.8041382,1692.73723069
S003,B,0.485,,empty_roundtrip_infeasible,2.06,2.23705090717,3.06459015809,,30,7263.826968,7263.826968,434.1041382,223.3041382,223.3041382,434.1041382,561.8041382,1450.60966509
S003,C,0.485,,empty_roundtrip_infeasible,4.12,4.64390670284,7.38282653444,,80,7263.826968,7263.826968,434.1041382,223.3041382,223.3041382,434.1041382,561.8041382,1560.17771116
S004,A,0.485,,empty_roundtrip_infeasible,2.3175,2.89394171155,3.26669153411,,25,7714.681646,7714.681646,270.5391663,169.9391663,169.9391663,270.5391663,398.2391663,1608.79771824
S004,B,0.485,,empty_roundtrip_infeasible,2.06,2.31251848078,3.16979849246,,30,7714.681646,7714.681646,270.5391663,169.9391663,169.9391663,270.5391663,398.2391663,1351.64166337
S004,C,0.485,,empty_roundtrip_infeasible,4.12,4.86398606465,7.71524423837,,80,7714.681646,7714.681646,270.5391663,169.9391663,169.9391663,270.5391663,398.2391663,1425.05471881
S005,A,0.485,25,rated_payload_limited,2.3175,1.98844309239,2.24486501136,2.24486501136,25,5280.593369,5280.593369,198.7108887,131.4108887,131.4108887,198.7108887,326.4108887,1122.18819826
S005,B,0.485,27.3656673952,energy_limited,2.06,1.58992547929,2.1782576011,2.06,30,5280.593369,5280.593369,198.7108887,131.4108887,131.4108887,198.7108887,326.4108887,946.168419293
S005,C,0.485,55.7523744536,energy_limited,4.12,3.33690049967,5.29264281489,4.12,80,5280.593369,5280.593369,198.7108887,131.4108887,131.4108887,198.7108887,326.4108887,1001.18871553
S006,A,0.485,25,rated_payload_limited,2.3175,1.22375461487,1.38968260036,1.38968260036,25,3186.198852,3186.198852,238.3978394,51.29783936,51.29783936,238.3978394,366.0978394,743.476639757
S006,B,0.485,30,rated_payload_limited,2.06,0.981585340998,1.35002263401,1.35002263401,30,3186.198852,3186.198852,238.3978394,51.29783936,51.29783936,238.3978394,366.0978394,637.270011357
S006,C,0.485,80,rated_payload_limited,4.12,2.0373511789,3.25327178824,3.25327178824,80,3186.198852,3186.198852,238.3978394,51.29783936,51.29783936,238.3978394,366.0978394,685.552624484
S007,A,0.485,25,rated_payload_limited,2.3175,1.77756344482,2.01797249109,2.01797249109,25,4534.717375,4534.717375,384.273175,163.473175,163.473175,384.273175,511.973175,1157.46688583
S007,B,0.485,30,rated_payload_limited,2.06,1.43033692627,1.95981561942,1.95981561942,30,4534.717375,4534.717375,384.273175,163.473175,163.473175,384.273175,511.973175,1006.30964
S007,C,0.485,69.6126027974,energy_limited,4.12,2.93545326153,4.67961017039,4.12,80,4534.717375,4534.717375,384.273175,163.473175,163.473175,384.273175,511.973175,1097.60069833
S008,A,0.485,,empty_roundtrip_infeasible,2.3175,3.00043718224,3.38719045973,,25,8079.110449,8079.110449,245.2093323,102.0093323,102.0093323,245.2093323,372.9093323,1601.14542887
S008,B,0.485,,empty_roundtrip_infeasible,2.06,2.39370630456,3.28715724997,,30,8079.110449,8079.110449,245.2093323,102.0093323,102.0093323,245.2093323,372.9093323,1331.84174724
S008,C,0.485,,empty_roundtrip_infeasible,4.12,5.06358632917,8.03799840697,,80,8079.110449,8079.110449,245.2093323,102.0093323,102.0093323,245.2093323,372.9093323,1389.71152467
S009,A,0.485,21.179143123,energy_limited,2.3175,2.11449348264,2.38688881319,2.3175,25,5705.303447,5705.303447,165.5289124,63.22891235,63.22891235,165.5289124,293.2289124,1118.63964598
S009,B,0.485,23.9436103474,energy_limited,2.06,1.68634349503,2.31641401773,2.06,30,5705.303447,5705.303447,165.5289124,63.22891235,63.22891235,165.5289124,293.2289124,928.462864417
S009,C,0.485,45.1903721396,energy_limited,4.12,3.57145366019,5.66961266921,4.12,80,5705.303447,5705.303447,165.5289124,63.22891235,63.22891235,165.5289124,293.2289124,966.589168542
S010,A,0.485,25,rated_payload_limited,2.3175,1.82629300362,2.0707297629,2.0707297629,25,4784.674506,4784.674506,307.9365356,84.03653564,84.03653564,307.9365356,435.6365356,1084.89266991
S010,B,0.485,30,rated_payload_limited,2.06,1.46344502735,2.01104041223,2.01104041223,30,4784.674506,4784.674506,307.9365356,84.03653564,84.03653564,307.9365356,435.6365356,925.403519709
S010,C,0.485,65.9793051853,energy_limited,4.12,3.04807696181,4.85885692633,4.12,80,4784.674506,4784.674506,307.9365356,84.03653564,84.03653564,307.9365356,435.6365356,990.732364916
S011,A,0.485,25,rated_payload_limited,2.3175,1.07737291221,1.21959611273,1.21959611273,25,2808.106412,2808.106412,167.6617554,83.26175537,83.26175537,167.6617554,295.3617554,652.028309898
S011,B,0.485,30,rated_payload_limited,2.06,0.864023964183,1.1839226027,1.1839226027,30,2808.106412,2808.106412,167.6617554,83.26175537,83.26175537,167.6617554,295.3617554,558.424762831
S011,C,0.485,80,rated_payload_limited,4.12,1.79442515305,2.85321027055,2.85321027055,80,2808.106412,2808.106412,167.6617554,83.26175537,83.26175537,167.6617554,295.3617554,600.24534796
S012,A,0.485,,empty_roundtrip_infeasible,2.3175,2.77180546523,3.13142055533,,25,7391.140163,7391.140163,285.6009949,133.5009949,133.5009949,285.6009949,413.3009949,1539.19815302
S012,B,0.485,,empty_roundtrip_infeasible,2.06,2.21482112408,3.039145538,,30,7391.140163,7391.140163,285.6009949,133.5009949,133.5009949,285.6009949,413.3009949,1292.82681425
S012,C,0.485,,empty_roundtrip_infeasible,4.12,4.65923038872,7.39890429565,,80,7391.140163,7391.140163,285.6009949,133.5009949,133.5009949,285.6009949,413.3009949,1362.67714589
S013,A,0.485,25,rated_payload_limited,2.3175,1.83030762726,2.07421509617,2.07421509617,25,4849.536855,4849.536855,271.4818237,47.48182373,47.48182373,271.4818237,399.1818237,1042.16281728
S013,B,0.485,30,rated_payload_limited,2.06,1.46402243521,2.0144296422,2.0144296422,30,4849.536855,4849.536855,271.4818237,47.48182373,47.48182373,271.4818237,399.1818237,880.511588782
S013,C,0.485,65.3381545255,energy_limited,4.12,3.06868405411,4.89171403136,4.12,80,4849.536855,4849.536855,271.4818237,47.48182373,47.48182373,271.4818237,399.1818237,933.672196687
S014,A,0.485,18.8242668089,energy_limited,2.3175,2.13779691217,2.42558723052,2.3175,25,5419.5363,5419.5363,464.2473877,240.9473877,240.9473877,464.2473877,591.9473877,1420.39888529
S014,B,0.485,22.4989067578,energy_limited,2.06,1.72186251244,2.35522053783,2.06,30,5419.5363,5419.5363,464.2473877,240.9473877,240.9473877,464.2473877,591.9473877,1239.74767529
S014,C,0.485,46.2532229949,energy_limited,4.12,3.52159630022,5.60758666095,4.12,80,5419.5363,5419.5363,464.2473877,240.9473877,240.9473877,464.2473877,591.9473877,1357.28013786
S015,A,0.485,2.416378756,energy_limited,2.3175,2.30689938866,2.61934426755,2.3175,25,6009.764892,6009.764892,444.0992554,97.29925537,97.29925537,444.0992554,571.7992554,1398.65305656
S015,B,0.485,16.5084441217,energy_limited,2.06,1.85021799472,2.5445279265,2.06,30,6009.764892,6009.764892,444.0992554,97.29925537,97.29925537,444.0992554,571.7992554,1198.32756016
S015,C,0.485,27.96254806,energy_limited,4.12,3.84149604983,6.13326501752,4.12,80,6009.764892,6009.764892,444.0992554,97.29925537,97.29925537,444.0992554,571.7992554,1288.56064529
S001,A,0.49,25,rated_payload_limited,2.295,1.16153051602,1.31271024158,1.31271024158,25,3054.023608,3054.023608,145.3566101,89.05661011,89.05661011,145.3566101,273.0566101,680.906962821
S001,B,0.49,30,rated_payload_limited,2.04,0.930225761055,1.27394097204,1.27394097204,30,3054.023608,3054.023608,145.3566101,89.05661011,89.05661011,145.3566101,273.0566101,579.106175887
S001,C,0.49,80,rated_payload_limited,4.08,1.94139247193,3.08170436114,3.08170436114,80,3054.023608,3054.023608,145.3566101,89.05661011,89.05661011,145.3566101,273.0566101,618.175045922
S002,A,0.49,,empty_roundtrip_infeasible,2.295,2.73984663737,3.09050972759,,25,7411.533814,7411.533814,181.2542542,89.45425415,89.45425415,181.2542542,308.9542542,1433.77520846
S002,B,0.49,,empty_roundtrip_infeasible,2.04,2.18415452088,2.99882031183,,30,7411.533814,7411.533814,181.2542542,89.45425415,89.45425415,181.2542542,308.9542542,1186.72408132
S002,C,0.49,,empty_roundtrip_infeasible,4.08,4.6325359292,7.34794754861,,80,7411.533814,7411.533814,181.2542542,89.45425415,89.45425415,181.2542542,308.9542542,1231.84216605
S003,A,0.49,,empty_roundtrip_infeasible,2.295,2.7890857722,3.15701804891,,25,7263.826968,7263.826968,434.1041382,223.3041382,223.3041382,434.1041382,561.8041382,1692.73723069
S003,B,0.49,,empty_roundtrip_infeasible,2.04,2.23705090717,3.06459015809,,30,7263.826968,7263.826968,434.1041382,223.3041382,223.3041382,434.1041382,561.8041382,1450.60966509
S003,C,0.49,,empty_roundtrip_infeasible,4.08,4.64390670284,7.38282653444,,80,7263.826968,7263.826968,434.1041382,223.3041382,223.3041382,434.1041382,561.8041382,1560.17771116
S004,A,0.49,,empty_roundtrip_infeasible,2.295,2.89394171155,3.26669153411,,25,7714.681646,7714.681646,270.5391663,169.9391663,169.9391663,270.5391663,398.2391663,1608.79771824
S004,B,0.49,,empty_roundtrip_infeasible,2.04,2.31251848078,3.16979849246,,30,7714.681646,7714.681646,270.5391663,169.9391663,169.9391663,270.5391663,398.2391663,1351.64166337
S004,C,0.49,,empty_roundtrip_infeasible,4.08,4.86398606465,7.71524423837,,80,7714.681646,7714.681646,270.5391663,169.9391663,169.9391663,270.5391663,398.2391663,1425.05471881
S005,A,0.49,25,rated_payload_limited,2.295,1.98844309239,2.24486501136,2.24486501136,25,5280.593369,5280.593369,198.7108887,131.4108887,131.4108887,198.7108887,326.4108887,1122.18819826
S005,B,0.49,26.8561166094,energy_limited,2.04,1.58992547929,2.1782576011,2.04,30,5280.593369,5280.593369,198.7108887,131.4108887,131.4108887,198.7108887,326.4108887,946.168419293
S005,C,0.49,54.3794539978,energy_limited,4.08,3.33690049967,5.29264281489,4.08,80,5280.593369,5280.593369,198.7108887,131.4108887,131.4108887,198.7108887,326.4108887,1001.18871553
S006,A,0.49,25,rated_payload_limited,2.295,1.22375461487,1.38968260036,1.38968260036,25,3186.198852,3186.198852,238.3978394,51.29783936,51.29783936,238.3978394,366.0978394,743.476639757
S006,B,0.49,30,rated_payload_limited,2.04,0.981585340998,1.35002263401,1.35002263401,30,3186.198852,3186.198852,238.3978394,51.29783936,51.29783936,238.3978394,366.0978394,637.270011357
S006,C,0.49,80,rated_payload_limited,4.08,2.0373511789,3.25327178824,3.25327178824,80,3186.198852,3186.198852,238.3978394,51.29783936,51.29783936,238.3978394,366.0978394,685.552624484
S007,A,0.49,25,rated_payload_limited,2.295,1.77756344482,2.01797249109,2.01797249109,25,4534.717375,4534.717375,384.273175,163.473175,163.473175,384.273175,511.973175,1157.46688583
S007,B,0.49,30,rated_payload_limited,2.04,1.43033692627,1.95981561942,1.95981561942,30,4534.717375,4534.717375,384.273175,163.473175,163.473175,384.273175,511.973175,1006.30964
S007,C,0.49,68.6633032322,energy_limited,4.08,2.93545326153,4.67961017039,4.08,80,4534.717375,4534.717375,384.273175,163.473175,163.473175,384.273175,511.973175,1097.60069833
S008,A,0.49,,empty_roundtrip_infeasible,2.295,3.00043718224,3.38719045973,,25,8079.110449,8079.110449,245.2093323,102.0093323,102.0093323,245.2093323,372.9093323,1601.14542887
S008,B,0.49,,empty_roundtrip_infeasible,2.04,2.39370630456,3.28715724997,,30,8079.110449,8079.110449,245.2093323,102.0093323,102.0093323,245.2093323,372.9093323,1331.84174724
S008,C,0.49,,empty_roundtrip_infeasible,4.08,5.06358632917,8.03799840697,,80,8079.110449,8079.110449,245.2093323,102.0093323,102.0093323,245.2093323,372.9093323,1389.71152467
S009,A,0.49,19.7730855949,energy_limited,2.295,2.11449348264,2.38688881319,2.295,25,5705.303447,5705.303447,165.5289124,63.22891235,63.22891235,165.5289124,293.2289124,1118.63964598
S009,B,0.49,23.3231730314,energy_limited,2.04,1.68634349503,2.31641401773,2.04,30,5705.303447,5705.303447,165.5289124,63.22891235,63.22891235,165.5289124,293.2289124,928.462864417
S009,C,0.49,43.4055437216,energy_limited,4.08,3.57145366019,5.66961266921,4.08,80,5705.303447,5705.303447,165.5289124,63.22891235,63.22891235,165.5289124,293.2289124,966.589168542
S010,A,0.49,25,rated_payload_limited,2.295,1.82629300362,2.0707297629,2.0707297629,25,4784.674506,4784.674506,307.9365356,84.03653564,84.03653564,307.9365356,435.6365356,1084.89266991
S010,B,0.49,30,rated_payload_limited,2.04,1.46344502735,2.01104041223,2.01104041223,30,4784.674506,4784.674506,307.9365356,84.03653564,84.03653564,307.9365356,435.6365356,925.403519709
S010,C,0.49,64.9358206213,energy_limited,4.08,3.04807696181,4.85885692633,4.08,80,4784.674506,4784.674506,307.9365356,84.03653564,84.03653564,307.9365356,435.6365356,990.732364916
S011,A,0.49,25,rated_payload_limited,2.295,1.07737291221,1.21959611273,1.21959611273,25,2808.106412,2808.106412,167.6617554,83.26175537,83.26175537,167.6617554,295.3617554,652.028309898
S011,B,0.49,30,rated_payload_limited,2.04,0.864023964183,1.1839226027,1.1839226027,30,2808.106412,2808.106412,167.6617554,83.26175537,83.26175537,167.6617554,295.3617554,558.424762831
S011,C,0.49,80,rated_payload_limited,4.08,1.79442515305,2.85321027055,2.85321027055,80,2808.106412,2808.106412,167.6617554,83.26175537,83.26175537,167.6617554,295.3617554,600.24534796
S012,A,0.49,,empty_roundtrip_infeasible,2.295,2.77180546523,3.13142055533,,25,7391.140163,7391.140163,285.6009949,133.5009949,133.5009949,285.6009949,413.3009949,1539.19815302
S012,B,0.49,,empty_roundtrip_infeasible,2.04,2.21482112408,3.039145538,,30,7391.140163,7391.140163,285.6009949,133.5009949,133.5009949,285.6009949,413.3009949,1292.82681425
S012,C,0.49,,empty_roundtrip_infeasible,4.08,4.65923038872,7.39890429565,,80,7391.140163,7391.140163,285.6009949,133.5009949,133.5009949,285.6009949,413.3009949,1362.67714589
S013,A,0.49,25,rated_payload_limited,2.295,1.83030762726,2.07421509617,2.07421509617,25,4849.536855,4849.536855,271.4818237,47.48182373,47.48182373,271.4818237,399.1818237,1042.16281728
S013,B,0.49,30,rated_payload_limited,2.04,1.46402243521,2.0144296422,2.0144296422,30,4849.536855,4849.536855,271.4818237,47.48182373,47.48182373,271.4818237,399.1818237,880.511588782
S013,C,0.49,64.2795626781,energy_limited,4.08,3.06868405411,4.89171403136,4.08,80,4849.536855,4849.536855,271.4818237,47.48182373,47.48182373,271.4818237,399.1818237,933.672196687
S014,A,0.49,17.2924150525,energy_limited,2.295,2.13779691217,2.42558723052,2.295,25,5419.5363,5419.5363,464.2473877,240.9473877,240.9473877,464.2473877,591.9473877,1420.39888529
S014,B,0.49,21.8008314002,energy_limited,2.04,1.72186251244,2.35522053783,2.04,30,5419.5363,5419.5363,464.2473877,240.9473877,240.9473877,464.2473877,591.9473877,1239.74767529
S014,C,0.49,44.5257195014,energy_limited,4.08,3.52159630022,5.60758666095,4.08,80,5419.5363,5419.5363,464.2473877,240.9473877,240.9473877,464.2473877,591.9473877,1357.28013786
S015,A,0.49,,empty_roundtrip_infeasible,2.295,2.30689938866,2.61934426755,,25,6009.764892,6009.764892,444.0992554,97.29925537,97.29925537,444.0992554,571.7992554,1398.65305656
S015,B,0.49,15.5600526219,energy_limited,2.04,1.85021799472,2.5445279265,2.04,30,6009.764892,6009.764892,444.0992554,97.29925537,97.29925537,444.0992554,571.7992554,1198.32756016
S015,C,0.49,25.3109056231,energy_limited,4.08,3.84149604983,6.13326501752,4.08,80,6009.764892,6009.764892,444.0992554,97.29925537,97.29925537,444.0992554,571.7992554,1288.56064529
S001,A,0.495,25,rated_payload_limited,2.2725,1.16153051602,1.31271024158,1.31271024158,25,3054.023608,3054.023608,145.3566101,89.05661011,89.05661011,145.3566101,273.0566101,680.906962821
S001,B,0.495,30,rated_payload_limited,2.02,0.930225761055,1.27394097204,1.27394097204,30,3054.023608,3054.023608,145.3566101,89.05661011,89.05661011,145.3566101,273.0566101,579.106175887
S001,C,0.495,80,rated_payload_limited,4.04,1.94139247193,3.08170436114,3.08170436114,80,3054.023608,3054.023608,145.3566101,89.05661011,89.05661011,145.3566101,273.0566101,618.175045922
S002,A,0.495,,empty_roundtrip_infeasible,2.2725,2.73984663737,3.09050972759,,25,7411.533814,7411.533814,181.2542542,89.45425415,89.45425415,181.2542542,308.9542542,1433.77520846
S002,B,0.495,,empty_roundtrip_infeasible,2.02,2.18415452088,2.99882031183,,30,7411.533814,7411.533814,181.2542542,89.45425415,89.45425415,181.2542542,308.9542542,1186.72408132
S002,C,0.495,,empty_roundtrip_infeasible,4.04,4.6325359292,7.34794754861,,80,7411.533814,7411.533814,181.2542542,89.45425415,89.45425415,181.2542542,308.9542542,1231.84216605
S003,A,0.495,,empty_roundtrip_infeasible,2.2725,2.7890857722,3.15701804891,,25,7263.826968,7263.826968,434.1041382,223.3041382,223.3041382,434.1041382,561.8041382,1692.73723069
S003,B,0.495,,empty_roundtrip_infeasible,2.02,2.23705090717,3.06459015809,,30,7263.826968,7263.826968,434.1041382,223.3041382,223.3041382,434.1041382,561.8041382,1450.60966509
S003,C,0.495,,empty_roundtrip_infeasible,4.04,4.64390670284,7.38282653444,,80,7263.826968,7263.826968,434.1041382,223.3041382,223.3041382,434.1041382,561.8041382,1560.17771116
S004,A,0.495,,empty_roundtrip_infeasible,2.2725,2.89394171155,3.26669153411,,25,7714.681646,7714.681646,270.5391663,169.9391663,169.9391663,270.5391663,398.2391663,1608.79771824
S004,B,0.495,,empty_roundtrip_infeasible,2.02,2.31251848078,3.16979849246,,30,7714.681646,7714.681646,270.5391663,169.9391663,169.9391663,270.5391663,398.2391663,1351.64166337
S004,C,0.495,,empty_roundtrip_infeasible,4.04,4.86398606465,7.71524423837,,80,7714.681646,7714.681646,270.5391663,169.9391663,169.9391663,270.5391663,398.2391663,1425.05471881
S005,A,0.495,25,rated_payload_limited,2.2725,1.98844309239,2.24486501136,2.24486501136,25,5280.593369,5280.593369,198.7108887,131.4108887,131.4108887,198.7108887,326.4108887,1122.18819826
S005,B,0.495,26.3247228357,energy_limited,2.02,1.58992547929,2.1782576011,2.02,30,5280.593369,5280.593369,198.7108887,131.4108887,131.4108887,198.7108887,326.4108887,946.168419293
S005,C,0.495,52.943096825,energy_limited,4.04,3.33690049967,5.29264281489,4.04,80,5280.593369,5280.593369,198.7108887,131.4108887,131.4108887,198.7108887,326.4108887,1001.18871553
S006,A,0.495,25,rated_payload_limited,2.2725,1.22375461487,1.38968260036,1.38968260036,25,3186.198852,3186.198852,238.3978394,51.29783936,51.29783936,238.3978394,366.0978394,743.476639757
S006,B,0.495,30,rated_payload_limited,2.02,0.981585340998,1.35002263401,1.35002263401,30,3186.198852,3186.198852,238.3978394,51.29783936,51.29783936,238.3978394,366.0978394,637.270011357
S006,C,0.495,80,rated_payload_limited,4.04,2.0373511789,3.25327178824,3.25327178824,80,3186.198852,3186.198852,238.3978394,51.29783936,51.29783936,238.3978394,366.0978394,685.552624484
S007,A,0.495,25,rated_payload_limited,2.2725,1.77756344482,2.01797249109,2.01797249109,25,4534.717375,4534.717375,384.273175,163.473175,163.473175,384.273175,511.973175,1157.46688583
S007,B,0.495,30,rated_payload_limited,2.02,1.43033692627,1.95981561942,1.95981561942,30,4534.717375,4534.717375,384.273175,163.473175,163.473175,384.273175,511.973175,1006.30964
S007,C,0.495,67.6779047577,energy_limited,4.04,2.93545326153,4.67961017039,4.04,80,4534.717375,4534.717375,384.273175,163.473175,163.473175,384.273175,511.973175,1097.60069833
S008,A,0.495,,empty_roundtrip_infeasible,2.2725,3.00043718224,3.38719045973,,25,8079.110449,8079.110449,245.2093323,102.0093323,102.0093323,245.2093323,372.9093323,1601.14542887
S008,B,0.495,,empty_roundtrip_infeasible,2.02,2.39370630456,3.28715724997,,30,8079.110449,8079.110449,245.2093323,102.0093323,102.0093323,245.2093323,372.9093323,1331.84174724
S008,C,0.495,,empty_roundtrip_infeasible,4.04,5.06358632917,8.03799840697,,80,8079.110449,8079.110449,245.2093323,102.0093323,102.0093323,245.2093323,372.9093323,1389.71152467
S009,A,0.495,18.2649343358,energy_limited,2.2725,2.11449348264,2.38688881319,2.2725,25,5705.303447,5705.303447,165.5289124,63.22891235,63.22891235,165.5289124,293.2289124,1118.63964598
S009,B,0.495,22.6731059696,energy_limited,2.02,1.68634349503,2.31641401773,2.02,30,5705.303447,5705.303447,165.5289124,63.22891235,63.22891235,165.5289124,293.2289124,928.462864417
S009,C,0.495,41.5211428397,energy_limited,4.04,3.57145366019,5.66961266921,4.04,80,5705.303447,5705.303447,165.5289124,63.22891235,63.22891235,165.5289124,293.2289124,966.589168542
S010,A,0.495,25,rated_payload_limited,2.2725,1.82629300362,2.0707297629,2.0707297629,25,4784.674506,4784.674506,307.9365356,84.03653564,84.03653564,307.9365356,435.6365356,1084.89266991
S010,B,0.495,30,rated_payload_limited,2.02,1.46344502735,2.01104041223,2.01104041223,30,4784.674506,4784.674506,307.9365356,84.03653564,84.03653564,307.9365356,435.6365356,925.403519709
S010,C,0.495,63.8509704696,energy_limited,4.04,3.04807696181,4.85885692633,4.04,80,4784.674506,4784.674506,307.9365356,84.03653564,84.03653564,307.9365356,435.6365356,990.732364916
S011,A,0.495,25,rated_payload_limited,2.2725,1.07737291221,1.21959611273,1.21959611273,25,2808.106412,2808.106412,167.6617554,83.26175537,83.26175537,167.6617554,295.3617554,652.028309898
S011,B,0.495,30,rated_payload_limited,2.02,0.864023964183,1.1839226027,1.1839226027,30,2808.106412,2808.106412,167.6617554,83.26175537,83.26175537,167.6617554,295.3617554,558.424762831
S011,C,0.495,80,rated_payload_limited,4.04,1.79442515305,2.85321027055,2.85321027055,80,2808.106412,2808.106412,167.6617554,83.26175537,83.26175537,167.6617554,295.3617554,600.24534796
S012,A,0.495,,empty_roundtrip_infeasible,2.2725,2.77180546523,3.13142055533,,25,7391.140163,7391.140163,285.6009949,133.5009949,133.5009949,285.6009949,413.3009949,1539.19815302
S012,B,0.495,,empty_roundtrip_infeasible,2.02,2.21482112408,3.039145538,,30,7391.140163,7391.140163,285.6009949,133.5009949,133.5009949,285.6009949,413.3009949,1292.82681425
S012,C,0.495,,empty_roundtrip_infeasible,4.04,4.65923038872,7.39890429565,,80,7391.140163,7391.140163,285.6009949,133.5009949,133.5009949,285.6009949,413.3009949,1362.67714589
S013,A,0.495,25,rated_payload_limited,2.2725,1.83030762726,2.07421509617,2.07421509617,25,4849.536855,4849.536855,271.4818237,47.48182373,47.48182373,271.4818237,399.1818237,1042.16281728
S013,B,0.495,30,rated_payload_limited,2.02,1.46402243521,2.0144296422,2.0144296422,30,4849.536855,4849.536855,271.4818237,47.48182373,47.48182373,271.4818237,399.1818237,880.511588782
S013,C,0.495,63.1786536411,energy_limited,4.04,3.06868405411,4.89171403136,4.04,80,4849.536855,4849.536855,271.4818237,47.48182373,47.48182373,271.4818237,399.1818237,933.672196687
S014,A,0.495,15.6467136525,energy_limited,2.2725,2.13779691217,2.42558723052,2.2725,25,5419.5363,5419.5363,464.2473877,240.9473877,240.9473877,464.2473877,591.9473877,1420.39888529
S014,B,0.495,21.0679035196,energy_limited,2.02,1.72186251244,2.35522053783,2.02,30,5419.5363,5419.5363,464.2473877,240.9473877,240.9473877,464.2473877,591.9473877,1239.74767529
S014,C,0.495,42.7095660274,energy_limited,4.04,3.52159630022,5.60758666095,4.04,80,5419.5363,5419.5363,464.2473877,240.9473877,240.9473877,464.2473877,591.9473877,1357.28013786
S015,A,0.495,,empty_roundtrip_infeasible,2.2725,2.30689938866,2.61934426755,,25,6009.764892,6009.764892,444.0992554,97.29925537,97.29925537,444.0992554,571.7992554,1398.65305656
S015,B,0.495,14.551126025,energy_limited,2.02,1.85021799472,2.5445279265,2.02,30,6009.764892,6009.764892,444.0992554,97.29925537,97.29925537,444.0992554,571.7992554,1198.32756016
S015,C,0.495,22.4413435386,energy_limited,4.04,3.84149604983,6.13326501752,4.04,80,6009.764892,6009.764892,444.0992554,97.29925537,97.29925537,444.0992554,571.7992554,1288.56064529
S001,A,0.5,25,rated_payload_limited,2.25,1.16153051602,1.31271024158,1.31271024158,25,3054.023608,3054.023608,145.3566101,89.05661011,89.05661011,145.3566101,273.0566101,680.906962821
S001,B,0.5,30,rated_payload_limited,2,0.930225761055,1.27394097204,1.27394097204,30,3054.023608,3054.023608,145.3566101,89.05661011,89.05661011,145.3566101,273.0566101,579.106175887
S001,C,0.5,80,rated_payload_limited,4,1.94139247193,3.08170436114,3.08170436114,80,3054.023608,3054.023608,145.3566101,89.05661011,89.05661011,145.3566101,273.0566101,618.175045922
S002,A,0.5,,empty_roundtrip_infeasible,2.25,2.73984663737,3.09050972759,,25,7411.533814,7411.533814,181.2542542,89.45425415,89.45425415,181.2542542,308.9542542,1433.77520846
S002,B,0.5,,empty_roundtrip_infeasible,2,2.18415452088,2.99882031183,,30,7411.533814,7411.533814,181.2542542,89.45425415,89.45425415,181.2542542,308.9542542,1186.72408132
S002,C,0.5,,empty_roundtrip_infeasible,4,4.6325359292,7.34794754861,,80,7411.533814,7411.533814,181.2542542,89.45425415,89.45425415,181.2542542,308.9542542,1231.84216605
S003,A,0.5,,empty_roundtrip_infeasible,2.25,2.7890857722,3.15701804891,,25,7263.826968,7263.826968,434.1041382,223.3041382,223.3041382,434.1041382,561.8041382,1692.73723069
S003,B,0.5,,empty_roundtrip_infeasible,2,2.23705090717,3.06459015809,,30,7263.826968,7263.826968,434.1041382,223.3041382,223.3041382,434.1041382,561.8041382,1450.60966509
S003,C,0.5,,empty_roundtrip_infeasible,4,4.64390670284,7.38282653444,,80,7263.826968,7263.826968,434.1041382,223.3041382,223.3041382,434.1041382,561.8041382,1560.17771116
S004,A,0.5,,empty_roundtrip_infeasible,2.25,2.89394171155,3.26669153411,,25,7714.681646,7714.681646,270.5391663,169.9391663,169.9391663,270.5391663,398.2391663,1608.79771824
S004,B,0.5,,empty_roundtrip_infeasible,2,2.31251848078,3.16979849246,,30,7714.681646,7714.681646,270.5391663,169.9391663,169.9391663,270.5391663,398.2391663,1351.64166337
S004,C,0.5,,empty_roundtrip_infeasible,4,4.86398606465,7.71524423837,,80,7714.681646,7714.681646,270.5391663,169.9391663,169.9391663,270.5391663,398.2391663,1425.05471881
S005,A,0.5,25,rated_payload_limited,2.25,1.98844309239,2.24486501136,2.24486501136,25,5280.593369,5280.593369,198.7108887,131.4108887,131.4108887,198.7108887,326.4108887,1122.18819826
S005,B,0.5,25.769943179,energy_limited,2,1.58992547929,2.1782576011,2,30,5280.593369,5280.593369,198.7108887,131.4108887,131.4108887,198.7108887,326.4108887,946.168419293
S005,C,0.5,51.438264186,energy_limited,4,3.33690049967,5.29264281489,4,80,5280.593369,5280.593369,198.7108887,131.4108887,131.4108887,198.7108887,326.4108887,1001.18871553
S006,A,0.5,25,rated_payload_limited,2.25,1.22375461487,1.38968260036,1.38968260036,25,3186.198852,3186.198852,238.3978394,51.29783936,51.29783936,238.3978394,366.0978394,743.476639757
S006,B,0.5,30,rated_payload_limited,2,0.981585340998,1.35002263401,1.35002263401,30,3186.198852,3186.198852,238.3978394,51.29783936,51.29783936,238.3978394,366.0978394,637.270011357
S006,C,0.5,80,rated_payload_limited,4,2.0373511789,3.25327178824,3.25327178824,80,3186.198852,3186.198852,238.3978394,51.29783936,51.29783936,238.3978394,366.0978394,685.552624484
S007,A,0.5,25,rated_payload_limited,2.25,1.77756344482,2.01797249109,2.01797249109,25,4534.717375,4534.717375,384.273175,163.473175,163.473175,384.273175,511.973175,1157.46688583
S007,B,0.5,30,rated_payload_limited,2,1.43033692627,1.95981561942,1.95981561942,30,4534.717375,4534.717375,384.273175,163.473175,163.473175,384.273175,511.973175,1006.30964
S007,C,0.5,66.6542594759,energy_limited,4,2.93545326153,4.67961017039,4,80,4534.717375,4534.717375,384.273175,163.473175,163.473175,384.273175,511.973175,1097.60069833
S008,A,0.5,,empty_roundtrip_infeasible,2.25,3.00043718224,3.38719045973,,25,8079.110449,8079.110449,245.2093323,102.0093323,102.0093323,245.2093323,372.9093323,1601.14542887
S008,B,0.5,,empty_roundtrip_infeasible,2,2.39370630456,3.28715724997,,30,8079.110449,8079.110449,245.2093323,102.0093323,102.0093323,245.2093323,372.9093323,1331.84174724
S008,C,0.5,,empty_roundtrip_infeasible,4,5.06358632917,8.03799840697,,80,8079.110449,8079.110449,245.2093323,102.0093323,102.0093323,245.2093323,372.9093323,1389.71152467
S009,A,0.5,16.637303415,energy_limited,2.25,2.11449348264,2.38688881319,2.25,25,5705.303447,5705.303447,165.5289124,63.22891235,63.22891235,165.5289124,293.2289124,1118.63964598
S009,B,0.5,21.99094084,energy_limited,2,1.68634349503,2.31641401773,2,30,5705.303447,5705.303447,165.5289124,63.22891235,63.22891235,165.5289124,293.2289124,928.462864417
S009,C,0.5,39.5264229141,energy_limited,4,3.57145366019,5.66961266921,4,80,5705.303447,5705.303447,165.5289124,63.22891235,63.22891235,165.5289124,293.2289124,966.589168542
S010,A,0.5,25,rated_payload_limited,2.25,1.82629300362,2.0707297629,2.0707297629,25,4784.674506,4784.674506,307.9365356,84.03653564,84.03653564,307.9365356,435.6365356,1084.89266991
S010,B,0.5,29.7575028418,energy_limited,2,1.46344502735,2.01104041223,2,30,4784.674506,4784.674506,307.9365356,84.03653564,84.03653564,307.9365356,435.6365356,925.403519709
S010,C,0.5,62.7221342648,energy_limited,4,3.04807696181,4.85885692633,4,80,4784.674506,4784.674506,307.9365356,84.03653564,84.03653564,307.9365356,435.6365356,990.732364916
S011,A,0.5,25,rated_payload_limited,2.25,1.07737291221,1.21959611273,1.21959611273,25,2808.106412,2808.106412,167.6617554,83.26175537,83.26175537,167.6617554,295.3617554,652.028309898
S011,B,0.5,30,rated_payload_limited,2,0.864023964183,1.1839226027,1.1839226027,30,2808.106412,2808.106412,167.6617554,83.26175537,83.26175537,167.6617554,295.3617554,558.424762831
S011,C,0.5,80,rated_payload_limited,4,1.79442515305,2.85321027055,2.85321027055,80,2808.106412,2808.106412,167.6617554,83.26175537,83.26175537,167.6617554,295.3617554,600.24534796
S012,A,0.5,,empty_roundtrip_infeasible,2.25,2.77180546523,3.13142055533,,25,7391.140163,7391.140163,285.6009949,133.5009949,133.5009949,285.6009949,413.3009949,1539.19815302
S012,B,0.5,,empty_roundtrip_infeasible,2,2.21482112408,3.039145538,,30,7391.140163,7391.140163,285.6009949,133.5009949,133.5009949,285.6009949,413.3009949,1292.82681425
S012,C,0.5,,empty_roundtrip_infeasible,4,4.65923038872,7.39890429565,,80,7391.140163,7391.140163,285.6009949,133.5009949,133.5009949,285.6009949,413.3009949,1362.67714589
S013,A,0.5,25,rated_payload_limited,2.25,1.83030762726,2.07421509617,2.07421509617,25,4849.536855,4849.536855,271.4818237,47.48182373,47.48182373,271.4818237,399.1818237,1042.16281728
S013,B,0.5,29.6852480096,energy_limited,2,1.46402243521,2.0144296422,2,30,4849.536855,4849.536855,271.4818237,47.48182373,47.48182373,271.4818237,399.1818237,880.511588782
S013,C,0.5,62.0327061805,energy_limited,4,3.06868405411,4.89171403136,4,80,4849.536855,4849.536855,271.4818237,47.48182373,47.48182373,271.4818237,399.1818237,933.672196687
S014,A,0.5,13.8660688767,energy_limited,2.25,2.13779691217,2.42558723052,2.25,25,5419.5363,5419.5363,464.2473877,240.9473877,240.9473877,464.2473877,591.9473877,1420.39888529
S014,B,0.5,20.2971041349,energy_limited,2,1.72186251244,2.35522053783,2,30,5419.5363,5419.5363,464.2473877,240.9473877,240.9473877,464.2473877,591.9473877,1239.74767529
S014,C,0.5,40.7964572801,energy_limited,4,3.52159630022,5.60758666095,4,80,5419.5363,5419.5363,464.2473877,240.9473877,240.9473877,464.2473877,591.9473877,1357.28013786
S015,A,0.5,,empty_roundtrip_infeasible,2.25,2.30689938866,2.61934426755,,25,6009.764892,6009.764892,444.0992554,97.29925537,97.29925537,444.0992554,571.7992554,1398.65305656
S015,B,0.5,13.4734231859,energy_limited,2,1.85021799472,2.5445279265,2,30,6009.764892,6009.764892,444.0992554,97.29925537,97.29925537,444.0992554,571.7992554,1198.32756016
S015,C,0.5,19.3040147723,energy_limited,4,3.84149604983,6.13326501752,4,80,6009.764892,6009.764892,444.0992554,97.29925537,97.29925537,444.0992554,571.7992554,1288.56064529
